config_name,model_name,phase,backend,data_type,kv_cache_dtype,batch_size,q_tokens,kv_len,num_q_heads,num_kv_heads,head_dim_qk,head_dim_vo,kind,sliding_window_size,page_size,time_ms,tflops,gbps,sol_pct,num_iterations,success,error_message,gpu_name,backend_detail,cudnn_backend_version
qwen35,qwen3.5,context,cudnn,bfloat16,bfloat16,1,2048,2048,32,2,256,256,gqa,,16,0.55296,124.276,128.948,7.1958,20,True,,NVIDIA RTX PRO 6000 Blackwell Server Edition,cudnn 9.27.0,
qwen35,qwen3.5,context,cudnn,bfloat16,bfloat16,1,8192,8192,32,2,256,256,gqa,,16,6.989119,157.318,40.808,2.2772,20,True,,NVIDIA RTX PRO 6000 Blackwell Server Edition,cudnn 9.27.0,
qwen35,qwen3.5,context,cudnn,bfloat16,bfloat16,1,32768,32768,32,2,256,256,gqa,,16,107.082543,164.286,10.654,0.5945,20,True,,NVIDIA RTX PRO 6000 Blackwell Server Edition,cudnn 9.27.0,
qwen35,qwen3.5,context,cudnn,bfloat16,bfloat16,1,512,65536,32,2,256,256,gqa,,16,8.197514,134.127,18.42,1.0279,20,True,,NVIDIA RTX PRO 6000 Blackwell Server Edition,cudnn 9.27.0,
qwen35,qwen3.5,context,cudnn,bfloat16,bfloat16,1,512,131072,32,2,256,256,gqa,,16,16.513382,133.166,17.272,0.9638,20,True,,NVIDIA RTX PRO 6000 Blackwell Server Edition,cudnn 9.27.0,
qwen35,qwen3.5,context,cudnn,bfloat16,bfloat16,1,1024,65536,32,2,256,256,gqa,,16,14.196111,154.903,11.818,0.6595,20,True,,NVIDIA RTX PRO 6000 Blackwell Server Edition,cudnn 9.27.0,
qwen35,qwen3.5,context,cudnn,bfloat16,bfloat16,1,1024,131072,32,2,256,256,gqa,,16,28.437062,154.659,10.62,0.5926,20,True,,NVIDIA RTX PRO 6000 Blackwell Server Edition,cudnn 9.27.0,
qwen35,qwen3.5,generation,cudnn,bfloat16,bfloat16,1,1,131072,32,2,256,256,gqa,,16,0.249826,17.192,1074.621,59.9677,20,True,,NVIDIA RTX PRO 6000 Blackwell Server Edition,cudnn 9.27.0,
qwen35,qwen3.5,generation,cudnn,bfloat16,fp8_e4m3,1,1,131072,32,2,256,256,gqa,,16,inf,0.0,0.0,,20,False,"Warning: CUDNN_STATUS_NOT_SUPPORTED_GRAPH_PATTERN; Reason: process_knob_choices()
Warning: CUDNN_STATUS_NOT_SUPPORTED; Reason: (CUDNN_STATUS_NOT_INITIALIZED == status) || (CUDNN_STATUS_NOT_SUPPORTED == ((status) / 1000 * 1000))
Warning: CUDNN_STATUS_NOT_SUPPORTED; Reason: ptr->isSupported()
Warning: CUDNN_STATUS_NOT_SUPPORTED; Reason: finalize_internal()

{""engineId"":18,""smVersion"":1200,""knobChoices"":{""CUDNN_KNOB_TYPE_KERNEL_CFG"":-1,""CUDNN_KNOB_TYPE_TILE_CGA_M"":-1,""CUDNN_KNOB_TYPE_STREAM_K"":-1,""CUDNN_KNOB_TYPE_TILE_M"":-1,""CUDNN_KNOB_TYPE_TILE_N"":-1}}
Warning: CUDNN_STATUS_NOT_SUPPORTED_ARCH_MISMATCH; Reason: only Rubin is supported for this engine at: !(1070 <= deviceVer && deviceVer < 1100)
Warning: CUDNN_STATUS_NOT_SUPPORTED; Reason: (CUDNN_STATUS_NOT_INITIALIZED == status) || (CUDNN_STATUS_NOT_SUPPORTED == ((status) / 1000 * 1000))
Warning: CUDNN_STATUS_NOT_SUPPORTED; Reason: ptr->isSupported()
Warning: CUDNN_STATUS_NOT_SUPPORTED; Reason: finalize_internal()

)",,,
qwen35,qwen3.5,generation,cudnn,bfloat16,bfloat16,128,1,131072,32,2,256,256,gqa,,16,22.381546,24.563,1535.369,85.6791,20,True,,NVIDIA RTX PRO 6000 Blackwell Server Edition,cudnn 9.27.0,
qwen35,qwen3.5,generation,cudnn,bfloat16,fp8_e4m3,128,1,131072,32,2,256,256,gqa,,16,inf,0.0,0.0,,20,False,"_attention.py"", line 824, in <module>
    main()
  File ""/home/scratch.yanxu_gpu/fe-sites/computelab_trees/fe_develop_5567e2733/benchmark/attention_inference/benchmark_single_attention.py"", line 789, in main
    fn, detail = SETUPS[args.backend](args, dtype)
                 ^^^^^^^^^^^^^^^^^^^^^^^^^^^^^^^^^
  File ""/home/scratch.yanxu_gpu/fe-sites/computelab_trees/fe_develop_5567e2733/benchmark/attention_inference/benchmark_single_attention.py"", line 167, in setup_cudnn
    return setup_cudnn_fp8(args, cudnn, oss=oss)
           ^^^^^^^^^^^^^^^^^^^^^^^^^^^^^^^^^^^^^
  File ""/home/scratch.yanxu_gpu/fe-sites/computelab_trees/fe_develop_5567e2733/benchmark/attention_inference/benchmark_single_attention.py"", line 290, in setup_cudnn_fp8
    v_gpu = (torch.randn(b, skv, hkv, dvo, device=""cuda"") * 0.1).to(f8).transpose(1, 2)
             ~~~~~~~~~~~~~~~~~~~~~~~~~~~~~~~~~~~~~~~~~~~~~^~~~~
torch.OutOfMemoryError: CUDA out of memory. Tried to allocate 32.00 GiB. GPU 0 has a total capacity of 94.97 GiB of which 30.30 GiB is free. Including non-PyTorch memory, this process has 64.66 GiB memory in use. Of the allocated memory 40.00 GiB is allocated by PyTorch, and 24.00 GiB is reserved by PyTorch but unallocated. If reserved but unallocated memory is large try setting PYTORCH_CUDA_ALLOC_CONF=expandable_segments:True to avoid fragmentation.  See documentation for Memory Management  (https://docs.pytorch.org/docs/stable/notes/cuda.html#optimizing-memory-usage-with-pytorch-cuda-alloc-conf)",,,
qwen35,qwen3.5,generation,cudnn,bfloat16,bfloat16,1,2,131072,32,2,256,256,gqa,,16,7.076158,1.214,37.944,2.1174,20,True,,NVIDIA RTX PRO 6000 Blackwell Server Edition,cudnn 9.27.0,
qwen35,qwen3.5,generation,cudnn,bfloat16,fp8_e4m3,1,2,131072,32,2,256,256,gqa,,16,inf,0.0,0.0,,20,False,"Warning: CUDNN_STATUS_NOT_SUPPORTED_GRAPH_PATTERN; Reason: process_knob_choices()
Warning: CUDNN_STATUS_NOT_SUPPORTED; Reason: (CUDNN_STATUS_NOT_INITIALIZED == status) || (CUDNN_STATUS_NOT_SUPPORTED == ((status) / 1000 * 1000))
Warning: CUDNN_STATUS_NOT_SUPPORTED; Reason: ptr->isSupported()
Warning: CUDNN_STATUS_NOT_SUPPORTED; Reason: finalize_internal()

{""engineId"":18,""smVersion"":1200,""knobChoices"":{""CUDNN_KNOB_TYPE_KERNEL_CFG"":-1,""CUDNN_KNOB_TYPE_TILE_CGA_M"":-1,""CUDNN_KNOB_TYPE_STREAM_K"":-1,""CUDNN_KNOB_TYPE_TILE_M"":-1,""CUDNN_KNOB_TYPE_TILE_N"":-1}}
Warning: CUDNN_STATUS_NOT_SUPPORTED_ARCH_MISMATCH; Reason: only Rubin is supported for this engine at: !(1070 <= deviceVer && deviceVer < 1100)
Warning: CUDNN_STATUS_NOT_SUPPORTED; Reason: (CUDNN_STATUS_NOT_INITIALIZED == status) || (CUDNN_STATUS_NOT_SUPPORTED == ((status) / 1000 * 1000))
Warning: CUDNN_STATUS_NOT_SUPPORTED; Reason: ptr->isSupported()
Warning: CUDNN_STATUS_NOT_SUPPORTED; Reason: finalize_internal()

)",,,
qwen35,qwen3.5,generation,cudnn,bfloat16,bfloat16,128,2,131072,32,2,256,256,gqa,,16,165.129518,6.658,208.128,11.6143,20,True,,NVIDIA RTX PRO 6000 Blackwell Server Edition,cudnn 9.27.0,
qwen35,qwen3.5,generation,cudnn,bfloat16,fp8_e4m3,128,2,131072,32,2,256,256,gqa,,16,inf,0.0,0.0,,20,False,"_attention.py"", line 824, in <module>
    main()
  File ""/home/scratch.yanxu_gpu/fe-sites/computelab_trees/fe_develop_5567e2733/benchmark/attention_inference/benchmark_single_attention.py"", line 789, in main
    fn, detail = SETUPS[args.backend](args, dtype)
                 ^^^^^^^^^^^^^^^^^^^^^^^^^^^^^^^^^
  File ""/home/scratch.yanxu_gpu/fe-sites/computelab_trees/fe_develop_5567e2733/benchmark/attention_inference/benchmark_single_attention.py"", line 167, in setup_cudnn
    return setup_cudnn_fp8(args, cudnn, oss=oss)
           ^^^^^^^^^^^^^^^^^^^^^^^^^^^^^^^^^^^^^
  File ""/home/scratch.yanxu_gpu/fe-sites/computelab_trees/fe_develop_5567e2733/benchmark/attention_inference/benchmark_single_attention.py"", line 290, in setup_cudnn_fp8
    v_gpu = (torch.randn(b, skv, hkv, dvo, device=""cuda"") * 0.1).to(f8).transpose(1, 2)
             ~~~~~~~~~~~~~~~~~~~~~~~~~~~~~~~~~~~~~~~~~~~~~^~~~~
torch.OutOfMemoryError: CUDA out of memory. Tried to allocate 32.00 GiB. GPU 0 has a total capacity of 94.97 GiB of which 30.29 GiB is free. Including non-PyTorch memory, this process has 64.68 GiB memory in use. Of the allocated memory 40.00 GiB is allocated by PyTorch, and 24.02 GiB is reserved by PyTorch but unallocated. If reserved but unallocated memory is large try setting PYTORCH_CUDA_ALLOC_CONF=expandable_segments:True to avoid fragmentation.  See documentation for Memory Management  (https://docs.pytorch.org/docs/stable/notes/cuda.html#optimizing-memory-usage-with-pytorch-cuda-alloc-conf)",,,
qwen35,qwen3.5,generation,cudnn,bfloat16,bfloat16,1,3,131072,32,2,256,256,gqa,,16,7.02256,1.835,38.239,2.1339,20,True,,NVIDIA RTX PRO 6000 Blackwell Server Edition,cudnn 9.27.0,
qwen35,qwen3.5,generation,cudnn,bfloat16,fp8_e4m3,1,3,131072,32,2,256,256,gqa,,16,inf,0.0,0.0,,20,False,"Warning: CUDNN_STATUS_NOT_SUPPORTED_GRAPH_PATTERN; Reason: process_knob_choices()
Warning: CUDNN_STATUS_NOT_SUPPORTED; Reason: (CUDNN_STATUS_NOT_INITIALIZED == status) || (CUDNN_STATUS_NOT_SUPPORTED == ((status) / 1000 * 1000))
Warning: CUDNN_STATUS_NOT_SUPPORTED; Reason: ptr->isSupported()
Warning: CUDNN_STATUS_NOT_SUPPORTED; Reason: finalize_internal()

{""engineId"":18,""smVersion"":1200,""knobChoices"":{""CUDNN_KNOB_TYPE_KERNEL_CFG"":-1,""CUDNN_KNOB_TYPE_TILE_CGA_M"":-1,""CUDNN_KNOB_TYPE_STREAM_K"":-1,""CUDNN_KNOB_TYPE_TILE_M"":-1,""CUDNN_KNOB_TYPE_TILE_N"":-1}}
Warning: CUDNN_STATUS_NOT_SUPPORTED_ARCH_MISMATCH; Reason: only Rubin is supported for this engine at: !(1070 <= deviceVer && deviceVer < 1100)
Warning: CUDNN_STATUS_NOT_SUPPORTED; Reason: (CUDNN_STATUS_NOT_INITIALIZED == status) || (CUDNN_STATUS_NOT_SUPPORTED == ((status) / 1000 * 1000))
Warning: CUDNN_STATUS_NOT_SUPPORTED; Reason: ptr->isSupported()
Warning: CUDNN_STATUS_NOT_SUPPORTED; Reason: finalize_internal()

)",,,
qwen35,qwen3.5,generation,cudnn,bfloat16,bfloat16,128,3,131072,32,2,256,256,gqa,,16,166.128955,9.928,206.901,11.5458,20,True,,NVIDIA RTX PRO 6000 Blackwell Server Edition,cudnn 9.27.0,
qwen35,qwen3.5,generation,cudnn,bfloat16,fp8_e4m3,128,3,131072,32,2,256,256,gqa,,16,inf,0.0,0.0,,20,False,"_attention.py"", line 824, in <module>
    main()
  File ""/home/scratch.yanxu_gpu/fe-sites/computelab_trees/fe_develop_5567e2733/benchmark/attention_inference/benchmark_single_attention.py"", line 789, in main
    fn, detail = SETUPS[args.backend](args, dtype)
                 ^^^^^^^^^^^^^^^^^^^^^^^^^^^^^^^^^
  File ""/home/scratch.yanxu_gpu/fe-sites/computelab_trees/fe_develop_5567e2733/benchmark/attention_inference/benchmark_single_attention.py"", line 167, in setup_cudnn
    return setup_cudnn_fp8(args, cudnn, oss=oss)
           ^^^^^^^^^^^^^^^^^^^^^^^^^^^^^^^^^^^^^
  File ""/home/scratch.yanxu_gpu/fe-sites/computelab_trees/fe_develop_5567e2733/benchmark/attention_inference/benchmark_single_attention.py"", line 290, in setup_cudnn_fp8
    v_gpu = (torch.randn(b, skv, hkv, dvo, device=""cuda"") * 0.1).to(f8).transpose(1, 2)
             ~~~~~~~~~~~~~~~~~~~~~~~~~~~~~~~~~~~~~~~~~~~~~^~~~~
torch.OutOfMemoryError: CUDA out of memory. Tried to allocate 32.00 GiB. GPU 0 has a total capacity of 94.97 GiB of which 30.29 GiB is free. Including non-PyTorch memory, this process has 64.67 GiB memory in use. Of the allocated memory 40.00 GiB is allocated by PyTorch, and 24.01 GiB is reserved by PyTorch but unallocated. If reserved but unallocated memory is large try setting PYTORCH_CUDA_ALLOC_CONF=expandable_segments:True to avoid fragmentation.  See documentation for Memory Management  (https://docs.pytorch.org/docs/stable/notes/cuda.html#optimizing-memory-usage-with-pytorch-cuda-alloc-conf)",,,
qwen35,qwen3.5,generation,cudnn,bfloat16,bfloat16,1,4,131072,32,2,256,256,gqa,,16,7.024576,2.446,38.232,2.1335,20,True,,NVIDIA RTX PRO 6000 Blackwell Server Edition,cudnn 9.27.0,
qwen35,qwen3.5,generation,cudnn,bfloat16,fp8_e4m3,1,4,131072,32,2,256,256,gqa,,16,inf,0.0,0.0,,20,False,"Warning: CUDNN_STATUS_NOT_SUPPORTED_GRAPH_PATTERN; Reason: process_knob_choices()
Warning: CUDNN_STATUS_NOT_SUPPORTED; Reason: (CUDNN_STATUS_NOT_INITIALIZED == status) || (CUDNN_STATUS_NOT_SUPPORTED == ((status) / 1000 * 1000))
Warning: CUDNN_STATUS_NOT_SUPPORTED; Reason: ptr->isSupported()
Warning: CUDNN_STATUS_NOT_SUPPORTED; Reason: finalize_internal()

{""engineId"":18,""smVersion"":1200,""knobChoices"":{""CUDNN_KNOB_TYPE_KERNEL_CFG"":-1,""CUDNN_KNOB_TYPE_TILE_CGA_M"":-1,""CUDNN_KNOB_TYPE_STREAM_K"":-1,""CUDNN_KNOB_TYPE_TILE_M"":-1,""CUDNN_KNOB_TYPE_TILE_N"":-1}}
Warning: CUDNN_STATUS_NOT_SUPPORTED_ARCH_MISMATCH; Reason: only Rubin is supported for this engine at: !(1070 <= deviceVer && deviceVer < 1100)
Warning: CUDNN_STATUS_NOT_SUPPORTED; Reason: (CUDNN_STATUS_NOT_INITIALIZED == status) || (CUDNN_STATUS_NOT_SUPPORTED == ((status) / 1000 * 1000))
Warning: CUDNN_STATUS_NOT_SUPPORTED; Reason: ptr->isSupported()
Warning: CUDNN_STATUS_NOT_SUPPORTED; Reason: finalize_internal()

)",,,
qwen35,qwen3.5,generation,cudnn,bfloat16,bfloat16,128,4,131072,32,2,256,256,gqa,,16,166.854459,13.179,206.027,11.497,20,True,,NVIDIA RTX PRO 6000 Blackwell Server Edition,cudnn 9.27.0,
qwen35,qwen3.5,generation,cudnn,bfloat16,fp8_e4m3,128,4,131072,32,2,256,256,gqa,,16,inf,0.0,0.0,,20,False,"_attention.py"", line 824, in <module>
    main()
  File ""/home/scratch.yanxu_gpu/fe-sites/computelab_trees/fe_develop_5567e2733/benchmark/attention_inference/benchmark_single_attention.py"", line 789, in main
    fn, detail = SETUPS[args.backend](args, dtype)
                 ^^^^^^^^^^^^^^^^^^^^^^^^^^^^^^^^^
  File ""/home/scratch.yanxu_gpu/fe-sites/computelab_trees/fe_develop_5567e2733/benchmark/attention_inference/benchmark_single_attention.py"", line 167, in setup_cudnn
    return setup_cudnn_fp8(args, cudnn, oss=oss)
           ^^^^^^^^^^^^^^^^^^^^^^^^^^^^^^^^^^^^^
  File ""/home/scratch.yanxu_gpu/fe-sites/computelab_trees/fe_develop_5567e2733/benchmark/attention_inference/benchmark_single_attention.py"", line 290, in setup_cudnn_fp8
    v_gpu = (torch.randn(b, skv, hkv, dvo, device=""cuda"") * 0.1).to(f8).transpose(1, 2)
             ~~~~~~~~~~~~~~~~~~~~~~~~~~~~~~~~~~~~~~~~~~~~~^~~~~
torch.OutOfMemoryError: CUDA out of memory. Tried to allocate 32.00 GiB. GPU 0 has a total capacity of 94.97 GiB of which 30.29 GiB is free. Including non-PyTorch memory, this process has 64.67 GiB memory in use. Of the allocated memory 40.00 GiB is allocated by PyTorch, and 24.01 GiB is reserved by PyTorch but unallocated. If reserved but unallocated memory is large try setting PYTORCH_CUDA_ALLOC_CONF=expandable_segments:True to avoid fragmentation.  See documentation for Memory Management  (https://docs.pytorch.org/docs/stable/notes/cuda.html#optimizing-memory-usage-with-pytorch-cuda-alloc-conf)",,,
qwen35,qwen3.5,context,cudnn_oss,bfloat16,bfloat16,1,2048,2048,32,2,256,256,gqa,,16,0.247459,277.7,288.141,16.0793,20,True,,NVIDIA RTX PRO 6000 Blackwell Server Edition,cudnn_oss plan=sdpa_fwd_prefill_sm120[PACK_GQA=0; SCHED_POLICY=2; SPLIT_KV=1; TILE_CGA_M=1; TILE_M=64; TILE_N=64],
qwen35,qwen3.5,context,cudnn_oss,bfloat16,bfloat16,1,8192,8192,32,2,256,256,gqa,,16,2.632029,417.743,108.362,6.047,20,True,,NVIDIA RTX PRO 6000 Blackwell Server Edition,cudnn_oss plan=sdpa_fwd_prefill_sm120[PACK_GQA=0; SCHED_POLICY=2; SPLIT_KV=1; TILE_CGA_M=1; TILE_M=128; TILE_N=64],
qwen35,qwen3.5,context,cudnn_oss,bfloat16,bfloat16,1,32768,32768,32,2,256,256,gqa,,16,41.28412,426.125,27.634,1.5421,20,True,,NVIDIA RTX PRO 6000 Blackwell Server Edition,cudnn_oss plan=sdpa_fwd_prefill_sm120[PACK_GQA=0; SCHED_POLICY=2; SPLIT_KV=1; TILE_CGA_M=1; TILE_M=128; TILE_N=64],
qwen35,qwen3.5,context,cudnn_oss,bfloat16,bfloat16,1,512,65536,32,2,256,256,gqa,,16,3.446897,318.986,43.806,2.4445,20,True,,NVIDIA RTX PRO 6000 Blackwell Server Edition,cudnn_oss plan=sdpa_fwd_prefill_sm120[PACK_GQA=0; SCHED_POLICY=0; SPLIT_KV=2; TILE_CGA_M=1; TILE_M=64; TILE_N=64],
qwen35,qwen3.5,context,cudnn_oss,bfloat16,bfloat16,1,512,131072,32,2,256,256,gqa,,16,6.383637,344.478,44.679,2.4932,20,True,,NVIDIA RTX PRO 6000 Blackwell Server Edition,cudnn_oss plan=sdpa_fwd_prefill_sm120[PACK_GQA=0; SCHED_POLICY=0; SPLIT_KV=8; TILE_CGA_M=1; TILE_M=64; TILE_N=64],
qwen35,qwen3.5,context,cudnn_oss,bfloat16,bfloat16,1,1024,65536,32,2,256,256,gqa,,16,6.359463,345.788,26.381,1.4722,20,True,,NVIDIA RTX PRO 6000 Blackwell Server Edition,cudnn_oss plan=sdpa_fwd_prefill_sm120[PACK_GQA=0; SCHED_POLICY=0; SPLIT_KV=4; TILE_CGA_M=1; TILE_M=64; TILE_N=64],
qwen35,qwen3.5,context,cudnn_oss,bfloat16,bfloat16,1,1024,131072,32,2,256,256,gqa,,16,12.582957,349.524,24.0,1.3393,20,True,,NVIDIA RTX PRO 6000 Blackwell Server Edition,cudnn_oss plan=sdpa_fwd_prefill_sm120[PACK_GQA=0; SCHED_POLICY=0; SPLIT_KV=4; TILE_CGA_M=1; TILE_M=64; TILE_N=64],
qwen35,qwen3.5,generation,cudnn_oss,bfloat16,bfloat16,1,1,131072,32,2,256,256,gqa,,16,0.282752,15.19,949.483,52.9845,20,True,,NVIDIA RTX PRO 6000 Blackwell Server Edition,cudnn_oss plan=sdpa_fwd_prefill_sm120[PACK_GQA=1; SCHED_POLICY=0; SPLIT_KV=64; TILE_CGA_M=1; TILE_M=128; TILE_N=64],
qwen35,qwen3.5,generation,cudnn_oss,bfloat16,fp8_e4m3,1,1,131072,32,2,256,256,gqa,,16,inf,0.0,0.0,,20,False,"                 ^^^^^^^^^^^^^^^^^^^^^^^^^^^^^^^^^
  File ""/home/scratch.yanxu_gpu/fe-sites/computelab_trees/fe_develop_5567e2733/benchmark/attention_inference/benchmark_single_attention.py"", line 270, in setup_cudnn_oss
    return setup_cudnn(args, dtype, oss=True)
           ^^^^^^^^^^^^^^^^^^^^^^^^^^^^^^^^^^
  File ""/home/scratch.yanxu_gpu/fe-sites/computelab_trees/fe_develop_5567e2733/benchmark/attention_inference/benchmark_single_attention.py"", line 167, in setup_cudnn
    return setup_cudnn_fp8(args, cudnn, oss=oss)
           ^^^^^^^^^^^^^^^^^^^^^^^^^^^^^^^^^^^^^
  File ""/home/scratch.yanxu_gpu/fe-sites/computelab_trees/fe_develop_5567e2733/benchmark/attention_inference/benchmark_single_attention.py"", line 336, in setup_cudnn_fp8
    graph.check_support()
  File ""/home/scratch.yanxu_gpu/fe-sites/computelab_trees/fe_develop_5567e2733/python/cudnn/_pygraph.py"", line 1547, in check_support
    self._lowered_graph.check_support()
cudnn._compiled_module.cudnnGraphNotSupportedError: [cudnn_frontend] Error: No execution plans support the graph.",,,
qwen35,qwen3.5,generation,cudnn_oss,bfloat16,bfloat16,128,1,131072,32,2,256,256,gqa,,16,22.440354,24.499,1531.345,85.4545,20,True,,NVIDIA RTX PRO 6000 Blackwell Server Edition,cudnn_oss plan=sdpa_fwd_prefill_sm120[PACK_GQA=1; SCHED_POLICY=0; SPLIT_KV=8; TILE_CGA_M=1; TILE_M=128; TILE_N=64],
qwen35,qwen3.5,generation,cudnn_oss,bfloat16,fp8_e4m3,128,1,131072,32,2,256,256,gqa,,16,inf,0.0,0.0,,20,False,"              ^^^^^^^^^^^^^^^^^^^^^^^^^^^^^^^^^
  File ""/home/scratch.yanxu_gpu/fe-sites/computelab_trees/fe_develop_5567e2733/benchmark/attention_inference/benchmark_single_attention.py"", line 270, in setup_cudnn_oss
    return setup_cudnn(args, dtype, oss=True)
           ^^^^^^^^^^^^^^^^^^^^^^^^^^^^^^^^^^
  File ""/home/scratch.yanxu_gpu/fe-sites/computelab_trees/fe_develop_5567e2733/benchmark/attention_inference/benchmark_single_attention.py"", line 167, in setup_cudnn
    return setup_cudnn_fp8(args, cudnn, oss=oss)
           ^^^^^^^^^^^^^^^^^^^^^^^^^^^^^^^^^^^^^
  File ""/home/scratch.yanxu_gpu/fe-sites/computelab_trees/fe_develop_5567e2733/benchmark/attention_inference/benchmark_single_attention.py"", line 290, in setup_cudnn_fp8
    v_gpu = (torch.randn(b, skv, hkv, dvo, device=""cuda"") * 0.1).to(f8).transpose(1, 2)
             ~~~~~~~~~~~~~~~~~~~~~~~~~~~~~~~~~~~~~~~~~~~~~^~~~~
torch.OutOfMemoryError: CUDA out of memory. Tried to allocate 32.00 GiB. GPU 0 has a total capacity of 94.97 GiB of which 30.30 GiB is free. Including non-PyTorch memory, this process has 64.66 GiB memory in use. Of the allocated memory 40.00 GiB is allocated by PyTorch, and 24.00 GiB is reserved by PyTorch but unallocated. If reserved but unallocated memory is large try setting PYTORCH_CUDA_ALLOC_CONF=expandable_segments:True to avoid fragmentation.  See documentation for Memory Management  (https://docs.pytorch.org/docs/stable/notes/cuda.html#optimizing-memory-usage-with-pytorch-cuda-alloc-conf)",,,
qwen35,qwen3.5,generation,cudnn_oss,bfloat16,bfloat16,1,2,131072,32,2,256,256,gqa,,16,0.283519,30.298,947.03,52.8477,20,True,,NVIDIA RTX PRO 6000 Blackwell Server Edition,cudnn_oss plan=sdpa_fwd_prefill_sm120[PACK_GQA=1; SCHED_POLICY=0; SPLIT_KV=64; TILE_CGA_M=1; TILE_M=128; TILE_N=64],
qwen35,qwen3.5,generation,cudnn_oss,bfloat16,fp8_e4m3,1,2,131072,32,2,256,256,gqa,,16,inf,0.0,0.0,,20,False,"                 ^^^^^^^^^^^^^^^^^^^^^^^^^^^^^^^^^
  File ""/home/scratch.yanxu_gpu/fe-sites/computelab_trees/fe_develop_5567e2733/benchmark/attention_inference/benchmark_single_attention.py"", line 270, in setup_cudnn_oss
    return setup_cudnn(args, dtype, oss=True)
           ^^^^^^^^^^^^^^^^^^^^^^^^^^^^^^^^^^
  File ""/home/scratch.yanxu_gpu/fe-sites/computelab_trees/fe_develop_5567e2733/benchmark/attention_inference/benchmark_single_attention.py"", line 167, in setup_cudnn
    return setup_cudnn_fp8(args, cudnn, oss=oss)
           ^^^^^^^^^^^^^^^^^^^^^^^^^^^^^^^^^^^^^
  File ""/home/scratch.yanxu_gpu/fe-sites/computelab_trees/fe_develop_5567e2733/benchmark/attention_inference/benchmark_single_attention.py"", line 336, in setup_cudnn_fp8
    graph.check_support()
  File ""/home/scratch.yanxu_gpu/fe-sites/computelab_trees/fe_develop_5567e2733/python/cudnn/_pygraph.py"", line 1547, in check_support
    self._lowered_graph.check_support()
cudnn._compiled_module.cudnnGraphNotSupportedError: [cudnn_frontend] Error: No execution plans support the graph.",,,
qwen35,qwen3.5,generation,cudnn_oss,bfloat16,bfloat16,128,2,131072,32,2,256,256,gqa,,16,22.513288,48.838,1526.571,85.1881,20,True,,NVIDIA RTX PRO 6000 Blackwell Server Edition,cudnn_oss plan=sdpa_fwd_prefill_sm120[PACK_GQA=1; SCHED_POLICY=0; SPLIT_KV=8; TILE_CGA_M=1; TILE_M=128; TILE_N=64],
qwen35,qwen3.5,generation,cudnn_oss,bfloat16,fp8_e4m3,128,2,131072,32,2,256,256,gqa,,16,inf,0.0,0.0,,20,False,"              ^^^^^^^^^^^^^^^^^^^^^^^^^^^^^^^^^
  File ""/home/scratch.yanxu_gpu/fe-sites/computelab_trees/fe_develop_5567e2733/benchmark/attention_inference/benchmark_single_attention.py"", line 270, in setup_cudnn_oss
    return setup_cudnn(args, dtype, oss=True)
           ^^^^^^^^^^^^^^^^^^^^^^^^^^^^^^^^^^
  File ""/home/scratch.yanxu_gpu/fe-sites/computelab_trees/fe_develop_5567e2733/benchmark/attention_inference/benchmark_single_attention.py"", line 167, in setup_cudnn
    return setup_cudnn_fp8(args, cudnn, oss=oss)
           ^^^^^^^^^^^^^^^^^^^^^^^^^^^^^^^^^^^^^
  File ""/home/scratch.yanxu_gpu/fe-sites/computelab_trees/fe_develop_5567e2733/benchmark/attention_inference/benchmark_single_attention.py"", line 290, in setup_cudnn_fp8
    v_gpu = (torch.randn(b, skv, hkv, dvo, device=""cuda"") * 0.1).to(f8).transpose(1, 2)
             ~~~~~~~~~~~~~~~~~~~~~~~~~~~~~~~~~~~~~~~~~~~~~^~~~~
torch.OutOfMemoryError: CUDA out of memory. Tried to allocate 32.00 GiB. GPU 0 has a total capacity of 94.97 GiB of which 30.29 GiB is free. Including non-PyTorch memory, this process has 64.68 GiB memory in use. Of the allocated memory 40.00 GiB is allocated by PyTorch, and 24.02 GiB is reserved by PyTorch but unallocated. If reserved but unallocated memory is large try setting PYTORCH_CUDA_ALLOC_CONF=expandable_segments:True to avoid fragmentation.  See documentation for Memory Management  (https://docs.pytorch.org/docs/stable/notes/cuda.html#optimizing-memory-usage-with-pytorch-cuda-alloc-conf)",,,
qwen35,qwen3.5,generation,cudnn_oss,bfloat16,bfloat16,1,3,131072,32,2,256,256,gqa,,16,0.283839,45.395,946.078,52.7945,20,True,,NVIDIA RTX PRO 6000 Blackwell Server Edition,cudnn_oss plan=sdpa_fwd_prefill_sm120[PACK_GQA=1; SCHED_POLICY=0; SPLIT_KV=64; TILE_CGA_M=1; TILE_M=128; TILE_N=64],
qwen35,qwen3.5,generation,cudnn_oss,bfloat16,fp8_e4m3,1,3,131072,32,2,256,256,gqa,,16,inf,0.0,0.0,,20,False,"                 ^^^^^^^^^^^^^^^^^^^^^^^^^^^^^^^^^
  File ""/home/scratch.yanxu_gpu/fe-sites/computelab_trees/fe_develop_5567e2733/benchmark/attention_inference/benchmark_single_attention.py"", line 270, in setup_cudnn_oss
    return setup_cudnn(args, dtype, oss=True)
           ^^^^^^^^^^^^^^^^^^^^^^^^^^^^^^^^^^
  File ""/home/scratch.yanxu_gpu/fe-sites/computelab_trees/fe_develop_5567e2733/benchmark/attention_inference/benchmark_single_attention.py"", line 167, in setup_cudnn
    return setup_cudnn_fp8(args, cudnn, oss=oss)
           ^^^^^^^^^^^^^^^^^^^^^^^^^^^^^^^^^^^^^
  File ""/home/scratch.yanxu_gpu/fe-sites/computelab_trees/fe_develop_5567e2733/benchmark/attention_inference/benchmark_single_attention.py"", line 336, in setup_cudnn_fp8
    graph.check_support()
  File ""/home/scratch.yanxu_gpu/fe-sites/computelab_trees/fe_develop_5567e2733/python/cudnn/_pygraph.py"", line 1547, in check_support
    self._lowered_graph.check_support()
cudnn._compiled_module.cudnnGraphNotSupportedError: [cudnn_frontend] Error: No execution plans support the graph.",,,
qwen35,qwen3.5,generation,cudnn_oss,bfloat16,bfloat16,128,3,131072,32,2,256,256,gqa,,16,22.580453,73.04,1522.216,84.9451,20,True,,NVIDIA RTX PRO 6000 Blackwell Server Edition,cudnn_oss plan=sdpa_fwd_prefill_sm120[PACK_GQA=1; SCHED_POLICY=0; SPLIT_KV=8; TILE_CGA_M=1; TILE_M=128; TILE_N=64],
qwen35,qwen3.5,generation,cudnn_oss,bfloat16,fp8_e4m3,128,3,131072,32,2,256,256,gqa,,16,inf,0.0,0.0,,20,False,"              ^^^^^^^^^^^^^^^^^^^^^^^^^^^^^^^^^
  File ""/home/scratch.yanxu_gpu/fe-sites/computelab_trees/fe_develop_5567e2733/benchmark/attention_inference/benchmark_single_attention.py"", line 270, in setup_cudnn_oss
    return setup_cudnn(args, dtype, oss=True)
           ^^^^^^^^^^^^^^^^^^^^^^^^^^^^^^^^^^
  File ""/home/scratch.yanxu_gpu/fe-sites/computelab_trees/fe_develop_5567e2733/benchmark/attention_inference/benchmark_single_attention.py"", line 167, in setup_cudnn
    return setup_cudnn_fp8(args, cudnn, oss=oss)
           ^^^^^^^^^^^^^^^^^^^^^^^^^^^^^^^^^^^^^
  File ""/home/scratch.yanxu_gpu/fe-sites/computelab_trees/fe_develop_5567e2733/benchmark/attention_inference/benchmark_single_attention.py"", line 290, in setup_cudnn_fp8
    v_gpu = (torch.randn(b, skv, hkv, dvo, device=""cuda"") * 0.1).to(f8).transpose(1, 2)
             ~~~~~~~~~~~~~~~~~~~~~~~~~~~~~~~~~~~~~~~~~~~~~^~~~~
torch.OutOfMemoryError: CUDA out of memory. Tried to allocate 32.00 GiB. GPU 0 has a total capacity of 94.97 GiB of which 30.29 GiB is free. Including non-PyTorch memory, this process has 64.67 GiB memory in use. Of the allocated memory 40.00 GiB is allocated by PyTorch, and 24.01 GiB is reserved by PyTorch but unallocated. If reserved but unallocated memory is large try setting PYTORCH_CUDA_ALLOC_CONF=expandable_segments:True to avoid fragmentation.  See documentation for Memory Management  (https://docs.pytorch.org/docs/stable/notes/cuda.html#optimizing-memory-usage-with-pytorch-cuda-alloc-conf)",,,
qwen35,qwen3.5,generation,cudnn_oss,bfloat16,bfloat16,1,4,131072,32,2,256,256,gqa,,16,0.283844,60.526,946.177,52.8,20,True,,NVIDIA RTX PRO 6000 Blackwell Server Edition,cudnn_oss plan=sdpa_fwd_prefill_sm120[PACK_GQA=1; SCHED_POLICY=0; SPLIT_KV=64; TILE_CGA_M=1; TILE_M=128; TILE_N=64],
qwen35,qwen3.5,generation,cudnn_oss,bfloat16,fp8_e4m3,1,4,131072,32,2,256,256,gqa,,16,inf,0.0,0.0,,20,False,"                 ^^^^^^^^^^^^^^^^^^^^^^^^^^^^^^^^^
  File ""/home/scratch.yanxu_gpu/fe-sites/computelab_trees/fe_develop_5567e2733/benchmark/attention_inference/benchmark_single_attention.py"", line 270, in setup_cudnn_oss
    return setup_cudnn(args, dtype, oss=True)
           ^^^^^^^^^^^^^^^^^^^^^^^^^^^^^^^^^^
  File ""/home/scratch.yanxu_gpu/fe-sites/computelab_trees/fe_develop_5567e2733/benchmark/attention_inference/benchmark_single_attention.py"", line 167, in setup_cudnn
    return setup_cudnn_fp8(args, cudnn, oss=oss)
           ^^^^^^^^^^^^^^^^^^^^^^^^^^^^^^^^^^^^^
  File ""/home/scratch.yanxu_gpu/fe-sites/computelab_trees/fe_develop_5567e2733/benchmark/attention_inference/benchmark_single_attention.py"", line 336, in setup_cudnn_fp8
    graph.check_support()
  File ""/home/scratch.yanxu_gpu/fe-sites/computelab_trees/fe_develop_5567e2733/python/cudnn/_pygraph.py"", line 1547, in check_support
    self._lowered_graph.check_support()
cudnn._compiled_module.cudnnGraphNotSupportedError: [cudnn_frontend] Error: No execution plans support the graph.",,,
qwen35,qwen3.5,generation,cudnn_oss,bfloat16,bfloat16,128,4,131072,32,2,256,256,gqa,,16,22.630162,97.172,1519.057,84.7688,20,True,,NVIDIA RTX PRO 6000 Blackwell Server Edition,cudnn_oss plan=sdpa_fwd_prefill_sm120[PACK_GQA=1; SCHED_POLICY=0; SPLIT_KV=8; TILE_CGA_M=1; TILE_M=128; TILE_N=64],
qwen35,qwen3.5,generation,cudnn_oss,bfloat16,fp8_e4m3,128,4,131072,32,2,256,256,gqa,,16,inf,0.0,0.0,,20,False,"              ^^^^^^^^^^^^^^^^^^^^^^^^^^^^^^^^^
  File ""/home/scratch.yanxu_gpu/fe-sites/computelab_trees/fe_develop_5567e2733/benchmark/attention_inference/benchmark_single_attention.py"", line 270, in setup_cudnn_oss
    return setup_cudnn(args, dtype, oss=True)
           ^^^^^^^^^^^^^^^^^^^^^^^^^^^^^^^^^^
  File ""/home/scratch.yanxu_gpu/fe-sites/computelab_trees/fe_develop_5567e2733/benchmark/attention_inference/benchmark_single_attention.py"", line 167, in setup_cudnn
    return setup_cudnn_fp8(args, cudnn, oss=oss)
           ^^^^^^^^^^^^^^^^^^^^^^^^^^^^^^^^^^^^^
  File ""/home/scratch.yanxu_gpu/fe-sites/computelab_trees/fe_develop_5567e2733/benchmark/attention_inference/benchmark_single_attention.py"", line 290, in setup_cudnn_fp8
    v_gpu = (torch.randn(b, skv, hkv, dvo, device=""cuda"") * 0.1).to(f8).transpose(1, 2)
             ~~~~~~~~~~~~~~~~~~~~~~~~~~~~~~~~~~~~~~~~~~~~~^~~~~
torch.OutOfMemoryError: CUDA out of memory. Tried to allocate 32.00 GiB. GPU 0 has a total capacity of 94.97 GiB of which 30.29 GiB is free. Including non-PyTorch memory, this process has 64.67 GiB memory in use. Of the allocated memory 40.00 GiB is allocated by PyTorch, and 24.01 GiB is reserved by PyTorch but unallocated. If reserved but unallocated memory is large try setting PYTORCH_CUDA_ALLOC_CONF=expandable_segments:True to avoid fragmentation.  See documentation for Memory Management  (https://docs.pytorch.org/docs/stable/notes/cuda.html#optimizing-memory-usage-with-pytorch-cuda-alloc-conf)",,,
qwen35,qwen3.5-tp2,context,cudnn,bfloat16,bfloat16,1,2048,2048,16,1,256,256,gqa,,16,0.318532,107.869,111.925,6.2458,20,True,,NVIDIA RTX PRO 6000 Blackwell Server Edition,cudnn 9.27.0,
qwen35,qwen3.5-tp2,context,cudnn,bfloat16,bfloat16,1,8192,8192,16,1,256,256,gqa,,16,3.668112,149.874,38.877,2.1695,20,True,,NVIDIA RTX PRO 6000 Blackwell Server Edition,cudnn 9.27.0,
qwen35,qwen3.5-tp2,context,cudnn,bfloat16,bfloat16,1,32768,32768,16,1,256,256,gqa,,16,54.052538,162.732,10.553,0.5889,20,True,,NVIDIA RTX PRO 6000 Blackwell Server Edition,cudnn 9.27.0,
qwen35,qwen3.5-tp2,context,cudnn,bfloat16,bfloat16,1,512,65536,16,1,256,256,gqa,,16,4.347571,126.451,17.365,0.9691,20,True,,NVIDIA RTX PRO 6000 Blackwell Server Edition,cudnn 9.27.0,
qwen35,qwen3.5-tp2,context,cudnn,bfloat16,bfloat16,1,512,131072,16,1,256,256,gqa,,16,8.663251,126.917,16.461,0.9186,20,True,,NVIDIA RTX PRO 6000 Blackwell Server Edition,cudnn 9.27.0,
qwen35,qwen3.5-tp2,context,cudnn,bfloat16,bfloat16,1,1024,65536,16,1,256,256,gqa,,16,8.684872,126.601,9.659,0.539,20,True,,NVIDIA RTX PRO 6000 Blackwell Server Edition,cudnn 9.27.0,
qwen35,qwen3.5-tp2,context,cudnn,bfloat16,bfloat16,1,1024,131072,16,1,256,256,gqa,,16,16.412257,133.987,9.2,0.5134,20,True,,NVIDIA RTX PRO 6000 Blackwell Server Edition,cudnn 9.27.0,
qwen35,qwen3.5-tp2,generation,cudnn,bfloat16,bfloat16,1,1,131072,16,1,256,256,gqa,,16,0.13152,16.328,1020.636,56.9552,20,True,,NVIDIA RTX PRO 6000 Blackwell Server Edition,cudnn 9.27.0,
qwen35,qwen3.5-tp2,generation,cudnn,bfloat16,fp8_e4m3,1,1,131072,16,1,256,256,gqa,,16,inf,0.0,0.0,,20,False,"Warning: CUDNN_STATUS_NOT_SUPPORTED_GRAPH_PATTERN; Reason: process_knob_choices()
Warning: CUDNN_STATUS_NOT_SUPPORTED; Reason: (CUDNN_STATUS_NOT_INITIALIZED == status) || (CUDNN_STATUS_NOT_SUPPORTED == ((status) / 1000 * 1000))
Warning: CUDNN_STATUS_NOT_SUPPORTED; Reason: ptr->isSupported()
Warning: CUDNN_STATUS_NOT_SUPPORTED; Reason: finalize_internal()

{""engineId"":18,""smVersion"":1200,""knobChoices"":{""CUDNN_KNOB_TYPE_KERNEL_CFG"":-1,""CUDNN_KNOB_TYPE_TILE_CGA_M"":-1,""CUDNN_KNOB_TYPE_STREAM_K"":-1,""CUDNN_KNOB_TYPE_TILE_M"":-1,""CUDNN_KNOB_TYPE_TILE_N"":-1}}
Warning: CUDNN_STATUS_NOT_SUPPORTED_ARCH_MISMATCH; Reason: only Rubin is supported for this engine at: !(1070 <= deviceVer && deviceVer < 1100)
Warning: CUDNN_STATUS_NOT_SUPPORTED; Reason: (CUDNN_STATUS_NOT_INITIALIZED == status) || (CUDNN_STATUS_NOT_SUPPORTED == ((status) / 1000 * 1000))
Warning: CUDNN_STATUS_NOT_SUPPORTED; Reason: ptr->isSupported()
Warning: CUDNN_STATUS_NOT_SUPPORTED; Reason: finalize_internal()

)",,,
qwen35,qwen3.5-tp2,generation,cudnn,bfloat16,bfloat16,128,1,131072,16,1,256,256,gqa,,16,12.18536,22.558,1410.05,78.6858,20,True,,NVIDIA RTX PRO 6000 Blackwell Server Edition,cudnn 9.27.0,
qwen35,qwen3.5-tp2,generation,cudnn,bfloat16,fp8_e4m3,128,1,131072,16,1,256,256,gqa,,16,inf,0.0,0.0,,20,False,"Warning: CUDNN_STATUS_NOT_SUPPORTED_GRAPH_PATTERN; Reason: process_knob_choices()
Warning: CUDNN_STATUS_NOT_SUPPORTED; Reason: (CUDNN_STATUS_NOT_INITIALIZED == status) || (CUDNN_STATUS_NOT_SUPPORTED == ((status) / 1000 * 1000))
Warning: CUDNN_STATUS_NOT_SUPPORTED; Reason: ptr->isSupported()
Warning: CUDNN_STATUS_NOT_SUPPORTED; Reason: finalize_internal()

{""engineId"":18,""smVersion"":1200,""knobChoices"":{""CUDNN_KNOB_TYPE_KERNEL_CFG"":-1,""CUDNN_KNOB_TYPE_TILE_CGA_M"":-1,""CUDNN_KNOB_TYPE_STREAM_K"":-1,""CUDNN_KNOB_TYPE_TILE_M"":-1,""CUDNN_KNOB_TYPE_TILE_N"":-1}}
Warning: CUDNN_STATUS_NOT_SUPPORTED_ARCH_MISMATCH; Reason: only Rubin is supported for this engine at: !(1070 <= deviceVer && deviceVer < 1100)
Warning: CUDNN_STATUS_NOT_SUPPORTED; Reason: (CUDNN_STATUS_NOT_INITIALIZED == status) || (CUDNN_STATUS_NOT_SUPPORTED == ((status) / 1000 * 1000))
Warning: CUDNN_STATUS_NOT_SUPPORTED; Reason: ptr->isSupported()
Warning: CUDNN_STATUS_NOT_SUPPORTED; Reason: finalize_internal()

)",,,
qwen35,qwen3.5-tp2,generation,cudnn,bfloat16,bfloat16,1,2,131072,16,1,256,256,gqa,,16,7.333788,0.586,18.306,1.0215,20,True,,NVIDIA RTX PRO 6000 Blackwell Server Edition,cudnn 9.27.0,
qwen35,qwen3.5-tp2,generation,cudnn,bfloat16,fp8_e4m3,1,2,131072,16,1,256,256,gqa,,16,inf,0.0,0.0,,20,False,"Warning: CUDNN_STATUS_NOT_SUPPORTED_GRAPH_PATTERN; Reason: process_knob_choices()
Warning: CUDNN_STATUS_NOT_SUPPORTED; Reason: (CUDNN_STATUS_NOT_INITIALIZED == status) || (CUDNN_STATUS_NOT_SUPPORTED == ((status) / 1000 * 1000))
Warning: CUDNN_STATUS_NOT_SUPPORTED; Reason: ptr->isSupported()
Warning: CUDNN_STATUS_NOT_SUPPORTED; Reason: finalize_internal()

{""engineId"":18,""smVersion"":1200,""knobChoices"":{""CUDNN_KNOB_TYPE_KERNEL_CFG"":-1,""CUDNN_KNOB_TYPE_TILE_CGA_M"":-1,""CUDNN_KNOB_TYPE_STREAM_K"":-1,""CUDNN_KNOB_TYPE_TILE_M"":-1,""CUDNN_KNOB_TYPE_TILE_N"":-1}}
Warning: CUDNN_STATUS_NOT_SUPPORTED_ARCH_MISMATCH; Reason: only Rubin is supported for this engine at: !(1070 <= deviceVer && deviceVer < 1100)
Warning: CUDNN_STATUS_NOT_SUPPORTED; Reason: (CUDNN_STATUS_NOT_INITIALIZED == status) || (CUDNN_STATUS_NOT_SUPPORTED == ((status) / 1000 * 1000))
Warning: CUDNN_STATUS_NOT_SUPPORTED; Reason: ptr->isSupported()
Warning: CUDNN_STATUS_NOT_SUPPORTED; Reason: finalize_internal()

)",,,
qwen35,qwen3.5-tp2,generation,cudnn,bfloat16,bfloat16,128,2,131072,16,1,256,256,gqa,,16,83.376479,6.594,206.102,11.5012,20,True,,NVIDIA RTX PRO 6000 Blackwell Server Edition,cudnn 9.27.0,
qwen35,qwen3.5-tp2,generation,cudnn,bfloat16,fp8_e4m3,128,2,131072,16,1,256,256,gqa,,16,inf,0.0,0.0,,20,False,"Warning: CUDNN_STATUS_NOT_SUPPORTED_GRAPH_PATTERN; Reason: process_knob_choices()
Warning: CUDNN_STATUS_NOT_SUPPORTED; Reason: (CUDNN_STATUS_NOT_INITIALIZED == status) || (CUDNN_STATUS_NOT_SUPPORTED == ((status) / 1000 * 1000))
Warning: CUDNN_STATUS_NOT_SUPPORTED; Reason: ptr->isSupported()
Warning: CUDNN_STATUS_NOT_SUPPORTED; Reason: finalize_internal()

{""engineId"":18,""smVersion"":1200,""knobChoices"":{""CUDNN_KNOB_TYPE_KERNEL_CFG"":-1,""CUDNN_KNOB_TYPE_TILE_CGA_M"":-1,""CUDNN_KNOB_TYPE_STREAM_K"":-1,""CUDNN_KNOB_TYPE_TILE_M"":-1,""CUDNN_KNOB_TYPE_TILE_N"":-1}}
Warning: CUDNN_STATUS_NOT_SUPPORTED_ARCH_MISMATCH; Reason: only Rubin is supported for this engine at: !(1070 <= deviceVer && deviceVer < 1100)
Warning: CUDNN_STATUS_NOT_SUPPORTED; Reason: (CUDNN_STATUS_NOT_INITIALIZED == status) || (CUDNN_STATUS_NOT_SUPPORTED == ((status) / 1000 * 1000))
Warning: CUDNN_STATUS_NOT_SUPPORTED; Reason: ptr->isSupported()
Warning: CUDNN_STATUS_NOT_SUPPORTED; Reason: finalize_internal()

)",,,
qwen35,qwen3.5-tp2,generation,cudnn,bfloat16,bfloat16,1,3,131072,16,1,256,256,gqa,,16,7.159786,0.9,18.753,1.0465,20,True,,NVIDIA RTX PRO 6000 Blackwell Server Edition,cudnn 9.27.0,
qwen35,qwen3.5-tp2,generation,cudnn,bfloat16,fp8_e4m3,1,3,131072,16,1,256,256,gqa,,16,inf,0.0,0.0,,20,False,"Warning: CUDNN_STATUS_NOT_SUPPORTED_GRAPH_PATTERN; Reason: process_knob_choices()
Warning: CUDNN_STATUS_NOT_SUPPORTED; Reason: (CUDNN_STATUS_NOT_INITIALIZED == status) || (CUDNN_STATUS_NOT_SUPPORTED == ((status) / 1000 * 1000))
Warning: CUDNN_STATUS_NOT_SUPPORTED; Reason: ptr->isSupported()
Warning: CUDNN_STATUS_NOT_SUPPORTED; Reason: finalize_internal()

{""engineId"":18,""smVersion"":1200,""knobChoices"":{""CUDNN_KNOB_TYPE_KERNEL_CFG"":-1,""CUDNN_KNOB_TYPE_TILE_CGA_M"":-1,""CUDNN_KNOB_TYPE_STREAM_K"":-1,""CUDNN_KNOB_TYPE_TILE_M"":-1,""CUDNN_KNOB_TYPE_TILE_N"":-1}}
Warning: CUDNN_STATUS_NOT_SUPPORTED_ARCH_MISMATCH; Reason: only Rubin is supported for this engine at: !(1070 <= deviceVer && deviceVer < 1100)
Warning: CUDNN_STATUS_NOT_SUPPORTED; Reason: (CUDNN_STATUS_NOT_INITIALIZED == status) || (CUDNN_STATUS_NOT_SUPPORTED == ((status) / 1000 * 1000))
Warning: CUDNN_STATUS_NOT_SUPPORTED; Reason: ptr->isSupported()
Warning: CUDNN_STATUS_NOT_SUPPORTED; Reason: finalize_internal()

)",,,
qwen35,qwen3.5-tp2,generation,cudnn,bfloat16,bfloat16,128,3,131072,16,1,256,256,gqa,,16,83.459098,9.881,205.923,11.4912,20,True,,NVIDIA RTX PRO 6000 Blackwell Server Edition,cudnn 9.27.0,
qwen35,qwen3.5-tp2,generation,cudnn,bfloat16,fp8_e4m3,128,3,131072,16,1,256,256,gqa,,16,inf,0.0,0.0,,20,False,"Warning: CUDNN_STATUS_NOT_SUPPORTED_GRAPH_PATTERN; Reason: process_knob_choices()
Warning: CUDNN_STATUS_NOT_SUPPORTED; Reason: (CUDNN_STATUS_NOT_INITIALIZED == status) || (CUDNN_STATUS_NOT_SUPPORTED == ((status) / 1000 * 1000))
Warning: CUDNN_STATUS_NOT_SUPPORTED; Reason: ptr->isSupported()
Warning: CUDNN_STATUS_NOT_SUPPORTED; Reason: finalize_internal()

{""engineId"":18,""smVersion"":1200,""knobChoices"":{""CUDNN_KNOB_TYPE_KERNEL_CFG"":-1,""CUDNN_KNOB_TYPE_TILE_CGA_M"":-1,""CUDNN_KNOB_TYPE_STREAM_K"":-1,""CUDNN_KNOB_TYPE_TILE_M"":-1,""CUDNN_KNOB_TYPE_TILE_N"":-1}}
Warning: CUDNN_STATUS_NOT_SUPPORTED_ARCH_MISMATCH; Reason: only Rubin is supported for this engine at: !(1070 <= deviceVer && deviceVer < 1100)
Warning: CUDNN_STATUS_NOT_SUPPORTED; Reason: (CUDNN_STATUS_NOT_INITIALIZED == status) || (CUDNN_STATUS_NOT_SUPPORTED == ((status) / 1000 * 1000))
Warning: CUDNN_STATUS_NOT_SUPPORTED; Reason: ptr->isSupported()
Warning: CUDNN_STATUS_NOT_SUPPORTED; Reason: finalize_internal()

)",,,
qwen35,qwen3.5-tp2,generation,cudnn,bfloat16,bfloat16,1,4,131072,16,1,256,256,gqa,,16,7.11188,1.208,18.882,1.0537,20,True,,NVIDIA RTX PRO 6000 Blackwell Server Edition,cudnn 9.27.0,
qwen35,qwen3.5-tp2,generation,cudnn,bfloat16,fp8_e4m3,1,4,131072,16,1,256,256,gqa,,16,inf,0.0,0.0,,20,False,"Warning: CUDNN_STATUS_NOT_SUPPORTED_GRAPH_PATTERN; Reason: process_knob_choices()
Warning: CUDNN_STATUS_NOT_SUPPORTED; Reason: (CUDNN_STATUS_NOT_INITIALIZED == status) || (CUDNN_STATUS_NOT_SUPPORTED == ((status) / 1000 * 1000))
Warning: CUDNN_STATUS_NOT_SUPPORTED; Reason: ptr->isSupported()
Warning: CUDNN_STATUS_NOT_SUPPORTED; Reason: finalize_internal()

{""engineId"":18,""smVersion"":1200,""knobChoices"":{""CUDNN_KNOB_TYPE_KERNEL_CFG"":-1,""CUDNN_KNOB_TYPE_TILE_CGA_M"":-1,""CUDNN_KNOB_TYPE_STREAM_K"":-1,""CUDNN_KNOB_TYPE_TILE_M"":-1,""CUDNN_KNOB_TYPE_TILE_N"":-1}}
Warning: CUDNN_STATUS_NOT_SUPPORTED_ARCH_MISMATCH; Reason: only Rubin is supported for this engine at: !(1070 <= deviceVer && deviceVer < 1100)
Warning: CUDNN_STATUS_NOT_SUPPORTED; Reason: (CUDNN_STATUS_NOT_INITIALIZED == status) || (CUDNN_STATUS_NOT_SUPPORTED == ((status) / 1000 * 1000))
Warning: CUDNN_STATUS_NOT_SUPPORTED; Reason: ptr->isSupported()
Warning: CUDNN_STATUS_NOT_SUPPORTED; Reason: finalize_internal()

)",,,
qwen35,qwen3.5-tp2,generation,cudnn,bfloat16,bfloat16,128,4,131072,16,1,256,256,gqa,,16,83.527947,13.163,205.779,11.4832,20,True,,NVIDIA RTX PRO 6000 Blackwell Server Edition,cudnn 9.27.0,
qwen35,qwen3.5-tp2,generation,cudnn,bfloat16,fp8_e4m3,128,4,131072,16,1,256,256,gqa,,16,inf,0.0,0.0,,20,False,"Warning: CUDNN_STATUS_NOT_SUPPORTED_GRAPH_PATTERN; Reason: process_knob_choices()
Warning: CUDNN_STATUS_NOT_SUPPORTED; Reason: (CUDNN_STATUS_NOT_INITIALIZED == status) || (CUDNN_STATUS_NOT_SUPPORTED == ((status) / 1000 * 1000))
Warning: CUDNN_STATUS_NOT_SUPPORTED; Reason: ptr->isSupported()
Warning: CUDNN_STATUS_NOT_SUPPORTED; Reason: finalize_internal()

{""engineId"":18,""smVersion"":1200,""knobChoices"":{""CUDNN_KNOB_TYPE_KERNEL_CFG"":-1,""CUDNN_KNOB_TYPE_TILE_CGA_M"":-1,""CUDNN_KNOB_TYPE_STREAM_K"":-1,""CUDNN_KNOB_TYPE_TILE_M"":-1,""CUDNN_KNOB_TYPE_TILE_N"":-1}}
Warning: CUDNN_STATUS_NOT_SUPPORTED_ARCH_MISMATCH; Reason: only Rubin is supported for this engine at: !(1070 <= deviceVer && deviceVer < 1100)
Warning: CUDNN_STATUS_NOT_SUPPORTED; Reason: (CUDNN_STATUS_NOT_INITIALIZED == status) || (CUDNN_STATUS_NOT_SUPPORTED == ((status) / 1000 * 1000))
Warning: CUDNN_STATUS_NOT_SUPPORTED; Reason: ptr->isSupported()
Warning: CUDNN_STATUS_NOT_SUPPORTED; Reason: finalize_internal()

)",,,
qwen35,qwen3.5-tp2,context,cudnn_oss,bfloat16,bfloat16,1,2048,2048,16,1,256,256,gqa,,16,0.137859,249.238,258.609,14.4313,20,True,,NVIDIA RTX PRO 6000 Blackwell Server Edition,cudnn_oss plan=sdpa_fwd_prefill_sm120[PACK_GQA=0; SCHED_POLICY=2; SPLIT_KV=1; TILE_CGA_M=1; TILE_M=64; TILE_N=64],
qwen35,qwen3.5-tp2,context,cudnn_oss,bfloat16,bfloat16,1,8192,8192,16,1,256,256,gqa,,16,1.373708,400.198,103.811,5.793,20,True,,NVIDIA RTX PRO 6000 Blackwell Server Edition,cudnn_oss plan=sdpa_fwd_prefill_sm120[PACK_GQA=0; SCHED_POLICY=2; SPLIT_KV=1; TILE_CGA_M=1; TILE_M=128; TILE_N=64],
qwen35,qwen3.5-tp2,context,cudnn_oss,bfloat16,bfloat16,1,32768,32768,16,1,256,256,gqa,,16,20.647485,426.013,27.627,1.5417,20,True,,NVIDIA RTX PRO 6000 Blackwell Server Edition,cudnn_oss plan=sdpa_fwd_prefill_sm120[PACK_GQA=0; SCHED_POLICY=2; SPLIT_KV=1; TILE_CGA_M=1; TILE_M=128; TILE_N=64],
qwen35,qwen3.5-tp2,context,cudnn_oss,bfloat16,bfloat16,1,512,65536,16,1,256,256,gqa,,16,1.744522,315.133,43.277,2.415,20,True,,NVIDIA RTX PRO 6000 Blackwell Server Edition,cudnn_oss plan=sdpa_fwd_prefill_sm120[PACK_GQA=0; SCHED_POLICY=0; SPLIT_KV=4; TILE_CGA_M=1; TILE_M=64; TILE_N=64],
qwen35,qwen3.5-tp2,context,cudnn_oss,bfloat16,bfloat16,1,512,131072,16,1,256,256,gqa,,16,3.451617,318.55,41.316,2.3056,20,True,,NVIDIA RTX PRO 6000 Blackwell Server Edition,cudnn_oss plan=sdpa_fwd_prefill_sm120[PACK_GQA=0; SCHED_POLICY=0; SPLIT_KV=4; TILE_CGA_M=1; TILE_M=64; TILE_N=64],
qwen35,qwen3.5-tp2,context,cudnn_oss,bfloat16,bfloat16,1,1024,65536,16,1,256,256,gqa,,16,3.435187,320.073,24.42,1.3627,20,True,,NVIDIA RTX PRO 6000 Blackwell Server Edition,cudnn_oss plan=sdpa_fwd_prefill_sm120[PACK_GQA=0; SCHED_POLICY=0; SPLIT_KV=2; TILE_CGA_M=1; TILE_M=64; TILE_N=64],
qwen35,qwen3.5-tp2,context,cudnn_oss,bfloat16,bfloat16,1,1024,131072,16,1,256,256,gqa,,16,6.369133,345.263,23.707,1.323,20,True,,NVIDIA RTX PRO 6000 Blackwell Server Edition,cudnn_oss plan=sdpa_fwd_prefill_sm120[PACK_GQA=0; SCHED_POLICY=0; SPLIT_KV=8; TILE_CGA_M=1; TILE_M=64; TILE_N=64],
qwen35,qwen3.5-tp2,generation,cudnn_oss,bfloat16,bfloat16,1,1,131072,16,1,256,256,gqa,,16,0.217537,9.872,617.063,34.4343,20,True,,NVIDIA RTX PRO 6000 Blackwell Server Edition,cudnn_oss plan=sdpa_fwd_prefill_sm120[PACK_GQA=1; SCHED_POLICY=0; SPLIT_KV=128; TILE_CGA_M=1; TILE_M=128; TILE_N=64],
qwen35,qwen3.5-tp2,generation,cudnn_oss,bfloat16,fp8_e4m3,1,1,131072,16,1,256,256,gqa,,16,inf,0.0,0.0,,20,False,"                 ^^^^^^^^^^^^^^^^^^^^^^^^^^^^^^^^^
  File ""/home/scratch.yanxu_gpu/fe-sites/computelab_trees/fe_develop_5567e2733/benchmark/attention_inference/benchmark_single_attention.py"", line 270, in setup_cudnn_oss
    return setup_cudnn(args, dtype, oss=True)
           ^^^^^^^^^^^^^^^^^^^^^^^^^^^^^^^^^^
  File ""/home/scratch.yanxu_gpu/fe-sites/computelab_trees/fe_develop_5567e2733/benchmark/attention_inference/benchmark_single_attention.py"", line 167, in setup_cudnn
    return setup_cudnn_fp8(args, cudnn, oss=oss)
           ^^^^^^^^^^^^^^^^^^^^^^^^^^^^^^^^^^^^^
  File ""/home/scratch.yanxu_gpu/fe-sites/computelab_trees/fe_develop_5567e2733/benchmark/attention_inference/benchmark_single_attention.py"", line 336, in setup_cudnn_fp8
    graph.check_support()
  File ""/home/scratch.yanxu_gpu/fe-sites/computelab_trees/fe_develop_5567e2733/python/cudnn/_pygraph.py"", line 1547, in check_support
    self._lowered_graph.check_support()
cudnn._compiled_module.cudnnGraphNotSupportedError: [cudnn_frontend] Error: No execution plans support the graph.",,,
qwen35,qwen3.5-tp2,generation,cudnn_oss,bfloat16,bfloat16,128,1,131072,16,1,256,256,gqa,,16,11.252723,24.428,1526.916,85.2074,20,True,,NVIDIA RTX PRO 6000 Blackwell Server Edition,cudnn_oss plan=sdpa_fwd_prefill_sm120[PACK_GQA=1; SCHED_POLICY=0; SPLIT_KV=4; TILE_CGA_M=1; TILE_M=128; TILE_N=64],
qwen35,qwen3.5-tp2,generation,cudnn_oss,bfloat16,fp8_e4m3,128,1,131072,16,1,256,256,gqa,,16,inf,0.0,0.0,,20,False,"                 ^^^^^^^^^^^^^^^^^^^^^^^^^^^^^^^^^
  File ""/home/scratch.yanxu_gpu/fe-sites/computelab_trees/fe_develop_5567e2733/benchmark/attention_inference/benchmark_single_attention.py"", line 270, in setup_cudnn_oss
    return setup_cudnn(args, dtype, oss=True)
           ^^^^^^^^^^^^^^^^^^^^^^^^^^^^^^^^^^
  File ""/home/scratch.yanxu_gpu/fe-sites/computelab_trees/fe_develop_5567e2733/benchmark/attention_inference/benchmark_single_attention.py"", line 167, in setup_cudnn
    return setup_cudnn_fp8(args, cudnn, oss=oss)
           ^^^^^^^^^^^^^^^^^^^^^^^^^^^^^^^^^^^^^
  File ""/home/scratch.yanxu_gpu/fe-sites/computelab_trees/fe_develop_5567e2733/benchmark/attention_inference/benchmark_single_attention.py"", line 336, in setup_cudnn_fp8
    graph.check_support()
  File ""/home/scratch.yanxu_gpu/fe-sites/computelab_trees/fe_develop_5567e2733/python/cudnn/_pygraph.py"", line 1547, in check_support
    self._lowered_graph.check_support()
cudnn._compiled_module.cudnnGraphNotSupportedError: [cudnn_frontend] Error: No execution plans support the graph.",,,
qwen35,qwen3.5-tp2,generation,cudnn_oss,bfloat16,bfloat16,1,2,131072,16,1,256,256,gqa,,16,0.217341,19.761,617.695,34.4696,20,True,,NVIDIA RTX PRO 6000 Blackwell Server Edition,cudnn_oss plan=sdpa_fwd_prefill_sm120[PACK_GQA=1; SCHED_POLICY=0; SPLIT_KV=128; TILE_CGA_M=1; TILE_M=128; TILE_N=64],
qwen35,qwen3.5-tp2,generation,cudnn_oss,bfloat16,fp8_e4m3,1,2,131072,16,1,256,256,gqa,,16,inf,0.0,0.0,,20,False,"                 ^^^^^^^^^^^^^^^^^^^^^^^^^^^^^^^^^
  File ""/home/scratch.yanxu_gpu/fe-sites/computelab_trees/fe_develop_5567e2733/benchmark/attention_inference/benchmark_single_attention.py"", line 270, in setup_cudnn_oss
    return setup_cudnn(args, dtype, oss=True)
           ^^^^^^^^^^^^^^^^^^^^^^^^^^^^^^^^^^
  File ""/home/scratch.yanxu_gpu/fe-sites/computelab_trees/fe_develop_5567e2733/benchmark/attention_inference/benchmark_single_attention.py"", line 167, in setup_cudnn
    return setup_cudnn_fp8(args, cudnn, oss=oss)
           ^^^^^^^^^^^^^^^^^^^^^^^^^^^^^^^^^^^^^
  File ""/home/scratch.yanxu_gpu/fe-sites/computelab_trees/fe_develop_5567e2733/benchmark/attention_inference/benchmark_single_attention.py"", line 336, in setup_cudnn_fp8
    graph.check_support()
  File ""/home/scratch.yanxu_gpu/fe-sites/computelab_trees/fe_develop_5567e2733/python/cudnn/_pygraph.py"", line 1547, in check_support
    self._lowered_graph.check_support()
cudnn._compiled_module.cudnnGraphNotSupportedError: [cudnn_frontend] Error: No execution plans support the graph.",,,
qwen35,qwen3.5-tp2,generation,cudnn_oss,bfloat16,bfloat16,128,2,131072,16,1,256,256,gqa,,16,11.282372,48.727,1523.09,84.9938,20,True,,NVIDIA RTX PRO 6000 Blackwell Server Edition,cudnn_oss plan=sdpa_fwd_prefill_sm120[PACK_GQA=1; SCHED_POLICY=0; SPLIT_KV=4; TILE_CGA_M=1; TILE_M=128; TILE_N=64],
qwen35,qwen3.5-tp2,generation,cudnn_oss,bfloat16,fp8_e4m3,128,2,131072,16,1,256,256,gqa,,16,inf,0.0,0.0,,20,False,"                 ^^^^^^^^^^^^^^^^^^^^^^^^^^^^^^^^^
  File ""/home/scratch.yanxu_gpu/fe-sites/computelab_trees/fe_develop_5567e2733/benchmark/attention_inference/benchmark_single_attention.py"", line 270, in setup_cudnn_oss
    return setup_cudnn(args, dtype, oss=True)
           ^^^^^^^^^^^^^^^^^^^^^^^^^^^^^^^^^^
  File ""/home/scratch.yanxu_gpu/fe-sites/computelab_trees/fe_develop_5567e2733/benchmark/attention_inference/benchmark_single_attention.py"", line 167, in setup_cudnn
    return setup_cudnn_fp8(args, cudnn, oss=oss)
           ^^^^^^^^^^^^^^^^^^^^^^^^^^^^^^^^^^^^^
  File ""/home/scratch.yanxu_gpu/fe-sites/computelab_trees/fe_develop_5567e2733/benchmark/attention_inference/benchmark_single_attention.py"", line 336, in setup_cudnn_fp8
    graph.check_support()
  File ""/home/scratch.yanxu_gpu/fe-sites/computelab_trees/fe_develop_5567e2733/python/cudnn/_pygraph.py"", line 1547, in check_support
    self._lowered_graph.check_support()
cudnn._compiled_module.cudnnGraphNotSupportedError: [cudnn_frontend] Error: No execution plans support the graph.",,,
qwen35,qwen3.5-tp2,generation,cudnn_oss,bfloat16,bfloat16,1,3,131072,16,1,256,256,gqa,,16,0.217474,29.624,617.393,34.4527,20,True,,NVIDIA RTX PRO 6000 Blackwell Server Edition,cudnn_oss plan=sdpa_fwd_prefill_sm120[PACK_GQA=1; SCHED_POLICY=0; SPLIT_KV=128; TILE_CGA_M=1; TILE_M=128; TILE_N=64],
qwen35,qwen3.5-tp2,generation,cudnn_oss,bfloat16,fp8_e4m3,1,3,131072,16,1,256,256,gqa,,16,inf,0.0,0.0,,20,False,"                 ^^^^^^^^^^^^^^^^^^^^^^^^^^^^^^^^^
  File ""/home/scratch.yanxu_gpu/fe-sites/computelab_trees/fe_develop_5567e2733/benchmark/attention_inference/benchmark_single_attention.py"", line 270, in setup_cudnn_oss
    return setup_cudnn(args, dtype, oss=True)
           ^^^^^^^^^^^^^^^^^^^^^^^^^^^^^^^^^^
  File ""/home/scratch.yanxu_gpu/fe-sites/computelab_trees/fe_develop_5567e2733/benchmark/attention_inference/benchmark_single_attention.py"", line 167, in setup_cudnn
    return setup_cudnn_fp8(args, cudnn, oss=oss)
           ^^^^^^^^^^^^^^^^^^^^^^^^^^^^^^^^^^^^^
  File ""/home/scratch.yanxu_gpu/fe-sites/computelab_trees/fe_develop_5567e2733/benchmark/attention_inference/benchmark_single_attention.py"", line 336, in setup_cudnn_fp8
    graph.check_support()
  File ""/home/scratch.yanxu_gpu/fe-sites/computelab_trees/fe_develop_5567e2733/python/cudnn/_pygraph.py"", line 1547, in check_support
    self._lowered_graph.check_support()
cudnn._compiled_module.cudnnGraphNotSupportedError: [cudnn_frontend] Error: No execution plans support the graph.",,,
qwen35,qwen3.5-tp2,generation,cudnn_oss,bfloat16,bfloat16,128,3,131072,16,1,256,256,gqa,,16,11.293079,73.021,1521.831,84.9236,20,True,,NVIDIA RTX PRO 6000 Blackwell Server Edition,cudnn_oss plan=sdpa_fwd_prefill_sm120[PACK_GQA=1; SCHED_POLICY=0; SPLIT_KV=4; TILE_CGA_M=1; TILE_M=128; TILE_N=64],
qwen35,qwen3.5-tp2,generation,cudnn_oss,bfloat16,fp8_e4m3,128,3,131072,16,1,256,256,gqa,,16,inf,0.0,0.0,,20,False,"                 ^^^^^^^^^^^^^^^^^^^^^^^^^^^^^^^^^
  File ""/home/scratch.yanxu_gpu/fe-sites/computelab_trees/fe_develop_5567e2733/benchmark/attention_inference/benchmark_single_attention.py"", line 270, in setup_cudnn_oss
    return setup_cudnn(args, dtype, oss=True)
           ^^^^^^^^^^^^^^^^^^^^^^^^^^^^^^^^^^
  File ""/home/scratch.yanxu_gpu/fe-sites/computelab_trees/fe_develop_5567e2733/benchmark/attention_inference/benchmark_single_attention.py"", line 167, in setup_cudnn
    return setup_cudnn_fp8(args, cudnn, oss=oss)
           ^^^^^^^^^^^^^^^^^^^^^^^^^^^^^^^^^^^^^
  File ""/home/scratch.yanxu_gpu/fe-sites/computelab_trees/fe_develop_5567e2733/benchmark/attention_inference/benchmark_single_attention.py"", line 336, in setup_cudnn_fp8
    graph.check_support()
  File ""/home/scratch.yanxu_gpu/fe-sites/computelab_trees/fe_develop_5567e2733/python/cudnn/_pygraph.py"", line 1547, in check_support
    self._lowered_graph.check_support()
cudnn._compiled_module.cudnnGraphNotSupportedError: [cudnn_frontend] Error: No execution plans support the graph.",,,
qwen35,qwen3.5-tp2,generation,cudnn_oss,bfloat16,bfloat16,1,4,131072,16,1,256,256,gqa,,16,0.218274,39.354,615.205,34.3306,20,True,,NVIDIA RTX PRO 6000 Blackwell Server Edition,cudnn_oss plan=sdpa_fwd_prefill_sm120[PACK_GQA=1; SCHED_POLICY=0; SPLIT_KV=128; TILE_CGA_M=1; TILE_M=128; TILE_N=64],
qwen35,qwen3.5-tp2,generation,cudnn_oss,bfloat16,fp8_e4m3,1,4,131072,16,1,256,256,gqa,,16,inf,0.0,0.0,,20,False,"                 ^^^^^^^^^^^^^^^^^^^^^^^^^^^^^^^^^
  File ""/home/scratch.yanxu_gpu/fe-sites/computelab_trees/fe_develop_5567e2733/benchmark/attention_inference/benchmark_single_attention.py"", line 270, in setup_cudnn_oss
    return setup_cudnn(args, dtype, oss=True)
           ^^^^^^^^^^^^^^^^^^^^^^^^^^^^^^^^^^
  File ""/home/scratch.yanxu_gpu/fe-sites/computelab_trees/fe_develop_5567e2733/benchmark/attention_inference/benchmark_single_attention.py"", line 167, in setup_cudnn
    return setup_cudnn_fp8(args, cudnn, oss=oss)
           ^^^^^^^^^^^^^^^^^^^^^^^^^^^^^^^^^^^^^
  File ""/home/scratch.yanxu_gpu/fe-sites/computelab_trees/fe_develop_5567e2733/benchmark/attention_inference/benchmark_single_attention.py"", line 336, in setup_cudnn_fp8
    graph.check_support()
  File ""/home/scratch.yanxu_gpu/fe-sites/computelab_trees/fe_develop_5567e2733/python/cudnn/_pygraph.py"", line 1547, in check_support
    self._lowered_graph.check_support()
cudnn._compiled_module.cudnnGraphNotSupportedError: [cudnn_frontend] Error: No execution plans support the graph.",,,
qwen35,qwen3.5-tp2,generation,cudnn_oss,bfloat16,bfloat16,128,4,131072,16,1,256,256,gqa,,16,11.308189,97.231,1519.983,84.8205,20,True,,NVIDIA RTX PRO 6000 Blackwell Server Edition,cudnn_oss plan=sdpa_fwd_prefill_sm120[PACK_GQA=1; SCHED_POLICY=0; SPLIT_KV=4; TILE_CGA_M=1; TILE_M=128; TILE_N=64],
qwen35,qwen3.5-tp2,generation,cudnn_oss,bfloat16,fp8_e4m3,128,4,131072,16,1,256,256,gqa,,16,inf,0.0,0.0,,20,False,"                 ^^^^^^^^^^^^^^^^^^^^^^^^^^^^^^^^^
  File ""/home/scratch.yanxu_gpu/fe-sites/computelab_trees/fe_develop_5567e2733/benchmark/attention_inference/benchmark_single_attention.py"", line 270, in setup_cudnn_oss
    return setup_cudnn(args, dtype, oss=True)
           ^^^^^^^^^^^^^^^^^^^^^^^^^^^^^^^^^^
  File ""/home/scratch.yanxu_gpu/fe-sites/computelab_trees/fe_develop_5567e2733/benchmark/attention_inference/benchmark_single_attention.py"", line 167, in setup_cudnn
    return setup_cudnn_fp8(args, cudnn, oss=oss)
           ^^^^^^^^^^^^^^^^^^^^^^^^^^^^^^^^^^^^^
  File ""/home/scratch.yanxu_gpu/fe-sites/computelab_trees/fe_develop_5567e2733/benchmark/attention_inference/benchmark_single_attention.py"", line 336, in setup_cudnn_fp8
    graph.check_support()
  File ""/home/scratch.yanxu_gpu/fe-sites/computelab_trees/fe_develop_5567e2733/python/cudnn/_pygraph.py"", line 1547, in check_support
    self._lowered_graph.check_support()
cudnn._compiled_module.cudnnGraphNotSupportedError: [cudnn_frontend] Error: No execution plans support the graph.",,,
qwen35,qwen3.5-tp4,context,cudnn,bfloat16,bfloat16,1,2048,2048,8,1,256,256,gqa,,16,0.197443,87.012,95.594,5.3345,20,True,,NVIDIA RTX PRO 6000 Blackwell Server Edition,cudnn 9.27.0,
qwen35,qwen3.5-tp4,context,cudnn,bfloat16,bfloat16,1,8192,8192,8,1,256,256,gqa,,16,1.979178,138.885,38.146,2.1287,20,True,,NVIDIA RTX PRO 6000 Blackwell Server Edition,cudnn 9.27.0,
qwen35,qwen3.5-tp4,context,cudnn,bfloat16,bfloat16,1,32768,32768,8,1,256,256,gqa,,16,27.474605,160.077,10.992,0.6134,20,True,,NVIDIA RTX PRO 6000 Blackwell Server Edition,cudnn 9.27.0,
qwen35,qwen3.5-tp4,context,cudnn,bfloat16,bfloat16,1,512,65536,8,1,256,256,gqa,,16,3.513543,78.234,20.294,1.1325,20,True,,NVIDIA RTX PRO 6000 Blackwell Server Edition,cudnn 9.27.0,
qwen35,qwen3.5-tp4,context,cudnn,bfloat16,bfloat16,1,512,131072,8,1,256,256,gqa,,16,7.021254,78.299,19.713,1.1001,20,True,,NVIDIA RTX PRO 6000 Blackwell Server Edition,cudnn 9.27.0,
qwen35,qwen3.5-tp4,context,cudnn,bfloat16,bfloat16,1,1024,65536,8,1,256,256,gqa,,16,4.325408,127.099,17.454,0.974,20,True,,NVIDIA RTX PRO 6000 Blackwell Server Edition,cudnn 9.27.0,
qwen35,qwen3.5-tp4,context,cudnn,bfloat16,bfloat16,1,1024,131072,8,1,256,256,gqa,,16,8.641947,127.23,16.502,0.9209,20,True,,NVIDIA RTX PRO 6000 Blackwell Server Edition,cudnn 9.27.0,
qwen35,qwen3.5-tp4,generation,cudnn,bfloat16,bfloat16,1,1,131072,8,1,256,256,gqa,,16,0.131455,8.168,1021.079,56.9798,20,True,,NVIDIA RTX PRO 6000 Blackwell Server Edition,cudnn 9.27.0,
qwen35,qwen3.5-tp4,generation,cudnn,bfloat16,fp8_e4m3,1,1,131072,8,1,256,256,gqa,,16,inf,0.0,0.0,,20,False,"Warning: CUDNN_STATUS_NOT_SUPPORTED_GRAPH_PATTERN; Reason: process_knob_choices()
Warning: CUDNN_STATUS_NOT_SUPPORTED; Reason: (CUDNN_STATUS_NOT_INITIALIZED == status) || (CUDNN_STATUS_NOT_SUPPORTED == ((status) / 1000 * 1000))
Warning: CUDNN_STATUS_NOT_SUPPORTED; Reason: ptr->isSupported()
Warning: CUDNN_STATUS_NOT_SUPPORTED; Reason: finalize_internal()

{""engineId"":18,""smVersion"":1200,""knobChoices"":{""CUDNN_KNOB_TYPE_KERNEL_CFG"":-1,""CUDNN_KNOB_TYPE_TILE_CGA_M"":-1,""CUDNN_KNOB_TYPE_STREAM_K"":-1,""CUDNN_KNOB_TYPE_TILE_M"":-1,""CUDNN_KNOB_TYPE_TILE_N"":-1}}
Warning: CUDNN_STATUS_NOT_SUPPORTED_ARCH_MISMATCH; Reason: only Rubin is supported for this engine at: !(1070 <= deviceVer && deviceVer < 1100)
Warning: CUDNN_STATUS_NOT_SUPPORTED; Reason: (CUDNN_STATUS_NOT_INITIALIZED == status) || (CUDNN_STATUS_NOT_SUPPORTED == ((status) / 1000 * 1000))
Warning: CUDNN_STATUS_NOT_SUPPORTED; Reason: ptr->isSupported()
Warning: CUDNN_STATUS_NOT_SUPPORTED; Reason: finalize_internal()

)",,,
qwen35,qwen3.5-tp4,generation,cudnn,bfloat16,bfloat16,128,1,131072,8,1,256,256,gqa,,16,12.128053,11.332,1416.626,79.0528,20,True,,NVIDIA RTX PRO 6000 Blackwell Server Edition,cudnn 9.27.0,
qwen35,qwen3.5-tp4,generation,cudnn,bfloat16,fp8_e4m3,128,1,131072,8,1,256,256,gqa,,16,inf,0.0,0.0,,20,False,"Warning: CUDNN_STATUS_NOT_SUPPORTED_GRAPH_PATTERN; Reason: process_knob_choices()
Warning: CUDNN_STATUS_NOT_SUPPORTED; Reason: (CUDNN_STATUS_NOT_INITIALIZED == status) || (CUDNN_STATUS_NOT_SUPPORTED == ((status) / 1000 * 1000))
Warning: CUDNN_STATUS_NOT_SUPPORTED; Reason: ptr->isSupported()
Warning: CUDNN_STATUS_NOT_SUPPORTED; Reason: finalize_internal()

{""engineId"":18,""smVersion"":1200,""knobChoices"":{""CUDNN_KNOB_TYPE_KERNEL_CFG"":-1,""CUDNN_KNOB_TYPE_TILE_CGA_M"":-1,""CUDNN_KNOB_TYPE_STREAM_K"":-1,""CUDNN_KNOB_TYPE_TILE_M"":-1,""CUDNN_KNOB_TYPE_TILE_N"":-1}}
Warning: CUDNN_STATUS_NOT_SUPPORTED_ARCH_MISMATCH; Reason: only Rubin is supported for this engine at: !(1070 <= deviceVer && deviceVer < 1100)
Warning: CUDNN_STATUS_NOT_SUPPORTED; Reason: (CUDNN_STATUS_NOT_INITIALIZED == status) || (CUDNN_STATUS_NOT_SUPPORTED == ((status) / 1000 * 1000))
Warning: CUDNN_STATUS_NOT_SUPPORTED; Reason: ptr->isSupported()
Warning: CUDNN_STATUS_NOT_SUPPORTED; Reason: finalize_internal()

)",,,
qwen35,qwen3.5-tp4,generation,cudnn,bfloat16,bfloat16,1,2,131072,8,1,256,256,gqa,,16,7.313322,0.294,18.355,1.0243,20,True,,NVIDIA RTX PRO 6000 Blackwell Server Edition,cudnn 9.27.0,
qwen35,qwen3.5-tp4,generation,cudnn,bfloat16,fp8_e4m3,1,2,131072,8,1,256,256,gqa,,16,inf,0.0,0.0,,20,False,"Warning: CUDNN_STATUS_NOT_SUPPORTED_GRAPH_PATTERN; Reason: process_knob_choices()
Warning: CUDNN_STATUS_NOT_SUPPORTED; Reason: (CUDNN_STATUS_NOT_INITIALIZED == status) || (CUDNN_STATUS_NOT_SUPPORTED == ((status) / 1000 * 1000))
Warning: CUDNN_STATUS_NOT_SUPPORTED; Reason: ptr->isSupported()
Warning: CUDNN_STATUS_NOT_SUPPORTED; Reason: finalize_internal()

{""engineId"":18,""smVersion"":1200,""knobChoices"":{""CUDNN_KNOB_TYPE_KERNEL_CFG"":-1,""CUDNN_KNOB_TYPE_TILE_CGA_M"":-1,""CUDNN_KNOB_TYPE_STREAM_K"":-1,""CUDNN_KNOB_TYPE_TILE_M"":-1,""CUDNN_KNOB_TYPE_TILE_N"":-1}}
Warning: CUDNN_STATUS_NOT_SUPPORTED_ARCH_MISMATCH; Reason: only Rubin is supported for this engine at: !(1070 <= deviceVer && deviceVer < 1100)
Warning: CUDNN_STATUS_NOT_SUPPORTED; Reason: (CUDNN_STATUS_NOT_INITIALIZED == status) || (CUDNN_STATUS_NOT_SUPPORTED == ((status) / 1000 * 1000))
Warning: CUDNN_STATUS_NOT_SUPPORTED; Reason: ptr->isSupported()
Warning: CUDNN_STATUS_NOT_SUPPORTED; Reason: finalize_internal()

)",,,
qwen35,qwen3.5-tp4,generation,cudnn,bfloat16,bfloat16,128,2,131072,8,1,256,256,gqa,,16,44.61052,6.162,385.155,21.493,20,True,,NVIDIA RTX PRO 6000 Blackwell Server Edition,cudnn 9.27.0,
qwen35,qwen3.5-tp4,generation,cudnn,bfloat16,fp8_e4m3,128,2,131072,8,1,256,256,gqa,,16,inf,0.0,0.0,,20,False,"Warning: CUDNN_STATUS_NOT_SUPPORTED_GRAPH_PATTERN; Reason: process_knob_choices()
Warning: CUDNN_STATUS_NOT_SUPPORTED; Reason: (CUDNN_STATUS_NOT_INITIALIZED == status) || (CUDNN_STATUS_NOT_SUPPORTED == ((status) / 1000 * 1000))
Warning: CUDNN_STATUS_NOT_SUPPORTED; Reason: ptr->isSupported()
Warning: CUDNN_STATUS_NOT_SUPPORTED; Reason: finalize_internal()

{""engineId"":18,""smVersion"":1200,""knobChoices"":{""CUDNN_KNOB_TYPE_KERNEL_CFG"":-1,""CUDNN_KNOB_TYPE_TILE_CGA_M"":-1,""CUDNN_KNOB_TYPE_STREAM_K"":-1,""CUDNN_KNOB_TYPE_TILE_M"":-1,""CUDNN_KNOB_TYPE_TILE_N"":-1}}
Warning: CUDNN_STATUS_NOT_SUPPORTED_ARCH_MISMATCH; Reason: only Rubin is supported for this engine at: !(1070 <= deviceVer && deviceVer < 1100)
Warning: CUDNN_STATUS_NOT_SUPPORTED; Reason: (CUDNN_STATUS_NOT_INITIALIZED == status) || (CUDNN_STATUS_NOT_SUPPORTED == ((status) / 1000 * 1000))
Warning: CUDNN_STATUS_NOT_SUPPORTED; Reason: ptr->isSupported()
Warning: CUDNN_STATUS_NOT_SUPPORTED; Reason: finalize_internal()

)",,,
qwen35,qwen3.5-tp4,generation,cudnn,bfloat16,bfloat16,1,3,131072,8,1,256,256,gqa,,16,7.142246,0.451,18.796,1.0489,20,True,,NVIDIA RTX PRO 6000 Blackwell Server Edition,cudnn 9.27.0,
qwen35,qwen3.5-tp4,generation,cudnn,bfloat16,fp8_e4m3,1,3,131072,8,1,256,256,gqa,,16,inf,0.0,0.0,,20,False,"Warning: CUDNN_STATUS_NOT_SUPPORTED_GRAPH_PATTERN; Reason: process_knob_choices()
Warning: CUDNN_STATUS_NOT_SUPPORTED; Reason: (CUDNN_STATUS_NOT_INITIALIZED == status) || (CUDNN_STATUS_NOT_SUPPORTED == ((status) / 1000 * 1000))
Warning: CUDNN_STATUS_NOT_SUPPORTED; Reason: ptr->isSupported()
Warning: CUDNN_STATUS_NOT_SUPPORTED; Reason: finalize_internal()

{""engineId"":18,""smVersion"":1200,""knobChoices"":{""CUDNN_KNOB_TYPE_KERNEL_CFG"":-1,""CUDNN_KNOB_TYPE_TILE_CGA_M"":-1,""CUDNN_KNOB_TYPE_STREAM_K"":-1,""CUDNN_KNOB_TYPE_TILE_M"":-1,""CUDNN_KNOB_TYPE_TILE_N"":-1}}
Warning: CUDNN_STATUS_NOT_SUPPORTED_ARCH_MISMATCH; Reason: only Rubin is supported for this engine at: !(1070 <= deviceVer && deviceVer < 1100)
Warning: CUDNN_STATUS_NOT_SUPPORTED; Reason: (CUDNN_STATUS_NOT_INITIALIZED == status) || (CUDNN_STATUS_NOT_SUPPORTED == ((status) / 1000 * 1000))
Warning: CUDNN_STATUS_NOT_SUPPORTED; Reason: ptr->isSupported()
Warning: CUDNN_STATUS_NOT_SUPPORTED; Reason: finalize_internal()

)",,,
qwen35,qwen3.5-tp4,generation,cudnn,bfloat16,bfloat16,128,3,131072,8,1,256,256,gqa,,16,44.659054,9.233,384.76,21.471,20,True,,NVIDIA RTX PRO 6000 Blackwell Server Edition,cudnn 9.27.0,
qwen35,qwen3.5-tp4,generation,cudnn,bfloat16,fp8_e4m3,128,3,131072,8,1,256,256,gqa,,16,inf,0.0,0.0,,20,False,"Warning: CUDNN_STATUS_NOT_SUPPORTED_GRAPH_PATTERN; Reason: process_knob_choices()
Warning: CUDNN_STATUS_NOT_SUPPORTED; Reason: (CUDNN_STATUS_NOT_INITIALIZED == status) || (CUDNN_STATUS_NOT_SUPPORTED == ((status) / 1000 * 1000))
Warning: CUDNN_STATUS_NOT_SUPPORTED; Reason: ptr->isSupported()
Warning: CUDNN_STATUS_NOT_SUPPORTED; Reason: finalize_internal()

{""engineId"":18,""smVersion"":1200,""knobChoices"":{""CUDNN_KNOB_TYPE_KERNEL_CFG"":-1,""CUDNN_KNOB_TYPE_TILE_CGA_M"":-1,""CUDNN_KNOB_TYPE_STREAM_K"":-1,""CUDNN_KNOB_TYPE_TILE_M"":-1,""CUDNN_KNOB_TYPE_TILE_N"":-1}}
Warning: CUDNN_STATUS_NOT_SUPPORTED_ARCH_MISMATCH; Reason: only Rubin is supported for this engine at: !(1070 <= deviceVer && deviceVer < 1100)
Warning: CUDNN_STATUS_NOT_SUPPORTED; Reason: (CUDNN_STATUS_NOT_INITIALIZED == status) || (CUDNN_STATUS_NOT_SUPPORTED == ((status) / 1000 * 1000))
Warning: CUDNN_STATUS_NOT_SUPPORTED; Reason: ptr->isSupported()
Warning: CUDNN_STATUS_NOT_SUPPORTED; Reason: finalize_internal()

)",,,
qwen35,qwen3.5-tp4,generation,cudnn,bfloat16,bfloat16,1,4,131072,8,1,256,256,gqa,,16,7.311849,0.587,18.361,1.0246,20,True,,NVIDIA RTX PRO 6000 Blackwell Server Edition,cudnn 9.27.0,
qwen35,qwen3.5-tp4,generation,cudnn,bfloat16,fp8_e4m3,1,4,131072,8,1,256,256,gqa,,16,inf,0.0,0.0,,20,False,"Warning: CUDNN_STATUS_NOT_SUPPORTED_GRAPH_PATTERN; Reason: process_knob_choices()
Warning: CUDNN_STATUS_NOT_SUPPORTED; Reason: (CUDNN_STATUS_NOT_INITIALIZED == status) || (CUDNN_STATUS_NOT_SUPPORTED == ((status) / 1000 * 1000))
Warning: CUDNN_STATUS_NOT_SUPPORTED; Reason: ptr->isSupported()
Warning: CUDNN_STATUS_NOT_SUPPORTED; Reason: finalize_internal()

{""engineId"":18,""smVersion"":1200,""knobChoices"":{""CUDNN_KNOB_TYPE_KERNEL_CFG"":-1,""CUDNN_KNOB_TYPE_TILE_CGA_M"":-1,""CUDNN_KNOB_TYPE_STREAM_K"":-1,""CUDNN_KNOB_TYPE_TILE_M"":-1,""CUDNN_KNOB_TYPE_TILE_N"":-1}}
Warning: CUDNN_STATUS_NOT_SUPPORTED_ARCH_MISMATCH; Reason: only Rubin is supported for this engine at: !(1070 <= deviceVer && deviceVer < 1100)
Warning: CUDNN_STATUS_NOT_SUPPORTED; Reason: (CUDNN_STATUS_NOT_INITIALIZED == status) || (CUDNN_STATUS_NOT_SUPPORTED == ((status) / 1000 * 1000))
Warning: CUDNN_STATUS_NOT_SUPPORTED; Reason: ptr->isSupported()
Warning: CUDNN_STATUS_NOT_SUPPORTED; Reason: finalize_internal()

)",,,
qwen35,qwen3.5-tp4,generation,cudnn,bfloat16,bfloat16,128,4,131072,8,1,256,256,gqa,,16,44.676192,12.305,384.636,21.4641,20,True,,NVIDIA RTX PRO 6000 Blackwell Server Edition,cudnn 9.27.0,
qwen35,qwen3.5-tp4,generation,cudnn,bfloat16,fp8_e4m3,128,4,131072,8,1,256,256,gqa,,16,inf,0.0,0.0,,20,False,"Warning: CUDNN_STATUS_NOT_SUPPORTED_GRAPH_PATTERN; Reason: process_knob_choices()
Warning: CUDNN_STATUS_NOT_SUPPORTED; Reason: (CUDNN_STATUS_NOT_INITIALIZED == status) || (CUDNN_STATUS_NOT_SUPPORTED == ((status) / 1000 * 1000))
Warning: CUDNN_STATUS_NOT_SUPPORTED; Reason: ptr->isSupported()
Warning: CUDNN_STATUS_NOT_SUPPORTED; Reason: finalize_internal()

{""engineId"":18,""smVersion"":1200,""knobChoices"":{""CUDNN_KNOB_TYPE_KERNEL_CFG"":-1,""CUDNN_KNOB_TYPE_TILE_CGA_M"":-1,""CUDNN_KNOB_TYPE_STREAM_K"":-1,""CUDNN_KNOB_TYPE_TILE_M"":-1,""CUDNN_KNOB_TYPE_TILE_N"":-1}}
Warning: CUDNN_STATUS_NOT_SUPPORTED_ARCH_MISMATCH; Reason: only Rubin is supported for this engine at: !(1070 <= deviceVer && deviceVer < 1100)
Warning: CUDNN_STATUS_NOT_SUPPORTED; Reason: (CUDNN_STATUS_NOT_INITIALIZED == status) || (CUDNN_STATUS_NOT_SUPPORTED == ((status) / 1000 * 1000))
Warning: CUDNN_STATUS_NOT_SUPPORTED; Reason: ptr->isSupported()
Warning: CUDNN_STATUS_NOT_SUPPORTED; Reason: finalize_internal()

)",,,
qwen35,qwen3.5-tp4,context,cudnn_oss,bfloat16,bfloat16,1,2048,2048,8,1,256,256,gqa,,16,0.089344,192.289,211.255,11.7888,20,True,,NVIDIA RTX PRO 6000 Blackwell Server Edition,cudnn_oss plan=sdpa_fwd_prefill_sm120[PACK_GQA=0; SCHED_POLICY=2; SPLIT_KV=1; TILE_CGA_M=1; TILE_M=64; TILE_N=64],
qwen35,qwen3.5-tp4,context,cudnn_oss,bfloat16,bfloat16,1,8192,8192,8,1,256,256,gqa,,16,0.86292,318.544,87.491,4.8823,20,True,,NVIDIA RTX PRO 6000 Blackwell Server Edition,cudnn_oss plan=sdpa_fwd_prefill_sm120[PACK_GQA=0; SCHED_POLICY=2; SPLIT_KV=1; TILE_CGA_M=1; TILE_M=64; TILE_N=64],
qwen35,qwen3.5-tp4,context,cudnn_oss,bfloat16,bfloat16,1,32768,32768,8,1,256,256,gqa,,16,10.353532,424.787,29.168,1.6277,20,True,,NVIDIA RTX PRO 6000 Blackwell Server Edition,cudnn_oss plan=sdpa_fwd_prefill_sm120[PACK_GQA=0; SCHED_POLICY=2; SPLIT_KV=1; TILE_CGA_M=1; TILE_M=128; TILE_N=64],
qwen35,qwen3.5-tp4,context,cudnn_oss,bfloat16,bfloat16,1,512,65536,8,1,256,256,gqa,,16,0.897352,306.321,79.46,4.4341,20,True,,NVIDIA RTX PRO 6000 Blackwell Server Edition,cudnn_oss plan=sdpa_fwd_prefill_sm120[PACK_GQA=0; SCHED_POLICY=0; SPLIT_KV=8; TILE_CGA_M=1; TILE_M=64; TILE_N=64],
qwen35,qwen3.5-tp4,context,cudnn_oss,bfloat16,bfloat16,1,512,131072,8,1,256,256,gqa,,16,1.757282,312.844,78.765,4.3954,20,True,,NVIDIA RTX PRO 6000 Blackwell Server Edition,cudnn_oss plan=sdpa_fwd_prefill_sm120[PACK_GQA=0; SCHED_POLICY=0; SPLIT_KV=8; TILE_CGA_M=1; TILE_M=64; TILE_N=64],
qwen35,qwen3.5-tp4,context,cudnn_oss,bfloat16,bfloat16,1,1024,65536,8,1,256,256,gqa,,16,1.741606,315.66,43.349,2.419,20,True,,NVIDIA RTX PRO 6000 Blackwell Server Edition,cudnn_oss plan=sdpa_fwd_prefill_sm120[PACK_GQA=0; SCHED_POLICY=0; SPLIT_KV=4; TILE_CGA_M=1; TILE_M=64; TILE_N=64],
qwen35,qwen3.5-tp4,context,cudnn_oss,bfloat16,bfloat16,1,1024,131072,8,1,256,256,gqa,,16,3.449317,318.762,41.343,2.3071,20,True,,NVIDIA RTX PRO 6000 Blackwell Server Edition,cudnn_oss plan=sdpa_fwd_prefill_sm120[PACK_GQA=0; SCHED_POLICY=0; SPLIT_KV=4; TILE_CGA_M=1; TILE_M=64; TILE_N=64],
qwen35,qwen3.5-tp4,generation,cudnn_oss,bfloat16,bfloat16,1,1,131072,8,1,256,256,gqa,,16,0.218242,4.92,615.032,34.321,20,True,,NVIDIA RTX PRO 6000 Blackwell Server Edition,cudnn_oss plan=sdpa_fwd_prefill_sm120[PACK_GQA=1; SCHED_POLICY=0; SPLIT_KV=128; TILE_CGA_M=1; TILE_M=128; TILE_N=64],
qwen35,qwen3.5-tp4,generation,cudnn_oss,bfloat16,fp8_e4m3,1,1,131072,8,1,256,256,gqa,,16,inf,0.0,0.0,,20,False,"                 ^^^^^^^^^^^^^^^^^^^^^^^^^^^^^^^^^
  File ""/home/scratch.yanxu_gpu/fe-sites/computelab_trees/fe_develop_5567e2733/benchmark/attention_inference/benchmark_single_attention.py"", line 270, in setup_cudnn_oss
    return setup_cudnn(args, dtype, oss=True)
           ^^^^^^^^^^^^^^^^^^^^^^^^^^^^^^^^^^
  File ""/home/scratch.yanxu_gpu/fe-sites/computelab_trees/fe_develop_5567e2733/benchmark/attention_inference/benchmark_single_attention.py"", line 167, in setup_cudnn
    return setup_cudnn_fp8(args, cudnn, oss=oss)
           ^^^^^^^^^^^^^^^^^^^^^^^^^^^^^^^^^^^^^
  File ""/home/scratch.yanxu_gpu/fe-sites/computelab_trees/fe_develop_5567e2733/benchmark/attention_inference/benchmark_single_attention.py"", line 336, in setup_cudnn_fp8
    graph.check_support()
  File ""/home/scratch.yanxu_gpu/fe-sites/computelab_trees/fe_develop_5567e2733/python/cudnn/_pygraph.py"", line 1547, in check_support
    self._lowered_graph.check_support()
cudnn._compiled_module.cudnnGraphNotSupportedError: [cudnn_frontend] Error: No execution plans support the graph.",,,
qwen35,qwen3.5-tp4,generation,cudnn_oss,bfloat16,bfloat16,128,1,131072,8,1,256,256,gqa,,16,11.244467,12.223,1527.944,85.2647,20,True,,NVIDIA RTX PRO 6000 Blackwell Server Edition,cudnn_oss plan=sdpa_fwd_prefill_sm120[PACK_GQA=1; SCHED_POLICY=0; SPLIT_KV=4; TILE_CGA_M=1; TILE_M=128; TILE_N=64],
qwen35,qwen3.5-tp4,generation,cudnn_oss,bfloat16,fp8_e4m3,128,1,131072,8,1,256,256,gqa,,16,inf,0.0,0.0,,20,False,"                 ^^^^^^^^^^^^^^^^^^^^^^^^^^^^^^^^^
  File ""/home/scratch.yanxu_gpu/fe-sites/computelab_trees/fe_develop_5567e2733/benchmark/attention_inference/benchmark_single_attention.py"", line 270, in setup_cudnn_oss
    return setup_cudnn(args, dtype, oss=True)
           ^^^^^^^^^^^^^^^^^^^^^^^^^^^^^^^^^^
  File ""/home/scratch.yanxu_gpu/fe-sites/computelab_trees/fe_develop_5567e2733/benchmark/attention_inference/benchmark_single_attention.py"", line 167, in setup_cudnn
    return setup_cudnn_fp8(args, cudnn, oss=oss)
           ^^^^^^^^^^^^^^^^^^^^^^^^^^^^^^^^^^^^^
  File ""/home/scratch.yanxu_gpu/fe-sites/computelab_trees/fe_develop_5567e2733/benchmark/attention_inference/benchmark_single_attention.py"", line 336, in setup_cudnn_fp8
    graph.check_support()
  File ""/home/scratch.yanxu_gpu/fe-sites/computelab_trees/fe_develop_5567e2733/python/cudnn/_pygraph.py"", line 1547, in check_support
    self._lowered_graph.check_support()
cudnn._compiled_module.cudnnGraphNotSupportedError: [cudnn_frontend] Error: No execution plans support the graph.",,,
qwen35,qwen3.5-tp4,generation,cudnn_oss,bfloat16,bfloat16,1,2,131072,8,1,256,256,gqa,,16,0.21709,9.892,618.334,34.5052,20,True,,NVIDIA RTX PRO 6000 Blackwell Server Edition,cudnn_oss plan=sdpa_fwd_prefill_sm120[PACK_GQA=1; SCHED_POLICY=0; SPLIT_KV=128; TILE_CGA_M=1; TILE_M=128; TILE_N=64],
qwen35,qwen3.5-tp4,generation,cudnn_oss,bfloat16,fp8_e4m3,1,2,131072,8,1,256,256,gqa,,16,inf,0.0,0.0,,20,False,"                 ^^^^^^^^^^^^^^^^^^^^^^^^^^^^^^^^^
  File ""/home/scratch.yanxu_gpu/fe-sites/computelab_trees/fe_develop_5567e2733/benchmark/attention_inference/benchmark_single_attention.py"", line 270, in setup_cudnn_oss
    return setup_cudnn(args, dtype, oss=True)
           ^^^^^^^^^^^^^^^^^^^^^^^^^^^^^^^^^^
  File ""/home/scratch.yanxu_gpu/fe-sites/computelab_trees/fe_develop_5567e2733/benchmark/attention_inference/benchmark_single_attention.py"", line 167, in setup_cudnn
    return setup_cudnn_fp8(args, cudnn, oss=oss)
           ^^^^^^^^^^^^^^^^^^^^^^^^^^^^^^^^^^^^^
  File ""/home/scratch.yanxu_gpu/fe-sites/computelab_trees/fe_develop_5567e2733/benchmark/attention_inference/benchmark_single_attention.py"", line 336, in setup_cudnn_fp8
    graph.check_support()
  File ""/home/scratch.yanxu_gpu/fe-sites/computelab_trees/fe_develop_5567e2733/python/cudnn/_pygraph.py"", line 1547, in check_support
    self._lowered_graph.check_support()
cudnn._compiled_module.cudnnGraphNotSupportedError: [cudnn_frontend] Error: No execution plans support the graph.",,,
qwen35,qwen3.5-tp4,generation,cudnn_oss,bfloat16,bfloat16,128,2,131072,8,1,256,256,gqa,,16,11.253071,24.427,1526.869,85.2047,20,True,,NVIDIA RTX PRO 6000 Blackwell Server Edition,cudnn_oss plan=sdpa_fwd_prefill_sm120[PACK_GQA=1; SCHED_POLICY=0; SPLIT_KV=4; TILE_CGA_M=1; TILE_M=128; TILE_N=64],
qwen35,qwen3.5-tp4,generation,cudnn_oss,bfloat16,fp8_e4m3,128,2,131072,8,1,256,256,gqa,,16,inf,0.0,0.0,,20,False,"                 ^^^^^^^^^^^^^^^^^^^^^^^^^^^^^^^^^
  File ""/home/scratch.yanxu_gpu/fe-sites/computelab_trees/fe_develop_5567e2733/benchmark/attention_inference/benchmark_single_attention.py"", line 270, in setup_cudnn_oss
    return setup_cudnn(args, dtype, oss=True)
           ^^^^^^^^^^^^^^^^^^^^^^^^^^^^^^^^^^
  File ""/home/scratch.yanxu_gpu/fe-sites/computelab_trees/fe_develop_5567e2733/benchmark/attention_inference/benchmark_single_attention.py"", line 167, in setup_cudnn
    return setup_cudnn_fp8(args, cudnn, oss=oss)
           ^^^^^^^^^^^^^^^^^^^^^^^^^^^^^^^^^^^^^
  File ""/home/scratch.yanxu_gpu/fe-sites/computelab_trees/fe_develop_5567e2733/benchmark/attention_inference/benchmark_single_attention.py"", line 336, in setup_cudnn_fp8
    graph.check_support()
  File ""/home/scratch.yanxu_gpu/fe-sites/computelab_trees/fe_develop_5567e2733/python/cudnn/_pygraph.py"", line 1547, in check_support
    self._lowered_graph.check_support()
cudnn._compiled_module.cudnnGraphNotSupportedError: [cudnn_frontend] Error: No execution plans support the graph.",,,
qwen35,qwen3.5-tp4,generation,cudnn_oss,bfloat16,bfloat16,1,3,131072,8,1,256,256,gqa,,16,0.217664,14.799,616.741,34.4163,20,True,,NVIDIA RTX PRO 6000 Blackwell Server Edition,cudnn_oss plan=sdpa_fwd_prefill_sm120[PACK_GQA=1; SCHED_POLICY=0; SPLIT_KV=128; TILE_CGA_M=1; TILE_M=128; TILE_N=64],
qwen35,qwen3.5-tp4,generation,cudnn_oss,bfloat16,fp8_e4m3,1,3,131072,8,1,256,256,gqa,,16,inf,0.0,0.0,,20,False,"                 ^^^^^^^^^^^^^^^^^^^^^^^^^^^^^^^^^
  File ""/home/scratch.yanxu_gpu/fe-sites/computelab_trees/fe_develop_5567e2733/benchmark/attention_inference/benchmark_single_attention.py"", line 270, in setup_cudnn_oss
    return setup_cudnn(args, dtype, oss=True)
           ^^^^^^^^^^^^^^^^^^^^^^^^^^^^^^^^^^
  File ""/home/scratch.yanxu_gpu/fe-sites/computelab_trees/fe_develop_5567e2733/benchmark/attention_inference/benchmark_single_attention.py"", line 167, in setup_cudnn
    return setup_cudnn_fp8(args, cudnn, oss=oss)
           ^^^^^^^^^^^^^^^^^^^^^^^^^^^^^^^^^^^^^
  File ""/home/scratch.yanxu_gpu/fe-sites/computelab_trees/fe_develop_5567e2733/benchmark/attention_inference/benchmark_single_attention.py"", line 336, in setup_cudnn_fp8
    graph.check_support()
  File ""/home/scratch.yanxu_gpu/fe-sites/computelab_trees/fe_develop_5567e2733/python/cudnn/_pygraph.py"", line 1547, in check_support
    self._lowered_graph.check_support()
cudnn._compiled_module.cudnnGraphNotSupportedError: [cudnn_frontend] Error: No execution plans support the graph.",,,
qwen35,qwen3.5-tp4,generation,cudnn_oss,bfloat16,bfloat16,128,3,131072,8,1,256,256,gqa,,16,11.26467,36.603,1525.39,85.1222,20,True,,NVIDIA RTX PRO 6000 Blackwell Server Edition,cudnn_oss plan=sdpa_fwd_prefill_sm120[PACK_GQA=1; SCHED_POLICY=0; SPLIT_KV=4; TILE_CGA_M=1; TILE_M=128; TILE_N=64],
qwen35,qwen3.5-tp4,generation,cudnn_oss,bfloat16,fp8_e4m3,128,3,131072,8,1,256,256,gqa,,16,inf,0.0,0.0,,20,False,"                 ^^^^^^^^^^^^^^^^^^^^^^^^^^^^^^^^^
  File ""/home/scratch.yanxu_gpu/fe-sites/computelab_trees/fe_develop_5567e2733/benchmark/attention_inference/benchmark_single_attention.py"", line 270, in setup_cudnn_oss
    return setup_cudnn(args, dtype, oss=True)
           ^^^^^^^^^^^^^^^^^^^^^^^^^^^^^^^^^^
  File ""/home/scratch.yanxu_gpu/fe-sites/computelab_trees/fe_develop_5567e2733/benchmark/attention_inference/benchmark_single_attention.py"", line 167, in setup_cudnn
    return setup_cudnn_fp8(args, cudnn, oss=oss)
           ^^^^^^^^^^^^^^^^^^^^^^^^^^^^^^^^^^^^^
  File ""/home/scratch.yanxu_gpu/fe-sites/computelab_trees/fe_develop_5567e2733/benchmark/attention_inference/benchmark_single_attention.py"", line 336, in setup_cudnn_fp8
    graph.check_support()
  File ""/home/scratch.yanxu_gpu/fe-sites/computelab_trees/fe_develop_5567e2733/python/cudnn/_pygraph.py"", line 1547, in check_support
    self._lowered_graph.check_support()
cudnn._compiled_module.cudnnGraphNotSupportedError: [cudnn_frontend] Error: No execution plans support the graph.",,,
qwen35,qwen3.5-tp4,generation,cudnn_oss,bfloat16,bfloat16,1,4,131072,8,1,256,256,gqa,,16,0.217796,19.72,616.405,34.3976,20,True,,NVIDIA RTX PRO 6000 Blackwell Server Edition,cudnn_oss plan=sdpa_fwd_prefill_sm120[PACK_GQA=1; SCHED_POLICY=0; SPLIT_KV=128; TILE_CGA_M=1; TILE_M=128; TILE_N=64],
qwen35,qwen3.5-tp4,generation,cudnn_oss,bfloat16,fp8_e4m3,1,4,131072,8,1,256,256,gqa,,16,inf,0.0,0.0,,20,False,"                 ^^^^^^^^^^^^^^^^^^^^^^^^^^^^^^^^^
  File ""/home/scratch.yanxu_gpu/fe-sites/computelab_trees/fe_develop_5567e2733/benchmark/attention_inference/benchmark_single_attention.py"", line 270, in setup_cudnn_oss
    return setup_cudnn(args, dtype, oss=True)
           ^^^^^^^^^^^^^^^^^^^^^^^^^^^^^^^^^^
  File ""/home/scratch.yanxu_gpu/fe-sites/computelab_trees/fe_develop_5567e2733/benchmark/attention_inference/benchmark_single_attention.py"", line 167, in setup_cudnn
    return setup_cudnn_fp8(args, cudnn, oss=oss)
           ^^^^^^^^^^^^^^^^^^^^^^^^^^^^^^^^^^^^^
  File ""/home/scratch.yanxu_gpu/fe-sites/computelab_trees/fe_develop_5567e2733/benchmark/attention_inference/benchmark_single_attention.py"", line 336, in setup_cudnn_fp8
    graph.check_support()
  File ""/home/scratch.yanxu_gpu/fe-sites/computelab_trees/fe_develop_5567e2733/python/cudnn/_pygraph.py"", line 1547, in check_support
    self._lowered_graph.check_support()
cudnn._compiled_module.cudnnGraphNotSupportedError: [cudnn_frontend] Error: No execution plans support the graph.",,,
qwen35,qwen3.5-tp4,generation,cudnn_oss,bfloat16,bfloat16,128,4,131072,8,1,256,256,gqa,,16,11.265878,48.798,1525.32,85.1183,20,True,,NVIDIA RTX PRO 6000 Blackwell Server Edition,cudnn_oss plan=sdpa_fwd_prefill_sm120[PACK_GQA=1; SCHED_POLICY=0; SPLIT_KV=4; TILE_CGA_M=1; TILE_M=128; TILE_N=64],
qwen35,qwen3.5-tp4,generation,cudnn_oss,bfloat16,fp8_e4m3,128,4,131072,8,1,256,256,gqa,,16,inf,0.0,0.0,,20,False,"                 ^^^^^^^^^^^^^^^^^^^^^^^^^^^^^^^^^
  File ""/home/scratch.yanxu_gpu/fe-sites/computelab_trees/fe_develop_5567e2733/benchmark/attention_inference/benchmark_single_attention.py"", line 270, in setup_cudnn_oss
    return setup_cudnn(args, dtype, oss=True)
           ^^^^^^^^^^^^^^^^^^^^^^^^^^^^^^^^^^
  File ""/home/scratch.yanxu_gpu/fe-sites/computelab_trees/fe_develop_5567e2733/benchmark/attention_inference/benchmark_single_attention.py"", line 167, in setup_cudnn
    return setup_cudnn_fp8(args, cudnn, oss=oss)
           ^^^^^^^^^^^^^^^^^^^^^^^^^^^^^^^^^^^^^
  File ""/home/scratch.yanxu_gpu/fe-sites/computelab_trees/fe_develop_5567e2733/benchmark/attention_inference/benchmark_single_attention.py"", line 336, in setup_cudnn_fp8
    graph.check_support()
  File ""/home/scratch.yanxu_gpu/fe-sites/computelab_trees/fe_develop_5567e2733/python/cudnn/_pygraph.py"", line 1547, in check_support
    self._lowered_graph.check_support()
cudnn._compiled_module.cudnnGraphNotSupportedError: [cudnn_frontend] Error: No execution plans support the graph.",,,
qwen35,qwen3.5-tp8,context,cudnn,bfloat16,bfloat16,1,2048,2048,4,1,256,256,gqa,,16,0.144319,59.52,72.657,4.0545,20,True,,NVIDIA RTX PRO 6000 Blackwell Server Edition,cudnn 9.27.0,
qwen35,qwen3.5-tp8,context,cudnn,bfloat16,bfloat16,1,8192,8192,4,1,256,256,gqa,,16,1.205284,114.03,34.799,1.9419,20,True,,NVIDIA RTX PRO 6000 Blackwell Server Edition,cudnn 9.27.0,
qwen35,qwen3.5-tp8,context,cudnn,bfloat16,bfloat16,1,32768,32768,4,1,256,256,gqa,,16,14.20481,154.808,11.811,0.6591,20,True,,NVIDIA RTX PRO 6000 Blackwell Server Edition,cudnn 9.27.0,
qwen35,qwen3.5-tp8,context,cudnn,bfloat16,bfloat16,1,512,65536,4,1,256,256,gqa,,16,3.533491,38.896,19.586,1.093,20,True,,NVIDIA RTX PRO 6000 Blackwell Server Edition,cudnn 9.27.0,
qwen35,qwen3.5-tp8,context,cudnn,bfloat16,bfloat16,1,512,131072,4,1,256,256,gqa,,16,7.27677,37.775,18.733,1.0454,20,True,,NVIDIA RTX PRO 6000 Blackwell Server Edition,cudnn 9.27.0,
qwen35,qwen3.5-tp8,context,cudnn,bfloat16,bfloat16,1,1024,65536,4,1,256,256,gqa,,16,3.534567,77.768,20.173,1.1257,20,True,,NVIDIA RTX PRO 6000 Blackwell Server Edition,cudnn 9.27.0,
qwen35,qwen3.5-tp8,context,cudnn,bfloat16,bfloat16,1,1024,131072,4,1,256,256,gqa,,16,7.022805,78.282,19.709,1.0998,20,True,,NVIDIA RTX PRO 6000 Blackwell Server Edition,cudnn 9.27.0,
qwen35,qwen3.5-tp8,generation,cudnn,bfloat16,bfloat16,1,1,131072,4,1,256,256,gqa,,16,0.131489,4.083,1020.784,56.9634,20,True,,NVIDIA RTX PRO 6000 Blackwell Server Edition,cudnn 9.27.0,
qwen35,qwen3.5-tp8,generation,cudnn,bfloat16,fp8_e4m3,1,1,131072,4,1,256,256,gqa,,16,inf,0.0,0.0,,20,False,"Warning: CUDNN_STATUS_NOT_SUPPORTED_GRAPH_PATTERN; Reason: process_knob_choices()
Warning: CUDNN_STATUS_NOT_SUPPORTED; Reason: (CUDNN_STATUS_NOT_INITIALIZED == status) || (CUDNN_STATUS_NOT_SUPPORTED == ((status) / 1000 * 1000))
Warning: CUDNN_STATUS_NOT_SUPPORTED; Reason: ptr->isSupported()
Warning: CUDNN_STATUS_NOT_SUPPORTED; Reason: finalize_internal()

{""engineId"":18,""smVersion"":1200,""knobChoices"":{""CUDNN_KNOB_TYPE_KERNEL_CFG"":-1,""CUDNN_KNOB_TYPE_TILE_CGA_M"":-1,""CUDNN_KNOB_TYPE_STREAM_K"":-1,""CUDNN_KNOB_TYPE_TILE_M"":-1,""CUDNN_KNOB_TYPE_TILE_N"":-1}}
Warning: CUDNN_STATUS_NOT_SUPPORTED_ARCH_MISMATCH; Reason: only Rubin is supported for this engine at: !(1070 <= deviceVer && deviceVer < 1100)
Warning: CUDNN_STATUS_NOT_SUPPORTED; Reason: (CUDNN_STATUS_NOT_INITIALIZED == status) || (CUDNN_STATUS_NOT_SUPPORTED == ((status) / 1000 * 1000))
Warning: CUDNN_STATUS_NOT_SUPPORTED; Reason: ptr->isSupported()
Warning: CUDNN_STATUS_NOT_SUPPORTED; Reason: finalize_internal()

)",,,
qwen35,qwen3.5-tp8,generation,cudnn,bfloat16,bfloat16,128,1,131072,4,1,256,256,gqa,,16,12.152245,5.655,1413.763,78.893,20,True,,NVIDIA RTX PRO 6000 Blackwell Server Edition,cudnn 9.27.0,
qwen35,qwen3.5-tp8,generation,cudnn,bfloat16,fp8_e4m3,128,1,131072,4,1,256,256,gqa,,16,inf,0.0,0.0,,20,False,"Warning: CUDNN_STATUS_NOT_SUPPORTED_GRAPH_PATTERN; Reason: process_knob_choices()
Warning: CUDNN_STATUS_NOT_SUPPORTED; Reason: (CUDNN_STATUS_NOT_INITIALIZED == status) || (CUDNN_STATUS_NOT_SUPPORTED == ((status) / 1000 * 1000))
Warning: CUDNN_STATUS_NOT_SUPPORTED; Reason: ptr->isSupported()
Warning: CUDNN_STATUS_NOT_SUPPORTED; Reason: finalize_internal()

{""engineId"":18,""smVersion"":1200,""knobChoices"":{""CUDNN_KNOB_TYPE_KERNEL_CFG"":-1,""CUDNN_KNOB_TYPE_TILE_CGA_M"":-1,""CUDNN_KNOB_TYPE_STREAM_K"":-1,""CUDNN_KNOB_TYPE_TILE_M"":-1,""CUDNN_KNOB_TYPE_TILE_N"":-1}}
Warning: CUDNN_STATUS_NOT_SUPPORTED_ARCH_MISMATCH; Reason: only Rubin is supported for this engine at: !(1070 <= deviceVer && deviceVer < 1100)
Warning: CUDNN_STATUS_NOT_SUPPORTED; Reason: (CUDNN_STATUS_NOT_INITIALIZED == status) || (CUDNN_STATUS_NOT_SUPPORTED == ((status) / 1000 * 1000))
Warning: CUDNN_STATUS_NOT_SUPPORTED; Reason: ptr->isSupported()
Warning: CUDNN_STATUS_NOT_SUPPORTED; Reason: finalize_internal()

)",,,
qwen35,qwen3.5-tp8,generation,cudnn,bfloat16,bfloat16,1,2,131072,4,1,256,256,gqa,,16,7.293717,0.147,18.403,1.027,20,True,,NVIDIA RTX PRO 6000 Blackwell Server Edition,cudnn 9.27.0,
qwen35,qwen3.5-tp8,generation,cudnn,bfloat16,fp8_e4m3,1,2,131072,4,1,256,256,gqa,,16,inf,0.0,0.0,,20,False,"Warning: CUDNN_STATUS_NOT_SUPPORTED_GRAPH_PATTERN; Reason: process_knob_choices()
Warning: CUDNN_STATUS_NOT_SUPPORTED; Reason: (CUDNN_STATUS_NOT_INITIALIZED == status) || (CUDNN_STATUS_NOT_SUPPORTED == ((status) / 1000 * 1000))
Warning: CUDNN_STATUS_NOT_SUPPORTED; Reason: ptr->isSupported()
Warning: CUDNN_STATUS_NOT_SUPPORTED; Reason: finalize_internal()

{""engineId"":18,""smVersion"":1200,""knobChoices"":{""CUDNN_KNOB_TYPE_KERNEL_CFG"":-1,""CUDNN_KNOB_TYPE_TILE_CGA_M"":-1,""CUDNN_KNOB_TYPE_STREAM_K"":-1,""CUDNN_KNOB_TYPE_TILE_M"":-1,""CUDNN_KNOB_TYPE_TILE_N"":-1}}
Warning: CUDNN_STATUS_NOT_SUPPORTED_ARCH_MISMATCH; Reason: only Rubin is supported for this engine at: !(1070 <= deviceVer && deviceVer < 1100)
Warning: CUDNN_STATUS_NOT_SUPPORTED; Reason: (CUDNN_STATUS_NOT_INITIALIZED == status) || (CUDNN_STATUS_NOT_SUPPORTED == ((status) / 1000 * 1000))
Warning: CUDNN_STATUS_NOT_SUPPORTED; Reason: ptr->isSupported()
Warning: CUDNN_STATUS_NOT_SUPPORTED; Reason: finalize_internal()

)",,,
qwen35,qwen3.5-tp8,generation,cudnn,bfloat16,bfloat16,128,2,131072,4,1,256,256,gqa,,16,23.588265,5.827,728.367,40.6455,20,True,,NVIDIA RTX PRO 6000 Blackwell Server Edition,cudnn 9.27.0,
qwen35,qwen3.5-tp8,generation,cudnn,bfloat16,fp8_e4m3,128,2,131072,4,1,256,256,gqa,,16,inf,0.0,0.0,,20,False,"Warning: CUDNN_STATUS_NOT_SUPPORTED_GRAPH_PATTERN; Reason: process_knob_choices()
Warning: CUDNN_STATUS_NOT_SUPPORTED; Reason: (CUDNN_STATUS_NOT_INITIALIZED == status) || (CUDNN_STATUS_NOT_SUPPORTED == ((status) / 1000 * 1000))
Warning: CUDNN_STATUS_NOT_SUPPORTED; Reason: ptr->isSupported()
Warning: CUDNN_STATUS_NOT_SUPPORTED; Reason: finalize_internal()

{""engineId"":18,""smVersion"":1200,""knobChoices"":{""CUDNN_KNOB_TYPE_KERNEL_CFG"":-1,""CUDNN_KNOB_TYPE_TILE_CGA_M"":-1,""CUDNN_KNOB_TYPE_STREAM_K"":-1,""CUDNN_KNOB_TYPE_TILE_M"":-1,""CUDNN_KNOB_TYPE_TILE_N"":-1}}
Warning: CUDNN_STATUS_NOT_SUPPORTED_ARCH_MISMATCH; Reason: only Rubin is supported for this engine at: !(1070 <= deviceVer && deviceVer < 1100)
Warning: CUDNN_STATUS_NOT_SUPPORTED; Reason: (CUDNN_STATUS_NOT_INITIALIZED == status) || (CUDNN_STATUS_NOT_SUPPORTED == ((status) / 1000 * 1000))
Warning: CUDNN_STATUS_NOT_SUPPORTED; Reason: ptr->isSupported()
Warning: CUDNN_STATUS_NOT_SUPPORTED; Reason: finalize_internal()

)",,,
qwen35,qwen3.5-tp8,generation,cudnn,bfloat16,bfloat16,1,3,131072,4,1,256,256,gqa,,16,7.295338,0.221,18.399,1.0268,20,True,,NVIDIA RTX PRO 6000 Blackwell Server Edition,cudnn 9.27.0,
qwen35,qwen3.5-tp8,generation,cudnn,bfloat16,fp8_e4m3,1,3,131072,4,1,256,256,gqa,,16,inf,0.0,0.0,,20,False,"Warning: CUDNN_STATUS_NOT_SUPPORTED_GRAPH_PATTERN; Reason: process_knob_choices()
Warning: CUDNN_STATUS_NOT_SUPPORTED; Reason: (CUDNN_STATUS_NOT_INITIALIZED == status) || (CUDNN_STATUS_NOT_SUPPORTED == ((status) / 1000 * 1000))
Warning: CUDNN_STATUS_NOT_SUPPORTED; Reason: ptr->isSupported()
Warning: CUDNN_STATUS_NOT_SUPPORTED; Reason: finalize_internal()

{""engineId"":18,""smVersion"":1200,""knobChoices"":{""CUDNN_KNOB_TYPE_KERNEL_CFG"":-1,""CUDNN_KNOB_TYPE_TILE_CGA_M"":-1,""CUDNN_KNOB_TYPE_STREAM_K"":-1,""CUDNN_KNOB_TYPE_TILE_M"":-1,""CUDNN_KNOB_TYPE_TILE_N"":-1}}
Warning: CUDNN_STATUS_NOT_SUPPORTED_ARCH_MISMATCH; Reason: only Rubin is supported for this engine at: !(1070 <= deviceVer && deviceVer < 1100)
Warning: CUDNN_STATUS_NOT_SUPPORTED; Reason: (CUDNN_STATUS_NOT_INITIALIZED == status) || (CUDNN_STATUS_NOT_SUPPORTED == ((status) / 1000 * 1000))
Warning: CUDNN_STATUS_NOT_SUPPORTED; Reason: ptr->isSupported()
Warning: CUDNN_STATUS_NOT_SUPPORTED; Reason: finalize_internal()

)",,,
qwen35,qwen3.5-tp8,generation,cudnn,bfloat16,bfloat16,128,3,131072,4,1,256,256,gqa,,16,23.647849,8.718,726.554,40.5443,20,True,,NVIDIA RTX PRO 6000 Blackwell Server Edition,cudnn 9.27.0,
qwen35,qwen3.5-tp8,generation,cudnn,bfloat16,fp8_e4m3,128,3,131072,4,1,256,256,gqa,,16,inf,0.0,0.0,,20,False,"Warning: CUDNN_STATUS_NOT_SUPPORTED_GRAPH_PATTERN; Reason: process_knob_choices()
Warning: CUDNN_STATUS_NOT_SUPPORTED; Reason: (CUDNN_STATUS_NOT_INITIALIZED == status) || (CUDNN_STATUS_NOT_SUPPORTED == ((status) / 1000 * 1000))
Warning: CUDNN_STATUS_NOT_SUPPORTED; Reason: ptr->isSupported()
Warning: CUDNN_STATUS_NOT_SUPPORTED; Reason: finalize_internal()

{""engineId"":18,""smVersion"":1200,""knobChoices"":{""CUDNN_KNOB_TYPE_KERNEL_CFG"":-1,""CUDNN_KNOB_TYPE_TILE_CGA_M"":-1,""CUDNN_KNOB_TYPE_STREAM_K"":-1,""CUDNN_KNOB_TYPE_TILE_M"":-1,""CUDNN_KNOB_TYPE_TILE_N"":-1}}
Warning: CUDNN_STATUS_NOT_SUPPORTED_ARCH_MISMATCH; Reason: only Rubin is supported for this engine at: !(1070 <= deviceVer && deviceVer < 1100)
Warning: CUDNN_STATUS_NOT_SUPPORTED; Reason: (CUDNN_STATUS_NOT_INITIALIZED == status) || (CUDNN_STATUS_NOT_SUPPORTED == ((status) / 1000 * 1000))
Warning: CUDNN_STATUS_NOT_SUPPORTED; Reason: ptr->isSupported()
Warning: CUDNN_STATUS_NOT_SUPPORTED; Reason: finalize_internal()

)",,,
qwen35,qwen3.5-tp8,generation,cudnn,bfloat16,bfloat16,1,4,131072,4,1,256,256,gqa,,16,7.29641,0.294,18.397,1.0266,20,True,,NVIDIA RTX PRO 6000 Blackwell Server Edition,cudnn 9.27.0,
qwen35,qwen3.5-tp8,generation,cudnn,bfloat16,fp8_e4m3,1,4,131072,4,1,256,256,gqa,,16,inf,0.0,0.0,,20,False,"Warning: CUDNN_STATUS_NOT_SUPPORTED_GRAPH_PATTERN; Reason: process_knob_choices()
Warning: CUDNN_STATUS_NOT_SUPPORTED; Reason: (CUDNN_STATUS_NOT_INITIALIZED == status) || (CUDNN_STATUS_NOT_SUPPORTED == ((status) / 1000 * 1000))
Warning: CUDNN_STATUS_NOT_SUPPORTED; Reason: ptr->isSupported()
Warning: CUDNN_STATUS_NOT_SUPPORTED; Reason: finalize_internal()

{""engineId"":18,""smVersion"":1200,""knobChoices"":{""CUDNN_KNOB_TYPE_KERNEL_CFG"":-1,""CUDNN_KNOB_TYPE_TILE_CGA_M"":-1,""CUDNN_KNOB_TYPE_STREAM_K"":-1,""CUDNN_KNOB_TYPE_TILE_M"":-1,""CUDNN_KNOB_TYPE_TILE_N"":-1}}
Warning: CUDNN_STATUS_NOT_SUPPORTED_ARCH_MISMATCH; Reason: only Rubin is supported for this engine at: !(1070 <= deviceVer && deviceVer < 1100)
Warning: CUDNN_STATUS_NOT_SUPPORTED; Reason: (CUDNN_STATUS_NOT_INITIALIZED == status) || (CUDNN_STATUS_NOT_SUPPORTED == ((status) / 1000 * 1000))
Warning: CUDNN_STATUS_NOT_SUPPORTED; Reason: ptr->isSupported()
Warning: CUDNN_STATUS_NOT_SUPPORTED; Reason: finalize_internal()

)",,,
qwen35,qwen3.5-tp8,generation,cudnn,bfloat16,bfloat16,128,4,131072,4,1,256,256,gqa,,16,23.705383,11.596,724.813,40.4471,20,True,,NVIDIA RTX PRO 6000 Blackwell Server Edition,cudnn 9.27.0,
qwen35,qwen3.5-tp8,generation,cudnn,bfloat16,fp8_e4m3,128,4,131072,4,1,256,256,gqa,,16,inf,0.0,0.0,,20,False,"Warning: CUDNN_STATUS_NOT_SUPPORTED_GRAPH_PATTERN; Reason: process_knob_choices()
Warning: CUDNN_STATUS_NOT_SUPPORTED; Reason: (CUDNN_STATUS_NOT_INITIALIZED == status) || (CUDNN_STATUS_NOT_SUPPORTED == ((status) / 1000 * 1000))
Warning: CUDNN_STATUS_NOT_SUPPORTED; Reason: ptr->isSupported()
Warning: CUDNN_STATUS_NOT_SUPPORTED; Reason: finalize_internal()

{""engineId"":18,""smVersion"":1200,""knobChoices"":{""CUDNN_KNOB_TYPE_KERNEL_CFG"":-1,""CUDNN_KNOB_TYPE_TILE_CGA_M"":-1,""CUDNN_KNOB_TYPE_STREAM_K"":-1,""CUDNN_KNOB_TYPE_TILE_M"":-1,""CUDNN_KNOB_TYPE_TILE_N"":-1}}
Warning: CUDNN_STATUS_NOT_SUPPORTED_ARCH_MISMATCH; Reason: only Rubin is supported for this engine at: !(1070 <= deviceVer && deviceVer < 1100)
Warning: CUDNN_STATUS_NOT_SUPPORTED; Reason: (CUDNN_STATUS_NOT_INITIALIZED == status) || (CUDNN_STATUS_NOT_SUPPORTED == ((status) / 1000 * 1000))
Warning: CUDNN_STATUS_NOT_SUPPORTED; Reason: ptr->isSupported()
Warning: CUDNN_STATUS_NOT_SUPPORTED; Reason: finalize_internal()

)",,,
qwen35,qwen3.5-tp8,context,cudnn_oss,bfloat16,bfloat16,1,2048,2048,4,1,256,256,gqa,,16,0.085249,100.763,123.002,6.8639,20,True,,NVIDIA RTX PRO 6000 Blackwell Server Edition,cudnn_oss plan=sdpa_fwd_prefill_sm120[PACK_GQA=0; SCHED_POLICY=2; SPLIT_KV=1; TILE_CGA_M=1; TILE_M=64; TILE_N=64],
qwen35,qwen3.5-tp8,context,cudnn_oss,bfloat16,bfloat16,1,8192,8192,4,1,256,256,gqa,,16,0.478941,286.964,87.575,4.887,20,True,,NVIDIA RTX PRO 6000 Blackwell Server Edition,cudnn_oss plan=sdpa_fwd_prefill_sm120[PACK_GQA=0; SCHED_POLICY=2; SPLIT_KV=1; TILE_CGA_M=1; TILE_M=64; TILE_N=64],
qwen35,qwen3.5-tp8,context,cudnn_oss,bfloat16,bfloat16,1,32768,32768,4,1,256,256,gqa,,16,5.572309,394.634,30.108,1.6801,20,True,,NVIDIA RTX PRO 6000 Blackwell Server Edition,cudnn_oss plan=sdpa_fwd_prefill_sm120[PACK_GQA=0; SCHED_POLICY=0; SPLIT_KV=2; TILE_CGA_M=1; TILE_M=128; TILE_N=64],
qwen35,qwen3.5-tp8,context,cudnn_oss,bfloat16,bfloat16,1,512,65536,4,1,256,256,gqa,,16,0.500929,274.368,138.155,7.7096,20,True,,NVIDIA RTX PRO 6000 Blackwell Server Edition,cudnn_oss plan=sdpa_fwd_prefill_sm120[PACK_GQA=0; SCHED_POLICY=0; SPLIT_KV=16; TILE_CGA_M=1; TILE_M=64; TILE_N=64],
qwen35,qwen3.5-tp8,context,cudnn_oss,bfloat16,bfloat16,1,512,131072,4,1,256,256,gqa,,16,0.920456,298.632,148.095,8.2642,20,True,,NVIDIA RTX PRO 6000 Blackwell Server Edition,cudnn_oss plan=sdpa_fwd_prefill_sm120[PACK_GQA=0; SCHED_POLICY=0; SPLIT_KV=16; TILE_CGA_M=1; TILE_M=64; TILE_N=64],
qwen35,qwen3.5-tp8,context,cudnn_oss,bfloat16,bfloat16,1,1024,65536,4,1,256,256,gqa,,16,0.893566,307.619,79.796,4.4529,20,True,,NVIDIA RTX PRO 6000 Blackwell Server Edition,cudnn_oss plan=sdpa_fwd_prefill_sm120[PACK_GQA=0; SCHED_POLICY=0; SPLIT_KV=8; TILE_CGA_M=1; TILE_M=64; TILE_N=64],
qwen35,qwen3.5-tp8,context,cudnn_oss,bfloat16,bfloat16,1,1024,131072,4,1,256,256,gqa,,16,1.758886,312.559,78.693,4.3914,20,True,,NVIDIA RTX PRO 6000 Blackwell Server Edition,cudnn_oss plan=sdpa_fwd_prefill_sm120[PACK_GQA=0; SCHED_POLICY=0; SPLIT_KV=8; TILE_CGA_M=1; TILE_M=64; TILE_N=64],
qwen35,qwen3.5-tp8,generation,cudnn_oss,bfloat16,bfloat16,1,1,131072,4,1,256,256,gqa,,16,0.204607,2.624,655.998,36.607,20,True,,NVIDIA RTX PRO 6000 Blackwell Server Edition,cudnn_oss plan=sdpa_fwd_prefill_sm120[PACK_GQA=1; SCHED_POLICY=0; SPLIT_KV=128; TILE_CGA_M=1; TILE_M=128; TILE_N=64],
qwen35,qwen3.5-tp8,generation,cudnn_oss,bfloat16,fp8_e4m3,1,1,131072,4,1,256,256,gqa,,16,inf,0.0,0.0,,20,False,"                 ^^^^^^^^^^^^^^^^^^^^^^^^^^^^^^^^^
  File ""/home/scratch.yanxu_gpu/fe-sites/computelab_trees/fe_develop_5567e2733/benchmark/attention_inference/benchmark_single_attention.py"", line 270, in setup_cudnn_oss
    return setup_cudnn(args, dtype, oss=True)
           ^^^^^^^^^^^^^^^^^^^^^^^^^^^^^^^^^^
  File ""/home/scratch.yanxu_gpu/fe-sites/computelab_trees/fe_develop_5567e2733/benchmark/attention_inference/benchmark_single_attention.py"", line 167, in setup_cudnn
    return setup_cudnn_fp8(args, cudnn, oss=oss)
           ^^^^^^^^^^^^^^^^^^^^^^^^^^^^^^^^^^^^^
  File ""/home/scratch.yanxu_gpu/fe-sites/computelab_trees/fe_develop_5567e2733/benchmark/attention_inference/benchmark_single_attention.py"", line 336, in setup_cudnn_fp8
    graph.check_support()
  File ""/home/scratch.yanxu_gpu/fe-sites/computelab_trees/fe_develop_5567e2733/python/cudnn/_pygraph.py"", line 1547, in check_support
    self._lowered_graph.check_support()
cudnn._compiled_module.cudnnGraphNotSupportedError: [cudnn_frontend] Error: No execution plans support the graph.",,,
qwen35,qwen3.5-tp8,generation,cudnn_oss,bfloat16,bfloat16,128,1,131072,4,1,256,256,gqa,,16,11.23867,6.115,1528.686,85.3061,20,True,,NVIDIA RTX PRO 6000 Blackwell Server Edition,cudnn_oss plan=sdpa_fwd_prefill_sm120[PACK_GQA=1; SCHED_POLICY=0; SPLIT_KV=4; TILE_CGA_M=1; TILE_M=128; TILE_N=64],
qwen35,qwen3.5-tp8,generation,cudnn_oss,bfloat16,fp8_e4m3,128,1,131072,4,1,256,256,gqa,,16,inf,0.0,0.0,,20,False,"                 ^^^^^^^^^^^^^^^^^^^^^^^^^^^^^^^^^
  File ""/home/scratch.yanxu_gpu/fe-sites/computelab_trees/fe_develop_5567e2733/benchmark/attention_inference/benchmark_single_attention.py"", line 270, in setup_cudnn_oss
    return setup_cudnn(args, dtype, oss=True)
           ^^^^^^^^^^^^^^^^^^^^^^^^^^^^^^^^^^
  File ""/home/scratch.yanxu_gpu/fe-sites/computelab_trees/fe_develop_5567e2733/benchmark/attention_inference/benchmark_single_attention.py"", line 167, in setup_cudnn
    return setup_cudnn_fp8(args, cudnn, oss=oss)
           ^^^^^^^^^^^^^^^^^^^^^^^^^^^^^^^^^^^^^
  File ""/home/scratch.yanxu_gpu/fe-sites/computelab_trees/fe_develop_5567e2733/benchmark/attention_inference/benchmark_single_attention.py"", line 336, in setup_cudnn_fp8
    graph.check_support()
  File ""/home/scratch.yanxu_gpu/fe-sites/computelab_trees/fe_develop_5567e2733/python/cudnn/_pygraph.py"", line 1547, in check_support
    self._lowered_graph.check_support()
cudnn._compiled_module.cudnnGraphNotSupportedError: [cudnn_frontend] Error: No execution plans support the graph.",,,
qwen35,qwen3.5-tp8,generation,cudnn_oss,bfloat16,bfloat16,1,2,131072,4,1,256,256,gqa,,16,0.218655,4.911,613.871,34.2562,20,True,,NVIDIA RTX PRO 6000 Blackwell Server Edition,cudnn_oss plan=sdpa_fwd_prefill_sm120[PACK_GQA=1; SCHED_POLICY=0; SPLIT_KV=128; TILE_CGA_M=1; TILE_M=128; TILE_N=64],
qwen35,qwen3.5-tp8,generation,cudnn_oss,bfloat16,fp8_e4m3,1,2,131072,4,1,256,256,gqa,,16,inf,0.0,0.0,,20,False,"                 ^^^^^^^^^^^^^^^^^^^^^^^^^^^^^^^^^
  File ""/home/scratch.yanxu_gpu/fe-sites/computelab_trees/fe_develop_5567e2733/benchmark/attention_inference/benchmark_single_attention.py"", line 270, in setup_cudnn_oss
    return setup_cudnn(args, dtype, oss=True)
           ^^^^^^^^^^^^^^^^^^^^^^^^^^^^^^^^^^
  File ""/home/scratch.yanxu_gpu/fe-sites/computelab_trees/fe_develop_5567e2733/benchmark/attention_inference/benchmark_single_attention.py"", line 167, in setup_cudnn
    return setup_cudnn_fp8(args, cudnn, oss=oss)
           ^^^^^^^^^^^^^^^^^^^^^^^^^^^^^^^^^^^^^
  File ""/home/scratch.yanxu_gpu/fe-sites/computelab_trees/fe_develop_5567e2733/benchmark/attention_inference/benchmark_single_attention.py"", line 336, in setup_cudnn_fp8
    graph.check_support()
  File ""/home/scratch.yanxu_gpu/fe-sites/computelab_trees/fe_develop_5567e2733/python/cudnn/_pygraph.py"", line 1547, in check_support
    self._lowered_graph.check_support()
cudnn._compiled_module.cudnnGraphNotSupportedError: [cudnn_frontend] Error: No execution plans support the graph.",,,
qwen35,qwen3.5-tp8,generation,cudnn_oss,bfloat16,bfloat16,128,2,131072,4,1,256,256,gqa,,16,11.247755,12.219,1527.498,85.2398,20,True,,NVIDIA RTX PRO 6000 Blackwell Server Edition,cudnn_oss plan=sdpa_fwd_prefill_sm120[PACK_GQA=1; SCHED_POLICY=0; SPLIT_KV=4; TILE_CGA_M=1; TILE_M=128; TILE_N=64],
qwen35,qwen3.5-tp8,generation,cudnn_oss,bfloat16,fp8_e4m3,128,2,131072,4,1,256,256,gqa,,16,inf,0.0,0.0,,20,False,"                 ^^^^^^^^^^^^^^^^^^^^^^^^^^^^^^^^^
  File ""/home/scratch.yanxu_gpu/fe-sites/computelab_trees/fe_develop_5567e2733/benchmark/attention_inference/benchmark_single_attention.py"", line 270, in setup_cudnn_oss
    return setup_cudnn(args, dtype, oss=True)
           ^^^^^^^^^^^^^^^^^^^^^^^^^^^^^^^^^^
  File ""/home/scratch.yanxu_gpu/fe-sites/computelab_trees/fe_develop_5567e2733/benchmark/attention_inference/benchmark_single_attention.py"", line 167, in setup_cudnn
    return setup_cudnn_fp8(args, cudnn, oss=oss)
           ^^^^^^^^^^^^^^^^^^^^^^^^^^^^^^^^^^^^^
  File ""/home/scratch.yanxu_gpu/fe-sites/computelab_trees/fe_develop_5567e2733/benchmark/attention_inference/benchmark_single_attention.py"", line 336, in setup_cudnn_fp8
    graph.check_support()
  File ""/home/scratch.yanxu_gpu/fe-sites/computelab_trees/fe_develop_5567e2733/python/cudnn/_pygraph.py"", line 1547, in check_support
    self._lowered_graph.check_support()
cudnn._compiled_module.cudnnGraphNotSupportedError: [cudnn_frontend] Error: No execution plans support the graph.",,,
qwen35,qwen3.5-tp8,generation,cudnn_oss,bfloat16,bfloat16,1,3,131072,4,1,256,256,gqa,,16,0.216223,7.449,620.794,34.6425,20,True,,NVIDIA RTX PRO 6000 Blackwell Server Edition,cudnn_oss plan=sdpa_fwd_prefill_sm120[PACK_GQA=1; SCHED_POLICY=0; SPLIT_KV=128; TILE_CGA_M=1; TILE_M=128; TILE_N=64],
qwen35,qwen3.5-tp8,generation,cudnn_oss,bfloat16,fp8_e4m3,1,3,131072,4,1,256,256,gqa,,16,inf,0.0,0.0,,20,False,"                 ^^^^^^^^^^^^^^^^^^^^^^^^^^^^^^^^^
  File ""/home/scratch.yanxu_gpu/fe-sites/computelab_trees/fe_develop_5567e2733/benchmark/attention_inference/benchmark_single_attention.py"", line 270, in setup_cudnn_oss
    return setup_cudnn(args, dtype, oss=True)
           ^^^^^^^^^^^^^^^^^^^^^^^^^^^^^^^^^^
  File ""/home/scratch.yanxu_gpu/fe-sites/computelab_trees/fe_develop_5567e2733/benchmark/attention_inference/benchmark_single_attention.py"", line 167, in setup_cudnn
    return setup_cudnn_fp8(args, cudnn, oss=oss)
           ^^^^^^^^^^^^^^^^^^^^^^^^^^^^^^^^^^^^^
  File ""/home/scratch.yanxu_gpu/fe-sites/computelab_trees/fe_develop_5567e2733/benchmark/attention_inference/benchmark_single_attention.py"", line 336, in setup_cudnn_fp8
    graph.check_support()
  File ""/home/scratch.yanxu_gpu/fe-sites/computelab_trees/fe_develop_5567e2733/python/cudnn/_pygraph.py"", line 1547, in check_support
    self._lowered_graph.check_support()
cudnn._compiled_module.cudnnGraphNotSupportedError: [cudnn_frontend] Error: No execution plans support the graph.",,,
qwen35,qwen3.5-tp8,generation,cudnn_oss,bfloat16,bfloat16,128,3,131072,4,1,256,256,gqa,,16,11.249442,18.326,1527.315,85.2296,20,True,,NVIDIA RTX PRO 6000 Blackwell Server Edition,cudnn_oss plan=sdpa_fwd_prefill_sm120[PACK_GQA=1; SCHED_POLICY=0; SPLIT_KV=4; TILE_CGA_M=1; TILE_M=128; TILE_N=64],
qwen35,qwen3.5-tp8,generation,cudnn_oss,bfloat16,fp8_e4m3,128,3,131072,4,1,256,256,gqa,,16,inf,0.0,0.0,,20,False,"                 ^^^^^^^^^^^^^^^^^^^^^^^^^^^^^^^^^
  File ""/home/scratch.yanxu_gpu/fe-sites/computelab_trees/fe_develop_5567e2733/benchmark/attention_inference/benchmark_single_attention.py"", line 270, in setup_cudnn_oss
    return setup_cudnn(args, dtype, oss=True)
           ^^^^^^^^^^^^^^^^^^^^^^^^^^^^^^^^^^
  File ""/home/scratch.yanxu_gpu/fe-sites/computelab_trees/fe_develop_5567e2733/benchmark/attention_inference/benchmark_single_attention.py"", line 167, in setup_cudnn
    return setup_cudnn_fp8(args, cudnn, oss=oss)
           ^^^^^^^^^^^^^^^^^^^^^^^^^^^^^^^^^^^^^
  File ""/home/scratch.yanxu_gpu/fe-sites/computelab_trees/fe_develop_5567e2733/benchmark/attention_inference/benchmark_single_attention.py"", line 336, in setup_cudnn_fp8
    graph.check_support()
  File ""/home/scratch.yanxu_gpu/fe-sites/computelab_trees/fe_develop_5567e2733/python/cudnn/_pygraph.py"", line 1547, in check_support
    self._lowered_graph.check_support()
cudnn._compiled_module.cudnnGraphNotSupportedError: [cudnn_frontend] Error: No execution plans support the graph.",,,
qwen35,qwen3.5-tp8,generation,cudnn_oss,bfloat16,bfloat16,1,4,131072,4,1,256,256,gqa,,16,0.216515,9.918,619.976,34.5969,20,True,,NVIDIA RTX PRO 6000 Blackwell Server Edition,cudnn_oss plan=sdpa_fwd_prefill_sm120[PACK_GQA=1; SCHED_POLICY=0; SPLIT_KV=128; TILE_CGA_M=1; TILE_M=128; TILE_N=64],
qwen35,qwen3.5-tp8,generation,cudnn_oss,bfloat16,fp8_e4m3,1,4,131072,4,1,256,256,gqa,,16,inf,0.0,0.0,,20,False,"                 ^^^^^^^^^^^^^^^^^^^^^^^^^^^^^^^^^
  File ""/home/scratch.yanxu_gpu/fe-sites/computelab_trees/fe_develop_5567e2733/benchmark/attention_inference/benchmark_single_attention.py"", line 270, in setup_cudnn_oss
    return setup_cudnn(args, dtype, oss=True)
           ^^^^^^^^^^^^^^^^^^^^^^^^^^^^^^^^^^
  File ""/home/scratch.yanxu_gpu/fe-sites/computelab_trees/fe_develop_5567e2733/benchmark/attention_inference/benchmark_single_attention.py"", line 167, in setup_cudnn
    return setup_cudnn_fp8(args, cudnn, oss=oss)
           ^^^^^^^^^^^^^^^^^^^^^^^^^^^^^^^^^^^^^
  File ""/home/scratch.yanxu_gpu/fe-sites/computelab_trees/fe_develop_5567e2733/benchmark/attention_inference/benchmark_single_attention.py"", line 336, in setup_cudnn_fp8
    graph.check_support()
  File ""/home/scratch.yanxu_gpu/fe-sites/computelab_trees/fe_develop_5567e2733/python/cudnn/_pygraph.py"", line 1547, in check_support
    self._lowered_graph.check_support()
cudnn._compiled_module.cudnnGraphNotSupportedError: [cudnn_frontend] Error: No execution plans support the graph.",,,
qwen35,qwen3.5-tp8,generation,cudnn_oss,bfloat16,bfloat16,128,4,131072,4,1,256,256,gqa,,16,11.255653,24.421,1526.519,85.1852,20,True,,NVIDIA RTX PRO 6000 Blackwell Server Edition,cudnn_oss plan=sdpa_fwd_prefill_sm120[PACK_GQA=1; SCHED_POLICY=0; SPLIT_KV=4; TILE_CGA_M=1; TILE_M=128; TILE_N=64],
qwen35,qwen3.5-tp8,generation,cudnn_oss,bfloat16,fp8_e4m3,128,4,131072,4,1,256,256,gqa,,16,inf,0.0,0.0,,20,False,"                 ^^^^^^^^^^^^^^^^^^^^^^^^^^^^^^^^^
  File ""/home/scratch.yanxu_gpu/fe-sites/computelab_trees/fe_develop_5567e2733/benchmark/attention_inference/benchmark_single_attention.py"", line 270, in setup_cudnn_oss
    return setup_cudnn(args, dtype, oss=True)
           ^^^^^^^^^^^^^^^^^^^^^^^^^^^^^^^^^^
  File ""/home/scratch.yanxu_gpu/fe-sites/computelab_trees/fe_develop_5567e2733/benchmark/attention_inference/benchmark_single_attention.py"", line 167, in setup_cudnn
    return setup_cudnn_fp8(args, cudnn, oss=oss)
           ^^^^^^^^^^^^^^^^^^^^^^^^^^^^^^^^^^^^^
  File ""/home/scratch.yanxu_gpu/fe-sites/computelab_trees/fe_develop_5567e2733/benchmark/attention_inference/benchmark_single_attention.py"", line 336, in setup_cudnn_fp8
    graph.check_support()
  File ""/home/scratch.yanxu_gpu/fe-sites/computelab_trees/fe_develop_5567e2733/python/cudnn/_pygraph.py"", line 1547, in check_support
    self._lowered_graph.check_support()
cudnn._compiled_module.cudnnGraphNotSupportedError: [cudnn_frontend] Error: No execution plans support the graph.",,,
