config_name,model_name,phase,backend,data_type,kv_cache_dtype,batch_size,q_tokens,kv_len,num_q_heads,num_kv_heads,head_dim_qk,head_dim_vo,kind,sliding_window_size,page_size,time_ms,tflops,gbps,sol_pct,num_iterations,success,error_message,gpu_name,backend_detail,cudnn_backend_version
decode_sweep,llama3.1,generation,cudnn,bfloat16,bfloat16,1,1,2048,64,8,128,128,gqa,,16,0.0064,10.486,1315.84,16.448,20,True,,NVIDIA B200,cudnn 9.27.0,
decode_sweep,llama3.1,generation,cudnn,bfloat16,bfloat16,8,1,2048,64,8,128,128,gqa,,16,0.01744,30.784,3863.017,48.2877,20,True,,NVIDIA B200,cudnn 9.27.0,
decode_sweep,llama3.1,generation,cudnn,bfloat16,bfloat16,32,1,2048,64,8,128,128,gqa,,16,0.05488,39.131,4910.423,61.3803,20,True,,NVIDIA B200,cudnn 9.27.0,
decode_sweep,llama3.1,generation,cudnn,bfloat16,bfloat16,128,1,2048,64,8,128,128,gqa,,16,0.170304,50.439,6329.482,79.1185,20,True,,NVIDIA B200,cudnn 9.27.0,
decode_sweep,llama3.1,generation,cudnn,bfloat16,bfloat16,1,1,8192,64,8,128,128,gqa,,16,0.010944,24.528,3069.006,38.3626,20,True,,NVIDIA B200,cudnn 9.27.0,
decode_sweep,llama3.1,generation,cudnn,bfloat16,bfloat16,8,1,8192,64,8,128,128,gqa,,16,0.054847,39.154,4899.039,61.238,20,True,,NVIDIA B200,cudnn 9.27.0,
decode_sweep,llama3.1,generation,cudnn,bfloat16,bfloat16,32,1,8192,64,8,128,128,gqa,,16,0.172195,49.885,6241.705,78.0213,20,True,,NVIDIA B200,cudnn 9.27.0,
decode_sweep,llama3.1,generation,cudnn,bfloat16,bfloat16,128,1,8192,64,8,128,128,gqa,,16,0.615042,55.866,6990.029,87.3754,20,True,,NVIDIA B200,cudnn 9.27.0,
decode_sweep,llama3.1,generation,cudnn,bfloat16,bfloat16,1,1,32768,64,8,128,128,gqa,,16,0.029887,35.927,4491.936,56.1492,20,True,,NVIDIA B200,cudnn 9.27.0,
decode_sweep,llama3.1,generation,cudnn,bfloat16,bfloat16,8,1,32768,64,8,128,128,gqa,,16,0.169217,50.763,6346.903,79.3363,20,True,,NVIDIA B200,cudnn 9.27.0,
decode_sweep,llama3.1,generation,cudnn,bfloat16,bfloat16,32,1,32768,64,8,128,128,gqa,,16,0.619491,55.464,6934.751,86.6844,20,True,,NVIDIA B200,cudnn 9.27.0,
decode_sweep,llama3.1,generation,cudnn,bfloat16,bfloat16,128,1,32768,64,8,128,128,gqa,,16,2.404294,57.164,7147.239,89.3405,20,True,,NVIDIA B200,cudnn 9.27.0,
decode_sweep,llama3.1,generation,cudnn,bfloat16,bfloat16,1,1,131072,64,8,128,128,gqa,,16,0.094464,45.467,5683.686,71.0461,20,True,,NVIDIA B200,cudnn 9.27.0,
decode_sweep,llama3.1,generation,cudnn,bfloat16,bfloat16,8,1,131072,64,8,128,128,gqa,,16,0.606939,56.612,7076.872,88.4609,20,True,,NVIDIA B200,cudnn 9.27.0,
decode_sweep,llama3.1,generation,cudnn,bfloat16,bfloat16,32,1,131072,64,8,128,128,gqa,,16,2.42213,56.743,7093.31,88.6664,20,True,,NVIDIA B200,cudnn 9.27.0,
decode_sweep,llama3.1,generation,cudnn,bfloat16,bfloat16,128,1,131072,64,8,128,128,gqa,,16,9.494187,57.904,7238.5,90.4812,20,True,,NVIDIA B200,cudnn 9.27.0,
decode_sweep,llama3.1,generation,cudnn,bfloat16,bfloat16,1,8,2048,64,8,128,128,gqa,,16,0.039872,13.465,216.963,2.712,20,True,,NVIDIA B200,cudnn 9.27.0,
decode_sweep,llama3.1,generation,cudnn,bfloat16,bfloat16,8,8,2048,64,8,128,128,gqa,,16,0.115519,37.18,599.088,7.4886,20,True,,NVIDIA B200,cudnn 9.27.0,
decode_sweep,llama3.1,generation,cudnn,bfloat16,bfloat16,32,8,2048,64,8,128,128,gqa,,16,0.403673,42.559,685.763,8.572,20,True,,NVIDIA B200,cudnn 9.27.0,
decode_sweep,llama3.1,generation,cudnn,bfloat16,bfloat16,128,8,2048,64,8,128,128,gqa,,16,1.527589,44.986,724.865,9.0608,20,True,,NVIDIA B200,cudnn 9.27.0,
decode_sweep,llama3.1,generation,cudnn,bfloat16,bfloat16,1,8,8192,64,8,128,128,gqa,,16,0.153536,13.987,220.252,2.7531,20,True,,NVIDIA B200,cudnn 9.27.0,
decode_sweep,llama3.1,generation,cudnn,bfloat16,bfloat16,8,8,8192,64,8,128,128,gqa,,16,0.438083,39.216,617.537,7.7192,20,True,,NVIDIA B200,cudnn 9.27.0,
decode_sweep,llama3.1,generation,cudnn,bfloat16,bfloat16,32,8,8192,64,8,128,128,gqa,,16,1.504399,45.679,719.311,8.9914,20,True,,NVIDIA B200,cudnn 9.27.0,
decode_sweep,llama3.1,generation,cudnn,bfloat16,bfloat16,128,8,8192,64,8,128,128,gqa,,16,5.821502,47.218,743.54,9.2943,20,True,,NVIDIA B200,cudnn 9.27.0,
decode_sweep,llama3.1,generation,cudnn,bfloat16,bfloat16,1,8,32768,64,8,128,128,gqa,,16,0.60221,14.264,223.311,2.7914,20,True,,NVIDIA B200,cudnn 9.27.0,
decode_sweep,llama3.1,generation,cudnn,bfloat16,bfloat16,8,8,32768,64,8,128,128,gqa,,16,1.69401,40.566,635.084,7.9386,20,True,,NVIDIA B200,cudnn 9.27.0,
decode_sweep,llama3.1,generation,cudnn,bfloat16,bfloat16,32,8,32768,64,8,128,128,gqa,,16,5.814081,47.278,740.161,9.252,20,True,,NVIDIA B200,cudnn 9.27.0,
decode_sweep,llama3.1,generation,cudnn,bfloat16,bfloat16,128,8,32768,64,8,128,128,gqa,,16,23.026684,47.749,747.542,9.3443,20,True,,NVIDIA B200,cudnn 9.27.0,
decode_sweep,llama3.1,generation,cudnn,bfloat16,bfloat16,1,8,131072,64,8,128,128,gqa,,16,2.325276,14.777,230.998,2.8875,20,True,,NVIDIA B200,cudnn 9.27.0,
decode_sweep,llama3.1,generation,cudnn,bfloat16,bfloat16,8,8,131072,64,8,128,128,gqa,,16,6.626199,41.483,648.496,8.1062,20,True,,NVIDIA B200,cudnn 9.27.0,
decode_sweep,llama3.1,generation,cudnn,bfloat16,bfloat16,32,8,131072,64,8,128,128,gqa,,16,23.046069,47.709,745.822,9.3228,20,True,,NVIDIA B200,cudnn 9.27.0,
decode_sweep,llama3.1,generation,cudnn,bfloat16,bfloat16,128,8,131072,64,8,128,128,gqa,,16,91.811705,47.903,748.848,9.3606,20,True,,NVIDIA B200,cudnn 9.27.0,
decode_sweep,llama3.1,generation,cudnn,bfloat16,bfloat16,1,16,2048,64,8,128,128,gqa,,16,0.04,26.844,222.822,2.7853,20,True,,NVIDIA B200,cudnn 9.27.0,
decode_sweep,llama3.1,generation,cudnn,bfloat16,bfloat16,8,16,2048,64,8,128,128,gqa,,16,0.116129,73.969,614.0,7.675,20,True,,NVIDIA B200,cudnn 9.27.0,
decode_sweep,llama3.1,generation,cudnn,bfloat16,bfloat16,32,16,2048,64,8,128,128,gqa,,16,0.404355,84.974,705.352,8.8169,20,True,,NVIDIA B200,cudnn 9.27.0,
decode_sweep,llama3.1,generation,cudnn,bfloat16,bfloat16,128,16,2048,64,8,128,128,gqa,,16,1.525504,90.094,747.852,9.3481,20,True,,NVIDIA B200,cudnn 9.27.0,
decode_sweep,llama3.1,generation,cudnn,bfloat16,bfloat16,1,16,8192,64,8,128,128,gqa,,16,0.153568,27.968,221.913,2.7739,20,True,,NVIDIA B200,cudnn 9.27.0,
decode_sweep,llama3.1,generation,cudnn,bfloat16,bfloat16,8,16,8192,64,8,128,128,gqa,,16,0.438595,78.34,621.598,7.77,20,True,,NVIDIA B200,cudnn 9.27.0,
decode_sweep,llama3.1,generation,cudnn,bfloat16,bfloat16,32,16,8192,64,8,128,128,gqa,,16,1.50642,91.235,723.914,9.0489,20,True,,NVIDIA B200,cudnn 9.27.0,
decode_sweep,llama3.1,generation,cudnn,bfloat16,bfloat16,128,16,8192,64,8,128,128,gqa,,16,5.825096,94.377,748.842,9.3605,20,True,,NVIDIA B200,cudnn 9.27.0,
decode_sweep,llama3.1,generation,cudnn,bfloat16,bfloat16,1,16,32768,64,8,128,128,gqa,,16,0.602013,28.537,223.819,2.7977,20,True,,NVIDIA B200,cudnn 9.27.0,
decode_sweep,llama3.1,generation,cudnn,bfloat16,bfloat16,8,16,32768,64,8,128,128,gqa,,16,1.692281,81.215,636.972,7.9622,20,True,,NVIDIA B200,cudnn 9.27.0,
decode_sweep,llama3.1,generation,cudnn,bfloat16,bfloat16,32,16,32768,64,8,128,128,gqa,,16,5.816318,94.52,741.319,9.2665,20,True,,NVIDIA B200,cudnn 9.27.0,
decode_sweep,llama3.1,generation,cudnn,bfloat16,bfloat16,128,16,32768,64,8,128,128,gqa,,16,23.032185,95.476,748.821,9.3603,20,True,,NVIDIA B200,cudnn 9.27.0,
decode_sweep,llama3.1,generation,cudnn,bfloat16,bfloat16,1,16,131072,64,8,128,128,gqa,,16,2.324576,29.562,231.18,2.8897,20,True,,NVIDIA B200,cudnn 9.27.0,
decode_sweep,llama3.1,generation,cudnn,bfloat16,bfloat16,8,16,131072,64,8,128,128,gqa,,16,6.624957,82.983,648.934,8.1117,20,True,,NVIDIA B200,cudnn 9.27.0,
decode_sweep,llama3.1,generation,cudnn,bfloat16,bfloat16,32,16,131072,64,8,128,128,gqa,,16,23.045641,95.42,746.2,9.3275,20,True,,NVIDIA B200,cudnn 9.27.0,
decode_sweep,llama3.1,generation,cudnn,bfloat16,bfloat16,128,16,131072,64,8,128,128,gqa,,16,91.818314,95.799,749.16,9.3645,20,True,,NVIDIA B200,cudnn 9.27.0,
decode_sweep,llama3.1,generation,cudnn_oss,bfloat16,bfloat16,1,1,2048,64,8,128,128,gqa,,16,0.015776,4.254,533.809,6.6726,20,True,,NVIDIA B200,cudnn_oss plan=sdpa_fwd_prefill_sm100[PACK_GQA=1; SCHED_POLICY=0; SPLIT_KV=8; TILE_CGA_M=1; TILE_M=128; TILE_N=128],
decode_sweep,llama3.1,generation,cudnn_oss,bfloat16,bfloat16,8,1,2048,64,8,128,128,gqa,,16,0.023103,23.238,2916.115,36.4514,20,True,,NVIDIA B200,cudnn_oss plan=sdpa_fwd_prefill_sm100[PACK_GQA=1; SCHED_POLICY=0; SPLIT_KV=2; TILE_CGA_M=1; TILE_M=128; TILE_N=128],
decode_sweep,llama3.1,generation,cudnn_oss,bfloat16,bfloat16,32,1,2048,64,8,128,128,gqa,,16,0.058688,36.592,4591.808,57.3976,20,True,,NVIDIA B200,cudnn_oss plan=sdpa_fwd_prefill_sm100[PACK_GQA=1; SCHED_POLICY=0; SPLIT_KV=1; TILE_CGA_M=1; TILE_M=128; TILE_N=128],
decode_sweep,llama3.1,generation,cudnn_oss,bfloat16,bfloat16,128,1,2048,64,8,128,128,gqa,,16,0.174175,49.318,6188.811,77.3601,20,True,,NVIDIA B200,cudnn_oss plan=sdpa_fwd_prefill_sm100[PACK_GQA=1; SCHED_POLICY=0; SPLIT_KV=1; TILE_CGA_M=1; TILE_M=128; TILE_N=128],
decode_sweep,llama3.1,generation,cudnn_oss,bfloat16,bfloat16,1,1,8192,64,8,128,128,gqa,,16,inf,0.0,0.0,,20,False,"  File ""/home/scratch.yanxu_gpu/sdpa_sass/fa4venv/lib/python3.12/site-packages/torch/_dynamo/aot_compile.py"", line 19, in <module>
    from torch._dynamo.package import SystemInfo
  File ""/home/scratch.yanxu_gpu/sdpa_sass/fa4venv/lib/python3.12/site-packages/torch/_dynamo/package.py"", line 1267, in <module>
    DynamoCache = DiskDynamoCache(os.path.join(cache_dir(), ""dynamo""))
                                               ^^^^^^^^^^^
  File ""/home/scratch.yanxu_gpu/sdpa_sass/fa4venv/lib/python3.12/site-packages/torch/_dynamo/package.py"", line 1264, in cache_dir
    return cache_dir()
           ^^^^^^^^^^^
  File ""/home/scratch.yanxu_gpu/sdpa_sass/fa4venv/lib/python3.12/site-packages/torch/_inductor/runtime/cache_dir_utils.py"", line 20, in cache_dir
    os.makedirs(cache_dir, exist_ok=True)
  File ""<frozen os>"", line 225, in makedirs
OSError: [Errno 28] No space left on device: '/var/tmp/torchinductor_yanxu'",,,
decode_sweep,llama3.1,generation,cudnn_oss,bfloat16,bfloat16,8,1,8192,64,8,128,128,gqa,,16,inf,0.0,0.0,,20,False,"  File ""/home/scratch.yanxu_gpu/sdpa_sass/fa4venv/lib/python3.12/site-packages/torch/_dynamo/aot_compile.py"", line 19, in <module>
    from torch._dynamo.package import SystemInfo
  File ""/home/scratch.yanxu_gpu/sdpa_sass/fa4venv/lib/python3.12/site-packages/torch/_dynamo/package.py"", line 1267, in <module>
    DynamoCache = DiskDynamoCache(os.path.join(cache_dir(), ""dynamo""))
                                               ^^^^^^^^^^^
  File ""/home/scratch.yanxu_gpu/sdpa_sass/fa4venv/lib/python3.12/site-packages/torch/_dynamo/package.py"", line 1264, in cache_dir
    return cache_dir()
           ^^^^^^^^^^^
  File ""/home/scratch.yanxu_gpu/sdpa_sass/fa4venv/lib/python3.12/site-packages/torch/_inductor/runtime/cache_dir_utils.py"", line 20, in cache_dir
    os.makedirs(cache_dir, exist_ok=True)
  File ""<frozen os>"", line 225, in makedirs
OSError: [Errno 28] No space left on device: '/var/tmp/torchinductor_yanxu'",,,
decode_sweep,llama3.1,generation,cudnn_oss,bfloat16,bfloat16,32,1,8192,64,8,128,128,gqa,,16,inf,0.0,0.0,,20,False,"  File ""/home/scratch.yanxu_gpu/sdpa_sass/fa4venv/lib/python3.12/site-packages/torch/_dynamo/aot_compile.py"", line 19, in <module>
    from torch._dynamo.package import SystemInfo
  File ""/home/scratch.yanxu_gpu/sdpa_sass/fa4venv/lib/python3.12/site-packages/torch/_dynamo/package.py"", line 1267, in <module>
    DynamoCache = DiskDynamoCache(os.path.join(cache_dir(), ""dynamo""))
                                               ^^^^^^^^^^^
  File ""/home/scratch.yanxu_gpu/sdpa_sass/fa4venv/lib/python3.12/site-packages/torch/_dynamo/package.py"", line 1264, in cache_dir
    return cache_dir()
           ^^^^^^^^^^^
  File ""/home/scratch.yanxu_gpu/sdpa_sass/fa4venv/lib/python3.12/site-packages/torch/_inductor/runtime/cache_dir_utils.py"", line 20, in cache_dir
    os.makedirs(cache_dir, exist_ok=True)
  File ""<frozen os>"", line 225, in makedirs
OSError: [Errno 28] No space left on device: '/var/tmp/torchinductor_yanxu'",,,
decode_sweep,llama3.1,generation,cudnn_oss,bfloat16,bfloat16,128,1,8192,64,8,128,128,gqa,,16,inf,0.0,0.0,,20,False,"  File ""/home/scratch.yanxu_gpu/sdpa_sass/fa4venv/lib/python3.12/site-packages/torch/_dynamo/aot_compile.py"", line 19, in <module>
    from torch._dynamo.package import SystemInfo
  File ""/home/scratch.yanxu_gpu/sdpa_sass/fa4venv/lib/python3.12/site-packages/torch/_dynamo/package.py"", line 1267, in <module>
    DynamoCache = DiskDynamoCache(os.path.join(cache_dir(), ""dynamo""))
                                               ^^^^^^^^^^^
  File ""/home/scratch.yanxu_gpu/sdpa_sass/fa4venv/lib/python3.12/site-packages/torch/_dynamo/package.py"", line 1264, in cache_dir
    return cache_dir()
           ^^^^^^^^^^^
  File ""/home/scratch.yanxu_gpu/sdpa_sass/fa4venv/lib/python3.12/site-packages/torch/_inductor/runtime/cache_dir_utils.py"", line 20, in cache_dir
    os.makedirs(cache_dir, exist_ok=True)
  File ""<frozen os>"", line 225, in makedirs
OSError: [Errno 28] No space left on device: '/var/tmp/torchinductor_yanxu'",,,
decode_sweep,llama3.1,generation,cudnn_oss,bfloat16,bfloat16,1,1,32768,64,8,128,128,gqa,,16,inf,0.0,0.0,,20,False,"  File ""/home/scratch.yanxu_gpu/sdpa_sass/fa4venv/lib/python3.12/site-packages/torch/_dynamo/aot_compile.py"", line 19, in <module>
    from torch._dynamo.package import SystemInfo
  File ""/home/scratch.yanxu_gpu/sdpa_sass/fa4venv/lib/python3.12/site-packages/torch/_dynamo/package.py"", line 1267, in <module>
    DynamoCache = DiskDynamoCache(os.path.join(cache_dir(), ""dynamo""))
                                               ^^^^^^^^^^^
  File ""/home/scratch.yanxu_gpu/sdpa_sass/fa4venv/lib/python3.12/site-packages/torch/_dynamo/package.py"", line 1264, in cache_dir
    return cache_dir()
           ^^^^^^^^^^^
  File ""/home/scratch.yanxu_gpu/sdpa_sass/fa4venv/lib/python3.12/site-packages/torch/_inductor/runtime/cache_dir_utils.py"", line 20, in cache_dir
    os.makedirs(cache_dir, exist_ok=True)
  File ""<frozen os>"", line 225, in makedirs
OSError: [Errno 28] No space left on device: '/var/tmp/torchinductor_yanxu'",,,
decode_sweep,llama3.1,generation,cudnn_oss,bfloat16,bfloat16,8,1,32768,64,8,128,128,gqa,,16,inf,0.0,0.0,,20,False,"  File ""/home/scratch.yanxu_gpu/sdpa_sass/fa4venv/lib/python3.12/site-packages/torch/_dynamo/aot_compile.py"", line 19, in <module>
    from torch._dynamo.package import SystemInfo
  File ""/home/scratch.yanxu_gpu/sdpa_sass/fa4venv/lib/python3.12/site-packages/torch/_dynamo/package.py"", line 1267, in <module>
    DynamoCache = DiskDynamoCache(os.path.join(cache_dir(), ""dynamo""))
                                               ^^^^^^^^^^^
  File ""/home/scratch.yanxu_gpu/sdpa_sass/fa4venv/lib/python3.12/site-packages/torch/_dynamo/package.py"", line 1264, in cache_dir
    return cache_dir()
           ^^^^^^^^^^^
  File ""/home/scratch.yanxu_gpu/sdpa_sass/fa4venv/lib/python3.12/site-packages/torch/_inductor/runtime/cache_dir_utils.py"", line 20, in cache_dir
    os.makedirs(cache_dir, exist_ok=True)
  File ""<frozen os>"", line 225, in makedirs
OSError: [Errno 28] No space left on device: '/var/tmp/torchinductor_yanxu'",,,
decode_sweep,llama3.1,generation,cudnn_oss,bfloat16,bfloat16,32,1,32768,64,8,128,128,gqa,,16,inf,0.0,0.0,,20,False,"  File ""/home/scratch.yanxu_gpu/sdpa_sass/fa4venv/lib/python3.12/site-packages/torch/_dynamo/aot_compile.py"", line 19, in <module>
    from torch._dynamo.package import SystemInfo
  File ""/home/scratch.yanxu_gpu/sdpa_sass/fa4venv/lib/python3.12/site-packages/torch/_dynamo/package.py"", line 1267, in <module>
    DynamoCache = DiskDynamoCache(os.path.join(cache_dir(), ""dynamo""))
                                               ^^^^^^^^^^^
  File ""/home/scratch.yanxu_gpu/sdpa_sass/fa4venv/lib/python3.12/site-packages/torch/_dynamo/package.py"", line 1264, in cache_dir
    return cache_dir()
           ^^^^^^^^^^^
  File ""/home/scratch.yanxu_gpu/sdpa_sass/fa4venv/lib/python3.12/site-packages/torch/_inductor/runtime/cache_dir_utils.py"", line 20, in cache_dir
    os.makedirs(cache_dir, exist_ok=True)
  File ""<frozen os>"", line 225, in makedirs
OSError: [Errno 28] No space left on device: '/var/tmp/torchinductor_yanxu'",,,
decode_sweep,llama3.1,generation,cudnn_oss,bfloat16,bfloat16,128,1,32768,64,8,128,128,gqa,,16,inf,0.0,0.0,,20,False,"  File ""/home/scratch.yanxu_gpu/sdpa_sass/fa4venv/lib/python3.12/site-packages/torch/_dynamo/aot_compile.py"", line 19, in <module>
    from torch._dynamo.package import SystemInfo
  File ""/home/scratch.yanxu_gpu/sdpa_sass/fa4venv/lib/python3.12/site-packages/torch/_dynamo/package.py"", line 1267, in <module>
    DynamoCache = DiskDynamoCache(os.path.join(cache_dir(), ""dynamo""))
                                               ^^^^^^^^^^^
  File ""/home/scratch.yanxu_gpu/sdpa_sass/fa4venv/lib/python3.12/site-packages/torch/_dynamo/package.py"", line 1264, in cache_dir
    return cache_dir()
           ^^^^^^^^^^^
  File ""/home/scratch.yanxu_gpu/sdpa_sass/fa4venv/lib/python3.12/site-packages/torch/_inductor/runtime/cache_dir_utils.py"", line 20, in cache_dir
    os.makedirs(cache_dir, exist_ok=True)
  File ""<frozen os>"", line 225, in makedirs
OSError: [Errno 28] No space left on device: '/var/tmp/torchinductor_yanxu'",,,
decode_sweep,llama3.1,generation,cudnn_oss,bfloat16,bfloat16,1,1,131072,64,8,128,128,gqa,,16,inf,0.0,0.0,,20,False,"  File ""/home/scratch.yanxu_gpu/sdpa_sass/fa4venv/lib/python3.12/site-packages/torch/_dynamo/aot_compile.py"", line 19, in <module>
    from torch._dynamo.package import SystemInfo
  File ""/home/scratch.yanxu_gpu/sdpa_sass/fa4venv/lib/python3.12/site-packages/torch/_dynamo/package.py"", line 1267, in <module>
    DynamoCache = DiskDynamoCache(os.path.join(cache_dir(), ""dynamo""))
                                               ^^^^^^^^^^^
  File ""/home/scratch.yanxu_gpu/sdpa_sass/fa4venv/lib/python3.12/site-packages/torch/_dynamo/package.py"", line 1264, in cache_dir
    return cache_dir()
           ^^^^^^^^^^^
  File ""/home/scratch.yanxu_gpu/sdpa_sass/fa4venv/lib/python3.12/site-packages/torch/_inductor/runtime/cache_dir_utils.py"", line 20, in cache_dir
    os.makedirs(cache_dir, exist_ok=True)
  File ""<frozen os>"", line 225, in makedirs
OSError: [Errno 28] No space left on device: '/var/tmp/torchinductor_yanxu'",,,
decode_sweep,llama3.1,generation,cudnn_oss,bfloat16,bfloat16,8,1,131072,64,8,128,128,gqa,,16,inf,0.0,0.0,,20,False,"  File ""/home/scratch.yanxu_gpu/sdpa_sass/fa4venv/lib/python3.12/site-packages/torch/_dynamo/aot_compile.py"", line 19, in <module>
    from torch._dynamo.package import SystemInfo
  File ""/home/scratch.yanxu_gpu/sdpa_sass/fa4venv/lib/python3.12/site-packages/torch/_dynamo/package.py"", line 1267, in <module>
    DynamoCache = DiskDynamoCache(os.path.join(cache_dir(), ""dynamo""))
                                               ^^^^^^^^^^^
  File ""/home/scratch.yanxu_gpu/sdpa_sass/fa4venv/lib/python3.12/site-packages/torch/_dynamo/package.py"", line 1264, in cache_dir
    return cache_dir()
           ^^^^^^^^^^^
  File ""/home/scratch.yanxu_gpu/sdpa_sass/fa4venv/lib/python3.12/site-packages/torch/_inductor/runtime/cache_dir_utils.py"", line 20, in cache_dir
    os.makedirs(cache_dir, exist_ok=True)
  File ""<frozen os>"", line 225, in makedirs
OSError: [Errno 28] No space left on device: '/var/tmp/torchinductor_yanxu'",,,
decode_sweep,llama3.1,generation,cudnn_oss,bfloat16,bfloat16,32,1,131072,64,8,128,128,gqa,,16,inf,0.0,0.0,,20,False,"  File ""/home/scratch.yanxu_gpu/sdpa_sass/fa4venv/lib/python3.12/site-packages/torch/_dynamo/aot_compile.py"", line 19, in <module>
    from torch._dynamo.package import SystemInfo
  File ""/home/scratch.yanxu_gpu/sdpa_sass/fa4venv/lib/python3.12/site-packages/torch/_dynamo/package.py"", line 1267, in <module>
    DynamoCache = DiskDynamoCache(os.path.join(cache_dir(), ""dynamo""))
                                               ^^^^^^^^^^^
  File ""/home/scratch.yanxu_gpu/sdpa_sass/fa4venv/lib/python3.12/site-packages/torch/_dynamo/package.py"", line 1264, in cache_dir
    return cache_dir()
           ^^^^^^^^^^^
  File ""/home/scratch.yanxu_gpu/sdpa_sass/fa4venv/lib/python3.12/site-packages/torch/_inductor/runtime/cache_dir_utils.py"", line 20, in cache_dir
    os.makedirs(cache_dir, exist_ok=True)
  File ""<frozen os>"", line 225, in makedirs
OSError: [Errno 28] No space left on device: '/var/tmp/torchinductor_yanxu'",,,
decode_sweep,llama3.1,generation,cudnn_oss,bfloat16,bfloat16,128,1,131072,64,8,128,128,gqa,,16,inf,0.0,0.0,,20,False,"  File ""/home/scratch.yanxu_gpu/sdpa_sass/fa4venv/lib/python3.12/site-packages/torch/_dynamo/aot_compile.py"", line 19, in <module>
    from torch._dynamo.package import SystemInfo
  File ""/home/scratch.yanxu_gpu/sdpa_sass/fa4venv/lib/python3.12/site-packages/torch/_dynamo/package.py"", line 1267, in <module>
    DynamoCache = DiskDynamoCache(os.path.join(cache_dir(), ""dynamo""))
                                               ^^^^^^^^^^^
  File ""/home/scratch.yanxu_gpu/sdpa_sass/fa4venv/lib/python3.12/site-packages/torch/_dynamo/package.py"", line 1264, in cache_dir
    return cache_dir()
           ^^^^^^^^^^^
  File ""/home/scratch.yanxu_gpu/sdpa_sass/fa4venv/lib/python3.12/site-packages/torch/_inductor/runtime/cache_dir_utils.py"", line 20, in cache_dir
    os.makedirs(cache_dir, exist_ok=True)
  File ""<frozen os>"", line 225, in makedirs
OSError: [Errno 28] No space left on device: '/var/tmp/torchinductor_yanxu'",,,
decode_sweep,llama3.1,generation,cudnn_oss,bfloat16,bfloat16,1,8,2048,64,8,128,128,gqa,,16,inf,0.0,0.0,,20,False,"  File ""/home/scratch.yanxu_gpu/sdpa_sass/fa4venv/lib/python3.12/site-packages/torch/_dynamo/aot_compile.py"", line 19, in <module>
    from torch._dynamo.package import SystemInfo
  File ""/home/scratch.yanxu_gpu/sdpa_sass/fa4venv/lib/python3.12/site-packages/torch/_dynamo/package.py"", line 1267, in <module>
    DynamoCache = DiskDynamoCache(os.path.join(cache_dir(), ""dynamo""))
                                               ^^^^^^^^^^^
  File ""/home/scratch.yanxu_gpu/sdpa_sass/fa4venv/lib/python3.12/site-packages/torch/_dynamo/package.py"", line 1264, in cache_dir
    return cache_dir()
           ^^^^^^^^^^^
  File ""/home/scratch.yanxu_gpu/sdpa_sass/fa4venv/lib/python3.12/site-packages/torch/_inductor/runtime/cache_dir_utils.py"", line 20, in cache_dir
    os.makedirs(cache_dir, exist_ok=True)
  File ""<frozen os>"", line 225, in makedirs
OSError: [Errno 28] No space left on device: '/var/tmp/torchinductor_yanxu'",,,
decode_sweep,llama3.1,generation,cudnn_oss,bfloat16,bfloat16,8,8,2048,64,8,128,128,gqa,,16,inf,0.0,0.0,,20,False,"  File ""/home/scratch.yanxu_gpu/sdpa_sass/fa4venv/lib/python3.12/site-packages/torch/_dynamo/aot_compile.py"", line 19, in <module>
    from torch._dynamo.package import SystemInfo
  File ""/home/scratch.yanxu_gpu/sdpa_sass/fa4venv/lib/python3.12/site-packages/torch/_dynamo/package.py"", line 1267, in <module>
    DynamoCache = DiskDynamoCache(os.path.join(cache_dir(), ""dynamo""))
                                               ^^^^^^^^^^^
  File ""/home/scratch.yanxu_gpu/sdpa_sass/fa4venv/lib/python3.12/site-packages/torch/_dynamo/package.py"", line 1264, in cache_dir
    return cache_dir()
           ^^^^^^^^^^^
  File ""/home/scratch.yanxu_gpu/sdpa_sass/fa4venv/lib/python3.12/site-packages/torch/_inductor/runtime/cache_dir_utils.py"", line 20, in cache_dir
    os.makedirs(cache_dir, exist_ok=True)
  File ""<frozen os>"", line 225, in makedirs
OSError: [Errno 28] No space left on device: '/var/tmp/torchinductor_yanxu'",,,
decode_sweep,llama3.1,generation,cudnn_oss,bfloat16,bfloat16,32,8,2048,64,8,128,128,gqa,,16,inf,0.0,0.0,,20,False,"  File ""/home/scratch.yanxu_gpu/sdpa_sass/fa4venv/lib/python3.12/site-packages/torch/_dynamo/aot_compile.py"", line 19, in <module>
    from torch._dynamo.package import SystemInfo
  File ""/home/scratch.yanxu_gpu/sdpa_sass/fa4venv/lib/python3.12/site-packages/torch/_dynamo/package.py"", line 1267, in <module>
    DynamoCache = DiskDynamoCache(os.path.join(cache_dir(), ""dynamo""))
                                               ^^^^^^^^^^^
  File ""/home/scratch.yanxu_gpu/sdpa_sass/fa4venv/lib/python3.12/site-packages/torch/_dynamo/package.py"", line 1264, in cache_dir
    return cache_dir()
           ^^^^^^^^^^^
  File ""/home/scratch.yanxu_gpu/sdpa_sass/fa4venv/lib/python3.12/site-packages/torch/_inductor/runtime/cache_dir_utils.py"", line 20, in cache_dir
    os.makedirs(cache_dir, exist_ok=True)
  File ""<frozen os>"", line 225, in makedirs
OSError: [Errno 28] No space left on device: '/var/tmp/torchinductor_yanxu'",,,
decode_sweep,llama3.1,generation,cudnn_oss,bfloat16,bfloat16,128,8,2048,64,8,128,128,gqa,,16,inf,0.0,0.0,,20,False,"  File ""/home/scratch.yanxu_gpu/sdpa_sass/fa4venv/lib/python3.12/site-packages/torch/_dynamo/aot_compile.py"", line 19, in <module>
    from torch._dynamo.package import SystemInfo
  File ""/home/scratch.yanxu_gpu/sdpa_sass/fa4venv/lib/python3.12/site-packages/torch/_dynamo/package.py"", line 1267, in <module>
    DynamoCache = DiskDynamoCache(os.path.join(cache_dir(), ""dynamo""))
                                               ^^^^^^^^^^^
  File ""/home/scratch.yanxu_gpu/sdpa_sass/fa4venv/lib/python3.12/site-packages/torch/_dynamo/package.py"", line 1264, in cache_dir
    return cache_dir()
           ^^^^^^^^^^^
  File ""/home/scratch.yanxu_gpu/sdpa_sass/fa4venv/lib/python3.12/site-packages/torch/_inductor/runtime/cache_dir_utils.py"", line 20, in cache_dir
    os.makedirs(cache_dir, exist_ok=True)
  File ""<frozen os>"", line 225, in makedirs
OSError: [Errno 28] No space left on device: '/var/tmp/torchinductor_yanxu'",,,
decode_sweep,llama3.1,generation,cudnn_oss,bfloat16,bfloat16,1,8,8192,64,8,128,128,gqa,,16,inf,0.0,0.0,,20,False,"  File ""/home/scratch.yanxu_gpu/sdpa_sass/fa4venv/lib/python3.12/site-packages/torch/_dynamo/aot_compile.py"", line 19, in <module>
    from torch._dynamo.package import SystemInfo
  File ""/home/scratch.yanxu_gpu/sdpa_sass/fa4venv/lib/python3.12/site-packages/torch/_dynamo/package.py"", line 1267, in <module>
    DynamoCache = DiskDynamoCache(os.path.join(cache_dir(), ""dynamo""))
                                               ^^^^^^^^^^^
  File ""/home/scratch.yanxu_gpu/sdpa_sass/fa4venv/lib/python3.12/site-packages/torch/_dynamo/package.py"", line 1264, in cache_dir
    return cache_dir()
           ^^^^^^^^^^^
  File ""/home/scratch.yanxu_gpu/sdpa_sass/fa4venv/lib/python3.12/site-packages/torch/_inductor/runtime/cache_dir_utils.py"", line 20, in cache_dir
    os.makedirs(cache_dir, exist_ok=True)
  File ""<frozen os>"", line 225, in makedirs
OSError: [Errno 28] No space left on device: '/var/tmp/torchinductor_yanxu'",,,
decode_sweep,llama3.1,generation,cudnn_oss,bfloat16,bfloat16,8,8,8192,64,8,128,128,gqa,,16,inf,0.0,0.0,,20,False,"  File ""/home/scratch.yanxu_gpu/sdpa_sass/fa4venv/lib/python3.12/site-packages/torch/_dynamo/aot_compile.py"", line 19, in <module>
    from torch._dynamo.package import SystemInfo
  File ""/home/scratch.yanxu_gpu/sdpa_sass/fa4venv/lib/python3.12/site-packages/torch/_dynamo/package.py"", line 1267, in <module>
    DynamoCache = DiskDynamoCache(os.path.join(cache_dir(), ""dynamo""))
                                               ^^^^^^^^^^^
  File ""/home/scratch.yanxu_gpu/sdpa_sass/fa4venv/lib/python3.12/site-packages/torch/_dynamo/package.py"", line 1264, in cache_dir
    return cache_dir()
           ^^^^^^^^^^^
  File ""/home/scratch.yanxu_gpu/sdpa_sass/fa4venv/lib/python3.12/site-packages/torch/_inductor/runtime/cache_dir_utils.py"", line 20, in cache_dir
    os.makedirs(cache_dir, exist_ok=True)
  File ""<frozen os>"", line 225, in makedirs
OSError: [Errno 28] No space left on device: '/var/tmp/torchinductor_yanxu'",,,
decode_sweep,llama3.1,generation,cudnn_oss,bfloat16,bfloat16,32,8,8192,64,8,128,128,gqa,,16,inf,0.0,0.0,,20,False,"  File ""/home/scratch.yanxu_gpu/sdpa_sass/fa4venv/lib/python3.12/site-packages/torch/_dynamo/aot_compile.py"", line 19, in <module>
    from torch._dynamo.package import SystemInfo
  File ""/home/scratch.yanxu_gpu/sdpa_sass/fa4venv/lib/python3.12/site-packages/torch/_dynamo/package.py"", line 1267, in <module>
    DynamoCache = DiskDynamoCache(os.path.join(cache_dir(), ""dynamo""))
                                               ^^^^^^^^^^^
  File ""/home/scratch.yanxu_gpu/sdpa_sass/fa4venv/lib/python3.12/site-packages/torch/_dynamo/package.py"", line 1264, in cache_dir
    return cache_dir()
           ^^^^^^^^^^^
  File ""/home/scratch.yanxu_gpu/sdpa_sass/fa4venv/lib/python3.12/site-packages/torch/_inductor/runtime/cache_dir_utils.py"", line 20, in cache_dir
    os.makedirs(cache_dir, exist_ok=True)
  File ""<frozen os>"", line 225, in makedirs
OSError: [Errno 28] No space left on device: '/var/tmp/torchinductor_yanxu'",,,
decode_sweep,llama3.1,generation,cudnn_oss,bfloat16,bfloat16,128,8,8192,64,8,128,128,gqa,,16,inf,0.0,0.0,,20,False,"  File ""/home/scratch.yanxu_gpu/sdpa_sass/fa4venv/lib/python3.12/site-packages/torch/_dynamo/aot_compile.py"", line 19, in <module>
    from torch._dynamo.package import SystemInfo
  File ""/home/scratch.yanxu_gpu/sdpa_sass/fa4venv/lib/python3.12/site-packages/torch/_dynamo/package.py"", line 1267, in <module>
    DynamoCache = DiskDynamoCache(os.path.join(cache_dir(), ""dynamo""))
                                               ^^^^^^^^^^^
  File ""/home/scratch.yanxu_gpu/sdpa_sass/fa4venv/lib/python3.12/site-packages/torch/_dynamo/package.py"", line 1264, in cache_dir
    return cache_dir()
           ^^^^^^^^^^^
  File ""/home/scratch.yanxu_gpu/sdpa_sass/fa4venv/lib/python3.12/site-packages/torch/_inductor/runtime/cache_dir_utils.py"", line 20, in cache_dir
    os.makedirs(cache_dir, exist_ok=True)
  File ""<frozen os>"", line 225, in makedirs
OSError: [Errno 28] No space left on device: '/var/tmp/torchinductor_yanxu'",,,
decode_sweep,llama3.1,generation,cudnn_oss,bfloat16,bfloat16,1,8,32768,64,8,128,128,gqa,,16,inf,0.0,0.0,,20,False,"  File ""/home/scratch.yanxu_gpu/sdpa_sass/fa4venv/lib/python3.12/site-packages/torch/_dynamo/aot_compile.py"", line 19, in <module>
    from torch._dynamo.package import SystemInfo
  File ""/home/scratch.yanxu_gpu/sdpa_sass/fa4venv/lib/python3.12/site-packages/torch/_dynamo/package.py"", line 1267, in <module>
    DynamoCache = DiskDynamoCache(os.path.join(cache_dir(), ""dynamo""))
                                               ^^^^^^^^^^^
  File ""/home/scratch.yanxu_gpu/sdpa_sass/fa4venv/lib/python3.12/site-packages/torch/_dynamo/package.py"", line 1264, in cache_dir
    return cache_dir()
           ^^^^^^^^^^^
  File ""/home/scratch.yanxu_gpu/sdpa_sass/fa4venv/lib/python3.12/site-packages/torch/_inductor/runtime/cache_dir_utils.py"", line 20, in cache_dir
    os.makedirs(cache_dir, exist_ok=True)
  File ""<frozen os>"", line 225, in makedirs
OSError: [Errno 28] No space left on device: '/var/tmp/torchinductor_yanxu'",,,
decode_sweep,llama3.1,generation,cudnn_oss,bfloat16,bfloat16,8,8,32768,64,8,128,128,gqa,,16,inf,0.0,0.0,,20,False,"  File ""/home/scratch.yanxu_gpu/sdpa_sass/fa4venv/lib/python3.12/site-packages/torch/_dynamo/aot_compile.py"", line 19, in <module>
    from torch._dynamo.package import SystemInfo
  File ""/home/scratch.yanxu_gpu/sdpa_sass/fa4venv/lib/python3.12/site-packages/torch/_dynamo/package.py"", line 1267, in <module>
    DynamoCache = DiskDynamoCache(os.path.join(cache_dir(), ""dynamo""))
                                               ^^^^^^^^^^^
  File ""/home/scratch.yanxu_gpu/sdpa_sass/fa4venv/lib/python3.12/site-packages/torch/_dynamo/package.py"", line 1264, in cache_dir
    return cache_dir()
           ^^^^^^^^^^^
  File ""/home/scratch.yanxu_gpu/sdpa_sass/fa4venv/lib/python3.12/site-packages/torch/_inductor/runtime/cache_dir_utils.py"", line 20, in cache_dir
    os.makedirs(cache_dir, exist_ok=True)
  File ""<frozen os>"", line 225, in makedirs
OSError: [Errno 28] No space left on device: '/var/tmp/torchinductor_yanxu'",,,
decode_sweep,llama3.1,generation,cudnn_oss,bfloat16,bfloat16,32,8,32768,64,8,128,128,gqa,,16,inf,0.0,0.0,,20,False,"  File ""/home/scratch.yanxu_gpu/sdpa_sass/fa4venv/lib/python3.12/site-packages/torch/_dynamo/aot_compile.py"", line 19, in <module>
    from torch._dynamo.package import SystemInfo
  File ""/home/scratch.yanxu_gpu/sdpa_sass/fa4venv/lib/python3.12/site-packages/torch/_dynamo/package.py"", line 1267, in <module>
    DynamoCache = DiskDynamoCache(os.path.join(cache_dir(), ""dynamo""))
                                               ^^^^^^^^^^^
  File ""/home/scratch.yanxu_gpu/sdpa_sass/fa4venv/lib/python3.12/site-packages/torch/_dynamo/package.py"", line 1264, in cache_dir
    return cache_dir()
           ^^^^^^^^^^^
  File ""/home/scratch.yanxu_gpu/sdpa_sass/fa4venv/lib/python3.12/site-packages/torch/_inductor/runtime/cache_dir_utils.py"", line 20, in cache_dir
    os.makedirs(cache_dir, exist_ok=True)
  File ""<frozen os>"", line 225, in makedirs
OSError: [Errno 28] No space left on device: '/var/tmp/torchinductor_yanxu'",,,
decode_sweep,llama3.1,generation,cudnn_oss,bfloat16,bfloat16,128,8,32768,64,8,128,128,gqa,,16,inf,0.0,0.0,,20,False,"  File ""/home/scratch.yanxu_gpu/sdpa_sass/fa4venv/lib/python3.12/site-packages/torch/_dynamo/aot_compile.py"", line 19, in <module>
    from torch._dynamo.package import SystemInfo
  File ""/home/scratch.yanxu_gpu/sdpa_sass/fa4venv/lib/python3.12/site-packages/torch/_dynamo/package.py"", line 1267, in <module>
    DynamoCache = DiskDynamoCache(os.path.join(cache_dir(), ""dynamo""))
                                               ^^^^^^^^^^^
  File ""/home/scratch.yanxu_gpu/sdpa_sass/fa4venv/lib/python3.12/site-packages/torch/_dynamo/package.py"", line 1264, in cache_dir
    return cache_dir()
           ^^^^^^^^^^^
  File ""/home/scratch.yanxu_gpu/sdpa_sass/fa4venv/lib/python3.12/site-packages/torch/_inductor/runtime/cache_dir_utils.py"", line 20, in cache_dir
    os.makedirs(cache_dir, exist_ok=True)
  File ""<frozen os>"", line 225, in makedirs
OSError: [Errno 28] No space left on device: '/var/tmp/torchinductor_yanxu'",,,
decode_sweep,llama3.1,generation,cudnn_oss,bfloat16,bfloat16,1,8,131072,64,8,128,128,gqa,,16,inf,0.0,0.0,,20,False,"  File ""/home/scratch.yanxu_gpu/sdpa_sass/fa4venv/lib/python3.12/site-packages/torch/_dynamo/aot_compile.py"", line 19, in <module>
    from torch._dynamo.package import SystemInfo
  File ""/home/scratch.yanxu_gpu/sdpa_sass/fa4venv/lib/python3.12/site-packages/torch/_dynamo/package.py"", line 1267, in <module>
    DynamoCache = DiskDynamoCache(os.path.join(cache_dir(), ""dynamo""))
                                               ^^^^^^^^^^^
  File ""/home/scratch.yanxu_gpu/sdpa_sass/fa4venv/lib/python3.12/site-packages/torch/_dynamo/package.py"", line 1264, in cache_dir
    return cache_dir()
           ^^^^^^^^^^^
  File ""/home/scratch.yanxu_gpu/sdpa_sass/fa4venv/lib/python3.12/site-packages/torch/_inductor/runtime/cache_dir_utils.py"", line 20, in cache_dir
    os.makedirs(cache_dir, exist_ok=True)
  File ""<frozen os>"", line 225, in makedirs
OSError: [Errno 28] No space left on device: '/var/tmp/torchinductor_yanxu'",,,
decode_sweep,llama3.1,generation,cudnn_oss,bfloat16,bfloat16,8,8,131072,64,8,128,128,gqa,,16,inf,0.0,0.0,,20,False,"  File ""/home/scratch.yanxu_gpu/sdpa_sass/fa4venv/lib/python3.12/site-packages/torch/_dynamo/aot_compile.py"", line 19, in <module>
    from torch._dynamo.package import SystemInfo
  File ""/home/scratch.yanxu_gpu/sdpa_sass/fa4venv/lib/python3.12/site-packages/torch/_dynamo/package.py"", line 1267, in <module>
    DynamoCache = DiskDynamoCache(os.path.join(cache_dir(), ""dynamo""))
                                               ^^^^^^^^^^^
  File ""/home/scratch.yanxu_gpu/sdpa_sass/fa4venv/lib/python3.12/site-packages/torch/_dynamo/package.py"", line 1264, in cache_dir
    return cache_dir()
           ^^^^^^^^^^^
  File ""/home/scratch.yanxu_gpu/sdpa_sass/fa4venv/lib/python3.12/site-packages/torch/_inductor/runtime/cache_dir_utils.py"", line 20, in cache_dir
    os.makedirs(cache_dir, exist_ok=True)
  File ""<frozen os>"", line 225, in makedirs
OSError: [Errno 28] No space left on device: '/var/tmp/torchinductor_yanxu'",,,
decode_sweep,llama3.1,generation,cudnn_oss,bfloat16,bfloat16,32,8,131072,64,8,128,128,gqa,,16,inf,0.0,0.0,,20,False,"  File ""/home/scratch.yanxu_gpu/sdpa_sass/fa4venv/lib/python3.12/site-packages/torch/_dynamo/aot_compile.py"", line 19, in <module>
    from torch._dynamo.package import SystemInfo
  File ""/home/scratch.yanxu_gpu/sdpa_sass/fa4venv/lib/python3.12/site-packages/torch/_dynamo/package.py"", line 1267, in <module>
    DynamoCache = DiskDynamoCache(os.path.join(cache_dir(), ""dynamo""))
                                               ^^^^^^^^^^^
  File ""/home/scratch.yanxu_gpu/sdpa_sass/fa4venv/lib/python3.12/site-packages/torch/_dynamo/package.py"", line 1264, in cache_dir
    return cache_dir()
           ^^^^^^^^^^^
  File ""/home/scratch.yanxu_gpu/sdpa_sass/fa4venv/lib/python3.12/site-packages/torch/_inductor/runtime/cache_dir_utils.py"", line 20, in cache_dir
    os.makedirs(cache_dir, exist_ok=True)
  File ""<frozen os>"", line 225, in makedirs
OSError: [Errno 28] No space left on device: '/var/tmp/torchinductor_yanxu'",,,
decode_sweep,llama3.1,generation,cudnn_oss,bfloat16,bfloat16,128,8,131072,64,8,128,128,gqa,,16,inf,0.0,0.0,,20,False,"  File ""/home/scratch.yanxu_gpu/sdpa_sass/fa4venv/lib/python3.12/site-packages/torch/_dynamo/aot_compile.py"", line 19, in <module>
    from torch._dynamo.package import SystemInfo
  File ""/home/scratch.yanxu_gpu/sdpa_sass/fa4venv/lib/python3.12/site-packages/torch/_dynamo/package.py"", line 1267, in <module>
    DynamoCache = DiskDynamoCache(os.path.join(cache_dir(), ""dynamo""))
                                               ^^^^^^^^^^^
  File ""/home/scratch.yanxu_gpu/sdpa_sass/fa4venv/lib/python3.12/site-packages/torch/_dynamo/package.py"", line 1264, in cache_dir
    return cache_dir()
           ^^^^^^^^^^^
  File ""/home/scratch.yanxu_gpu/sdpa_sass/fa4venv/lib/python3.12/site-packages/torch/_inductor/runtime/cache_dir_utils.py"", line 20, in cache_dir
    os.makedirs(cache_dir, exist_ok=True)
  File ""<frozen os>"", line 225, in makedirs
OSError: [Errno 28] No space left on device: '/var/tmp/torchinductor_yanxu'",,,
decode_sweep,llama3.1,generation,cudnn_oss,bfloat16,bfloat16,1,16,2048,64,8,128,128,gqa,,16,inf,0.0,0.0,,20,False,"  File ""/home/scratch.yanxu_gpu/sdpa_sass/fa4venv/lib/python3.12/site-packages/torch/_dynamo/aot_compile.py"", line 19, in <module>
    from torch._dynamo.package import SystemInfo
  File ""/home/scratch.yanxu_gpu/sdpa_sass/fa4venv/lib/python3.12/site-packages/torch/_dynamo/package.py"", line 1267, in <module>
    DynamoCache = DiskDynamoCache(os.path.join(cache_dir(), ""dynamo""))
                                               ^^^^^^^^^^^
  File ""/home/scratch.yanxu_gpu/sdpa_sass/fa4venv/lib/python3.12/site-packages/torch/_dynamo/package.py"", line 1264, in cache_dir
    return cache_dir()
           ^^^^^^^^^^^
  File ""/home/scratch.yanxu_gpu/sdpa_sass/fa4venv/lib/python3.12/site-packages/torch/_inductor/runtime/cache_dir_utils.py"", line 20, in cache_dir
    os.makedirs(cache_dir, exist_ok=True)
  File ""<frozen os>"", line 225, in makedirs
OSError: [Errno 28] No space left on device: '/var/tmp/torchinductor_yanxu'",,,
decode_sweep,llama3.1,generation,cudnn_oss,bfloat16,bfloat16,8,16,2048,64,8,128,128,gqa,,16,inf,0.0,0.0,,20,False,"  File ""/home/scratch.yanxu_gpu/sdpa_sass/fa4venv/lib/python3.12/site-packages/torch/_dynamo/aot_compile.py"", line 19, in <module>
    from torch._dynamo.package import SystemInfo
  File ""/home/scratch.yanxu_gpu/sdpa_sass/fa4venv/lib/python3.12/site-packages/torch/_dynamo/package.py"", line 1267, in <module>
    DynamoCache = DiskDynamoCache(os.path.join(cache_dir(), ""dynamo""))
                                               ^^^^^^^^^^^
  File ""/home/scratch.yanxu_gpu/sdpa_sass/fa4venv/lib/python3.12/site-packages/torch/_dynamo/package.py"", line 1264, in cache_dir
    return cache_dir()
           ^^^^^^^^^^^
  File ""/home/scratch.yanxu_gpu/sdpa_sass/fa4venv/lib/python3.12/site-packages/torch/_inductor/runtime/cache_dir_utils.py"", line 20, in cache_dir
    os.makedirs(cache_dir, exist_ok=True)
  File ""<frozen os>"", line 225, in makedirs
OSError: [Errno 28] No space left on device: '/var/tmp/torchinductor_yanxu'",,,
decode_sweep,llama3.1,generation,cudnn_oss,bfloat16,bfloat16,32,16,2048,64,8,128,128,gqa,,16,inf,0.0,0.0,,20,False,"  File ""/home/scratch.yanxu_gpu/sdpa_sass/fa4venv/lib/python3.12/site-packages/torch/_dynamo/aot_compile.py"", line 19, in <module>
    from torch._dynamo.package import SystemInfo
  File ""/home/scratch.yanxu_gpu/sdpa_sass/fa4venv/lib/python3.12/site-packages/torch/_dynamo/package.py"", line 1267, in <module>
    DynamoCache = DiskDynamoCache(os.path.join(cache_dir(), ""dynamo""))
                                               ^^^^^^^^^^^
  File ""/home/scratch.yanxu_gpu/sdpa_sass/fa4venv/lib/python3.12/site-packages/torch/_dynamo/package.py"", line 1264, in cache_dir
    return cache_dir()
           ^^^^^^^^^^^
  File ""/home/scratch.yanxu_gpu/sdpa_sass/fa4venv/lib/python3.12/site-packages/torch/_inductor/runtime/cache_dir_utils.py"", line 20, in cache_dir
    os.makedirs(cache_dir, exist_ok=True)
  File ""<frozen os>"", line 225, in makedirs
OSError: [Errno 28] No space left on device: '/var/tmp/torchinductor_yanxu'",,,
decode_sweep,llama3.1,generation,cudnn_oss,bfloat16,bfloat16,128,16,2048,64,8,128,128,gqa,,16,inf,0.0,0.0,,20,False,"  File ""/home/scratch.yanxu_gpu/sdpa_sass/fa4venv/lib/python3.12/site-packages/torch/_dynamo/aot_compile.py"", line 19, in <module>
    from torch._dynamo.package import SystemInfo
  File ""/home/scratch.yanxu_gpu/sdpa_sass/fa4venv/lib/python3.12/site-packages/torch/_dynamo/package.py"", line 1267, in <module>
    DynamoCache = DiskDynamoCache(os.path.join(cache_dir(), ""dynamo""))
                                               ^^^^^^^^^^^
  File ""/home/scratch.yanxu_gpu/sdpa_sass/fa4venv/lib/python3.12/site-packages/torch/_dynamo/package.py"", line 1264, in cache_dir
    return cache_dir()
           ^^^^^^^^^^^
  File ""/home/scratch.yanxu_gpu/sdpa_sass/fa4venv/lib/python3.12/site-packages/torch/_inductor/runtime/cache_dir_utils.py"", line 20, in cache_dir
    os.makedirs(cache_dir, exist_ok=True)
  File ""<frozen os>"", line 225, in makedirs
OSError: [Errno 28] No space left on device: '/var/tmp/torchinductor_yanxu'",,,
decode_sweep,llama3.1,generation,cudnn_oss,bfloat16,bfloat16,1,16,8192,64,8,128,128,gqa,,16,inf,0.0,0.0,,20,False,"  File ""/home/scratch.yanxu_gpu/sdpa_sass/fa4venv/lib/python3.12/site-packages/torch/_dynamo/aot_compile.py"", line 19, in <module>
    from torch._dynamo.package import SystemInfo
  File ""/home/scratch.yanxu_gpu/sdpa_sass/fa4venv/lib/python3.12/site-packages/torch/_dynamo/package.py"", line 1267, in <module>
    DynamoCache = DiskDynamoCache(os.path.join(cache_dir(), ""dynamo""))
                                               ^^^^^^^^^^^
  File ""/home/scratch.yanxu_gpu/sdpa_sass/fa4venv/lib/python3.12/site-packages/torch/_dynamo/package.py"", line 1264, in cache_dir
    return cache_dir()
           ^^^^^^^^^^^
  File ""/home/scratch.yanxu_gpu/sdpa_sass/fa4venv/lib/python3.12/site-packages/torch/_inductor/runtime/cache_dir_utils.py"", line 20, in cache_dir
    os.makedirs(cache_dir, exist_ok=True)
  File ""<frozen os>"", line 225, in makedirs
OSError: [Errno 28] No space left on device: '/var/tmp/torchinductor_yanxu'",,,
decode_sweep,llama3.1,generation,cudnn_oss,bfloat16,bfloat16,8,16,8192,64,8,128,128,gqa,,16,inf,0.0,0.0,,20,False,"  File ""/home/scratch.yanxu_gpu/sdpa_sass/fa4venv/lib/python3.12/site-packages/torch/_dynamo/aot_compile.py"", line 19, in <module>
    from torch._dynamo.package import SystemInfo
  File ""/home/scratch.yanxu_gpu/sdpa_sass/fa4venv/lib/python3.12/site-packages/torch/_dynamo/package.py"", line 1267, in <module>
    DynamoCache = DiskDynamoCache(os.path.join(cache_dir(), ""dynamo""))
                                               ^^^^^^^^^^^
  File ""/home/scratch.yanxu_gpu/sdpa_sass/fa4venv/lib/python3.12/site-packages/torch/_dynamo/package.py"", line 1264, in cache_dir
    return cache_dir()
           ^^^^^^^^^^^
  File ""/home/scratch.yanxu_gpu/sdpa_sass/fa4venv/lib/python3.12/site-packages/torch/_inductor/runtime/cache_dir_utils.py"", line 20, in cache_dir
    os.makedirs(cache_dir, exist_ok=True)
  File ""<frozen os>"", line 225, in makedirs
OSError: [Errno 28] No space left on device: '/var/tmp/torchinductor_yanxu'",,,
decode_sweep,llama3.1,generation,cudnn_oss,bfloat16,bfloat16,32,16,8192,64,8,128,128,gqa,,16,inf,0.0,0.0,,20,False,"  File ""/home/scratch.yanxu_gpu/sdpa_sass/fa4venv/lib/python3.12/site-packages/torch/_dynamo/aot_compile.py"", line 19, in <module>
    from torch._dynamo.package import SystemInfo
  File ""/home/scratch.yanxu_gpu/sdpa_sass/fa4venv/lib/python3.12/site-packages/torch/_dynamo/package.py"", line 1267, in <module>
    DynamoCache = DiskDynamoCache(os.path.join(cache_dir(), ""dynamo""))
                                               ^^^^^^^^^^^
  File ""/home/scratch.yanxu_gpu/sdpa_sass/fa4venv/lib/python3.12/site-packages/torch/_dynamo/package.py"", line 1264, in cache_dir
    return cache_dir()
           ^^^^^^^^^^^
  File ""/home/scratch.yanxu_gpu/sdpa_sass/fa4venv/lib/python3.12/site-packages/torch/_inductor/runtime/cache_dir_utils.py"", line 20, in cache_dir
    os.makedirs(cache_dir, exist_ok=True)
  File ""<frozen os>"", line 225, in makedirs
OSError: [Errno 28] No space left on device: '/var/tmp/torchinductor_yanxu'",,,
decode_sweep,llama3.1,generation,cudnn_oss,bfloat16,bfloat16,128,16,8192,64,8,128,128,gqa,,16,inf,0.0,0.0,,20,False,"  File ""/home/scratch.yanxu_gpu/sdpa_sass/fa4venv/lib/python3.12/site-packages/torch/_dynamo/aot_compile.py"", line 19, in <module>
    from torch._dynamo.package import SystemInfo
  File ""/home/scratch.yanxu_gpu/sdpa_sass/fa4venv/lib/python3.12/site-packages/torch/_dynamo/package.py"", line 1267, in <module>
    DynamoCache = DiskDynamoCache(os.path.join(cache_dir(), ""dynamo""))
                                               ^^^^^^^^^^^
  File ""/home/scratch.yanxu_gpu/sdpa_sass/fa4venv/lib/python3.12/site-packages/torch/_dynamo/package.py"", line 1264, in cache_dir
    return cache_dir()
           ^^^^^^^^^^^
  File ""/home/scratch.yanxu_gpu/sdpa_sass/fa4venv/lib/python3.12/site-packages/torch/_inductor/runtime/cache_dir_utils.py"", line 20, in cache_dir
    os.makedirs(cache_dir, exist_ok=True)
  File ""<frozen os>"", line 225, in makedirs
OSError: [Errno 28] No space left on device: '/var/tmp/torchinductor_yanxu'",,,
decode_sweep,llama3.1,generation,cudnn_oss,bfloat16,bfloat16,1,16,32768,64,8,128,128,gqa,,16,inf,0.0,0.0,,20,False,"  File ""/home/scratch.yanxu_gpu/sdpa_sass/fa4venv/lib/python3.12/site-packages/torch/_dynamo/aot_compile.py"", line 19, in <module>
    from torch._dynamo.package import SystemInfo
  File ""/home/scratch.yanxu_gpu/sdpa_sass/fa4venv/lib/python3.12/site-packages/torch/_dynamo/package.py"", line 1267, in <module>
    DynamoCache = DiskDynamoCache(os.path.join(cache_dir(), ""dynamo""))
                                               ^^^^^^^^^^^
  File ""/home/scratch.yanxu_gpu/sdpa_sass/fa4venv/lib/python3.12/site-packages/torch/_dynamo/package.py"", line 1264, in cache_dir
    return cache_dir()
           ^^^^^^^^^^^
  File ""/home/scratch.yanxu_gpu/sdpa_sass/fa4venv/lib/python3.12/site-packages/torch/_inductor/runtime/cache_dir_utils.py"", line 20, in cache_dir
    os.makedirs(cache_dir, exist_ok=True)
  File ""<frozen os>"", line 225, in makedirs
OSError: [Errno 28] No space left on device: '/var/tmp/torchinductor_yanxu'",,,
decode_sweep,llama3.1,generation,cudnn_oss,bfloat16,bfloat16,8,16,32768,64,8,128,128,gqa,,16,inf,0.0,0.0,,20,False,"  File ""/home/scratch.yanxu_gpu/sdpa_sass/fa4venv/lib/python3.12/site-packages/torch/_dynamo/aot_compile.py"", line 19, in <module>
    from torch._dynamo.package import SystemInfo
  File ""/home/scratch.yanxu_gpu/sdpa_sass/fa4venv/lib/python3.12/site-packages/torch/_dynamo/package.py"", line 1267, in <module>
    DynamoCache = DiskDynamoCache(os.path.join(cache_dir(), ""dynamo""))
                                               ^^^^^^^^^^^
  File ""/home/scratch.yanxu_gpu/sdpa_sass/fa4venv/lib/python3.12/site-packages/torch/_dynamo/package.py"", line 1264, in cache_dir
    return cache_dir()
           ^^^^^^^^^^^
  File ""/home/scratch.yanxu_gpu/sdpa_sass/fa4venv/lib/python3.12/site-packages/torch/_inductor/runtime/cache_dir_utils.py"", line 20, in cache_dir
    os.makedirs(cache_dir, exist_ok=True)
  File ""<frozen os>"", line 225, in makedirs
OSError: [Errno 28] No space left on device: '/var/tmp/torchinductor_yanxu'",,,
decode_sweep,llama3.1,generation,cudnn_oss,bfloat16,bfloat16,32,16,32768,64,8,128,128,gqa,,16,inf,0.0,0.0,,20,False,"  File ""/home/scratch.yanxu_gpu/sdpa_sass/fa4venv/lib/python3.12/site-packages/torch/_dynamo/aot_compile.py"", line 19, in <module>
    from torch._dynamo.package import SystemInfo
  File ""/home/scratch.yanxu_gpu/sdpa_sass/fa4venv/lib/python3.12/site-packages/torch/_dynamo/package.py"", line 1267, in <module>
    DynamoCache = DiskDynamoCache(os.path.join(cache_dir(), ""dynamo""))
                                               ^^^^^^^^^^^
  File ""/home/scratch.yanxu_gpu/sdpa_sass/fa4venv/lib/python3.12/site-packages/torch/_dynamo/package.py"", line 1264, in cache_dir
    return cache_dir()
           ^^^^^^^^^^^
  File ""/home/scratch.yanxu_gpu/sdpa_sass/fa4venv/lib/python3.12/site-packages/torch/_inductor/runtime/cache_dir_utils.py"", line 20, in cache_dir
    os.makedirs(cache_dir, exist_ok=True)
  File ""<frozen os>"", line 225, in makedirs
OSError: [Errno 28] No space left on device: '/var/tmp/torchinductor_yanxu'",,,
decode_sweep,llama3.1,generation,cudnn_oss,bfloat16,bfloat16,128,16,32768,64,8,128,128,gqa,,16,inf,0.0,0.0,,20,False,"  File ""/home/scratch.yanxu_gpu/sdpa_sass/fa4venv/lib/python3.12/site-packages/torch/_dynamo/aot_compile.py"", line 19, in <module>
    from torch._dynamo.package import SystemInfo
  File ""/home/scratch.yanxu_gpu/sdpa_sass/fa4venv/lib/python3.12/site-packages/torch/_dynamo/package.py"", line 1267, in <module>
    DynamoCache = DiskDynamoCache(os.path.join(cache_dir(), ""dynamo""))
                                               ^^^^^^^^^^^
  File ""/home/scratch.yanxu_gpu/sdpa_sass/fa4venv/lib/python3.12/site-packages/torch/_dynamo/package.py"", line 1264, in cache_dir
    return cache_dir()
           ^^^^^^^^^^^
  File ""/home/scratch.yanxu_gpu/sdpa_sass/fa4venv/lib/python3.12/site-packages/torch/_inductor/runtime/cache_dir_utils.py"", line 20, in cache_dir
    os.makedirs(cache_dir, exist_ok=True)
  File ""<frozen os>"", line 225, in makedirs
OSError: [Errno 28] No space left on device: '/var/tmp/torchinductor_yanxu'",,,
decode_sweep,llama3.1,generation,cudnn_oss,bfloat16,bfloat16,1,16,131072,64,8,128,128,gqa,,16,inf,0.0,0.0,,20,False,"  File ""/home/scratch.yanxu_gpu/sdpa_sass/fa4venv/lib/python3.12/site-packages/torch/_dynamo/aot_compile.py"", line 19, in <module>
    from torch._dynamo.package import SystemInfo
  File ""/home/scratch.yanxu_gpu/sdpa_sass/fa4venv/lib/python3.12/site-packages/torch/_dynamo/package.py"", line 1267, in <module>
    DynamoCache = DiskDynamoCache(os.path.join(cache_dir(), ""dynamo""))
                                               ^^^^^^^^^^^
  File ""/home/scratch.yanxu_gpu/sdpa_sass/fa4venv/lib/python3.12/site-packages/torch/_dynamo/package.py"", line 1264, in cache_dir
    return cache_dir()
           ^^^^^^^^^^^
  File ""/home/scratch.yanxu_gpu/sdpa_sass/fa4venv/lib/python3.12/site-packages/torch/_inductor/runtime/cache_dir_utils.py"", line 20, in cache_dir
    os.makedirs(cache_dir, exist_ok=True)
  File ""<frozen os>"", line 225, in makedirs
OSError: [Errno 28] No space left on device: '/var/tmp/torchinductor_yanxu'",,,
decode_sweep,llama3.1,generation,cudnn_oss,bfloat16,bfloat16,8,16,131072,64,8,128,128,gqa,,16,inf,0.0,0.0,,20,False,"  File ""/home/scratch.yanxu_gpu/sdpa_sass/fa4venv/lib/python3.12/site-packages/torch/_dynamo/aot_compile.py"", line 19, in <module>
    from torch._dynamo.package import SystemInfo
  File ""/home/scratch.yanxu_gpu/sdpa_sass/fa4venv/lib/python3.12/site-packages/torch/_dynamo/package.py"", line 1267, in <module>
    DynamoCache = DiskDynamoCache(os.path.join(cache_dir(), ""dynamo""))
                                               ^^^^^^^^^^^
  File ""/home/scratch.yanxu_gpu/sdpa_sass/fa4venv/lib/python3.12/site-packages/torch/_dynamo/package.py"", line 1264, in cache_dir
    return cache_dir()
           ^^^^^^^^^^^
  File ""/home/scratch.yanxu_gpu/sdpa_sass/fa4venv/lib/python3.12/site-packages/torch/_inductor/runtime/cache_dir_utils.py"", line 20, in cache_dir
    os.makedirs(cache_dir, exist_ok=True)
  File ""<frozen os>"", line 225, in makedirs
OSError: [Errno 28] No space left on device: '/var/tmp/torchinductor_yanxu'",,,
decode_sweep,llama3.1,generation,cudnn_oss,bfloat16,bfloat16,32,16,131072,64,8,128,128,gqa,,16,inf,0.0,0.0,,20,False,"  File ""/home/scratch.yanxu_gpu/sdpa_sass/fa4venv/lib/python3.12/site-packages/torch/_dynamo/aot_compile.py"", line 19, in <module>
    from torch._dynamo.package import SystemInfo
  File ""/home/scratch.yanxu_gpu/sdpa_sass/fa4venv/lib/python3.12/site-packages/torch/_dynamo/package.py"", line 1267, in <module>
    DynamoCache = DiskDynamoCache(os.path.join(cache_dir(), ""dynamo""))
                                               ^^^^^^^^^^^
  File ""/home/scratch.yanxu_gpu/sdpa_sass/fa4venv/lib/python3.12/site-packages/torch/_dynamo/package.py"", line 1264, in cache_dir
    return cache_dir()
           ^^^^^^^^^^^
  File ""/home/scratch.yanxu_gpu/sdpa_sass/fa4venv/lib/python3.12/site-packages/torch/_inductor/runtime/cache_dir_utils.py"", line 20, in cache_dir
    os.makedirs(cache_dir, exist_ok=True)
  File ""<frozen os>"", line 225, in makedirs
OSError: [Errno 28] No space left on device: '/var/tmp/torchinductor_yanxu'",,,
decode_sweep,llama3.1,generation,cudnn_oss,bfloat16,bfloat16,128,16,131072,64,8,128,128,gqa,,16,inf,0.0,0.0,,20,False,"  File ""/home/scratch.yanxu_gpu/sdpa_sass/fa4venv/lib/python3.12/site-packages/torch/_dynamo/aot_compile.py"", line 19, in <module>
    from torch._dynamo.package import SystemInfo
  File ""/home/scratch.yanxu_gpu/sdpa_sass/fa4venv/lib/python3.12/site-packages/torch/_dynamo/package.py"", line 1267, in <module>
    DynamoCache = DiskDynamoCache(os.path.join(cache_dir(), ""dynamo""))
                                               ^^^^^^^^^^^
  File ""/home/scratch.yanxu_gpu/sdpa_sass/fa4venv/lib/python3.12/site-packages/torch/_dynamo/package.py"", line 1264, in cache_dir
    return cache_dir()
           ^^^^^^^^^^^
  File ""/home/scratch.yanxu_gpu/sdpa_sass/fa4venv/lib/python3.12/site-packages/torch/_inductor/runtime/cache_dir_utils.py"", line 20, in cache_dir
    os.makedirs(cache_dir, exist_ok=True)
  File ""<frozen os>"", line 225, in makedirs
OSError: [Errno 28] No space left on device: '/var/tmp/torchinductor_yanxu'",,,
decode_sweep,llama3.1-tp4,generation,cudnn,bfloat16,bfloat16,1,1,2048,16,2,128,128,gqa,,16,inf,0.0,0.0,,20,False,"  File ""/home/scratch.yanxu_gpu/sdpa_sass/fa4venv/lib/python3.12/site-packages/torch/_dynamo/aot_compile.py"", line 19, in <module>
    from torch._dynamo.package import SystemInfo
  File ""/home/scratch.yanxu_gpu/sdpa_sass/fa4venv/lib/python3.12/site-packages/torch/_dynamo/package.py"", line 1267, in <module>
    DynamoCache = DiskDynamoCache(os.path.join(cache_dir(), ""dynamo""))
                                               ^^^^^^^^^^^
  File ""/home/scratch.yanxu_gpu/sdpa_sass/fa4venv/lib/python3.12/site-packages/torch/_dynamo/package.py"", line 1264, in cache_dir
    return cache_dir()
           ^^^^^^^^^^^
  File ""/home/scratch.yanxu_gpu/sdpa_sass/fa4venv/lib/python3.12/site-packages/torch/_inductor/runtime/cache_dir_utils.py"", line 20, in cache_dir
    os.makedirs(cache_dir, exist_ok=True)
  File ""<frozen os>"", line 225, in makedirs
OSError: [Errno 28] No space left on device: '/var/tmp/torchinductor_yanxu'",,,
decode_sweep,llama3.1-tp4,generation,cudnn,bfloat16,bfloat16,8,1,2048,16,2,128,128,gqa,,16,inf,0.0,0.0,,20,False,"  File ""/home/scratch.yanxu_gpu/sdpa_sass/fa4venv/lib/python3.12/site-packages/torch/_dynamo/aot_compile.py"", line 19, in <module>
    from torch._dynamo.package import SystemInfo
  File ""/home/scratch.yanxu_gpu/sdpa_sass/fa4venv/lib/python3.12/site-packages/torch/_dynamo/package.py"", line 1267, in <module>
    DynamoCache = DiskDynamoCache(os.path.join(cache_dir(), ""dynamo""))
                                               ^^^^^^^^^^^
  File ""/home/scratch.yanxu_gpu/sdpa_sass/fa4venv/lib/python3.12/site-packages/torch/_dynamo/package.py"", line 1264, in cache_dir
    return cache_dir()
           ^^^^^^^^^^^
  File ""/home/scratch.yanxu_gpu/sdpa_sass/fa4venv/lib/python3.12/site-packages/torch/_inductor/runtime/cache_dir_utils.py"", line 20, in cache_dir
    os.makedirs(cache_dir, exist_ok=True)
  File ""<frozen os>"", line 225, in makedirs
OSError: [Errno 28] No space left on device: '/var/tmp/torchinductor_yanxu'",,,
decode_sweep,llama3.1-tp4,generation,cudnn,bfloat16,bfloat16,32,1,2048,16,2,128,128,gqa,,16,inf,0.0,0.0,,20,False,"  File ""/home/scratch.yanxu_gpu/sdpa_sass/fa4venv/lib/python3.12/site-packages/torch/_dynamo/aot_compile.py"", line 19, in <module>
    from torch._dynamo.package import SystemInfo
  File ""/home/scratch.yanxu_gpu/sdpa_sass/fa4venv/lib/python3.12/site-packages/torch/_dynamo/package.py"", line 1267, in <module>
    DynamoCache = DiskDynamoCache(os.path.join(cache_dir(), ""dynamo""))
                                               ^^^^^^^^^^^
  File ""/home/scratch.yanxu_gpu/sdpa_sass/fa4venv/lib/python3.12/site-packages/torch/_dynamo/package.py"", line 1264, in cache_dir
    return cache_dir()
           ^^^^^^^^^^^
  File ""/home/scratch.yanxu_gpu/sdpa_sass/fa4venv/lib/python3.12/site-packages/torch/_inductor/runtime/cache_dir_utils.py"", line 20, in cache_dir
    os.makedirs(cache_dir, exist_ok=True)
  File ""<frozen os>"", line 225, in makedirs
OSError: [Errno 28] No space left on device: '/var/tmp/torchinductor_yanxu'",,,
decode_sweep,llama3.1-tp4,generation,cudnn,bfloat16,bfloat16,128,1,2048,16,2,128,128,gqa,,16,inf,0.0,0.0,,20,False,"  File ""/home/scratch.yanxu_gpu/sdpa_sass/fa4venv/lib/python3.12/site-packages/torch/_dynamo/aot_compile.py"", line 19, in <module>
    from torch._dynamo.package import SystemInfo
  File ""/home/scratch.yanxu_gpu/sdpa_sass/fa4venv/lib/python3.12/site-packages/torch/_dynamo/package.py"", line 1267, in <module>
    DynamoCache = DiskDynamoCache(os.path.join(cache_dir(), ""dynamo""))
                                               ^^^^^^^^^^^
  File ""/home/scratch.yanxu_gpu/sdpa_sass/fa4venv/lib/python3.12/site-packages/torch/_dynamo/package.py"", line 1264, in cache_dir
    return cache_dir()
           ^^^^^^^^^^^
  File ""/home/scratch.yanxu_gpu/sdpa_sass/fa4venv/lib/python3.12/site-packages/torch/_inductor/runtime/cache_dir_utils.py"", line 20, in cache_dir
    os.makedirs(cache_dir, exist_ok=True)
  File ""<frozen os>"", line 225, in makedirs
OSError: [Errno 28] No space left on device: '/var/tmp/torchinductor_yanxu'",,,
decode_sweep,llama3.1-tp4,generation,cudnn,bfloat16,bfloat16,1,1,8192,16,2,128,128,gqa,,16,inf,0.0,0.0,,20,False,"  File ""/home/scratch.yanxu_gpu/sdpa_sass/fa4venv/lib/python3.12/site-packages/torch/_dynamo/aot_compile.py"", line 19, in <module>
    from torch._dynamo.package import SystemInfo
  File ""/home/scratch.yanxu_gpu/sdpa_sass/fa4venv/lib/python3.12/site-packages/torch/_dynamo/package.py"", line 1267, in <module>
    DynamoCache = DiskDynamoCache(os.path.join(cache_dir(), ""dynamo""))
                                               ^^^^^^^^^^^
  File ""/home/scratch.yanxu_gpu/sdpa_sass/fa4venv/lib/python3.12/site-packages/torch/_dynamo/package.py"", line 1264, in cache_dir
    return cache_dir()
           ^^^^^^^^^^^
  File ""/home/scratch.yanxu_gpu/sdpa_sass/fa4venv/lib/python3.12/site-packages/torch/_inductor/runtime/cache_dir_utils.py"", line 20, in cache_dir
    os.makedirs(cache_dir, exist_ok=True)
  File ""<frozen os>"", line 225, in makedirs
OSError: [Errno 28] No space left on device: '/var/tmp/torchinductor_yanxu'",,,
decode_sweep,llama3.1-tp4,generation,cudnn,bfloat16,bfloat16,8,1,8192,16,2,128,128,gqa,,16,inf,0.0,0.0,,20,False,"  File ""/home/scratch.yanxu_gpu/sdpa_sass/fa4venv/lib/python3.12/site-packages/torch/_dynamo/aot_compile.py"", line 19, in <module>
    from torch._dynamo.package import SystemInfo
  File ""/home/scratch.yanxu_gpu/sdpa_sass/fa4venv/lib/python3.12/site-packages/torch/_dynamo/package.py"", line 1267, in <module>
    DynamoCache = DiskDynamoCache(os.path.join(cache_dir(), ""dynamo""))
                                               ^^^^^^^^^^^
  File ""/home/scratch.yanxu_gpu/sdpa_sass/fa4venv/lib/python3.12/site-packages/torch/_dynamo/package.py"", line 1264, in cache_dir
    return cache_dir()
           ^^^^^^^^^^^
  File ""/home/scratch.yanxu_gpu/sdpa_sass/fa4venv/lib/python3.12/site-packages/torch/_inductor/runtime/cache_dir_utils.py"", line 20, in cache_dir
    os.makedirs(cache_dir, exist_ok=True)
  File ""<frozen os>"", line 225, in makedirs
OSError: [Errno 28] No space left on device: '/var/tmp/torchinductor_yanxu'",,,
decode_sweep,llama3.1-tp4,generation,cudnn,bfloat16,bfloat16,32,1,8192,16,2,128,128,gqa,,16,inf,0.0,0.0,,20,False,"  File ""/home/scratch.yanxu_gpu/sdpa_sass/fa4venv/lib/python3.12/site-packages/torch/_dynamo/aot_compile.py"", line 19, in <module>
    from torch._dynamo.package import SystemInfo
  File ""/home/scratch.yanxu_gpu/sdpa_sass/fa4venv/lib/python3.12/site-packages/torch/_dynamo/package.py"", line 1267, in <module>
    DynamoCache = DiskDynamoCache(os.path.join(cache_dir(), ""dynamo""))
                                               ^^^^^^^^^^^
  File ""/home/scratch.yanxu_gpu/sdpa_sass/fa4venv/lib/python3.12/site-packages/torch/_dynamo/package.py"", line 1264, in cache_dir
    return cache_dir()
           ^^^^^^^^^^^
  File ""/home/scratch.yanxu_gpu/sdpa_sass/fa4venv/lib/python3.12/site-packages/torch/_inductor/runtime/cache_dir_utils.py"", line 20, in cache_dir
    os.makedirs(cache_dir, exist_ok=True)
  File ""<frozen os>"", line 225, in makedirs
OSError: [Errno 28] No space left on device: '/var/tmp/torchinductor_yanxu'",,,
decode_sweep,llama3.1-tp4,generation,cudnn,bfloat16,bfloat16,128,1,8192,16,2,128,128,gqa,,16,inf,0.0,0.0,,20,False,"  File ""/home/scratch.yanxu_gpu/sdpa_sass/fa4venv/lib/python3.12/site-packages/torch/_dynamo/aot_compile.py"", line 19, in <module>
    from torch._dynamo.package import SystemInfo
  File ""/home/scratch.yanxu_gpu/sdpa_sass/fa4venv/lib/python3.12/site-packages/torch/_dynamo/package.py"", line 1267, in <module>
    DynamoCache = DiskDynamoCache(os.path.join(cache_dir(), ""dynamo""))
                                               ^^^^^^^^^^^
  File ""/home/scratch.yanxu_gpu/sdpa_sass/fa4venv/lib/python3.12/site-packages/torch/_dynamo/package.py"", line 1264, in cache_dir
    return cache_dir()
           ^^^^^^^^^^^
  File ""/home/scratch.yanxu_gpu/sdpa_sass/fa4venv/lib/python3.12/site-packages/torch/_inductor/runtime/cache_dir_utils.py"", line 20, in cache_dir
    os.makedirs(cache_dir, exist_ok=True)
  File ""<frozen os>"", line 225, in makedirs
OSError: [Errno 28] No space left on device: '/var/tmp/torchinductor_yanxu'",,,
decode_sweep,llama3.1-tp4,generation,cudnn,bfloat16,bfloat16,1,1,32768,16,2,128,128,gqa,,16,inf,0.0,0.0,,20,False,"  File ""/home/scratch.yanxu_gpu/sdpa_sass/fa4venv/lib/python3.12/site-packages/torch/_dynamo/aot_compile.py"", line 19, in <module>
    from torch._dynamo.package import SystemInfo
  File ""/home/scratch.yanxu_gpu/sdpa_sass/fa4venv/lib/python3.12/site-packages/torch/_dynamo/package.py"", line 1267, in <module>
    DynamoCache = DiskDynamoCache(os.path.join(cache_dir(), ""dynamo""))
                                               ^^^^^^^^^^^
  File ""/home/scratch.yanxu_gpu/sdpa_sass/fa4venv/lib/python3.12/site-packages/torch/_dynamo/package.py"", line 1264, in cache_dir
    return cache_dir()
           ^^^^^^^^^^^
  File ""/home/scratch.yanxu_gpu/sdpa_sass/fa4venv/lib/python3.12/site-packages/torch/_inductor/runtime/cache_dir_utils.py"", line 20, in cache_dir
    os.makedirs(cache_dir, exist_ok=True)
  File ""<frozen os>"", line 225, in makedirs
OSError: [Errno 28] No space left on device: '/var/tmp/torchinductor_yanxu'",,,
decode_sweep,llama3.1-tp4,generation,cudnn,bfloat16,bfloat16,8,1,32768,16,2,128,128,gqa,,16,inf,0.0,0.0,,20,False,"  File ""/home/scratch.yanxu_gpu/sdpa_sass/fa4venv/lib/python3.12/site-packages/torch/_dynamo/aot_compile.py"", line 19, in <module>
    from torch._dynamo.package import SystemInfo
  File ""/home/scratch.yanxu_gpu/sdpa_sass/fa4venv/lib/python3.12/site-packages/torch/_dynamo/package.py"", line 1267, in <module>
    DynamoCache = DiskDynamoCache(os.path.join(cache_dir(), ""dynamo""))
                                               ^^^^^^^^^^^
  File ""/home/scratch.yanxu_gpu/sdpa_sass/fa4venv/lib/python3.12/site-packages/torch/_dynamo/package.py"", line 1264, in cache_dir
    return cache_dir()
           ^^^^^^^^^^^
  File ""/home/scratch.yanxu_gpu/sdpa_sass/fa4venv/lib/python3.12/site-packages/torch/_inductor/runtime/cache_dir_utils.py"", line 20, in cache_dir
    os.makedirs(cache_dir, exist_ok=True)
  File ""<frozen os>"", line 225, in makedirs
OSError: [Errno 28] No space left on device: '/var/tmp/torchinductor_yanxu'",,,
decode_sweep,llama3.1-tp4,generation,cudnn,bfloat16,bfloat16,32,1,32768,16,2,128,128,gqa,,16,inf,0.0,0.0,,20,False,"  File ""/home/scratch.yanxu_gpu/sdpa_sass/fa4venv/lib/python3.12/site-packages/torch/_dynamo/aot_compile.py"", line 19, in <module>
    from torch._dynamo.package import SystemInfo
  File ""/home/scratch.yanxu_gpu/sdpa_sass/fa4venv/lib/python3.12/site-packages/torch/_dynamo/package.py"", line 1267, in <module>
    DynamoCache = DiskDynamoCache(os.path.join(cache_dir(), ""dynamo""))
                                               ^^^^^^^^^^^
  File ""/home/scratch.yanxu_gpu/sdpa_sass/fa4venv/lib/python3.12/site-packages/torch/_dynamo/package.py"", line 1264, in cache_dir
    return cache_dir()
           ^^^^^^^^^^^
  File ""/home/scratch.yanxu_gpu/sdpa_sass/fa4venv/lib/python3.12/site-packages/torch/_inductor/runtime/cache_dir_utils.py"", line 20, in cache_dir
    os.makedirs(cache_dir, exist_ok=True)
  File ""<frozen os>"", line 225, in makedirs
OSError: [Errno 28] No space left on device: '/var/tmp/torchinductor_yanxu'",,,
decode_sweep,llama3.1-tp4,generation,cudnn,bfloat16,bfloat16,128,1,32768,16,2,128,128,gqa,,16,inf,0.0,0.0,,20,False,"  File ""/home/scratch.yanxu_gpu/sdpa_sass/fa4venv/lib/python3.12/site-packages/torch/_dynamo/aot_compile.py"", line 19, in <module>
    from torch._dynamo.package import SystemInfo
  File ""/home/scratch.yanxu_gpu/sdpa_sass/fa4venv/lib/python3.12/site-packages/torch/_dynamo/package.py"", line 1267, in <module>
    DynamoCache = DiskDynamoCache(os.path.join(cache_dir(), ""dynamo""))
                                               ^^^^^^^^^^^
  File ""/home/scratch.yanxu_gpu/sdpa_sass/fa4venv/lib/python3.12/site-packages/torch/_dynamo/package.py"", line 1264, in cache_dir
    return cache_dir()
           ^^^^^^^^^^^
  File ""/home/scratch.yanxu_gpu/sdpa_sass/fa4venv/lib/python3.12/site-packages/torch/_inductor/runtime/cache_dir_utils.py"", line 20, in cache_dir
    os.makedirs(cache_dir, exist_ok=True)
  File ""<frozen os>"", line 225, in makedirs
OSError: [Errno 28] No space left on device: '/var/tmp/torchinductor_yanxu'",,,
decode_sweep,llama3.1-tp4,generation,cudnn,bfloat16,bfloat16,1,1,131072,16,2,128,128,gqa,,16,inf,0.0,0.0,,20,False,"  File ""/home/scratch.yanxu_gpu/sdpa_sass/fa4venv/lib/python3.12/site-packages/torch/_dynamo/aot_compile.py"", line 19, in <module>
    from torch._dynamo.package import SystemInfo
  File ""/home/scratch.yanxu_gpu/sdpa_sass/fa4venv/lib/python3.12/site-packages/torch/_dynamo/package.py"", line 1267, in <module>
    DynamoCache = DiskDynamoCache(os.path.join(cache_dir(), ""dynamo""))
                                               ^^^^^^^^^^^
  File ""/home/scratch.yanxu_gpu/sdpa_sass/fa4venv/lib/python3.12/site-packages/torch/_dynamo/package.py"", line 1264, in cache_dir
    return cache_dir()
           ^^^^^^^^^^^
  File ""/home/scratch.yanxu_gpu/sdpa_sass/fa4venv/lib/python3.12/site-packages/torch/_inductor/runtime/cache_dir_utils.py"", line 20, in cache_dir
    os.makedirs(cache_dir, exist_ok=True)
  File ""<frozen os>"", line 225, in makedirs
OSError: [Errno 28] No space left on device: '/var/tmp/torchinductor_yanxu'",,,
decode_sweep,llama3.1-tp4,generation,cudnn,bfloat16,bfloat16,8,1,131072,16,2,128,128,gqa,,16,0.168513,50.975,6372.252,79.6532,20,True,,NVIDIA B200,cudnn 9.27.0,
decode_sweep,llama3.1-tp4,generation,cudnn,bfloat16,bfloat16,32,1,131072,16,2,128,128,gqa,,16,inf,0.0,0.0,,20,False,"  File ""/home/scratch.yanxu_gpu/sdpa_sass/fa4venv/lib/python3.12/site-packages/torch/_dynamo/aot_compile.py"", line 19, in <module>
    from torch._dynamo.package import SystemInfo
  File ""/home/scratch.yanxu_gpu/sdpa_sass/fa4venv/lib/python3.12/site-packages/torch/_dynamo/package.py"", line 1267, in <module>
    DynamoCache = DiskDynamoCache(os.path.join(cache_dir(), ""dynamo""))
                                               ^^^^^^^^^^^
  File ""/home/scratch.yanxu_gpu/sdpa_sass/fa4venv/lib/python3.12/site-packages/torch/_dynamo/package.py"", line 1264, in cache_dir
    return cache_dir()
           ^^^^^^^^^^^
  File ""/home/scratch.yanxu_gpu/sdpa_sass/fa4venv/lib/python3.12/site-packages/torch/_inductor/runtime/cache_dir_utils.py"", line 20, in cache_dir
    os.makedirs(cache_dir, exist_ok=True)
  File ""<frozen os>"", line 225, in makedirs
OSError: [Errno 28] No space left on device: '/var/tmp/torchinductor_yanxu'",,,
decode_sweep,llama3.1-tp4,generation,cudnn,bfloat16,bfloat16,128,1,131072,16,2,128,128,gqa,,16,inf,0.0,0.0,,20,False,"  File ""/home/scratch.yanxu_gpu/sdpa_sass/fa4venv/lib/python3.12/site-packages/torch/_dynamo/aot_compile.py"", line 19, in <module>
    from torch._dynamo.package import SystemInfo
  File ""/home/scratch.yanxu_gpu/sdpa_sass/fa4venv/lib/python3.12/site-packages/torch/_dynamo/package.py"", line 1267, in <module>
    DynamoCache = DiskDynamoCache(os.path.join(cache_dir(), ""dynamo""))
                                               ^^^^^^^^^^^
  File ""/home/scratch.yanxu_gpu/sdpa_sass/fa4venv/lib/python3.12/site-packages/torch/_dynamo/package.py"", line 1264, in cache_dir
    return cache_dir()
           ^^^^^^^^^^^
  File ""/home/scratch.yanxu_gpu/sdpa_sass/fa4venv/lib/python3.12/site-packages/torch/_inductor/runtime/cache_dir_utils.py"", line 20, in cache_dir
    os.makedirs(cache_dir, exist_ok=True)
  File ""<frozen os>"", line 225, in makedirs
OSError: [Errno 28] No space left on device: '/var/tmp/torchinductor_yanxu'",,,
decode_sweep,llama3.1-tp4,generation,cudnn,bfloat16,bfloat16,1,8,2048,16,2,128,128,gqa,,16,inf,0.0,0.0,,20,False,"  File ""/home/scratch.yanxu_gpu/sdpa_sass/fa4venv/lib/python3.12/site-packages/torch/_dynamo/aot_compile.py"", line 19, in <module>
    from torch._dynamo.package import SystemInfo
  File ""/home/scratch.yanxu_gpu/sdpa_sass/fa4venv/lib/python3.12/site-packages/torch/_dynamo/package.py"", line 1267, in <module>
    DynamoCache = DiskDynamoCache(os.path.join(cache_dir(), ""dynamo""))
                                               ^^^^^^^^^^^
  File ""/home/scratch.yanxu_gpu/sdpa_sass/fa4venv/lib/python3.12/site-packages/torch/_dynamo/package.py"", line 1264, in cache_dir
    return cache_dir()
           ^^^^^^^^^^^
  File ""/home/scratch.yanxu_gpu/sdpa_sass/fa4venv/lib/python3.12/site-packages/torch/_inductor/runtime/cache_dir_utils.py"", line 20, in cache_dir
    os.makedirs(cache_dir, exist_ok=True)
  File ""<frozen os>"", line 225, in makedirs
OSError: [Errno 28] No space left on device: '/var/tmp/torchinductor_yanxu'",,,
decode_sweep,llama3.1-tp4,generation,cudnn,bfloat16,bfloat16,8,8,2048,16,2,128,128,gqa,,16,inf,0.0,0.0,,20,False,"  File ""/home/scratch.yanxu_gpu/sdpa_sass/fa4venv/lib/python3.12/site-packages/torch/_dynamo/aot_compile.py"", line 19, in <module>
    from torch._dynamo.package import SystemInfo
  File ""/home/scratch.yanxu_gpu/sdpa_sass/fa4venv/lib/python3.12/site-packages/torch/_dynamo/package.py"", line 1267, in <module>
    DynamoCache = DiskDynamoCache(os.path.join(cache_dir(), ""dynamo""))
                                               ^^^^^^^^^^^
  File ""/home/scratch.yanxu_gpu/sdpa_sass/fa4venv/lib/python3.12/site-packages/torch/_dynamo/package.py"", line 1264, in cache_dir
    return cache_dir()
           ^^^^^^^^^^^
  File ""/home/scratch.yanxu_gpu/sdpa_sass/fa4venv/lib/python3.12/site-packages/torch/_inductor/runtime/cache_dir_utils.py"", line 20, in cache_dir
    os.makedirs(cache_dir, exist_ok=True)
  File ""<frozen os>"", line 225, in makedirs
OSError: [Errno 28] No space left on device: '/var/tmp/torchinductor_yanxu'",,,
decode_sweep,llama3.1-tp4,generation,cudnn,bfloat16,bfloat16,32,8,2048,16,2,128,128,gqa,,16,inf,0.0,0.0,,20,False,"  File ""/home/scratch.yanxu_gpu/sdpa_sass/fa4venv/lib/python3.12/site-packages/torch/_dynamo/aot_compile.py"", line 19, in <module>
    from torch._dynamo.package import SystemInfo
  File ""/home/scratch.yanxu_gpu/sdpa_sass/fa4venv/lib/python3.12/site-packages/torch/_dynamo/package.py"", line 1267, in <module>
    DynamoCache = DiskDynamoCache(os.path.join(cache_dir(), ""dynamo""))
                                               ^^^^^^^^^^^
  File ""/home/scratch.yanxu_gpu/sdpa_sass/fa4venv/lib/python3.12/site-packages/torch/_dynamo/package.py"", line 1264, in cache_dir
    return cache_dir()
           ^^^^^^^^^^^
  File ""/home/scratch.yanxu_gpu/sdpa_sass/fa4venv/lib/python3.12/site-packages/torch/_inductor/runtime/cache_dir_utils.py"", line 20, in cache_dir
    os.makedirs(cache_dir, exist_ok=True)
  File ""<frozen os>"", line 225, in makedirs
OSError: [Errno 28] No space left on device: '/var/tmp/torchinductor_yanxu'",,,
decode_sweep,llama3.1-tp4,generation,cudnn,bfloat16,bfloat16,128,8,2048,16,2,128,128,gqa,,16,inf,0.0,0.0,,20,False,"  File ""/home/scratch.yanxu_gpu/sdpa_sass/fa4venv/lib/python3.12/site-packages/torch/_dynamo/aot_compile.py"", line 19, in <module>
    from torch._dynamo.package import SystemInfo
  File ""/home/scratch.yanxu_gpu/sdpa_sass/fa4venv/lib/python3.12/site-packages/torch/_dynamo/package.py"", line 1267, in <module>
    DynamoCache = DiskDynamoCache(os.path.join(cache_dir(), ""dynamo""))
                                               ^^^^^^^^^^^
  File ""/home/scratch.yanxu_gpu/sdpa_sass/fa4venv/lib/python3.12/site-packages/torch/_dynamo/package.py"", line 1264, in cache_dir
    return cache_dir()
           ^^^^^^^^^^^
  File ""/home/scratch.yanxu_gpu/sdpa_sass/fa4venv/lib/python3.12/site-packages/torch/_inductor/runtime/cache_dir_utils.py"", line 20, in cache_dir
    os.makedirs(cache_dir, exist_ok=True)
  File ""<frozen os>"", line 225, in makedirs
OSError: [Errno 28] No space left on device: '/var/tmp/torchinductor_yanxu'",,,
decode_sweep,llama3.1-tp4,generation,cudnn,bfloat16,bfloat16,1,8,8192,16,2,128,128,gqa,,16,inf,0.0,0.0,,20,False,"  File ""/home/scratch.yanxu_gpu/sdpa_sass/fa4venv/lib/python3.12/site-packages/torch/_dynamo/aot_compile.py"", line 19, in <module>
    from torch._dynamo.package import SystemInfo
  File ""/home/scratch.yanxu_gpu/sdpa_sass/fa4venv/lib/python3.12/site-packages/torch/_dynamo/package.py"", line 1267, in <module>
    DynamoCache = DiskDynamoCache(os.path.join(cache_dir(), ""dynamo""))
                                               ^^^^^^^^^^^
  File ""/home/scratch.yanxu_gpu/sdpa_sass/fa4venv/lib/python3.12/site-packages/torch/_dynamo/package.py"", line 1264, in cache_dir
    return cache_dir()
           ^^^^^^^^^^^
  File ""/home/scratch.yanxu_gpu/sdpa_sass/fa4venv/lib/python3.12/site-packages/torch/_inductor/runtime/cache_dir_utils.py"", line 20, in cache_dir
    os.makedirs(cache_dir, exist_ok=True)
  File ""<frozen os>"", line 225, in makedirs
OSError: [Errno 28] No space left on device: '/var/tmp/torchinductor_yanxu'",,,
decode_sweep,llama3.1-tp4,generation,cudnn,bfloat16,bfloat16,8,8,8192,16,2,128,128,gqa,,16,inf,0.0,0.0,,20,False,"  File ""/home/scratch.yanxu_gpu/sdpa_sass/fa4venv/lib/python3.12/site-packages/torch/_dynamo/aot_compile.py"", line 19, in <module>
    from torch._dynamo.package import SystemInfo
  File ""/home/scratch.yanxu_gpu/sdpa_sass/fa4venv/lib/python3.12/site-packages/torch/_dynamo/package.py"", line 1267, in <module>
    DynamoCache = DiskDynamoCache(os.path.join(cache_dir(), ""dynamo""))
                                               ^^^^^^^^^^^
  File ""/home/scratch.yanxu_gpu/sdpa_sass/fa4venv/lib/python3.12/site-packages/torch/_dynamo/package.py"", line 1264, in cache_dir
    return cache_dir()
           ^^^^^^^^^^^
  File ""/home/scratch.yanxu_gpu/sdpa_sass/fa4venv/lib/python3.12/site-packages/torch/_inductor/runtime/cache_dir_utils.py"", line 20, in cache_dir
    os.makedirs(cache_dir, exist_ok=True)
  File ""<frozen os>"", line 225, in makedirs
OSError: [Errno 28] No space left on device: '/var/tmp/torchinductor_yanxu'",,,
decode_sweep,llama3.1-tp4,generation,cudnn,bfloat16,bfloat16,32,8,8192,16,2,128,128,gqa,,16,inf,0.0,0.0,,20,False,"  File ""/home/scratch.yanxu_gpu/sdpa_sass/fa4venv/lib/python3.12/site-packages/torch/_dynamo/aot_compile.py"", line 19, in <module>
    from torch._dynamo.package import SystemInfo
  File ""/home/scratch.yanxu_gpu/sdpa_sass/fa4venv/lib/python3.12/site-packages/torch/_dynamo/package.py"", line 1267, in <module>
    DynamoCache = DiskDynamoCache(os.path.join(cache_dir(), ""dynamo""))
                                               ^^^^^^^^^^^
  File ""/home/scratch.yanxu_gpu/sdpa_sass/fa4venv/lib/python3.12/site-packages/torch/_dynamo/package.py"", line 1264, in cache_dir
    return cache_dir()
           ^^^^^^^^^^^
  File ""/home/scratch.yanxu_gpu/sdpa_sass/fa4venv/lib/python3.12/site-packages/torch/_inductor/runtime/cache_dir_utils.py"", line 20, in cache_dir
    os.makedirs(cache_dir, exist_ok=True)
  File ""<frozen os>"", line 225, in makedirs
OSError: [Errno 28] No space left on device: '/var/tmp/torchinductor_yanxu'",,,
decode_sweep,llama3.1-tp4,generation,cudnn,bfloat16,bfloat16,128,8,8192,16,2,128,128,gqa,,16,inf,0.0,0.0,,20,False,"  File ""/home/scratch.yanxu_gpu/sdpa_sass/fa4venv/lib/python3.12/site-packages/torch/_dynamo/aot_compile.py"", line 19, in <module>
    from torch._dynamo.package import SystemInfo
  File ""/home/scratch.yanxu_gpu/sdpa_sass/fa4venv/lib/python3.12/site-packages/torch/_dynamo/package.py"", line 1267, in <module>
    DynamoCache = DiskDynamoCache(os.path.join(cache_dir(), ""dynamo""))
                                               ^^^^^^^^^^^
  File ""/home/scratch.yanxu_gpu/sdpa_sass/fa4venv/lib/python3.12/site-packages/torch/_dynamo/package.py"", line 1264, in cache_dir
    return cache_dir()
           ^^^^^^^^^^^
  File ""/home/scratch.yanxu_gpu/sdpa_sass/fa4venv/lib/python3.12/site-packages/torch/_inductor/runtime/cache_dir_utils.py"", line 20, in cache_dir
    os.makedirs(cache_dir, exist_ok=True)
  File ""<frozen os>"", line 225, in makedirs
OSError: [Errno 28] No space left on device: '/var/tmp/torchinductor_yanxu'",,,
decode_sweep,llama3.1-tp4,generation,cudnn,bfloat16,bfloat16,1,8,32768,16,2,128,128,gqa,,16,inf,0.0,0.0,,20,False,"  File ""/home/scratch.yanxu_gpu/sdpa_sass/fa4venv/lib/python3.12/site-packages/torch/_dynamo/aot_compile.py"", line 19, in <module>
    from torch._dynamo.package import SystemInfo
  File ""/home/scratch.yanxu_gpu/sdpa_sass/fa4venv/lib/python3.12/site-packages/torch/_dynamo/package.py"", line 1267, in <module>
    DynamoCache = DiskDynamoCache(os.path.join(cache_dir(), ""dynamo""))
                                               ^^^^^^^^^^^
  File ""/home/scratch.yanxu_gpu/sdpa_sass/fa4venv/lib/python3.12/site-packages/torch/_dynamo/package.py"", line 1264, in cache_dir
    return cache_dir()
           ^^^^^^^^^^^
  File ""/home/scratch.yanxu_gpu/sdpa_sass/fa4venv/lib/python3.12/site-packages/torch/_inductor/runtime/cache_dir_utils.py"", line 20, in cache_dir
    os.makedirs(cache_dir, exist_ok=True)
  File ""<frozen os>"", line 225, in makedirs
OSError: [Errno 28] No space left on device: '/var/tmp/torchinductor_yanxu'",,,
decode_sweep,llama3.1-tp4,generation,cudnn,bfloat16,bfloat16,8,8,32768,16,2,128,128,gqa,,16,inf,0.0,0.0,,20,False,"  File ""/home/scratch.yanxu_gpu/sdpa_sass/fa4venv/lib/python3.12/site-packages/torch/_dynamo/aot_compile.py"", line 19, in <module>
    from torch._dynamo.package import SystemInfo
  File ""/home/scratch.yanxu_gpu/sdpa_sass/fa4venv/lib/python3.12/site-packages/torch/_dynamo/package.py"", line 1267, in <module>
    DynamoCache = DiskDynamoCache(os.path.join(cache_dir(), ""dynamo""))
                                               ^^^^^^^^^^^
  File ""/home/scratch.yanxu_gpu/sdpa_sass/fa4venv/lib/python3.12/site-packages/torch/_dynamo/package.py"", line 1264, in cache_dir
    return cache_dir()
           ^^^^^^^^^^^
  File ""/home/scratch.yanxu_gpu/sdpa_sass/fa4venv/lib/python3.12/site-packages/torch/_inductor/runtime/cache_dir_utils.py"", line 20, in cache_dir
    os.makedirs(cache_dir, exist_ok=True)
  File ""<frozen os>"", line 225, in makedirs
OSError: [Errno 28] No space left on device: '/var/tmp/torchinductor_yanxu'",,,
decode_sweep,llama3.1-tp4,generation,cudnn,bfloat16,bfloat16,32,8,32768,16,2,128,128,gqa,,16,inf,0.0,0.0,,20,False,"  File ""/home/scratch.yanxu_gpu/sdpa_sass/fa4venv/lib/python3.12/site-packages/torch/_dynamo/aot_compile.py"", line 19, in <module>
    from torch._dynamo.package import SystemInfo
  File ""/home/scratch.yanxu_gpu/sdpa_sass/fa4venv/lib/python3.12/site-packages/torch/_dynamo/package.py"", line 1267, in <module>
    DynamoCache = DiskDynamoCache(os.path.join(cache_dir(), ""dynamo""))
                                               ^^^^^^^^^^^
  File ""/home/scratch.yanxu_gpu/sdpa_sass/fa4venv/lib/python3.12/site-packages/torch/_dynamo/package.py"", line 1264, in cache_dir
    return cache_dir()
           ^^^^^^^^^^^
  File ""/home/scratch.yanxu_gpu/sdpa_sass/fa4venv/lib/python3.12/site-packages/torch/_inductor/runtime/cache_dir_utils.py"", line 20, in cache_dir
    os.makedirs(cache_dir, exist_ok=True)
  File ""<frozen os>"", line 225, in makedirs
OSError: [Errno 28] No space left on device: '/var/tmp/torchinductor_yanxu'",,,
decode_sweep,llama3.1-tp4,generation,cudnn,bfloat16,bfloat16,128,8,32768,16,2,128,128,gqa,,16,inf,0.0,0.0,,20,False,"  File ""/home/scratch.yanxu_gpu/sdpa_sass/fa4venv/lib/python3.12/site-packages/torch/_dynamo/aot_compile.py"", line 19, in <module>
    from torch._dynamo.package import SystemInfo
  File ""/home/scratch.yanxu_gpu/sdpa_sass/fa4venv/lib/python3.12/site-packages/torch/_dynamo/package.py"", line 1267, in <module>
    DynamoCache = DiskDynamoCache(os.path.join(cache_dir(), ""dynamo""))
                                               ^^^^^^^^^^^
  File ""/home/scratch.yanxu_gpu/sdpa_sass/fa4venv/lib/python3.12/site-packages/torch/_dynamo/package.py"", line 1264, in cache_dir
    return cache_dir()
           ^^^^^^^^^^^
  File ""/home/scratch.yanxu_gpu/sdpa_sass/fa4venv/lib/python3.12/site-packages/torch/_inductor/runtime/cache_dir_utils.py"", line 20, in cache_dir
    os.makedirs(cache_dir, exist_ok=True)
  File ""<frozen os>"", line 225, in makedirs
OSError: [Errno 28] No space left on device: '/var/tmp/torchinductor_yanxu'",,,
decode_sweep,llama3.1-tp4,generation,cudnn,bfloat16,bfloat16,1,8,131072,16,2,128,128,gqa,,16,inf,0.0,0.0,,20,False,"  File ""/home/scratch.yanxu_gpu/sdpa_sass/fa4venv/lib/python3.12/site-packages/torch/_dynamo/aot_compile.py"", line 19, in <module>
    from torch._dynamo.package import SystemInfo
  File ""/home/scratch.yanxu_gpu/sdpa_sass/fa4venv/lib/python3.12/site-packages/torch/_dynamo/package.py"", line 1267, in <module>
    DynamoCache = DiskDynamoCache(os.path.join(cache_dir(), ""dynamo""))
                                               ^^^^^^^^^^^
  File ""/home/scratch.yanxu_gpu/sdpa_sass/fa4venv/lib/python3.12/site-packages/torch/_dynamo/package.py"", line 1264, in cache_dir
    return cache_dir()
           ^^^^^^^^^^^
  File ""/home/scratch.yanxu_gpu/sdpa_sass/fa4venv/lib/python3.12/site-packages/torch/_inductor/runtime/cache_dir_utils.py"", line 20, in cache_dir
    os.makedirs(cache_dir, exist_ok=True)
  File ""<frozen os>"", line 225, in makedirs
OSError: [Errno 28] No space left on device: '/var/tmp/torchinductor_yanxu'",,,
decode_sweep,llama3.1-tp4,generation,cudnn,bfloat16,bfloat16,8,8,131072,16,2,128,128,gqa,,16,inf,0.0,0.0,,20,False,"  File ""/home/scratch.yanxu_gpu/sdpa_sass/fa4venv/lib/python3.12/site-packages/torch/_dynamo/aot_compile.py"", line 19, in <module>
    from torch._dynamo.package import SystemInfo
  File ""/home/scratch.yanxu_gpu/sdpa_sass/fa4venv/lib/python3.12/site-packages/torch/_dynamo/package.py"", line 1267, in <module>
    DynamoCache = DiskDynamoCache(os.path.join(cache_dir(), ""dynamo""))
                                               ^^^^^^^^^^^
  File ""/home/scratch.yanxu_gpu/sdpa_sass/fa4venv/lib/python3.12/site-packages/torch/_dynamo/package.py"", line 1264, in cache_dir
    return cache_dir()
           ^^^^^^^^^^^
  File ""/home/scratch.yanxu_gpu/sdpa_sass/fa4venv/lib/python3.12/site-packages/torch/_inductor/runtime/cache_dir_utils.py"", line 20, in cache_dir
    os.makedirs(cache_dir, exist_ok=True)
  File ""<frozen os>"", line 225, in makedirs
OSError: [Errno 28] No space left on device: '/var/tmp/torchinductor_yanxu'",,,
decode_sweep,llama3.1-tp4,generation,cudnn,bfloat16,bfloat16,32,8,131072,16,2,128,128,gqa,,16,inf,0.0,0.0,,20,False,"  File ""/home/scratch.yanxu_gpu/sdpa_sass/fa4venv/lib/python3.12/site-packages/torch/_dynamo/aot_compile.py"", line 19, in <module>
    from torch._dynamo.package import SystemInfo
  File ""/home/scratch.yanxu_gpu/sdpa_sass/fa4venv/lib/python3.12/site-packages/torch/_dynamo/package.py"", line 1267, in <module>
    DynamoCache = DiskDynamoCache(os.path.join(cache_dir(), ""dynamo""))
                                               ^^^^^^^^^^^
  File ""/home/scratch.yanxu_gpu/sdpa_sass/fa4venv/lib/python3.12/site-packages/torch/_dynamo/package.py"", line 1264, in cache_dir
    return cache_dir()
           ^^^^^^^^^^^
  File ""/home/scratch.yanxu_gpu/sdpa_sass/fa4venv/lib/python3.12/site-packages/torch/_inductor/runtime/cache_dir_utils.py"", line 20, in cache_dir
    os.makedirs(cache_dir, exist_ok=True)
  File ""<frozen os>"", line 225, in makedirs
OSError: [Errno 28] No space left on device: '/var/tmp/torchinductor_yanxu'",,,
decode_sweep,llama3.1-tp4,generation,cudnn,bfloat16,bfloat16,128,8,131072,16,2,128,128,gqa,,16,inf,0.0,0.0,,20,False,"  File ""/home/scratch.yanxu_gpu/sdpa_sass/fa4venv/lib/python3.12/site-packages/torch/_dynamo/aot_compile.py"", line 19, in <module>
    from torch._dynamo.package import SystemInfo
  File ""/home/scratch.yanxu_gpu/sdpa_sass/fa4venv/lib/python3.12/site-packages/torch/_dynamo/package.py"", line 1267, in <module>
    DynamoCache = DiskDynamoCache(os.path.join(cache_dir(), ""dynamo""))
                                               ^^^^^^^^^^^
  File ""/home/scratch.yanxu_gpu/sdpa_sass/fa4venv/lib/python3.12/site-packages/torch/_dynamo/package.py"", line 1264, in cache_dir
    return cache_dir()
           ^^^^^^^^^^^
  File ""/home/scratch.yanxu_gpu/sdpa_sass/fa4venv/lib/python3.12/site-packages/torch/_inductor/runtime/cache_dir_utils.py"", line 20, in cache_dir
    os.makedirs(cache_dir, exist_ok=True)
  File ""<frozen os>"", line 225, in makedirs
OSError: [Errno 28] No space left on device: '/var/tmp/torchinductor_yanxu'",,,
decode_sweep,llama3.1-tp4,generation,cudnn,bfloat16,bfloat16,1,16,2048,16,2,128,128,gqa,,16,inf,0.0,0.0,,20,False,"  File ""/home/scratch.yanxu_gpu/sdpa_sass/fa4venv/lib/python3.12/site-packages/torch/_dynamo/aot_compile.py"", line 19, in <module>
    from torch._dynamo.package import SystemInfo
  File ""/home/scratch.yanxu_gpu/sdpa_sass/fa4venv/lib/python3.12/site-packages/torch/_dynamo/package.py"", line 1267, in <module>
    DynamoCache = DiskDynamoCache(os.path.join(cache_dir(), ""dynamo""))
                                               ^^^^^^^^^^^
  File ""/home/scratch.yanxu_gpu/sdpa_sass/fa4venv/lib/python3.12/site-packages/torch/_dynamo/package.py"", line 1264, in cache_dir
    return cache_dir()
           ^^^^^^^^^^^
  File ""/home/scratch.yanxu_gpu/sdpa_sass/fa4venv/lib/python3.12/site-packages/torch/_inductor/runtime/cache_dir_utils.py"", line 20, in cache_dir
    os.makedirs(cache_dir, exist_ok=True)
  File ""<frozen os>"", line 225, in makedirs
OSError: [Errno 28] No space left on device: '/var/tmp/torchinductor_yanxu'",,,
decode_sweep,llama3.1-tp4,generation,cudnn,bfloat16,bfloat16,8,16,2048,16,2,128,128,gqa,,16,inf,0.0,0.0,,20,False,"  File ""/home/scratch.yanxu_gpu/sdpa_sass/fa4venv/lib/python3.12/site-packages/torch/_dynamo/aot_compile.py"", line 19, in <module>
    from torch._dynamo.package import SystemInfo
  File ""/home/scratch.yanxu_gpu/sdpa_sass/fa4venv/lib/python3.12/site-packages/torch/_dynamo/package.py"", line 1267, in <module>
    DynamoCache = DiskDynamoCache(os.path.join(cache_dir(), ""dynamo""))
                                               ^^^^^^^^^^^
  File ""/home/scratch.yanxu_gpu/sdpa_sass/fa4venv/lib/python3.12/site-packages/torch/_dynamo/package.py"", line 1264, in cache_dir
    return cache_dir()
           ^^^^^^^^^^^
  File ""/home/scratch.yanxu_gpu/sdpa_sass/fa4venv/lib/python3.12/site-packages/torch/_inductor/runtime/cache_dir_utils.py"", line 20, in cache_dir
    os.makedirs(cache_dir, exist_ok=True)
  File ""<frozen os>"", line 225, in makedirs
OSError: [Errno 28] No space left on device: '/var/tmp/torchinductor_yanxu'",,,
decode_sweep,llama3.1-tp4,generation,cudnn,bfloat16,bfloat16,32,16,2048,16,2,128,128,gqa,,16,inf,0.0,0.0,,20,False,"  File ""/home/scratch.yanxu_gpu/sdpa_sass/fa4venv/lib/python3.12/site-packages/torch/_dynamo/aot_compile.py"", line 19, in <module>
    from torch._dynamo.package import SystemInfo
  File ""/home/scratch.yanxu_gpu/sdpa_sass/fa4venv/lib/python3.12/site-packages/torch/_dynamo/package.py"", line 1267, in <module>
    DynamoCache = DiskDynamoCache(os.path.join(cache_dir(), ""dynamo""))
                                               ^^^^^^^^^^^
  File ""/home/scratch.yanxu_gpu/sdpa_sass/fa4venv/lib/python3.12/site-packages/torch/_dynamo/package.py"", line 1264, in cache_dir
    return cache_dir()
           ^^^^^^^^^^^
  File ""/home/scratch.yanxu_gpu/sdpa_sass/fa4venv/lib/python3.12/site-packages/torch/_inductor/runtime/cache_dir_utils.py"", line 20, in cache_dir
    os.makedirs(cache_dir, exist_ok=True)
  File ""<frozen os>"", line 225, in makedirs
OSError: [Errno 28] No space left on device: '/var/tmp/torchinductor_yanxu'",,,
decode_sweep,llama3.1-tp4,generation,cudnn,bfloat16,bfloat16,128,16,2048,16,2,128,128,gqa,,16,inf,0.0,0.0,,20,False,"  File ""/home/scratch.yanxu_gpu/sdpa_sass/fa4venv/lib/python3.12/site-packages/torch/_dynamo/aot_compile.py"", line 19, in <module>
    from torch._dynamo.package import SystemInfo
  File ""/home/scratch.yanxu_gpu/sdpa_sass/fa4venv/lib/python3.12/site-packages/torch/_dynamo/package.py"", line 1267, in <module>
    DynamoCache = DiskDynamoCache(os.path.join(cache_dir(), ""dynamo""))
                                               ^^^^^^^^^^^
  File ""/home/scratch.yanxu_gpu/sdpa_sass/fa4venv/lib/python3.12/site-packages/torch/_dynamo/package.py"", line 1264, in cache_dir
    return cache_dir()
           ^^^^^^^^^^^
  File ""/home/scratch.yanxu_gpu/sdpa_sass/fa4venv/lib/python3.12/site-packages/torch/_inductor/runtime/cache_dir_utils.py"", line 20, in cache_dir
    os.makedirs(cache_dir, exist_ok=True)
  File ""<frozen os>"", line 225, in makedirs
OSError: [Errno 28] No space left on device: '/var/tmp/torchinductor_yanxu'",,,
decode_sweep,llama3.1-tp4,generation,cudnn,bfloat16,bfloat16,1,16,8192,16,2,128,128,gqa,,16,inf,0.0,0.0,,20,False,"  File ""/home/scratch.yanxu_gpu/sdpa_sass/fa4venv/lib/python3.12/site-packages/torch/_dynamo/aot_compile.py"", line 19, in <module>
    from torch._dynamo.package import SystemInfo
  File ""/home/scratch.yanxu_gpu/sdpa_sass/fa4venv/lib/python3.12/site-packages/torch/_dynamo/package.py"", line 1267, in <module>
    DynamoCache = DiskDynamoCache(os.path.join(cache_dir(), ""dynamo""))
                                               ^^^^^^^^^^^
  File ""/home/scratch.yanxu_gpu/sdpa_sass/fa4venv/lib/python3.12/site-packages/torch/_dynamo/package.py"", line 1264, in cache_dir
    return cache_dir()
           ^^^^^^^^^^^
  File ""/home/scratch.yanxu_gpu/sdpa_sass/fa4venv/lib/python3.12/site-packages/torch/_inductor/runtime/cache_dir_utils.py"", line 20, in cache_dir
    os.makedirs(cache_dir, exist_ok=True)
  File ""<frozen os>"", line 225, in makedirs
OSError: [Errno 28] No space left on device: '/var/tmp/torchinductor_yanxu'",,,
decode_sweep,llama3.1-tp4,generation,cudnn,bfloat16,bfloat16,8,16,8192,16,2,128,128,gqa,,16,inf,0.0,0.0,,20,False,"  File ""/home/scratch.yanxu_gpu/sdpa_sass/fa4venv/lib/python3.12/site-packages/torch/_dynamo/aot_compile.py"", line 19, in <module>
    from torch._dynamo.package import SystemInfo
  File ""/home/scratch.yanxu_gpu/sdpa_sass/fa4venv/lib/python3.12/site-packages/torch/_dynamo/package.py"", line 1267, in <module>
    DynamoCache = DiskDynamoCache(os.path.join(cache_dir(), ""dynamo""))
                                               ^^^^^^^^^^^
  File ""/home/scratch.yanxu_gpu/sdpa_sass/fa4venv/lib/python3.12/site-packages/torch/_dynamo/package.py"", line 1264, in cache_dir
    return cache_dir()
           ^^^^^^^^^^^
  File ""/home/scratch.yanxu_gpu/sdpa_sass/fa4venv/lib/python3.12/site-packages/torch/_inductor/runtime/cache_dir_utils.py"", line 20, in cache_dir
    os.makedirs(cache_dir, exist_ok=True)
  File ""<frozen os>"", line 225, in makedirs
OSError: [Errno 28] No space left on device: '/var/tmp/torchinductor_yanxu'",,,
decode_sweep,llama3.1-tp4,generation,cudnn,bfloat16,bfloat16,32,16,8192,16,2,128,128,gqa,,16,inf,0.0,0.0,,20,False,"  File ""/home/scratch.yanxu_gpu/sdpa_sass/fa4venv/lib/python3.12/site-packages/torch/_dynamo/aot_compile.py"", line 19, in <module>
    from torch._dynamo.package import SystemInfo
  File ""/home/scratch.yanxu_gpu/sdpa_sass/fa4venv/lib/python3.12/site-packages/torch/_dynamo/package.py"", line 1267, in <module>
    DynamoCache = DiskDynamoCache(os.path.join(cache_dir(), ""dynamo""))
                                               ^^^^^^^^^^^
  File ""/home/scratch.yanxu_gpu/sdpa_sass/fa4venv/lib/python3.12/site-packages/torch/_dynamo/package.py"", line 1264, in cache_dir
    return cache_dir()
           ^^^^^^^^^^^
  File ""/home/scratch.yanxu_gpu/sdpa_sass/fa4venv/lib/python3.12/site-packages/torch/_inductor/runtime/cache_dir_utils.py"", line 20, in cache_dir
    os.makedirs(cache_dir, exist_ok=True)
  File ""<frozen os>"", line 225, in makedirs
OSError: [Errno 28] No space left on device: '/var/tmp/torchinductor_yanxu'",,,
decode_sweep,llama3.1-tp4,generation,cudnn,bfloat16,bfloat16,128,16,8192,16,2,128,128,gqa,,16,inf,0.0,0.0,,20,False,"  File ""/home/scratch.yanxu_gpu/sdpa_sass/fa4venv/lib/python3.12/site-packages/torch/_dynamo/aot_compile.py"", line 19, in <module>
    from torch._dynamo.package import SystemInfo
  File ""/home/scratch.yanxu_gpu/sdpa_sass/fa4venv/lib/python3.12/site-packages/torch/_dynamo/package.py"", line 1267, in <module>
    DynamoCache = DiskDynamoCache(os.path.join(cache_dir(), ""dynamo""))
                                               ^^^^^^^^^^^
  File ""/home/scratch.yanxu_gpu/sdpa_sass/fa4venv/lib/python3.12/site-packages/torch/_dynamo/package.py"", line 1264, in cache_dir
    return cache_dir()
           ^^^^^^^^^^^
  File ""/home/scratch.yanxu_gpu/sdpa_sass/fa4venv/lib/python3.12/site-packages/torch/_inductor/runtime/cache_dir_utils.py"", line 20, in cache_dir
    os.makedirs(cache_dir, exist_ok=True)
  File ""<frozen os>"", line 225, in makedirs
OSError: [Errno 28] No space left on device: '/var/tmp/torchinductor_yanxu'",,,
decode_sweep,llama3.1-tp4,generation,cudnn,bfloat16,bfloat16,1,16,32768,16,2,128,128,gqa,,16,inf,0.0,0.0,,20,False,"  File ""/home/scratch.yanxu_gpu/sdpa_sass/fa4venv/lib/python3.12/site-packages/torch/_dynamo/aot_compile.py"", line 19, in <module>
    from torch._dynamo.package import SystemInfo
  File ""/home/scratch.yanxu_gpu/sdpa_sass/fa4venv/lib/python3.12/site-packages/torch/_dynamo/package.py"", line 1267, in <module>
    DynamoCache = DiskDynamoCache(os.path.join(cache_dir(), ""dynamo""))
                                               ^^^^^^^^^^^
  File ""/home/scratch.yanxu_gpu/sdpa_sass/fa4venv/lib/python3.12/site-packages/torch/_dynamo/package.py"", line 1264, in cache_dir
    return cache_dir()
           ^^^^^^^^^^^
  File ""/home/scratch.yanxu_gpu/sdpa_sass/fa4venv/lib/python3.12/site-packages/torch/_inductor/runtime/cache_dir_utils.py"", line 20, in cache_dir
    os.makedirs(cache_dir, exist_ok=True)
  File ""<frozen os>"", line 225, in makedirs
OSError: [Errno 28] No space left on device: '/var/tmp/torchinductor_yanxu'",,,
decode_sweep,llama3.1-tp4,generation,cudnn,bfloat16,bfloat16,8,16,32768,16,2,128,128,gqa,,16,inf,0.0,0.0,,20,False,"  File ""/home/scratch.yanxu_gpu/sdpa_sass/fa4venv/lib/python3.12/site-packages/torch/_dynamo/aot_compile.py"", line 19, in <module>
    from torch._dynamo.package import SystemInfo
  File ""/home/scratch.yanxu_gpu/sdpa_sass/fa4venv/lib/python3.12/site-packages/torch/_dynamo/package.py"", line 1267, in <module>
    DynamoCache = DiskDynamoCache(os.path.join(cache_dir(), ""dynamo""))
                                               ^^^^^^^^^^^
  File ""/home/scratch.yanxu_gpu/sdpa_sass/fa4venv/lib/python3.12/site-packages/torch/_dynamo/package.py"", line 1264, in cache_dir
    return cache_dir()
           ^^^^^^^^^^^
  File ""/home/scratch.yanxu_gpu/sdpa_sass/fa4venv/lib/python3.12/site-packages/torch/_inductor/runtime/cache_dir_utils.py"", line 20, in cache_dir
    os.makedirs(cache_dir, exist_ok=True)
  File ""<frozen os>"", line 225, in makedirs
OSError: [Errno 28] No space left on device: '/var/tmp/torchinductor_yanxu'",,,
decode_sweep,llama3.1-tp4,generation,cudnn,bfloat16,bfloat16,32,16,32768,16,2,128,128,gqa,,16,inf,0.0,0.0,,20,False,"  File ""/home/scratch.yanxu_gpu/sdpa_sass/fa4venv/lib/python3.12/site-packages/torch/_dynamo/aot_compile.py"", line 19, in <module>
    from torch._dynamo.package import SystemInfo
  File ""/home/scratch.yanxu_gpu/sdpa_sass/fa4venv/lib/python3.12/site-packages/torch/_dynamo/package.py"", line 1267, in <module>
    DynamoCache = DiskDynamoCache(os.path.join(cache_dir(), ""dynamo""))
                                               ^^^^^^^^^^^
  File ""/home/scratch.yanxu_gpu/sdpa_sass/fa4venv/lib/python3.12/site-packages/torch/_dynamo/package.py"", line 1264, in cache_dir
    return cache_dir()
           ^^^^^^^^^^^
  File ""/home/scratch.yanxu_gpu/sdpa_sass/fa4venv/lib/python3.12/site-packages/torch/_inductor/runtime/cache_dir_utils.py"", line 20, in cache_dir
    os.makedirs(cache_dir, exist_ok=True)
  File ""<frozen os>"", line 225, in makedirs
OSError: [Errno 28] No space left on device: '/var/tmp/torchinductor_yanxu'",,,
decode_sweep,llama3.1-tp4,generation,cudnn,bfloat16,bfloat16,128,16,32768,16,2,128,128,gqa,,16,inf,0.0,0.0,,20,False,"  File ""/home/scratch.yanxu_gpu/sdpa_sass/fa4venv/lib/python3.12/site-packages/torch/_dynamo/aot_compile.py"", line 19, in <module>
    from torch._dynamo.package import SystemInfo
  File ""/home/scratch.yanxu_gpu/sdpa_sass/fa4venv/lib/python3.12/site-packages/torch/_dynamo/package.py"", line 1267, in <module>
    DynamoCache = DiskDynamoCache(os.path.join(cache_dir(), ""dynamo""))
                                               ^^^^^^^^^^^
  File ""/home/scratch.yanxu_gpu/sdpa_sass/fa4venv/lib/python3.12/site-packages/torch/_dynamo/package.py"", line 1264, in cache_dir
    return cache_dir()
           ^^^^^^^^^^^
  File ""/home/scratch.yanxu_gpu/sdpa_sass/fa4venv/lib/python3.12/site-packages/torch/_inductor/runtime/cache_dir_utils.py"", line 20, in cache_dir
    os.makedirs(cache_dir, exist_ok=True)
  File ""<frozen os>"", line 225, in makedirs
OSError: [Errno 28] No space left on device: '/var/tmp/torchinductor_yanxu'",,,
decode_sweep,llama3.1-tp4,generation,cudnn,bfloat16,bfloat16,1,16,131072,16,2,128,128,gqa,,16,inf,0.0,0.0,,20,False,"  File ""/home/scratch.yanxu_gpu/sdpa_sass/fa4venv/lib/python3.12/site-packages/torch/_dynamo/aot_compile.py"", line 19, in <module>
    from torch._dynamo.package import SystemInfo
  File ""/home/scratch.yanxu_gpu/sdpa_sass/fa4venv/lib/python3.12/site-packages/torch/_dynamo/package.py"", line 1267, in <module>
    DynamoCache = DiskDynamoCache(os.path.join(cache_dir(), ""dynamo""))
                                               ^^^^^^^^^^^
  File ""/home/scratch.yanxu_gpu/sdpa_sass/fa4venv/lib/python3.12/site-packages/torch/_dynamo/package.py"", line 1264, in cache_dir
    return cache_dir()
           ^^^^^^^^^^^
  File ""/home/scratch.yanxu_gpu/sdpa_sass/fa4venv/lib/python3.12/site-packages/torch/_inductor/runtime/cache_dir_utils.py"", line 20, in cache_dir
    os.makedirs(cache_dir, exist_ok=True)
  File ""<frozen os>"", line 225, in makedirs
OSError: [Errno 28] No space left on device: '/var/tmp/torchinductor_yanxu'",,,
decode_sweep,llama3.1-tp4,generation,cudnn,bfloat16,bfloat16,8,16,131072,16,2,128,128,gqa,,16,inf,0.0,0.0,,20,False,"  File ""/home/scratch.yanxu_gpu/sdpa_sass/fa4venv/lib/python3.12/site-packages/torch/_dynamo/aot_compile.py"", line 19, in <module>
    from torch._dynamo.package import SystemInfo
  File ""/home/scratch.yanxu_gpu/sdpa_sass/fa4venv/lib/python3.12/site-packages/torch/_dynamo/package.py"", line 1267, in <module>
    DynamoCache = DiskDynamoCache(os.path.join(cache_dir(), ""dynamo""))
                                               ^^^^^^^^^^^
  File ""/home/scratch.yanxu_gpu/sdpa_sass/fa4venv/lib/python3.12/site-packages/torch/_dynamo/package.py"", line 1264, in cache_dir
    return cache_dir()
           ^^^^^^^^^^^
  File ""/home/scratch.yanxu_gpu/sdpa_sass/fa4venv/lib/python3.12/site-packages/torch/_inductor/runtime/cache_dir_utils.py"", line 20, in cache_dir
    os.makedirs(cache_dir, exist_ok=True)
  File ""<frozen os>"", line 225, in makedirs
OSError: [Errno 28] No space left on device: '/var/tmp/torchinductor_yanxu'",,,
decode_sweep,llama3.1-tp4,generation,cudnn,bfloat16,bfloat16,32,16,131072,16,2,128,128,gqa,,16,inf,0.0,0.0,,20,False,"  File ""/home/scratch.yanxu_gpu/sdpa_sass/fa4venv/lib/python3.12/site-packages/torch/_dynamo/aot_compile.py"", line 19, in <module>
    from torch._dynamo.package import SystemInfo
  File ""/home/scratch.yanxu_gpu/sdpa_sass/fa4venv/lib/python3.12/site-packages/torch/_dynamo/package.py"", line 1267, in <module>
    DynamoCache = DiskDynamoCache(os.path.join(cache_dir(), ""dynamo""))
                                               ^^^^^^^^^^^
  File ""/home/scratch.yanxu_gpu/sdpa_sass/fa4venv/lib/python3.12/site-packages/torch/_dynamo/package.py"", line 1264, in cache_dir
    return cache_dir()
           ^^^^^^^^^^^
  File ""/home/scratch.yanxu_gpu/sdpa_sass/fa4venv/lib/python3.12/site-packages/torch/_inductor/runtime/cache_dir_utils.py"", line 20, in cache_dir
    os.makedirs(cache_dir, exist_ok=True)
  File ""<frozen os>"", line 225, in makedirs
OSError: [Errno 28] No space left on device: '/var/tmp/torchinductor_yanxu'",,,
decode_sweep,llama3.1-tp4,generation,cudnn,bfloat16,bfloat16,128,16,131072,16,2,128,128,gqa,,16,inf,0.0,0.0,,20,False,"  File ""/home/scratch.yanxu_gpu/sdpa_sass/fa4venv/lib/python3.12/site-packages/torch/_dynamo/aot_compile.py"", line 19, in <module>
    from torch._dynamo.package import SystemInfo
  File ""/home/scratch.yanxu_gpu/sdpa_sass/fa4venv/lib/python3.12/site-packages/torch/_dynamo/package.py"", line 1267, in <module>
    DynamoCache = DiskDynamoCache(os.path.join(cache_dir(), ""dynamo""))
                                               ^^^^^^^^^^^
  File ""/home/scratch.yanxu_gpu/sdpa_sass/fa4venv/lib/python3.12/site-packages/torch/_dynamo/package.py"", line 1264, in cache_dir
    return cache_dir()
           ^^^^^^^^^^^
  File ""/home/scratch.yanxu_gpu/sdpa_sass/fa4venv/lib/python3.12/site-packages/torch/_inductor/runtime/cache_dir_utils.py"", line 20, in cache_dir
    os.makedirs(cache_dir, exist_ok=True)
  File ""<frozen os>"", line 225, in makedirs
OSError: [Errno 28] No space left on device: '/var/tmp/torchinductor_yanxu'",,,
decode_sweep,llama3.1-tp4,generation,cudnn_oss,bfloat16,bfloat16,1,1,2048,16,2,128,128,gqa,,16,inf,0.0,0.0,,20,False,"  File ""/home/scratch.yanxu_gpu/sdpa_sass/fa4venv/lib/python3.12/site-packages/torch/_dynamo/aot_compile.py"", line 19, in <module>
    from torch._dynamo.package import SystemInfo
  File ""/home/scratch.yanxu_gpu/sdpa_sass/fa4venv/lib/python3.12/site-packages/torch/_dynamo/package.py"", line 1267, in <module>
    DynamoCache = DiskDynamoCache(os.path.join(cache_dir(), ""dynamo""))
                                               ^^^^^^^^^^^
  File ""/home/scratch.yanxu_gpu/sdpa_sass/fa4venv/lib/python3.12/site-packages/torch/_dynamo/package.py"", line 1264, in cache_dir
    return cache_dir()
           ^^^^^^^^^^^
  File ""/home/scratch.yanxu_gpu/sdpa_sass/fa4venv/lib/python3.12/site-packages/torch/_inductor/runtime/cache_dir_utils.py"", line 20, in cache_dir
    os.makedirs(cache_dir, exist_ok=True)
  File ""<frozen os>"", line 225, in makedirs
OSError: [Errno 28] No space left on device: '/var/tmp/torchinductor_yanxu'",,,
decode_sweep,llama3.1-tp4,generation,cudnn_oss,bfloat16,bfloat16,8,1,2048,16,2,128,128,gqa,,16,inf,0.0,0.0,,20,False,"  File ""/home/scratch.yanxu_gpu/sdpa_sass/fa4venv/lib/python3.12/site-packages/torch/_dynamo/aot_compile.py"", line 19, in <module>
    from torch._dynamo.package import SystemInfo
  File ""/home/scratch.yanxu_gpu/sdpa_sass/fa4venv/lib/python3.12/site-packages/torch/_dynamo/package.py"", line 1267, in <module>
    DynamoCache = DiskDynamoCache(os.path.join(cache_dir(), ""dynamo""))
                                               ^^^^^^^^^^^
  File ""/home/scratch.yanxu_gpu/sdpa_sass/fa4venv/lib/python3.12/site-packages/torch/_dynamo/package.py"", line 1264, in cache_dir
    return cache_dir()
           ^^^^^^^^^^^
  File ""/home/scratch.yanxu_gpu/sdpa_sass/fa4venv/lib/python3.12/site-packages/torch/_inductor/runtime/cache_dir_utils.py"", line 20, in cache_dir
    os.makedirs(cache_dir, exist_ok=True)
  File ""<frozen os>"", line 225, in makedirs
OSError: [Errno 28] No space left on device: '/var/tmp/torchinductor_yanxu'",,,
decode_sweep,llama3.1-tp4,generation,cudnn_oss,bfloat16,bfloat16,32,1,2048,16,2,128,128,gqa,,16,inf,0.0,0.0,,20,False,"  File ""/home/scratch.yanxu_gpu/sdpa_sass/fa4venv/lib/python3.12/site-packages/torch/_dynamo/aot_compile.py"", line 19, in <module>
    from torch._dynamo.package import SystemInfo
  File ""/home/scratch.yanxu_gpu/sdpa_sass/fa4venv/lib/python3.12/site-packages/torch/_dynamo/package.py"", line 1267, in <module>
    DynamoCache = DiskDynamoCache(os.path.join(cache_dir(), ""dynamo""))
                                               ^^^^^^^^^^^
  File ""/home/scratch.yanxu_gpu/sdpa_sass/fa4venv/lib/python3.12/site-packages/torch/_dynamo/package.py"", line 1264, in cache_dir
    return cache_dir()
           ^^^^^^^^^^^
  File ""/home/scratch.yanxu_gpu/sdpa_sass/fa4venv/lib/python3.12/site-packages/torch/_inductor/runtime/cache_dir_utils.py"", line 20, in cache_dir
    os.makedirs(cache_dir, exist_ok=True)
  File ""<frozen os>"", line 225, in makedirs
OSError: [Errno 28] No space left on device: '/var/tmp/torchinductor_yanxu'",,,
decode_sweep,llama3.1-tp4,generation,cudnn_oss,bfloat16,bfloat16,128,1,2048,16,2,128,128,gqa,,16,inf,0.0,0.0,,20,False,"  File ""/home/scratch.yanxu_gpu/sdpa_sass/fa4venv/lib/python3.12/site-packages/torch/_dynamo/aot_compile.py"", line 19, in <module>
    from torch._dynamo.package import SystemInfo
  File ""/home/scratch.yanxu_gpu/sdpa_sass/fa4venv/lib/python3.12/site-packages/torch/_dynamo/package.py"", line 1267, in <module>
    DynamoCache = DiskDynamoCache(os.path.join(cache_dir(), ""dynamo""))
                                               ^^^^^^^^^^^
  File ""/home/scratch.yanxu_gpu/sdpa_sass/fa4venv/lib/python3.12/site-packages/torch/_dynamo/package.py"", line 1264, in cache_dir
    return cache_dir()
           ^^^^^^^^^^^
  File ""/home/scratch.yanxu_gpu/sdpa_sass/fa4venv/lib/python3.12/site-packages/torch/_inductor/runtime/cache_dir_utils.py"", line 20, in cache_dir
    os.makedirs(cache_dir, exist_ok=True)
  File ""<frozen os>"", line 225, in makedirs
OSError: [Errno 28] No space left on device: '/var/tmp/torchinductor_yanxu'",,,
decode_sweep,llama3.1-tp4,generation,cudnn_oss,bfloat16,bfloat16,1,1,8192,16,2,128,128,gqa,,16,inf,0.0,0.0,,20,False,"  File ""/home/scratch.yanxu_gpu/sdpa_sass/fa4venv/lib/python3.12/site-packages/torch/_dynamo/aot_compile.py"", line 19, in <module>
    from torch._dynamo.package import SystemInfo
  File ""/home/scratch.yanxu_gpu/sdpa_sass/fa4venv/lib/python3.12/site-packages/torch/_dynamo/package.py"", line 1267, in <module>
    DynamoCache = DiskDynamoCache(os.path.join(cache_dir(), ""dynamo""))
                                               ^^^^^^^^^^^
  File ""/home/scratch.yanxu_gpu/sdpa_sass/fa4venv/lib/python3.12/site-packages/torch/_dynamo/package.py"", line 1264, in cache_dir
    return cache_dir()
           ^^^^^^^^^^^
  File ""/home/scratch.yanxu_gpu/sdpa_sass/fa4venv/lib/python3.12/site-packages/torch/_inductor/runtime/cache_dir_utils.py"", line 20, in cache_dir
    os.makedirs(cache_dir, exist_ok=True)
  File ""<frozen os>"", line 225, in makedirs
OSError: [Errno 28] No space left on device: '/var/tmp/torchinductor_yanxu'",,,
decode_sweep,llama3.1-tp4,generation,cudnn_oss,bfloat16,bfloat16,8,1,8192,16,2,128,128,gqa,,16,inf,0.0,0.0,,20,False,"  File ""/home/scratch.yanxu_gpu/sdpa_sass/fa4venv/lib/python3.12/site-packages/torch/_dynamo/aot_compile.py"", line 19, in <module>
    from torch._dynamo.package import SystemInfo
  File ""/home/scratch.yanxu_gpu/sdpa_sass/fa4venv/lib/python3.12/site-packages/torch/_dynamo/package.py"", line 1267, in <module>
    DynamoCache = DiskDynamoCache(os.path.join(cache_dir(), ""dynamo""))
                                               ^^^^^^^^^^^
  File ""/home/scratch.yanxu_gpu/sdpa_sass/fa4venv/lib/python3.12/site-packages/torch/_dynamo/package.py"", line 1264, in cache_dir
    return cache_dir()
           ^^^^^^^^^^^
  File ""/home/scratch.yanxu_gpu/sdpa_sass/fa4venv/lib/python3.12/site-packages/torch/_inductor/runtime/cache_dir_utils.py"", line 20, in cache_dir
    os.makedirs(cache_dir, exist_ok=True)
  File ""<frozen os>"", line 225, in makedirs
OSError: [Errno 28] No space left on device: '/var/tmp/torchinductor_yanxu'",,,
decode_sweep,llama3.1-tp4,generation,cudnn_oss,bfloat16,bfloat16,32,1,8192,16,2,128,128,gqa,,16,inf,0.0,0.0,,20,False,"  File ""/home/scratch.yanxu_gpu/sdpa_sass/fa4venv/lib/python3.12/site-packages/torch/_dynamo/aot_compile.py"", line 19, in <module>
    from torch._dynamo.package import SystemInfo
  File ""/home/scratch.yanxu_gpu/sdpa_sass/fa4venv/lib/python3.12/site-packages/torch/_dynamo/package.py"", line 1267, in <module>
    DynamoCache = DiskDynamoCache(os.path.join(cache_dir(), ""dynamo""))
                                               ^^^^^^^^^^^
  File ""/home/scratch.yanxu_gpu/sdpa_sass/fa4venv/lib/python3.12/site-packages/torch/_dynamo/package.py"", line 1264, in cache_dir
    return cache_dir()
           ^^^^^^^^^^^
  File ""/home/scratch.yanxu_gpu/sdpa_sass/fa4venv/lib/python3.12/site-packages/torch/_inductor/runtime/cache_dir_utils.py"", line 20, in cache_dir
    os.makedirs(cache_dir, exist_ok=True)
  File ""<frozen os>"", line 225, in makedirs
OSError: [Errno 28] No space left on device: '/var/tmp/torchinductor_yanxu'",,,
decode_sweep,llama3.1-tp4,generation,cudnn_oss,bfloat16,bfloat16,128,1,8192,16,2,128,128,gqa,,16,inf,0.0,0.0,,20,False,"  File ""/home/scratch.yanxu_gpu/sdpa_sass/fa4venv/lib/python3.12/site-packages/torch/_dynamo/aot_compile.py"", line 19, in <module>
    from torch._dynamo.package import SystemInfo
  File ""/home/scratch.yanxu_gpu/sdpa_sass/fa4venv/lib/python3.12/site-packages/torch/_dynamo/package.py"", line 1267, in <module>
    DynamoCache = DiskDynamoCache(os.path.join(cache_dir(), ""dynamo""))
                                               ^^^^^^^^^^^
  File ""/home/scratch.yanxu_gpu/sdpa_sass/fa4venv/lib/python3.12/site-packages/torch/_dynamo/package.py"", line 1264, in cache_dir
    return cache_dir()
           ^^^^^^^^^^^
  File ""/home/scratch.yanxu_gpu/sdpa_sass/fa4venv/lib/python3.12/site-packages/torch/_inductor/runtime/cache_dir_utils.py"", line 20, in cache_dir
    os.makedirs(cache_dir, exist_ok=True)
  File ""<frozen os>"", line 225, in makedirs
OSError: [Errno 28] No space left on device: '/var/tmp/torchinductor_yanxu'",,,
decode_sweep,llama3.1-tp4,generation,cudnn_oss,bfloat16,bfloat16,1,1,32768,16,2,128,128,gqa,,16,inf,0.0,0.0,,20,False,"  File ""/home/scratch.yanxu_gpu/sdpa_sass/fa4venv/lib/python3.12/site-packages/torch/_dynamo/aot_compile.py"", line 19, in <module>
    from torch._dynamo.package import SystemInfo
  File ""/home/scratch.yanxu_gpu/sdpa_sass/fa4venv/lib/python3.12/site-packages/torch/_dynamo/package.py"", line 1267, in <module>
    DynamoCache = DiskDynamoCache(os.path.join(cache_dir(), ""dynamo""))
                                               ^^^^^^^^^^^
  File ""/home/scratch.yanxu_gpu/sdpa_sass/fa4venv/lib/python3.12/site-packages/torch/_dynamo/package.py"", line 1264, in cache_dir
    return cache_dir()
           ^^^^^^^^^^^
  File ""/home/scratch.yanxu_gpu/sdpa_sass/fa4venv/lib/python3.12/site-packages/torch/_inductor/runtime/cache_dir_utils.py"", line 20, in cache_dir
    os.makedirs(cache_dir, exist_ok=True)
  File ""<frozen os>"", line 225, in makedirs
OSError: [Errno 28] No space left on device: '/var/tmp/torchinductor_yanxu'",,,
decode_sweep,llama3.1-tp4,generation,cudnn_oss,bfloat16,bfloat16,8,1,32768,16,2,128,128,gqa,,16,inf,0.0,0.0,,20,False,"  File ""/home/scratch.yanxu_gpu/sdpa_sass/fa4venv/lib/python3.12/site-packages/torch/_dynamo/aot_compile.py"", line 19, in <module>
    from torch._dynamo.package import SystemInfo
  File ""/home/scratch.yanxu_gpu/sdpa_sass/fa4venv/lib/python3.12/site-packages/torch/_dynamo/package.py"", line 1267, in <module>
    DynamoCache = DiskDynamoCache(os.path.join(cache_dir(), ""dynamo""))
                                               ^^^^^^^^^^^
  File ""/home/scratch.yanxu_gpu/sdpa_sass/fa4venv/lib/python3.12/site-packages/torch/_dynamo/package.py"", line 1264, in cache_dir
    return cache_dir()
           ^^^^^^^^^^^
  File ""/home/scratch.yanxu_gpu/sdpa_sass/fa4venv/lib/python3.12/site-packages/torch/_inductor/runtime/cache_dir_utils.py"", line 20, in cache_dir
    os.makedirs(cache_dir, exist_ok=True)
  File ""<frozen os>"", line 225, in makedirs
OSError: [Errno 28] No space left on device: '/var/tmp/torchinductor_yanxu'",,,
decode_sweep,llama3.1-tp4,generation,cudnn_oss,bfloat16,bfloat16,32,1,32768,16,2,128,128,gqa,,16,inf,0.0,0.0,,20,False,"  File ""/home/scratch.yanxu_gpu/sdpa_sass/fa4venv/lib/python3.12/site-packages/torch/_dynamo/aot_compile.py"", line 19, in <module>
    from torch._dynamo.package import SystemInfo
  File ""/home/scratch.yanxu_gpu/sdpa_sass/fa4venv/lib/python3.12/site-packages/torch/_dynamo/package.py"", line 1267, in <module>
    DynamoCache = DiskDynamoCache(os.path.join(cache_dir(), ""dynamo""))
                                               ^^^^^^^^^^^
  File ""/home/scratch.yanxu_gpu/sdpa_sass/fa4venv/lib/python3.12/site-packages/torch/_dynamo/package.py"", line 1264, in cache_dir
    return cache_dir()
           ^^^^^^^^^^^
  File ""/home/scratch.yanxu_gpu/sdpa_sass/fa4venv/lib/python3.12/site-packages/torch/_inductor/runtime/cache_dir_utils.py"", line 20, in cache_dir
    os.makedirs(cache_dir, exist_ok=True)
  File ""<frozen os>"", line 225, in makedirs
OSError: [Errno 28] No space left on device: '/var/tmp/torchinductor_yanxu'",,,
decode_sweep,llama3.1-tp4,generation,cudnn_oss,bfloat16,bfloat16,128,1,32768,16,2,128,128,gqa,,16,inf,0.0,0.0,,20,False,"  File ""/home/scratch.yanxu_gpu/sdpa_sass/fa4venv/lib/python3.12/site-packages/torch/_dynamo/aot_compile.py"", line 19, in <module>
    from torch._dynamo.package import SystemInfo
  File ""/home/scratch.yanxu_gpu/sdpa_sass/fa4venv/lib/python3.12/site-packages/torch/_dynamo/package.py"", line 1267, in <module>
    DynamoCache = DiskDynamoCache(os.path.join(cache_dir(), ""dynamo""))
                                               ^^^^^^^^^^^
  File ""/home/scratch.yanxu_gpu/sdpa_sass/fa4venv/lib/python3.12/site-packages/torch/_dynamo/package.py"", line 1264, in cache_dir
    return cache_dir()
           ^^^^^^^^^^^
  File ""/home/scratch.yanxu_gpu/sdpa_sass/fa4venv/lib/python3.12/site-packages/torch/_inductor/runtime/cache_dir_utils.py"", line 20, in cache_dir
    os.makedirs(cache_dir, exist_ok=True)
  File ""<frozen os>"", line 225, in makedirs
OSError: [Errno 28] No space left on device: '/var/tmp/torchinductor_yanxu'",,,
decode_sweep,llama3.1-tp4,generation,cudnn_oss,bfloat16,bfloat16,1,1,131072,16,2,128,128,gqa,,16,inf,0.0,0.0,,20,False,"  File ""/home/scratch.yanxu_gpu/sdpa_sass/fa4venv/lib/python3.12/site-packages/torch/_dynamo/aot_compile.py"", line 19, in <module>
    from torch._dynamo.package import SystemInfo
  File ""/home/scratch.yanxu_gpu/sdpa_sass/fa4venv/lib/python3.12/site-packages/torch/_dynamo/package.py"", line 1267, in <module>
    DynamoCache = DiskDynamoCache(os.path.join(cache_dir(), ""dynamo""))
                                               ^^^^^^^^^^^
  File ""/home/scratch.yanxu_gpu/sdpa_sass/fa4venv/lib/python3.12/site-packages/torch/_dynamo/package.py"", line 1264, in cache_dir
    return cache_dir()
           ^^^^^^^^^^^
  File ""/home/scratch.yanxu_gpu/sdpa_sass/fa4venv/lib/python3.12/site-packages/torch/_inductor/runtime/cache_dir_utils.py"", line 20, in cache_dir
    os.makedirs(cache_dir, exist_ok=True)
  File ""<frozen os>"", line 225, in makedirs
OSError: [Errno 28] No space left on device: '/var/tmp/torchinductor_yanxu'",,,
decode_sweep,llama3.1-tp4,generation,cudnn_oss,bfloat16,bfloat16,8,1,131072,16,2,128,128,gqa,,16,inf,0.0,0.0,,20,False,"  File ""/home/scratch.yanxu_gpu/sdpa_sass/fa4venv/lib/python3.12/site-packages/torch/_dynamo/aot_compile.py"", line 19, in <module>
    from torch._dynamo.package import SystemInfo
  File ""/home/scratch.yanxu_gpu/sdpa_sass/fa4venv/lib/python3.12/site-packages/torch/_dynamo/package.py"", line 1267, in <module>
    DynamoCache = DiskDynamoCache(os.path.join(cache_dir(), ""dynamo""))
                                               ^^^^^^^^^^^
  File ""/home/scratch.yanxu_gpu/sdpa_sass/fa4venv/lib/python3.12/site-packages/torch/_dynamo/package.py"", line 1264, in cache_dir
    return cache_dir()
           ^^^^^^^^^^^
  File ""/home/scratch.yanxu_gpu/sdpa_sass/fa4venv/lib/python3.12/site-packages/torch/_inductor/runtime/cache_dir_utils.py"", line 20, in cache_dir
    os.makedirs(cache_dir, exist_ok=True)
  File ""<frozen os>"", line 225, in makedirs
OSError: [Errno 28] No space left on device: '/var/tmp/torchinductor_yanxu'",,,
decode_sweep,llama3.1-tp4,generation,cudnn_oss,bfloat16,bfloat16,32,1,131072,16,2,128,128,gqa,,16,inf,0.0,0.0,,20,False,"  File ""/home/scratch.yanxu_gpu/sdpa_sass/fa4venv/lib/python3.12/site-packages/torch/_dynamo/aot_compile.py"", line 19, in <module>
    from torch._dynamo.package import SystemInfo
  File ""/home/scratch.yanxu_gpu/sdpa_sass/fa4venv/lib/python3.12/site-packages/torch/_dynamo/package.py"", line 1267, in <module>
    DynamoCache = DiskDynamoCache(os.path.join(cache_dir(), ""dynamo""))
                                               ^^^^^^^^^^^
  File ""/home/scratch.yanxu_gpu/sdpa_sass/fa4venv/lib/python3.12/site-packages/torch/_dynamo/package.py"", line 1264, in cache_dir
    return cache_dir()
           ^^^^^^^^^^^
  File ""/home/scratch.yanxu_gpu/sdpa_sass/fa4venv/lib/python3.12/site-packages/torch/_inductor/runtime/cache_dir_utils.py"", line 20, in cache_dir
    os.makedirs(cache_dir, exist_ok=True)
  File ""<frozen os>"", line 225, in makedirs
OSError: [Errno 28] No space left on device: '/var/tmp/torchinductor_yanxu'",,,
decode_sweep,llama3.1-tp4,generation,cudnn_oss,bfloat16,bfloat16,128,1,131072,16,2,128,128,gqa,,16,inf,0.0,0.0,,20,False,"  File ""/home/scratch.yanxu_gpu/sdpa_sass/fa4venv/lib/python3.12/site-packages/torch/_dynamo/aot_compile.py"", line 19, in <module>
    from torch._dynamo.package import SystemInfo
  File ""/home/scratch.yanxu_gpu/sdpa_sass/fa4venv/lib/python3.12/site-packages/torch/_dynamo/package.py"", line 1267, in <module>
    DynamoCache = DiskDynamoCache(os.path.join(cache_dir(), ""dynamo""))
                                               ^^^^^^^^^^^
  File ""/home/scratch.yanxu_gpu/sdpa_sass/fa4venv/lib/python3.12/site-packages/torch/_dynamo/package.py"", line 1264, in cache_dir
    return cache_dir()
           ^^^^^^^^^^^
  File ""/home/scratch.yanxu_gpu/sdpa_sass/fa4venv/lib/python3.12/site-packages/torch/_inductor/runtime/cache_dir_utils.py"", line 20, in cache_dir
    os.makedirs(cache_dir, exist_ok=True)
  File ""<frozen os>"", line 225, in makedirs
OSError: [Errno 28] No space left on device: '/var/tmp/torchinductor_yanxu'",,,
decode_sweep,llama3.1-tp4,generation,cudnn_oss,bfloat16,bfloat16,1,8,2048,16,2,128,128,gqa,,16,inf,0.0,0.0,,20,False,"  File ""/home/scratch.yanxu_gpu/sdpa_sass/fa4venv/lib/python3.12/site-packages/torch/_dynamo/aot_compile.py"", line 19, in <module>
    from torch._dynamo.package import SystemInfo
  File ""/home/scratch.yanxu_gpu/sdpa_sass/fa4venv/lib/python3.12/site-packages/torch/_dynamo/package.py"", line 1267, in <module>
    DynamoCache = DiskDynamoCache(os.path.join(cache_dir(), ""dynamo""))
                                               ^^^^^^^^^^^
  File ""/home/scratch.yanxu_gpu/sdpa_sass/fa4venv/lib/python3.12/site-packages/torch/_dynamo/package.py"", line 1264, in cache_dir
    return cache_dir()
           ^^^^^^^^^^^
  File ""/home/scratch.yanxu_gpu/sdpa_sass/fa4venv/lib/python3.12/site-packages/torch/_inductor/runtime/cache_dir_utils.py"", line 20, in cache_dir
    os.makedirs(cache_dir, exist_ok=True)
  File ""<frozen os>"", line 225, in makedirs
OSError: [Errno 28] No space left on device: '/var/tmp/torchinductor_yanxu'",,,
decode_sweep,llama3.1-tp4,generation,cudnn_oss,bfloat16,bfloat16,8,8,2048,16,2,128,128,gqa,,16,0.019455,55.191,889.309,11.1164,20,True,,NVIDIA B200,cudnn_oss plan=sdpa_fwd_prefill_sm100[PACK_GQA=1; SCHED_POLICY=0; SPLIT_KV=4; TILE_CGA_M=1; TILE_M=128; TILE_N=128],
decode_sweep,llama3.1-tp4,generation,cudnn_oss,bfloat16,bfloat16,32,8,2048,16,2,128,128,gqa,,16,0.030432,141.133,2274.12,28.4265,20,True,,NVIDIA B200,cudnn_oss plan=sdpa_fwd_prefill_sm100[PACK_GQA=1; SCHED_POLICY=0; SPLIT_KV=2; TILE_CGA_M=1; TILE_M=128; TILE_N=128],
decode_sweep,llama3.1-tp4,generation,cudnn_oss,bfloat16,bfloat16,128,8,2048,16,2,128,128,gqa,,16,0.060193,285.413,4598.941,57.4868,20,True,,NVIDIA B200,cudnn_oss plan=sdpa_fwd_prefill_sm100[PACK_GQA=1; SCHED_POLICY=0; SPLIT_KV=1; TILE_CGA_M=1; TILE_M=128; TILE_N=128],
decode_sweep,llama3.1-tp4,generation,cudnn_oss,bfloat16,bfloat16,1,8,8192,16,2,128,128,gqa,,16,0.034176,15.709,247.371,3.0921,20,True,,NVIDIA B200,cudnn_oss plan=sdpa_fwd_prefill_sm100[PACK_GQA=1; SCHED_POLICY=0; SPLIT_KV=32; TILE_CGA_M=1; TILE_M=128; TILE_N=128],
decode_sweep,llama3.1-tp4,generation,cudnn_oss,bfloat16,bfloat16,8,8,8192,16,2,128,128,gqa,,16,0.031392,136.817,2154.471,26.9309,20,True,,NVIDIA B200,cudnn_oss plan=sdpa_fwd_prefill_sm100[PACK_GQA=1; SCHED_POLICY=0; SPLIT_KV=8; TILE_CGA_M=1; TILE_M=128; TILE_N=128],
decode_sweep,llama3.1-tp4,generation,cudnn_oss,bfloat16,bfloat16,32,8,8192,16,2,128,128,gqa,,16,0.067904,253.002,3984.045,49.8006,20,True,,NVIDIA B200,cudnn_oss plan=sdpa_fwd_prefill_sm100[PACK_GQA=1; SCHED_POLICY=0; SPLIT_KV=2; TILE_CGA_M=1; TILE_M=128; TILE_N=128],
decode_sweep,llama3.1-tp4,generation,cudnn_oss,bfloat16,bfloat16,128,8,8192,16,2,128,128,gqa,,16,0.185792,369.873,5824.419,72.8052,20,True,,NVIDIA B200,cudnn_oss plan=sdpa_fwd_prefill_sm100[PACK_GQA=1; SCHED_POLICY=0; SPLIT_KV=1; TILE_CGA_M=1; TILE_M=128; TILE_N=128],
decode_sweep,llama3.1-tp4,generation,cudnn_oss,bfloat16,bfloat16,1,8,32768,16,2,128,128,gqa,,16,0.058176,36.914,577.901,7.2238,20,True,,NVIDIA B200,cudnn_oss plan=sdpa_fwd_prefill_sm100[PACK_GQA=1; SCHED_POLICY=0; SPLIT_KV=64; TILE_CGA_M=1; TILE_M=128; TILE_N=128],
decode_sweep,llama3.1-tp4,generation,cudnn_oss,bfloat16,bfloat16,8,8,32768,16,2,128,128,gqa,,16,0.06896,249.128,3900.228,48.7529,20,True,,NVIDIA B200,cudnn_oss plan=sdpa_fwd_prefill_sm100[PACK_GQA=1; SCHED_POLICY=0; SPLIT_KV=8; TILE_CGA_M=1; TILE_M=128; TILE_N=128],
decode_sweep,llama3.1-tp4,generation,cudnn_oss,bfloat16,bfloat16,32,8,32768,16,2,128,128,gqa,,16,0.186943,367.596,5754.904,71.9363,20,True,,NVIDIA B200,cudnn_oss plan=sdpa_fwd_prefill_sm100[PACK_GQA=1; SCHED_POLICY=0; SPLIT_KV=2; TILE_CGA_M=1; TILE_M=128; TILE_N=128],
decode_sweep,llama3.1-tp4,generation,cudnn_oss,bfloat16,bfloat16,128,8,32768,16,2,128,128,gqa,,16,0.677241,405.879,6354.246,79.4281,20,True,,NVIDIA B200,cudnn_oss plan=sdpa_fwd_prefill_sm100[PACK_GQA=1; SCHED_POLICY=0; SPLIT_KV=1; TILE_CGA_M=1; TILE_M=128; TILE_N=128],
decode_sweep,llama3.1-tp4,generation,cudnn_oss,bfloat16,bfloat16,1,8,131072,16,2,128,128,gqa,,16,0.077087,111.432,1741.97,21.7746,20,True,,NVIDIA B200,cudnn_oss plan=sdpa_fwd_prefill_sm100[PACK_GQA=1; SCHED_POLICY=0; SPLIT_KV=64; TILE_CGA_M=1; TILE_M=128; TILE_N=128],
decode_sweep,llama3.1-tp4,generation,cudnn_oss,bfloat16,bfloat16,8,8,131072,16,2,128,128,gqa,,16,0.189917,361.84,5656.503,70.7063,20,True,,NVIDIA B200,cudnn_oss plan=sdpa_fwd_prefill_sm100[PACK_GQA=1; SCHED_POLICY=0; SPLIT_KV=8; TILE_CGA_M=1; TILE_M=128; TILE_N=128],
decode_sweep,llama3.1-tp4,generation,cudnn_oss,bfloat16,bfloat16,32,8,131072,16,2,128,128,gqa,,16,0.640765,428.984,6706.147,83.8268,20,True,,NVIDIA B200,cudnn_oss plan=sdpa_fwd_prefill_sm100[PACK_GQA=1; SCHED_POLICY=0; SPLIT_KV=2; TILE_CGA_M=1; TILE_M=128; TILE_N=128],
decode_sweep,llama3.1-tp4,generation,cudnn_oss,bfloat16,bfloat16,128,8,131072,16,2,128,128,gqa,,16,2.538868,433.072,6770.048,84.6256,20,True,,NVIDIA B200,cudnn_oss plan=sdpa_fwd_prefill_sm100[PACK_GQA=1; SCHED_POLICY=0; SPLIT_KV=4; TILE_CGA_M=1; TILE_M=128; TILE_N=128],
decode_sweep,llama3.1-tp4,generation,cudnn_oss,bfloat16,bfloat16,1,16,2048,16,2,128,128,gqa,,16,0.022079,12.158,100.921,1.2615,20,True,,NVIDIA B200,cudnn_oss plan=sdpa_fwd_prefill_sm100[PACK_GQA=1; SCHED_POLICY=0; SPLIT_KV=8; TILE_CGA_M=1; TILE_M=128; TILE_N=128],
decode_sweep,llama3.1-tp4,generation,cudnn_oss,bfloat16,bfloat16,8,16,2048,16,2,128,128,gqa,,16,0.026112,82.241,682.667,8.5333,20,True,,NVIDIA B200,cudnn_oss plan=sdpa_fwd_prefill_sm100[PACK_GQA=1; SCHED_POLICY=0; SPLIT_KV=4; TILE_CGA_M=1; TILE_M=128; TILE_N=128],
decode_sweep,llama3.1-tp4,generation,cudnn_oss,bfloat16,bfloat16,32,16,2048,16,2,128,128,gqa,,16,0.039778,215.947,1792.528,22.4066,20,True,,NVIDIA B200,cudnn_oss plan=sdpa_fwd_prefill_sm100[PACK_GQA=1; SCHED_POLICY=0; SPLIT_KV=2; TILE_CGA_M=1; TILE_M=128; TILE_N=128],
decode_sweep,llama3.1-tp4,generation,cudnn_oss,bfloat16,bfloat16,128,16,2048,16,2,128,128,gqa,,16,0.061759,556.352,4618.156,57.7269,20,True,,NVIDIA B200,cudnn_oss plan=sdpa_fwd_prefill_sm100[PACK_GQA=1; SCHED_POLICY=0; SPLIT_KV=1; TILE_CGA_M=1; TILE_M=128; TILE_N=128],
decode_sweep,llama3.1-tp4,generation,cudnn_oss,bfloat16,bfloat16,1,16,8192,16,2,128,128,gqa,,16,0.030976,34.664,275.041,3.438,20,True,,NVIDIA B200,cudnn_oss plan=sdpa_fwd_prefill_sm100[PACK_GQA=1; SCHED_POLICY=0; SPLIT_KV=16; TILE_CGA_M=1; TILE_M=128; TILE_N=128],
decode_sweep,llama3.1-tp4,generation,cudnn_oss,bfloat16,bfloat16,8,16,8192,16,2,128,128,gqa,,16,0.038689,222.025,1761.675,22.0209,20,True,,NVIDIA B200,cudnn_oss plan=sdpa_fwd_prefill_sm100[PACK_GQA=1; SCHED_POLICY=0; SPLIT_KV=8; TILE_CGA_M=1; TILE_M=128; TILE_N=128],
decode_sweep,llama3.1-tp4,generation,cudnn_oss,bfloat16,bfloat16,32,16,8192,16,2,128,128,gqa,,16,0.077344,444.246,3524.899,44.0612,20,True,,NVIDIA B200,cudnn_oss plan=sdpa_fwd_prefill_sm100[PACK_GQA=1; SCHED_POLICY=0; SPLIT_KV=2; TILE_CGA_M=1; TILE_M=128; TILE_N=128],
decode_sweep,llama3.1-tp4,generation,cudnn_oss,bfloat16,bfloat16,128,16,8192,16,2,128,128,gqa,,16,0.188127,730.565,5796.717,72.459,20,True,,NVIDIA B200,cudnn_oss plan=sdpa_fwd_prefill_sm100[PACK_GQA=1; SCHED_POLICY=0; SPLIT_KV=1; TILE_CGA_M=1; TILE_M=128; TILE_N=128],
decode_sweep,llama3.1-tp4,generation,cudnn_oss,bfloat16,bfloat16,1,16,32768,16,2,128,128,gqa,,16,0.04528,94.854,743.938,9.2992,20,True,,NVIDIA B200,cudnn_oss plan=sdpa_fwd_prefill_sm100[PACK_GQA=1; SCHED_POLICY=0; SPLIT_KV=32; TILE_CGA_M=1; TILE_M=128; TILE_N=128],
decode_sweep,llama3.1-tp4,generation,cudnn_oss,bfloat16,bfloat16,8,16,32768,16,2,128,128,gqa,,16,0.076222,450.785,3535.515,44.1939,20,True,,NVIDIA B200,cudnn_oss plan=sdpa_fwd_prefill_sm100[PACK_GQA=1; SCHED_POLICY=0; SPLIT_KV=8; TILE_CGA_M=1; TILE_M=128; TILE_N=128],
decode_sweep,llama3.1-tp4,generation,cudnn_oss,bfloat16,bfloat16,32,16,32768,16,2,128,128,gqa,,16,0.198966,690.766,5417.69,67.7211,20,True,,NVIDIA B200,cudnn_oss plan=sdpa_fwd_prefill_sm100[PACK_GQA=1; SCHED_POLICY=0; SPLIT_KV=2; TILE_CGA_M=1; TILE_M=128; TILE_N=128],
decode_sweep,llama3.1-tp4,generation,cudnn_oss,bfloat16,bfloat16,128,16,32768,16,2,128,128,gqa,,16,0.693445,792.789,6217.861,77.7233,20,True,,NVIDIA B200,cudnn_oss plan=sdpa_fwd_prefill_sm100[PACK_GQA=1; SCHED_POLICY=0; SPLIT_KV=1; TILE_CGA_M=1; TILE_M=128; TILE_N=128],
decode_sweep,llama3.1-tp4,generation,cudnn_oss,bfloat16,bfloat16,1,16,131072,16,2,128,128,gqa,,16,0.082592,208.009,1626.656,20.3332,20,True,,NVIDIA B200,cudnn_oss plan=sdpa_fwd_prefill_sm100[PACK_GQA=1; SCHED_POLICY=0; SPLIT_KV=64; TILE_CGA_M=1; TILE_M=128; TILE_N=128],
decode_sweep,llama3.1-tp4,generation,cudnn_oss,bfloat16,bfloat16,8,16,131072,16,2,128,128,gqa,,16,0.199106,690.28,5398.081,67.476,20,True,,NVIDIA B200,cudnn_oss plan=sdpa_fwd_prefill_sm100[PACK_GQA=1; SCHED_POLICY=0; SPLIT_KV=8; TILE_CGA_M=1; TILE_M=128; TILE_N=128],
decode_sweep,llama3.1-tp4,generation,cudnn_oss,bfloat16,bfloat16,32,16,131072,16,2,128,128,gqa,,16,0.65405,840.541,6573.139,82.1642,20,True,,NVIDIA B200,cudnn_oss plan=sdpa_fwd_prefill_sm100[PACK_GQA=1; SCHED_POLICY=0; SPLIT_KV=2; TILE_CGA_M=1; TILE_M=128; TILE_N=128],
decode_sweep,llama3.1-tp4,generation,cudnn_oss,bfloat16,bfloat16,128,16,131072,16,2,128,128,gqa,,16,2.637756,833.672,6519.423,81.4928,20,True,,NVIDIA B200,cudnn_oss plan=sdpa_fwd_prefill_sm100[PACK_GQA=1; SCHED_POLICY=0; SPLIT_KV=4; TILE_CGA_M=1; TILE_M=128; TILE_N=128],
decode_sweep,qwen35,generation,cudnn,bfloat16,bfloat16,1,1,2048,32,2,256,256,gqa,,16,0.007328,9.158,576.838,7.2105,20,True,,NVIDIA B200,cudnn 9.27.0,
decode_sweep,qwen35,generation,cudnn,bfloat16,bfloat16,8,1,2048,32,2,256,256,gqa,,16,0.016513,32.512,2047.876,25.5984,20,True,,NVIDIA B200,cudnn 9.27.0,
decode_sweep,qwen35,generation,cudnn,bfloat16,bfloat16,32,1,2048,32,2,256,256,gqa,,16,0.048096,44.65,2812.423,35.1553,20,True,,NVIDIA B200,cudnn 9.27.0,
decode_sweep,qwen35,generation,cudnn,bfloat16,bfloat16,128,1,2048,32,2,256,256,gqa,,16,0.155073,55.393,3489.1,43.6138,20,True,,NVIDIA B200,cudnn 9.27.0,
decode_sweep,qwen35,generation,cudnn,bfloat16,bfloat16,1,1,8192,32,2,256,256,gqa,,16,0.009471,28.343,1774.89,22.1861,20,True,,NVIDIA B200,cudnn 9.27.0,
decode_sweep,qwen35,generation,cudnn,bfloat16,bfloat16,8,1,8192,32,2,256,256,gqa,,16,0.04784,44.889,2811.034,35.1379,20,True,,NVIDIA B200,cudnn 9.27.0,
decode_sweep,qwen35,generation,cudnn,bfloat16,bfloat16,32,1,8192,32,2,256,256,gqa,,16,0.15248,56.335,3527.804,44.0975,20,True,,NVIDIA B200,cudnn 9.27.0,
decode_sweep,qwen35,generation,cudnn,bfloat16,bfloat16,128,1,8192,32,2,256,256,gqa,,16,0.579273,59.315,3714.445,46.4306,20,True,,NVIDIA B200,cudnn 9.27.0,
decode_sweep,qwen35,generation,cudnn,bfloat16,bfloat16,1,1,32768,32,2,256,256,gqa,,16,0.025888,41.476,2593.543,32.4193,20,True,,NVIDIA B200,cudnn 9.27.0,
decode_sweep,qwen35,generation,cudnn,bfloat16,bfloat16,8,1,32768,32,2,256,256,gqa,,16,0.1511,56.849,3554.818,44.4352,20,True,,NVIDIA B200,cudnn 9.27.0,
decode_sweep,qwen35,generation,cudnn,bfloat16,bfloat16,32,1,32768,32,2,256,256,gqa,,16,0.561183,61.227,3828.577,47.8572,20,True,,NVIDIA B200,cudnn 9.27.0,
decode_sweep,qwen35,generation,cudnn,bfloat16,bfloat16,128,1,32768,32,2,256,256,gqa,,16,2.251624,61.04,3816.858,47.7107,20,True,,NVIDIA B200,cudnn 9.27.0,
decode_sweep,qwen35,generation,cudnn,bfloat16,bfloat16,1,1,131072,32,2,256,256,gqa,,16,0.082176,52.265,3266.991,40.8374,20,True,,NVIDIA B200,cudnn 9.27.0,
decode_sweep,qwen35,generation,cudnn,bfloat16,bfloat16,8,1,131072,32,2,256,256,gqa,,16,0.561153,61.231,3827.38,47.8423,20,True,,NVIDIA B200,cudnn 9.27.0,
decode_sweep,qwen35,generation,cudnn,bfloat16,bfloat16,32,1,131072,32,2,256,256,gqa,,16,2.250325,61.075,3817.663,47.7208,20,True,,NVIDIA B200,cudnn 9.27.0,
decode_sweep,qwen35,generation,cudnn,bfloat16,bfloat16,128,1,131072,32,2,256,256,gqa,,16,8.910933,61.695,3856.379,48.2047,20,True,,NVIDIA B200,cudnn 9.27.0,
decode_sweep,qwen35,generation,cudnn,bfloat16,bfloat16,1,8,2048,32,2,256,256,gqa,,16,0.109056,4.923,40.864,0.5108,20,True,,NVIDIA B200,cudnn 9.27.0,
decode_sweep,qwen35,generation,cudnn,bfloat16,bfloat16,8,8,2048,32,2,256,256,gqa,,16,0.250242,17.163,142.468,1.7809,20,True,,NVIDIA B200,cudnn 9.27.0,
decode_sweep,qwen35,generation,cudnn,bfloat16,bfloat16,32,8,2048,32,2,256,256,gqa,,16,0.842273,20.397,169.311,2.1164,20,True,,NVIDIA B200,cudnn 9.27.0,
decode_sweep,qwen35,generation,cudnn,bfloat16,bfloat16,128,8,2048,32,2,256,256,gqa,,16,3.182782,21.591,179.222,2.2403,20,True,,NVIDIA B200,cudnn 9.27.0,
decode_sweep,qwen35,generation,cudnn,bfloat16,bfloat16,1,8,8192,32,2,256,256,gqa,,16,0.436609,4.919,39.027,0.4878,20,True,,NVIDIA B200,cudnn 9.27.0,
decode_sweep,qwen35,generation,cudnn,bfloat16,bfloat16,8,8,8192,32,2,256,256,gqa,,16,0.967387,17.759,140.91,1.7614,20,True,,NVIDIA B200,cudnn 9.27.0,
decode_sweep,qwen35,generation,cudnn,bfloat16,bfloat16,32,8,8192,32,2,256,256,gqa,,16,3.258414,21.09,167.339,2.0917,20,True,,NVIDIA B200,cudnn 9.27.0,
decode_sweep,qwen35,generation,cudnn,bfloat16,bfloat16,128,8,8192,32,2,256,256,gqa,,16,12.560367,21.885,173.644,2.1706,20,True,,NVIDIA B200,cudnn 9.27.0,
decode_sweep,qwen35,generation,cudnn,bfloat16,bfloat16,1,8,32768,32,2,256,256,gqa,,16,1.772112,4.847,38.017,0.4752,20,True,,NVIDIA B200,cudnn 9.27.0,
decode_sweep,qwen35,generation,cudnn,bfloat16,bfloat16,8,8,32768,32,2,256,256,gqa,,16,3.771185,18.222,142.917,1.7865,20,True,,NVIDIA B200,cudnn 9.27.0,
decode_sweep,qwen35,generation,cudnn,bfloat16,bfloat16,32,8,32768,32,2,256,256,gqa,,16,12.896862,21.314,167.163,2.0895,20,True,,NVIDIA B200,cudnn 9.27.0,
decode_sweep,qwen35,generation,cudnn,bfloat16,bfloat16,128,8,32768,32,2,256,256,gqa,,16,50.577825,21.739,170.499,2.1312,20,True,,NVIDIA B200,cudnn 9.27.0,
decode_sweep,qwen35,generation,cudnn,bfloat16,bfloat16,1,8,131072,32,2,256,256,gqa,,16,6.828653,5.032,39.349,0.4919,20,True,,NVIDIA B200,cudnn 9.27.0,
decode_sweep,qwen35,generation,cudnn,bfloat16,bfloat16,8,8,131072,32,2,256,256,gqa,,16,14.961961,18.372,143.67,1.7959,20,True,,NVIDIA B200,cudnn 9.27.0,
decode_sweep,qwen35,generation,cudnn,bfloat16,bfloat16,32,8,131072,32,2,256,256,gqa,,16,51.428569,21.379,167.19,2.0899,20,True,,NVIDIA B200,cudnn 9.27.0,
decode_sweep,qwen35,generation,cudnn,bfloat16,bfloat16,128,8,131072,32,2,256,256,gqa,,16,201.427217,21.834,170.748,2.1343,20,True,,NVIDIA B200,cudnn 9.27.0,
decode_sweep,qwen35,generation,cudnn,bfloat16,bfloat16,1,16,2048,32,2,256,256,gqa,,16,0.109376,9.817,43.141,0.5393,20,True,,NVIDIA B200,cudnn 9.27.0,
decode_sweep,qwen35,generation,cudnn,bfloat16,bfloat16,8,16,2048,32,2,256,256,gqa,,16,0.250943,34.231,150.428,1.8803,20,True,,NVIDIA B200,cudnn 9.27.0,
decode_sweep,qwen35,generation,cudnn,bfloat16,bfloat16,32,16,2048,32,2,256,256,gqa,,16,0.842242,40.796,179.277,2.241,20,True,,NVIDIA B200,cudnn 9.27.0,
decode_sweep,qwen35,generation,cudnn,bfloat16,bfloat16,128,16,2048,32,2,256,256,gqa,,16,3.17594,43.275,190.174,2.3772,20,True,,NVIDIA B200,cudnn 9.27.0,
decode_sweep,qwen35,generation,cudnn,bfloat16,bfloat16,1,16,8192,32,2,256,256,gqa,,16,0.435939,9.852,39.688,0.4961,20,True,,NVIDIA B200,cudnn 9.27.0,
decode_sweep,qwen35,generation,cudnn,bfloat16,bfloat16,8,16,8192,32,2,256,256,gqa,,16,0.965348,35.593,143.38,1.7923,20,True,,NVIDIA B200,cudnn 9.27.0,
decode_sweep,qwen35,generation,cudnn,bfloat16,bfloat16,32,16,8192,32,2,256,256,gqa,,16,3.246087,42.34,170.559,2.132,20,True,,NVIDIA B200,cudnn 9.27.0,
decode_sweep,qwen35,generation,cudnn,bfloat16,bfloat16,128,16,8192,32,2,256,256,gqa,,16,12.559655,43.772,176.326,2.2041,20,True,,NVIDIA B200,cudnn 9.27.0,
decode_sweep,qwen35,generation,cudnn,bfloat16,bfloat16,1,16,32768,32,2,256,256,gqa,,16,1.769351,9.71,38.225,0.4778,20,True,,NVIDIA B200,cudnn 9.27.0,
decode_sweep,qwen35,generation,cudnn,bfloat16,bfloat16,8,16,32768,32,2,256,256,gqa,,16,3.75696,36.582,144.017,1.8002,20,True,,NVIDIA B200,cudnn 9.27.0,
decode_sweep,qwen35,generation,cudnn,bfloat16,bfloat16,32,16,32768,32,2,256,256,gqa,,16,12.857366,42.758,168.328,2.1041,20,True,,NVIDIA B200,cudnn 9.27.0,
decode_sweep,qwen35,generation,cudnn,bfloat16,bfloat16,128,16,32768,32,2,256,256,gqa,,16,50.414812,43.619,171.716,2.1465,20,True,,NVIDIA B200,cudnn 9.27.0,
decode_sweep,qwen35,generation,cudnn,bfloat16,bfloat16,1,16,131072,32,2,256,256,gqa,,16,6.814136,10.085,39.471,0.4934,20,True,,NVIDIA B200,cudnn 9.27.0,
decode_sweep,qwen35,generation,cudnn,bfloat16,bfloat16,8,16,131072,32,2,256,256,gqa,,16,14.921981,36.842,144.195,1.8024,20,True,,NVIDIA B200,cudnn 9.27.0,
decode_sweep,qwen35,generation,cudnn,bfloat16,bfloat16,32,16,131072,32,2,256,256,gqa,,16,51.243483,42.913,167.957,2.0995,20,True,,NVIDIA B200,cudnn 9.27.0,
decode_sweep,qwen35,generation,cudnn,bfloat16,bfloat16,128,16,131072,32,2,256,256,gqa,,16,200.777629,43.81,171.468,2.1433,20,True,,NVIDIA B200,cudnn 9.27.0,
decode_sweep,qwen35,generation,cudnn_oss,bfloat16,bfloat16,1,1,2048,32,2,256,256,gqa,,16,0.025247,2.658,167.429,2.0929,20,True,,NVIDIA B200,cudnn_oss plan=sdpa_fwd_prefill_sm100[PACK_GQA=1; SCHED_POLICY=0; SPLIT_KV=1; TILE_CGA_M=2; TILE_M=128; TILE_N=128],
decode_sweep,qwen35,generation,cudnn_oss,bfloat16,bfloat16,8,1,2048,32,2,256,256,gqa,,16,0.025856,20.764,1307.881,16.3485,20,True,,NVIDIA B200,cudnn_oss plan=sdpa_fwd_prefill_sm100[PACK_GQA=1; SCHED_POLICY=0; SPLIT_KV=1; TILE_CGA_M=2; TILE_M=128; TILE_N=128],
decode_sweep,qwen35,generation,cudnn_oss,bfloat16,bfloat16,32,1,2048,32,2,256,256,gqa,,16,0.033087,64.904,4088.201,51.1025,20,True,,NVIDIA B200,cudnn_oss plan=sdpa_fwd_prefill_sm100[PACK_GQA=1; SCHED_POLICY=0; SPLIT_KV=1; TILE_CGA_M=2; TILE_M=128; TILE_N=128],
decode_sweep,qwen35,generation,cudnn_oss,bfloat16,bfloat16,128,1,2048,32,2,256,256,gqa,,16,0.096161,89.329,5626.66,70.3332,20,True,,NVIDIA B200,cudnn_oss plan=sdpa_fwd_prefill_sm100[PACK_GQA=1; SCHED_POLICY=0; SPLIT_KV=1; TILE_CGA_M=2; TILE_M=128; TILE_N=128],
decode_sweep,qwen35,generation,cudnn_oss,bfloat16,bfloat16,1,1,8192,32,2,256,256,gqa,,16,0.039936,6.722,420.923,5.2615,20,True,,NVIDIA B200,cudnn_oss plan=sdpa_fwd_prefill_sm100[PACK_GQA=1; SCHED_POLICY=0; SPLIT_KV=32; TILE_CGA_M=2; TILE_M=128; TILE_N=128],
decode_sweep,qwen35,generation,cudnn_oss,bfloat16,bfloat16,8,1,8192,32,2,256,256,gqa,,16,0.040256,53.346,3340.617,41.7577,20,True,,NVIDIA B200,cudnn_oss plan=sdpa_fwd_prefill_sm100[PACK_GQA=1; SCHED_POLICY=0; SPLIT_KV=8; TILE_CGA_M=2; TILE_M=128; TILE_N=128],
decode_sweep,qwen35,generation,cudnn_oss,bfloat16,bfloat16,32,1,8192,32,2,256,256,gqa,,16,0.100797,85.22,5336.662,66.7083,20,True,,NVIDIA B200,cudnn_oss plan=sdpa_fwd_prefill_sm100[PACK_GQA=1; SCHED_POLICY=0; SPLIT_KV=1; TILE_CGA_M=2; TILE_M=128; TILE_N=128],
decode_sweep,qwen35,generation,cudnn_oss,bfloat16,bfloat16,128,1,8192,32,2,256,256,gqa,,16,0.31891,107.741,6746.975,84.3372,20,True,,NVIDIA B200,cudnn_oss plan=sdpa_fwd_prefill_sm100[PACK_GQA=1; SCHED_POLICY=0; SPLIT_KV=1; TILE_CGA_M=2; TILE_M=128; TILE_N=128],
decode_sweep,qwen35,generation,cudnn_oss,bfloat16,bfloat16,1,1,32768,32,2,256,256,gqa,,16,0.071008,15.121,945.55,11.8194,20,True,,NVIDIA B200,cudnn_oss plan=sdpa_fwd_prefill_sm100[PACK_GQA=1; SCHED_POLICY=0; SPLIT_KV=64; TILE_CGA_M=2; TILE_M=128; TILE_N=128],
decode_sweep,qwen35,generation,cudnn_oss,bfloat16,bfloat16,8,1,32768,32,2,256,256,gqa,,16,0.105631,81.32,5084.995,63.5624,20,True,,NVIDIA B200,cudnn_oss plan=sdpa_fwd_prefill_sm100[PACK_GQA=1; SCHED_POLICY=0; SPLIT_KV=8; TILE_CGA_M=2; TILE_M=128; TILE_N=128],
decode_sweep,qwen35,generation,cudnn_oss,bfloat16,bfloat16,32,1,32768,32,2,256,256,gqa,,16,0.323748,106.131,6636.434,82.9554,20,True,,NVIDIA B200,cudnn_oss plan=sdpa_fwd_prefill_sm100[PACK_GQA=1; SCHED_POLICY=0; SPLIT_KV=2; TILE_CGA_M=2; TILE_M=128; TILE_N=128],
decode_sweep,qwen35,generation,cudnn_oss,bfloat16,bfloat16,128,1,32768,32,2,256,256,gqa,,16,1.209472,113.635,7105.687,88.8211,20,True,,NVIDIA B200,cudnn_oss plan=sdpa_fwd_prefill_sm100[PACK_GQA=1; SCHED_POLICY=0; SPLIT_KV=1; TILE_CGA_M=2; TILE_M=128; TILE_N=128],
decode_sweep,qwen35,generation,cudnn_oss,bfloat16,bfloat16,1,1,131072,32,2,256,256,gqa,,16,0.107487,39.958,2497.681,31.221,20,True,,NVIDIA B200,cudnn_oss plan=sdpa_fwd_prefill_sm100[PACK_GQA=1; SCHED_POLICY=0; SPLIT_KV=64; TILE_CGA_M=2; TILE_M=128; TILE_N=128],
decode_sweep,qwen35,generation,cudnn_oss,bfloat16,bfloat16,8,1,131072,32,2,256,256,gqa,,16,0.329029,104.428,6527.527,81.5941,20,True,,NVIDIA B200,cudnn_oss plan=sdpa_fwd_prefill_sm100[PACK_GQA=1; SCHED_POLICY=0; SPLIT_KV=8; TILE_CGA_M=2; TILE_M=128; TILE_N=128],
decode_sweep,qwen35,generation,cudnn_oss,bfloat16,bfloat16,32,1,131072,32,2,256,256,gqa,,16,1.207897,113.784,7112.347,88.9043,20,True,,NVIDIA B200,cudnn_oss plan=sdpa_fwd_prefill_sm100[PACK_GQA=1; SCHED_POLICY=0; SPLIT_KV=2; TILE_CGA_M=2; TILE_M=128; TILE_N=128],
decode_sweep,qwen35,generation,cudnn_oss,bfloat16,bfloat16,128,1,131072,32,2,256,256,gqa,,16,4.806174,114.385,7149.956,89.3745,20,True,,NVIDIA B200,cudnn_oss plan=sdpa_fwd_prefill_sm100[PACK_GQA=1; SCHED_POLICY=0; SPLIT_KV=1; TILE_CGA_M=2; TILE_M=128; TILE_N=128],
decode_sweep,qwen35,generation,cudnn_oss,bfloat16,bfloat16,1,8,2048,32,2,256,256,gqa,,16,0.035488,15.128,125.576,1.5697,20,True,,NVIDIA B200,cudnn_oss plan=sdpa_fwd_prefill_sm100[PACK_GQA=1; SCHED_POLICY=0; SPLIT_KV=8; TILE_CGA_M=2; TILE_M=128; TILE_N=128],
decode_sweep,qwen35,generation,cudnn_oss,bfloat16,bfloat16,8,8,2048,32,2,256,256,gqa,,16,0.040929,104.937,871.059,10.8882,20,True,,NVIDIA B200,cudnn_oss plan=sdpa_fwd_prefill_sm100[PACK_GQA=1; SCHED_POLICY=0; SPLIT_KV=4; TILE_CGA_M=2; TILE_M=128; TILE_N=128],
decode_sweep,qwen35,generation,cudnn_oss,bfloat16,bfloat16,32,8,2048,32,2,256,256,gqa,,16,0.039616,433.66,3599.716,44.9964,20,True,,NVIDIA B200,cudnn_oss plan=sdpa_fwd_prefill_sm100[PACK_GQA=1; SCHED_POLICY=2; SPLIT_KV=1; TILE_CGA_M=2; TILE_M=128; TILE_N=128],
decode_sweep,qwen35,generation,cudnn_oss,bfloat16,bfloat16,128,8,2048,32,2,256,256,gqa,,16,0.125056,549.51,4561.359,57.017,20,True,,NVIDIA B200,cudnn_oss plan=sdpa_fwd_prefill_sm100[PACK_GQA=1; SCHED_POLICY=2; SPLIT_KV=1; TILE_CGA_M=2; TILE_M=128; TILE_N=128],
decode_sweep,qwen35,generation,cudnn_oss,bfloat16,bfloat16,1,8,8192,32,2,256,256,gqa,,16,0.046496,46.186,366.469,4.5809,20,True,,NVIDIA B200,cudnn_oss plan=sdpa_fwd_prefill_sm100[PACK_GQA=1; SCHED_POLICY=0; SPLIT_KV=16; TILE_CGA_M=2; TILE_M=128; TILE_N=128],
decode_sweep,qwen35,generation,cudnn_oss,bfloat16,bfloat16,8,8,8192,32,2,256,256,gqa,,16,0.062016,277.023,2198.06,27.4757,20,True,,NVIDIA B200,cudnn_oss plan=sdpa_fwd_prefill_sm100[PACK_GQA=1; SCHED_POLICY=0; SPLIT_KV=4; TILE_CGA_M=2; TILE_M=128; TILE_N=128],
decode_sweep,qwen35,generation,cudnn_oss,bfloat16,bfloat16,32,8,8192,32,2,256,256,gqa,,16,0.110337,622.814,4941.765,61.7721,20,True,,NVIDIA B200,cudnn_oss plan=sdpa_fwd_prefill_sm100[PACK_GQA=1; SCHED_POLICY=2; SPLIT_KV=1; TILE_CGA_M=2; TILE_M=128; TILE_N=128],
decode_sweep,qwen35,generation,cudnn_oss,bfloat16,bfloat16,128,8,8192,32,2,256,256,gqa,,16,0.412451,666.45,5287.993,66.0999,20,True,,NVIDIA B200,cudnn_oss plan=sdpa_fwd_prefill_sm100[PACK_GQA=1; SCHED_POLICY=2; SPLIT_KV=1; TILE_CGA_M=2; TILE_M=128; TILE_N=128],
decode_sweep,qwen35,generation,cudnn_oss,bfloat16,bfloat16,1,8,32768,32,2,256,256,gqa,,16,0.071552,120.052,941.567,11.7696,20,True,,NVIDIA B200,cudnn_oss plan=sdpa_fwd_prefill_sm100[PACK_GQA=1; SCHED_POLICY=0; SPLIT_KV=32; TILE_CGA_M=2; TILE_M=128; TILE_N=128],
decode_sweep,qwen35,generation,cudnn_oss,bfloat16,bfloat16,8,8,32768,32,2,256,256,gqa,,16,0.132865,517.213,4056.509,50.7064,20,True,,NVIDIA B200,cudnn_oss plan=sdpa_fwd_prefill_sm100[PACK_GQA=1; SCHED_POLICY=0; SPLIT_KV=4; TILE_CGA_M=2; TILE_M=128; TILE_N=128],
decode_sweep,qwen35,generation,cudnn_oss,bfloat16,bfloat16,32,8,32768,32,2,256,256,gqa,,16,0.394537,696.71,5464.309,68.3039,20,True,,NVIDIA B200,cudnn_oss plan=sdpa_fwd_prefill_sm100[PACK_GQA=1; SCHED_POLICY=2; SPLIT_KV=1; TILE_CGA_M=2; TILE_M=128; TILE_N=128],
decode_sweep,qwen35,generation,cudnn_oss,bfloat16,bfloat16,128,8,32768,32,2,256,256,gqa,,16,1.67095,658.016,5160.83,64.5104,20,True,,NVIDIA B200,cudnn_oss plan=sdpa_fwd_prefill_sm100[PACK_GQA=1; SCHED_POLICY=0; SPLIT_KV=2; TILE_CGA_M=2; TILE_M=128; TILE_N=128],
decode_sweep,qwen35,generation,cudnn_oss,bfloat16,bfloat16,1,8,131072,32,2,256,256,gqa,,16,0.110463,311.052,2432.467,30.4058,20,True,,NVIDIA B200,cudnn_oss plan=sdpa_fwd_prefill_sm100[PACK_GQA=1; SCHED_POLICY=0; SPLIT_KV=32; TILE_CGA_M=2; TILE_M=128; TILE_N=128],
decode_sweep,qwen35,generation,cudnn_oss,bfloat16,bfloat16,8,8,131072,32,2,256,256,gqa,,16,0.418082,657.474,5141.529,64.2691,20,True,,NVIDIA B200,cudnn_oss plan=sdpa_fwd_prefill_sm100[PACK_GQA=1; SCHED_POLICY=0; SPLIT_KV=4; TILE_CGA_M=2; TILE_M=128; TILE_N=128],
decode_sweep,qwen35,generation,cudnn_oss,bfloat16,bfloat16,32,8,131072,32,2,256,256,gqa,,16,1.58462,693.865,5426.11,67.8264,20,True,,NVIDIA B200,cudnn_oss plan=sdpa_fwd_prefill_sm100[PACK_GQA=1; SCHED_POLICY=1; SPLIT_KV=1; TILE_CGA_M=2; TILE_M=128; TILE_N=128],
decode_sweep,qwen35,generation,cudnn_oss,bfloat16,bfloat16,128,8,131072,32,2,256,256,gqa,,16,6.179479,711.718,5565.727,69.5716,20,True,,NVIDIA B200,cudnn_oss plan=sdpa_fwd_prefill_sm100[PACK_GQA=1; SCHED_POLICY=0; SPLIT_KV=2; TILE_CGA_M=2; TILE_M=128; TILE_N=128],
decode_sweep,qwen35,generation,cudnn_oss,bfloat16,bfloat16,1,16,2048,32,2,256,256,gqa,,16,0.036129,29.72,130.604,1.6326,20,True,,NVIDIA B200,cudnn_oss plan=sdpa_fwd_prefill_sm100[PACK_GQA=1; SCHED_POLICY=0; SPLIT_KV=8; TILE_CGA_M=2; TILE_M=128; TILE_N=128],
decode_sweep,qwen35,generation,cudnn_oss,bfloat16,bfloat16,8,16,2048,32,2,256,256,gqa,,16,0.04461,192.556,846.194,10.5774,20,True,,NVIDIA B200,cudnn_oss plan=sdpa_fwd_prefill_sm100[PACK_GQA=1; SCHED_POLICY=0; SPLIT_KV=2; TILE_CGA_M=2; TILE_M=128; TILE_N=128],
decode_sweep,qwen35,generation,cudnn_oss,bfloat16,bfloat16,32,16,2048,32,2,256,256,gqa,,16,0.040576,846.8,3721.287,46.5161,20,True,,NVIDIA B200,cudnn_oss plan=sdpa_fwd_prefill_sm100[PACK_GQA=1; SCHED_POLICY=2; SPLIT_KV=1; TILE_CGA_M=2; TILE_M=128; TILE_N=128],
decode_sweep,qwen35,generation,cudnn_oss,bfloat16,bfloat16,128,16,2048,32,2,256,256,gqa,,16,0.129408,1062.059,4667.252,58.3407,20,True,,NVIDIA B200,cudnn_oss plan=sdpa_fwd_prefill_sm100[PACK_GQA=1; SCHED_POLICY=2; SPLIT_KV=1; TILE_CGA_M=2; TILE_M=128; TILE_N=128],
decode_sweep,qwen35,generation,cudnn_oss,bfloat16,bfloat16,1,16,8192,32,2,256,256,gqa,,16,0.046976,91.429,368.305,4.6038,20,True,,NVIDIA B200,cudnn_oss plan=sdpa_fwd_prefill_sm100[PACK_GQA=1; SCHED_POLICY=0; SPLIT_KV=16; TILE_CGA_M=2; TILE_M=128; TILE_N=128],
decode_sweep,qwen35,generation,cudnn_oss,bfloat16,bfloat16,8,16,8192,32,2,256,256,gqa,,16,0.069313,495.719,1996.913,24.9614,20,True,,NVIDIA B200,cudnn_oss plan=sdpa_fwd_prefill_sm100[PACK_GQA=1; SCHED_POLICY=0; SPLIT_KV=4; TILE_CGA_M=2; TILE_M=128; TILE_N=128],
decode_sweep,qwen35,generation,cudnn_oss,bfloat16,bfloat16,32,16,8192,32,2,256,256,gqa,,16,0.112735,1219.133,4911.058,61.3882,20,True,,NVIDIA B200,cudnn_oss plan=sdpa_fwd_prefill_sm100[PACK_GQA=1; SCHED_POLICY=2; SPLIT_KV=1; TILE_CGA_M=2; TILE_M=128; TILE_N=128],
decode_sweep,qwen35,generation,cudnn_oss,bfloat16,bfloat16,128,16,8192,32,2,256,256,gqa,,16,0.428477,1283.046,5168.521,64.6065,20,True,,NVIDIA B200,cudnn_oss plan=sdpa_fwd_prefill_sm100[PACK_GQA=1; SCHED_POLICY=2; SPLIT_KV=1; TILE_CGA_M=2; TILE_M=128; TILE_N=128],
decode_sweep,qwen35,generation,cudnn_oss,bfloat16,bfloat16,1,16,32768,32,2,256,256,gqa,,16,0.073665,233.216,918.118,11.4765,20,True,,NVIDIA B200,cudnn_oss plan=sdpa_fwd_prefill_sm100[PACK_GQA=1; SCHED_POLICY=0; SPLIT_KV=32; TILE_CGA_M=2; TILE_M=128; TILE_N=128],
decode_sweep,qwen35,generation,cudnn_oss,bfloat16,bfloat16,8,16,32768,32,2,256,256,gqa,,16,0.14144,971.712,3825.405,47.8176,20,True,,NVIDIA B200,cudnn_oss plan=sdpa_fwd_prefill_sm100[PACK_GQA=1; SCHED_POLICY=0; SPLIT_KV=4; TILE_CGA_M=2; TILE_M=128; TILE_N=128],
decode_sweep,qwen35,generation,cudnn_oss,bfloat16,bfloat16,32,16,32768,32,2,256,256,gqa,,16,0.407043,1350.609,5317.033,66.4629,20,True,,NVIDIA B200,cudnn_oss plan=sdpa_fwd_prefill_sm100[PACK_GQA=1; SCHED_POLICY=2; SPLIT_KV=1; TILE_CGA_M=2; TILE_M=128; TILE_N=128],
decode_sweep,qwen35,generation,cudnn_oss,bfloat16,bfloat16,128,16,32768,32,2,256,256,gqa,,16,1.833476,1199.374,4721.656,59.0207,20,True,,NVIDIA B200,cudnn_oss plan=sdpa_fwd_prefill_sm100[PACK_GQA=1; SCHED_POLICY=0; SPLIT_KV=2; TILE_CGA_M=2; TILE_M=128; TILE_N=128],
decode_sweep,qwen35,generation,cudnn_oss,bfloat16,bfloat16,1,16,131072,32,2,256,256,gqa,,16,0.113281,606.628,2374.271,29.6784,20,True,,NVIDIA B200,cudnn_oss plan=sdpa_fwd_prefill_sm100[PACK_GQA=1; SCHED_POLICY=0; SPLIT_KV=32; TILE_CGA_M=2; TILE_M=128; TILE_N=128],
decode_sweep,qwen35,generation,cudnn_oss,bfloat16,bfloat16,8,16,131072,32,2,256,256,gqa,,16,0.440512,1247.993,4884.493,61.0562,20,True,,NVIDIA B200,cudnn_oss plan=sdpa_fwd_prefill_sm100[PACK_GQA=1; SCHED_POLICY=0; SPLIT_KV=4; TILE_CGA_M=2; TILE_M=128; TILE_N=128],
decode_sweep,qwen35,generation,cudnn_oss,bfloat16,bfloat16,32,16,131072,32,2,256,256,gqa,,16,1.665988,1319.951,5166.131,64.5766,20,True,,NVIDIA B200,cudnn_oss plan=sdpa_fwd_prefill_sm100[PACK_GQA=1; SCHED_POLICY=1; SPLIT_KV=1; TILE_CGA_M=2; TILE_M=128; TILE_N=128],
decode_sweep,qwen35,generation,cudnn_oss,bfloat16,bfloat16,128,16,131072,32,2,256,256,gqa,,16,6.732981,1306.419,5113.166,63.9146,20,True,,NVIDIA B200,cudnn_oss plan=sdpa_fwd_prefill_sm100[PACK_GQA=1; SCHED_POLICY=0; SPLIT_KV=2; TILE_CGA_M=2; TILE_M=128; TILE_N=128],
decode_sweep,qwen35-tp4,generation,cudnn,bfloat16,bfloat16,1,1,2048,8,1,256,256,gqa,,16,0.006625,2.532,317.788,3.9723,20,True,,NVIDIA B200,cudnn 9.27.0,
decode_sweep,qwen35-tp4,generation,cudnn,bfloat16,bfloat16,8,1,2048,8,1,256,256,gqa,,16,0.008896,15.087,1893.295,23.6662,20,True,,NVIDIA B200,cudnn 9.27.0,
decode_sweep,qwen35-tp4,generation,cudnn,bfloat16,bfloat16,32,1,2048,8,1,256,256,gqa,,16,0.026592,20.189,2533.507,31.6688,20,True,,NVIDIA B200,cudnn 9.27.0,
decode_sweep,qwen35-tp4,generation,cudnn,bfloat16,bfloat16,128,1,2048,8,1,256,256,gqa,,16,0.08064,26.631,3341.816,41.7727,20,True,,NVIDIA B200,cudnn 9.27.0,
decode_sweep,qwen35-tp4,generation,cudnn,bfloat16,bfloat16,1,1,8192,8,1,256,256,gqa,,16,0.007711,8.703,1088.938,13.6117,20,True,,NVIDIA B200,cudnn 9.27.0,
decode_sweep,qwen35-tp4,generation,cudnn,bfloat16,bfloat16,8,1,8192,8,1,256,256,gqa,,16,0.026432,20.311,2541.404,31.7676,20,True,,NVIDIA B200,cudnn 9.27.0,
decode_sweep,qwen35-tp4,generation,cudnn,bfloat16,bfloat16,32,1,8192,8,1,256,256,gqa,,16,0.081089,26.483,3313.613,41.4202,20,True,,NVIDIA B200,cudnn 9.27.0,
decode_sweep,qwen35-tp4,generation,cudnn,bfloat16,bfloat16,128,1,8192,8,1,256,256,gqa,,16,0.285408,30.097,3765.803,47.0725,20,True,,NVIDIA B200,cudnn 9.27.0,
decode_sweep,qwen35-tp4,generation,cudnn,bfloat16,bfloat16,1,1,32768,8,1,256,256,gqa,,16,0.02,13.422,1678.131,20.9766,20,True,,NVIDIA B200,cudnn 9.27.0,
decode_sweep,qwen35-tp4,generation,cudnn,bfloat16,bfloat16,8,1,32768,8,1,256,256,gqa,,16,0.081088,26.483,3311.23,41.3904,20,True,,NVIDIA B200,cudnn 9.27.0,
decode_sweep,qwen35-tp4,generation,cudnn,bfloat16,bfloat16,32,1,32768,8,1,256,256,gqa,,16,0.292288,29.389,3674.472,45.9309,20,True,,NVIDIA B200,cudnn 9.27.0,
decode_sweep,qwen35-tp4,generation,cudnn,bfloat16,bfloat16,128,1,32768,8,1,256,256,gqa,,16,1.097092,31.319,3915.821,48.9478,20,True,,NVIDIA B200,cudnn 9.27.0,
decode_sweep,qwen35-tp4,generation,cudnn,bfloat16,bfloat16,1,1,131072,8,1,256,256,gqa,,16,0.071169,15.087,1886.017,23.5752,20,True,,NVIDIA B200,cudnn 9.27.0,
decode_sweep,qwen35-tp4,generation,cudnn,bfloat16,bfloat16,8,1,131072,8,1,256,256,gqa,,16,0.290622,29.557,3694.859,46.1857,20,True,,NVIDIA B200,cudnn 9.27.0,
decode_sweep,qwen35-tp4,generation,cudnn,bfloat16,bfloat16,32,1,131072,8,1,256,256,gqa,,16,1.125787,30.521,3815.313,47.6914,20,True,,NVIDIA B200,cudnn 9.27.0,
decode_sweep,qwen35-tp4,generation,cudnn,bfloat16,bfloat16,128,1,131072,8,1,256,256,gqa,,16,4.319667,31.817,3977.371,49.7171,20,True,,NVIDIA B200,cudnn 9.27.0,
decode_sweep,qwen35-tp4,generation,cudnn,bfloat16,bfloat16,1,8,2048,8,1,256,256,gqa,,16,0.104831,1.28,20.63,0.2579,20,True,,NVIDIA B200,cudnn 9.27.0,
decode_sweep,qwen35-tp4,generation,cudnn,bfloat16,bfloat16,8,8,2048,8,1,256,256,gqa,,16,0.11827,9.079,146.288,1.8286,20,True,,NVIDIA B200,cudnn 9.27.0,
decode_sweep,qwen35-tp4,generation,cudnn,bfloat16,bfloat16,32,8,2048,8,1,256,256,gqa,,16,0.253952,16.913,272.516,3.4065,20,True,,NVIDIA B200,cudnn 9.27.0,
decode_sweep,qwen35-tp4,generation,cudnn,bfloat16,bfloat16,128,8,2048,8,1,256,256,gqa,,16,0.845329,20.323,327.475,4.0934,20,True,,NVIDIA B200,cudnn 9.27.0,
decode_sweep,qwen35-tp4,generation,cudnn,bfloat16,bfloat16,1,8,8192,8,1,256,256,gqa,,16,0.414626,1.295,20.39,0.2549,20,True,,NVIDIA B200,cudnn 9.27.0,
decode_sweep,qwen35-tp4,generation,cudnn,bfloat16,bfloat16,8,8,8192,8,1,256,256,gqa,,16,0.470653,9.126,143.701,1.7963,20,True,,NVIDIA B200,cudnn 9.27.0,
decode_sweep,qwen35-tp4,generation,cudnn,bfloat16,bfloat16,32,8,8192,8,1,256,256,gqa,,16,0.985826,17.427,274.422,3.4303,20,True,,NVIDIA B200,cudnn 9.27.0,
decode_sweep,qwen35-tp4,generation,cudnn,bfloat16,bfloat16,128,8,8192,8,1,256,256,gqa,,16,3.265129,21.046,331.42,4.1428,20,True,,NVIDIA B200,cudnn 9.27.0,
decode_sweep,qwen35-tp4,generation,cudnn,bfloat16,bfloat16,1,8,32768,8,1,256,256,gqa,,16,1.689538,1.271,19.899,0.2487,20,True,,NVIDIA B200,cudnn 9.27.0,
decode_sweep,qwen35-tp4,generation,cudnn,bfloat16,bfloat16,8,8,32768,8,1,256,256,gqa,,16,1.834025,9.367,146.65,1.8331,20,True,,NVIDIA B200,cudnn 9.27.0,
decode_sweep,qwen35-tp4,generation,cudnn,bfloat16,bfloat16,32,8,32768,8,1,256,256,gqa,,16,3.856668,17.818,278.956,3.4869,20,True,,NVIDIA B200,cudnn 9.27.0,
decode_sweep,qwen35-tp4,generation,cudnn,bfloat16,bfloat16,128,8,32768,8,1,256,256,gqa,,16,12.955119,21.218,332.174,4.1522,20,True,,NVIDIA B200,cudnn 9.27.0,
decode_sweep,qwen35-tp4,generation,cudnn,bfloat16,bfloat16,1,8,131072,8,1,256,256,gqa,,16,6.75339,1.272,19.884,0.2485,20,True,,NVIDIA B200,cudnn 9.27.0,
decode_sweep,qwen35-tp4,generation,cudnn,bfloat16,bfloat16,8,8,131072,8,1,256,256,gqa,,16,7.21955,9.519,148.8,1.86,20,True,,NVIDIA B200,cudnn 9.27.0,
decode_sweep,qwen35-tp4,generation,cudnn,bfloat16,bfloat16,32,8,131072,8,1,256,256,gqa,,16,15.3487,17.909,279.963,3.4995,20,True,,NVIDIA B200,cudnn 9.27.0,
decode_sweep,qwen35-tp4,generation,cudnn,bfloat16,bfloat16,128,8,131072,8,1,256,256,gqa,,16,52.241299,21.047,329.017,4.1127,20,True,,NVIDIA B200,cudnn 9.27.0,
decode_sweep,qwen35-tp4,generation,cudnn,bfloat16,bfloat16,1,16,2048,8,1,256,256,gqa,,16,0.104608,2.566,21.301,0.2663,20,True,,NVIDIA B200,cudnn 9.27.0,
decode_sweep,qwen35-tp4,generation,cudnn,bfloat16,bfloat16,8,16,2048,8,1,256,256,gqa,,16,0.11792,18.211,151.169,1.8896,20,True,,NVIDIA B200,cudnn 9.27.0,
decode_sweep,qwen35-tp4,generation,cudnn,bfloat16,bfloat16,32,16,2048,8,1,256,256,gqa,,16,0.254366,33.77,280.317,3.504,20,True,,NVIDIA B200,cudnn 9.27.0,
decode_sweep,qwen35-tp4,generation,cudnn,bfloat16,bfloat16,128,16,2048,8,1,256,256,gqa,,16,0.844165,40.703,337.864,4.2233,20,True,,NVIDIA B200,cudnn 9.27.0,
decode_sweep,qwen35-tp4,generation,cudnn,bfloat16,bfloat16,1,16,8192,8,1,256,256,gqa,,16,0.413702,2.595,20.594,0.2574,20,True,,NVIDIA B200,cudnn 9.27.0,
decode_sweep,qwen35-tp4,generation,cudnn,bfloat16,bfloat16,8,16,8192,8,1,256,256,gqa,,16,0.469953,18.278,145.03,1.8129,20,True,,NVIDIA B200,cudnn 9.27.0,
decode_sweep,qwen35-tp4,generation,cudnn,bfloat16,bfloat16,32,16,8192,8,1,256,256,gqa,,16,0.977946,35.135,278.778,3.4847,20,True,,NVIDIA B200,cudnn 9.27.0,
decode_sweep,qwen35-tp4,generation,cudnn,bfloat16,bfloat16,128,16,8192,8,1,256,256,gqa,,16,3.268001,42.056,333.696,4.1712,20,True,,NVIDIA B200,cudnn 9.27.0,
decode_sweep,qwen35-tp4,generation,cudnn,bfloat16,bfloat16,1,16,32768,8,1,256,256,gqa,,16,1.687999,2.544,19.956,0.2494,20,True,,NVIDIA B200,cudnn 9.27.0,
decode_sweep,qwen35-tp4,generation,cudnn,bfloat16,bfloat16,8,16,32768,8,1,256,256,gqa,,16,1.832055,18.755,147.094,1.8387,20,True,,NVIDIA B200,cudnn 9.27.0,
decode_sweep,qwen35-tp4,generation,cudnn,bfloat16,bfloat16,32,16,32768,8,1,256,256,gqa,,16,3.833498,35.852,281.189,3.5149,20,True,,NVIDIA B200,cudnn 9.27.0,
decode_sweep,qwen35-tp4,generation,cudnn,bfloat16,bfloat16,128,16,32768,8,1,256,256,gqa,,16,12.910513,42.582,333.972,4.1746,20,True,,NVIDIA B200,cudnn 9.27.0,
decode_sweep,qwen35-tp4,generation,cudnn,bfloat16,bfloat16,1,16,131072,8,1,256,256,gqa,,16,6.739609,2.549,19.934,0.2492,20,True,,NVIDIA B200,cudnn 9.27.0,
decode_sweep,qwen35-tp4,generation,cudnn,bfloat16,bfloat16,8,16,131072,8,1,256,256,gqa,,16,7.213445,19.053,148.998,1.8625,20,True,,NVIDIA B200,cudnn 9.27.0,
decode_sweep,qwen35-tp4,generation,cudnn,bfloat16,bfloat16,32,16,131072,8,1,256,256,gqa,,16,15.279179,35.981,281.374,3.5172,20,True,,NVIDIA B200,cudnn 9.27.0,
decode_sweep,qwen35-tp4,generation,cudnn,bfloat16,bfloat16,128,16,131072,8,1,256,256,gqa,,16,52.157287,42.161,329.707,4.1213,20,True,,NVIDIA B200,cudnn 9.27.0,
decode_sweep,qwen35-tp4,generation,cudnn_oss,bfloat16,bfloat16,1,1,2048,8,1,256,256,gqa,,16,0.025056,0.67,84.026,1.0503,20,True,,NVIDIA B200,cudnn_oss plan=sdpa_fwd_prefill_sm100[PACK_GQA=1; SCHED_POLICY=0; SPLIT_KV=1; TILE_CGA_M=2; TILE_M=128; TILE_N=128],
decode_sweep,qwen35-tp4,generation,cudnn_oss,bfloat16,bfloat16,8,1,2048,8,1,256,256,gqa,,16,0.025376,5.289,663.728,8.2966,20,True,,NVIDIA B200,cudnn_oss plan=sdpa_fwd_prefill_sm100[PACK_GQA=1; SCHED_POLICY=0; SPLIT_KV=1; TILE_CGA_M=2; TILE_M=128; TILE_N=128],
decode_sweep,qwen35-tp4,generation,cudnn_oss,bfloat16,bfloat16,32,1,2048,8,1,256,256,gqa,,16,0.026977,19.901,2497.35,31.2169,20,True,,NVIDIA B200,cudnn_oss plan=sdpa_fwd_prefill_sm100[PACK_GQA=1; SCHED_POLICY=0; SPLIT_KV=1; TILE_CGA_M=2; TILE_M=128; TILE_N=128],
decode_sweep,qwen35-tp4,generation,cudnn_oss,bfloat16,bfloat16,128,1,2048,8,1,256,256,gqa,,16,0.055552,38.657,4851.023,60.6378,20,True,,NVIDIA B200,cudnn_oss plan=sdpa_fwd_prefill_sm100[PACK_GQA=1; SCHED_POLICY=0; SPLIT_KV=1; TILE_CGA_M=2; TILE_M=128; TILE_N=128],
decode_sweep,qwen35-tp4,generation,cudnn_oss,bfloat16,bfloat16,1,1,8192,8,1,256,256,gqa,,16,0.036607,1.833,229.377,2.8672,20,True,,NVIDIA B200,cudnn_oss plan=sdpa_fwd_prefill_sm100[PACK_GQA=1; SCHED_POLICY=0; SPLIT_KV=32; TILE_CGA_M=2; TILE_M=128; TILE_N=128],
decode_sweep,qwen35-tp4,generation,cudnn_oss,bfloat16,bfloat16,8,1,8192,8,1,256,256,gqa,,16,0.033664,15.948,1995.437,24.943,20,True,,NVIDIA B200,cudnn_oss plan=sdpa_fwd_prefill_sm100[PACK_GQA=1; SCHED_POLICY=0; SPLIT_KV=16; TILE_CGA_M=2; TILE_M=128; TILE_N=128],
decode_sweep,qwen35-tp4,generation,cudnn_oss,bfloat16,bfloat16,32,1,8192,8,1,256,256,gqa,,16,0.061215,35.081,4389.408,54.8676,20,True,,NVIDIA B200,cudnn_oss plan=sdpa_fwd_prefill_sm100[PACK_GQA=1; SCHED_POLICY=0; SPLIT_KV=4; TILE_CGA_M=2; TILE_M=128; TILE_N=128],
decode_sweep,qwen35-tp4,generation,cudnn_oss,bfloat16,bfloat16,128,1,8192,8,1,256,256,gqa,,16,0.169475,50.686,6341.882,79.2735,20,True,,NVIDIA B200,cudnn_oss plan=sdpa_fwd_prefill_sm100[PACK_GQA=1; SCHED_POLICY=0; SPLIT_KV=1; TILE_CGA_M=2; TILE_M=128; TILE_N=128],
decode_sweep,qwen35-tp4,generation,cudnn_oss,bfloat16,bfloat16,1,1,32768,8,1,256,256,gqa,,16,0.108513,2.474,309.296,3.8662,20,True,,NVIDIA B200,cudnn_oss plan=sdpa_fwd_prefill_sm100[PACK_GQA=1; SCHED_POLICY=0; SPLIT_KV=128; TILE_CGA_M=2; TILE_M=128; TILE_N=128],
decode_sweep,qwen35-tp4,generation,cudnn_oss,bfloat16,bfloat16,8,1,32768,8,1,256,256,gqa,,16,0.070912,30.284,3786.397,47.33,20,True,,NVIDIA B200,cudnn_oss plan=sdpa_fwd_prefill_sm100[PACK_GQA=1; SCHED_POLICY=0; SPLIT_KV=16; TILE_CGA_M=2; TILE_M=128; TILE_N=128],
decode_sweep,qwen35-tp4,generation,cudnn_oss,bfloat16,bfloat16,32,1,32768,8,1,256,256,gqa,,16,0.177118,48.498,6063.777,75.7972,20,True,,NVIDIA B200,cudnn_oss plan=sdpa_fwd_prefill_sm100[PACK_GQA=1; SCHED_POLICY=0; SPLIT_KV=4; TILE_CGA_M=2; TILE_M=128; TILE_N=128],
decode_sweep,qwen35-tp4,generation,cudnn_oss,bfloat16,bfloat16,128,1,32768,8,1,256,256,gqa,,16,0.611744,56.167,7022.571,87.7821,20,True,,NVIDIA B200,cudnn_oss plan=sdpa_fwd_prefill_sm100[PACK_GQA=1; SCHED_POLICY=0; SPLIT_KV=1; TILE_CGA_M=2; TILE_M=128; TILE_N=128],
decode_sweep,qwen35-tp4,generation,cudnn_oss,bfloat16,bfloat16,1,1,131072,8,1,256,256,gqa,,16,0.127648,8.412,1051.532,13.1441,20,True,,NVIDIA B200,cudnn_oss plan=sdpa_fwd_prefill_sm100[PACK_GQA=1; SCHED_POLICY=0; SPLIT_KV=128; TILE_CGA_M=2; TILE_M=128; TILE_N=128],
decode_sweep,qwen35-tp4,generation,cudnn_oss,bfloat16,bfloat16,8,1,131072,8,1,256,256,gqa,,16,0.186305,46.107,5763.707,72.0463,20,True,,NVIDIA B200,cudnn_oss plan=sdpa_fwd_prefill_sm100[PACK_GQA=1; SCHED_POLICY=0; SPLIT_KV=16; TILE_CGA_M=2; TILE_M=128; TILE_N=128],
decode_sweep,qwen35-tp4,generation,cudnn_oss,bfloat16,bfloat16,32,1,131072,8,1,256,256,gqa,,16,0.619481,55.465,6933.594,86.6699,20,True,,NVIDIA B200,cudnn_oss plan=sdpa_fwd_prefill_sm100[PACK_GQA=1; SCHED_POLICY=0; SPLIT_KV=4; TILE_CGA_M=2; TILE_M=128; TILE_N=128],
decode_sweep,qwen35-tp4,generation,cudnn_oss,bfloat16,bfloat16,128,1,131072,8,1,256,256,gqa,,16,2.379198,57.767,7221.306,90.2663,20,True,,NVIDIA B200,cudnn_oss plan=sdpa_fwd_prefill_sm100[PACK_GQA=1; SCHED_POLICY=0; SPLIT_KV=1; TILE_CGA_M=2; TILE_M=128; TILE_N=128],
decode_sweep,qwen35-tp4,generation,cudnn_oss,bfloat16,bfloat16,1,8,2048,8,1,256,256,gqa,,16,0.027328,4.911,79.138,0.9892,20,True,,NVIDIA B200,cudnn_oss plan=sdpa_fwd_prefill_sm100[PACK_GQA=1; SCHED_POLICY=0; SPLIT_KV=8; TILE_CGA_M=2; TILE_M=128; TILE_N=128],
decode_sweep,qwen35-tp4,generation,cudnn_oss,bfloat16,bfloat16,8,8,2048,8,1,256,256,gqa,,16,0.030559,35.137,566.167,7.0771,20,True,,NVIDIA B200,cudnn_oss plan=sdpa_fwd_prefill_sm100[PACK_GQA=1; SCHED_POLICY=0; SPLIT_KV=8; TILE_CGA_M=2; TILE_M=128; TILE_N=128],
decode_sweep,qwen35-tp4,generation,cudnn_oss,bfloat16,bfloat16,32,8,2048,8,1,256,256,gqa,,16,0.036768,116.813,1882.235,23.5279,20,True,,NVIDIA B200,cudnn_oss plan=sdpa_fwd_prefill_sm100[PACK_GQA=1; SCHED_POLICY=0; SPLIT_KV=2; TILE_CGA_M=2; TILE_M=128; TILE_N=128],
decode_sweep,qwen35-tp4,generation,cudnn_oss,bfloat16,bfloat16,128,8,2048,8,1,256,256,gqa,,16,0.067872,253.122,4078.62,50.9827,20,True,,NVIDIA B200,cudnn_oss plan=sdpa_fwd_prefill_sm100[PACK_GQA=1; SCHED_POLICY=2; SPLIT_KV=1; TILE_CGA_M=2; TILE_M=128; TILE_N=128],
decode_sweep,qwen35-tp4,generation,cudnn_oss,bfloat16,bfloat16,1,8,8192,8,1,256,256,gqa,,16,0.048386,11.096,174.723,2.184,20,True,,NVIDIA B200,cudnn_oss plan=sdpa_fwd_prefill_sm100[PACK_GQA=1; SCHED_POLICY=0; SPLIT_KV=32; TILE_CGA_M=2; TILE_M=128; TILE_N=128],
decode_sweep,qwen35-tp4,generation,cudnn_oss,bfloat16,bfloat16,8,8,8192,8,1,256,256,gqa,,16,0.040768,105.351,1658.976,20.7372,20,True,,NVIDIA B200,cudnn_oss plan=sdpa_fwd_prefill_sm100[PACK_GQA=1; SCHED_POLICY=0; SPLIT_KV=8; TILE_CGA_M=2; TILE_M=128; TILE_N=128],
decode_sweep,qwen35-tp4,generation,cudnn_oss,bfloat16,bfloat16,32,8,8192,8,1,256,256,gqa,,16,0.076031,225.959,3558.188,44.4774,20,True,,NVIDIA B200,cudnn_oss plan=sdpa_fwd_prefill_sm100[PACK_GQA=1; SCHED_POLICY=0; SPLIT_KV=2; TILE_CGA_M=2; TILE_M=128; TILE_N=128],
decode_sweep,qwen35-tp4,generation,cudnn_oss,bfloat16,bfloat16,128,8,8192,8,1,256,256,gqa,,16,0.206529,332.735,5239.605,65.4951,20,True,,NVIDIA B200,cudnn_oss plan=sdpa_fwd_prefill_sm100[PACK_GQA=1; SCHED_POLICY=2; SPLIT_KV=1; TILE_CGA_M=2; TILE_M=128; TILE_N=128],
decode_sweep,qwen35-tp4,generation,cudnn_oss,bfloat16,bfloat16,1,8,32768,8,1,256,256,gqa,,16,0.081949,26.205,410.255,5.1282,20,True,,NVIDIA B200,cudnn_oss plan=sdpa_fwd_prefill_sm100[PACK_GQA=1; SCHED_POLICY=0; SPLIT_KV=64; TILE_CGA_M=2; TILE_M=128; TILE_N=128],
decode_sweep,qwen35-tp4,generation,cudnn_oss,bfloat16,bfloat16,8,8,32768,8,1,256,256,gqa,,16,0.080064,214.577,3359.309,41.9914,20,True,,NVIDIA B200,cudnn_oss plan=sdpa_fwd_prefill_sm100[PACK_GQA=1; SCHED_POLICY=0; SPLIT_KV=8; TILE_CGA_M=2; TILE_M=128; TILE_N=128],
decode_sweep,qwen35-tp4,generation,cudnn_oss,bfloat16,bfloat16,32,8,32768,8,1,256,256,gqa,,16,0.213121,322.443,5048.02,63.1002,20,True,,NVIDIA B200,cudnn_oss plan=sdpa_fwd_prefill_sm100[PACK_GQA=1; SCHED_POLICY=0; SPLIT_KV=2; TILE_CGA_M=2; TILE_M=128; TILE_N=128],
decode_sweep,qwen35-tp4,generation,cudnn_oss,bfloat16,bfloat16,128,8,32768,8,1,256,256,gqa,,16,0.779864,352.469,5518.085,68.9761,20,True,,NVIDIA B200,cudnn_oss plan=sdpa_fwd_prefill_sm100[PACK_GQA=1; SCHED_POLICY=2; SPLIT_KV=1; TILE_CGA_M=2; TILE_M=128; TILE_N=128],
decode_sweep,qwen35-tp4,generation,cudnn_oss,bfloat16,bfloat16,1,8,131072,8,1,256,256,gqa,,16,0.10336,83.107,1299.18,16.2398,20,True,,NVIDIA B200,cudnn_oss plan=sdpa_fwd_prefill_sm100[PACK_GQA=1; SCHED_POLICY=0; SPLIT_KV=64; TILE_CGA_M=2; TILE_M=128; TILE_N=128],
decode_sweep,qwen35-tp4,generation,cudnn_oss,bfloat16,bfloat16,8,8,131072,8,1,256,256,gqa,,16,0.218433,314.602,4918.058,61.4757,20,True,,NVIDIA B200,cudnn_oss plan=sdpa_fwd_prefill_sm100[PACK_GQA=1; SCHED_POLICY=0; SPLIT_KV=8; TILE_CGA_M=2; TILE_M=128; TILE_N=128],
decode_sweep,qwen35-tp4,generation,cudnn_oss,bfloat16,bfloat16,32,8,131072,8,1,256,256,gqa,,16,0.785955,349.737,5467.316,68.3415,20,True,,NVIDIA B200,cudnn_oss plan=sdpa_fwd_prefill_sm100[PACK_GQA=1; SCHED_POLICY=0; SPLIT_KV=2; TILE_CGA_M=2; TILE_M=128; TILE_N=128],
decode_sweep,qwen35-tp4,generation,cudnn_oss,bfloat16,bfloat16,128,8,131072,8,1,256,256,gqa,,16,3.03644,362.106,5660.661,70.7583,20,True,,NVIDIA B200,cudnn_oss plan=sdpa_fwd_prefill_sm100[PACK_GQA=1; SCHED_POLICY=0; SPLIT_KV=4; TILE_CGA_M=2; TILE_M=128; TILE_N=128],
decode_sweep,qwen35-tp4,generation,cudnn_oss,bfloat16,bfloat16,1,16,2048,8,1,256,256,gqa,,16,0.034624,7.753,64.355,0.8044,20,True,,NVIDIA B200,cudnn_oss plan=sdpa_fwd_prefill_sm100[PACK_GQA=1; SCHED_POLICY=0; SPLIT_KV=8; TILE_CGA_M=2; TILE_M=128; TILE_N=128],
decode_sweep,qwen35-tp4,generation,cudnn_oss,bfloat16,bfloat16,8,16,2048,8,1,256,256,gqa,,16,0.037088,57.902,480.635,6.0079,20,True,,NVIDIA B200,cudnn_oss plan=sdpa_fwd_prefill_sm100[PACK_GQA=1; SCHED_POLICY=0; SPLIT_KV=4; TILE_CGA_M=2; TILE_M=128; TILE_N=128],
decode_sweep,qwen35-tp4,generation,cudnn_oss,bfloat16,bfloat16,32,16,2048,8,1,256,256,gqa,,16,0.050016,171.744,1425.607,17.8201,20,True,,NVIDIA B200,cudnn_oss plan=sdpa_fwd_prefill_sm100[PACK_GQA=1; SCHED_POLICY=0; SPLIT_KV=2; TILE_CGA_M=2; TILE_M=128; TILE_N=128],
decode_sweep,qwen35-tp4,generation,cudnn_oss,bfloat16,bfloat16,128,16,2048,8,1,256,256,gqa,,16,0.069441,494.805,4107.266,51.3408,20,True,,NVIDIA B200,cudnn_oss plan=sdpa_fwd_prefill_sm100[PACK_GQA=1; SCHED_POLICY=2; SPLIT_KV=1; TILE_CGA_M=2; TILE_M=128; TILE_N=128],
decode_sweep,qwen35-tp4,generation,cudnn_oss,bfloat16,bfloat16,1,16,8192,8,1,256,256,gqa,,16,0.057376,18.714,148.489,1.8561,20,True,,NVIDIA B200,cudnn_oss plan=sdpa_fwd_prefill_sm100[PACK_GQA=1; SCHED_POLICY=0; SPLIT_KV=32; TILE_CGA_M=2; TILE_M=128; TILE_N=128],
decode_sweep,qwen35-tp4,generation,cudnn_oss,bfloat16,bfloat16,8,16,8192,8,1,256,256,gqa,,16,0.051042,168.291,1335.321,16.6915,20,True,,NVIDIA B200,cudnn_oss plan=sdpa_fwd_prefill_sm100[PACK_GQA=1; SCHED_POLICY=0; SPLIT_KV=8; TILE_CGA_M=2; TILE_M=128; TILE_N=128],
decode_sweep,qwen35-tp4,generation,cudnn_oss,bfloat16,bfloat16,32,16,8192,8,1,256,256,gqa,,16,0.088544,388.053,3079.031,38.4879,20,True,,NVIDIA B200,cudnn_oss plan=sdpa_fwd_prefill_sm100[PACK_GQA=1; SCHED_POLICY=0; SPLIT_KV=2; TILE_CGA_M=2; TILE_M=128; TILE_N=128],
decode_sweep,qwen35-tp4,generation,cudnn_oss,bfloat16,bfloat16,128,16,8192,8,1,256,256,gqa,,16,0.210209,653.82,5187.785,64.8473,20,True,,NVIDIA B200,cudnn_oss plan=sdpa_fwd_prefill_sm100[PACK_GQA=1; SCHED_POLICY=2; SPLIT_KV=1; TILE_CGA_M=2; TILE_M=128; TILE_N=128],
decode_sweep,qwen35-tp4,generation,cudnn_oss,bfloat16,bfloat16,1,16,32768,8,1,256,256,gqa,,16,0.093244,46.062,361.262,4.5158,20,True,,NVIDIA B200,cudnn_oss plan=sdpa_fwd_prefill_sm100[PACK_GQA=1; SCHED_POLICY=0; SPLIT_KV=64; TILE_CGA_M=2; TILE_M=128; TILE_N=128],
decode_sweep,qwen35-tp4,generation,cudnn_oss,bfloat16,bfloat16,8,16,32768,8,1,256,256,gqa,,16,0.090336,380.355,2983.13,37.2891,20,True,,NVIDIA B200,cudnn_oss plan=sdpa_fwd_prefill_sm100[PACK_GQA=1; SCHED_POLICY=0; SPLIT_KV=8; TILE_CGA_M=2; TILE_M=128; TILE_N=128],
decode_sweep,qwen35-tp4,generation,cudnn_oss,bfloat16,bfloat16,32,16,32768,8,1,256,256,gqa,,16,0.227677,603.658,4734.497,59.1812,20,True,,NVIDIA B200,cudnn_oss plan=sdpa_fwd_prefill_sm100[PACK_GQA=1; SCHED_POLICY=0; SPLIT_KV=2; TILE_CGA_M=2; TILE_M=128; TILE_N=128],
decode_sweep,qwen35-tp4,generation,cudnn_oss,bfloat16,bfloat16,128,16,32768,8,1,256,256,gqa,,16,0.793318,692.983,5435.077,67.9385,20,True,,NVIDIA B200,cudnn_oss plan=sdpa_fwd_prefill_sm100[PACK_GQA=1; SCHED_POLICY=2; SPLIT_KV=1; TILE_CGA_M=2; TILE_M=128; TILE_N=128],
decode_sweep,qwen35-tp4,generation,cudnn_oss,bfloat16,bfloat16,1,16,131072,8,1,256,256,gqa,,16,0.11411,150.555,1177.362,14.717,20,True,,NVIDIA B200,cudnn_oss plan=sdpa_fwd_prefill_sm100[PACK_GQA=1; SCHED_POLICY=0; SPLIT_KV=64; TILE_CGA_M=2; TILE_M=128; TILE_N=128],
decode_sweep,qwen35-tp4,generation,cudnn_oss,bfloat16,bfloat16,8,16,131072,8,1,256,256,gqa,,16,0.229823,598.021,4676.601,58.4575,20,True,,NVIDIA B200,cudnn_oss plan=sdpa_fwd_prefill_sm100[PACK_GQA=1; SCHED_POLICY=0; SPLIT_KV=8; TILE_CGA_M=2; TILE_M=128; TILE_N=128],
decode_sweep,qwen35-tp4,generation,cudnn_oss,bfloat16,bfloat16,32,16,131072,8,1,256,256,gqa,,16,0.812315,676.777,5292.481,66.156,20,True,,NVIDIA B200,cudnn_oss plan=sdpa_fwd_prefill_sm100[PACK_GQA=1; SCHED_POLICY=0; SPLIT_KV=2; TILE_CGA_M=2; TILE_M=128; TILE_N=128],
decode_sweep,qwen35-tp4,generation,cudnn_oss,bfloat16,bfloat16,128,16,131072,8,1,256,256,gqa,,16,3.192868,688.73,5385.956,67.3244,20,True,,NVIDIA B200,cudnn_oss plan=sdpa_fwd_prefill_sm100[PACK_GQA=1; SCHED_POLICY=0; SPLIT_KV=4; TILE_CGA_M=2; TILE_M=128; TILE_N=128],
decode_sweep,llama3.1,generation,cudnn,bfloat16,bfloat16,1,1,2048,64,8,128,128,gqa,,16,0.006623,10.133,1271.535,15.8942,20,True,,NVIDIA B200,cudnn 9.27.0,
decode_sweep,llama3.1,generation,cudnn,bfloat16,bfloat16,8,1,2048,64,8,128,128,gqa,,16,0.017696,30.339,3807.132,47.5892,20,True,,NVIDIA B200,cudnn 9.27.0,
decode_sweep,llama3.1,generation,cudnn,bfloat16,bfloat16,32,1,2048,64,8,128,128,gqa,,16,0.0552,38.904,4881.957,61.0245,20,True,,NVIDIA B200,cudnn 9.27.0,
decode_sweep,llama3.1,generation,cudnn,bfloat16,bfloat16,128,1,2048,64,8,128,128,gqa,,16,0.171329,50.137,6291.615,78.6452,20,True,,NVIDIA B200,cudnn 9.27.0,
decode_sweep,llama3.1,generation,cudnn,bfloat16,bfloat16,1,1,8192,64,8,128,128,gqa,,16,0.011136,24.105,3016.092,37.7011,20,True,,NVIDIA B200,cudnn 9.27.0,
decode_sweep,llama3.1,generation,cudnn,bfloat16,bfloat16,8,1,8192,64,8,128,128,gqa,,16,0.05504,39.017,4881.86,61.0233,20,True,,NVIDIA B200,cudnn 9.27.0,
decode_sweep,llama3.1,generation,cudnn,bfloat16,bfloat16,32,1,8192,64,8,128,128,gqa,,16,0.17264,49.756,6225.616,77.8202,20,True,,NVIDIA B200,cudnn 9.27.0,
decode_sweep,llama3.1,generation,cudnn,bfloat16,bfloat16,128,1,8192,64,8,128,128,gqa,,16,0.616735,55.712,6970.841,87.1355,20,True,,NVIDIA B200,cudnn 9.27.0,
decode_sweep,llama3.1,generation,cudnn,bfloat16,bfloat16,1,1,32768,64,8,128,128,gqa,,16,0.030272,35.47,4434.808,55.4351,20,True,,NVIDIA B200,cudnn 9.27.0,
decode_sweep,llama3.1,generation,cudnn,bfloat16,bfloat16,8,1,32768,64,8,128,128,gqa,,16,0.169472,50.686,6337.353,79.2169,20,True,,NVIDIA B200,cudnn 9.27.0,
decode_sweep,llama3.1,generation,cudnn,bfloat16,bfloat16,32,1,32768,64,8,128,128,gqa,,16,0.618364,55.566,6947.39,86.8424,20,True,,NVIDIA B200,cudnn 9.27.0,
decode_sweep,llama3.1,generation,cudnn,bfloat16,bfloat16,128,1,32768,64,8,128,128,gqa,,16,2.413535,56.945,7119.873,88.9984,20,True,,NVIDIA B200,cudnn 9.27.0,
decode_sweep,llama3.1,generation,cudnn,bfloat16,bfloat16,1,1,131072,64,8,128,128,gqa,,16,0.094848,45.283,5660.675,70.7584,20,True,,NVIDIA B200,cudnn 9.27.0,
decode_sweep,llama3.1,generation,cudnn,bfloat16,bfloat16,8,1,131072,64,8,128,128,gqa,,16,0.609406,56.382,7048.223,88.1028,20,True,,NVIDIA B200,cudnn 9.27.0,
decode_sweep,llama3.1,generation,cudnn,bfloat16,bfloat16,32,1,131072,64,8,128,128,gqa,,16,2.398499,57.302,7163.196,89.5399,20,True,,NVIDIA B200,cudnn 9.27.0,
decode_sweep,llama3.1,generation,cudnn,bfloat16,bfloat16,128,1,131072,64,8,128,128,gqa,,16,9.539936,57.627,7203.787,90.0473,20,True,,NVIDIA B200,cudnn 9.27.0,
decode_sweep,llama3.1,generation,cudnn,bfloat16,bfloat16,1,8,2048,64,8,128,128,gqa,,16,0.039743,13.509,217.667,2.7208,20,True,,NVIDIA B200,cudnn 9.27.0,
decode_sweep,llama3.1,generation,cudnn,bfloat16,bfloat16,8,8,2048,64,8,128,128,gqa,,16,0.116097,36.995,596.105,7.4513,20,True,,NVIDIA B200,cudnn 9.27.0,
decode_sweep,llama3.1,generation,cudnn,bfloat16,bfloat16,32,8,2048,64,8,128,128,gqa,,16,0.401698,42.768,689.135,8.6142,20,True,,NVIDIA B200,cudnn 9.27.0,
decode_sweep,llama3.1,generation,cudnn,bfloat16,bfloat16,128,8,2048,64,8,128,128,gqa,,16,1.528916,44.947,724.236,9.053,20,True,,NVIDIA B200,cudnn 9.27.0,
decode_sweep,llama3.1,generation,cudnn,bfloat16,bfloat16,1,8,8192,64,8,128,128,gqa,,16,0.153184,14.019,220.758,2.7595,20,True,,NVIDIA B200,cudnn 9.27.0,
decode_sweep,llama3.1,generation,cudnn,bfloat16,bfloat16,8,8,8192,64,8,128,128,gqa,,16,0.438198,39.206,617.375,7.7172,20,True,,NVIDIA B200,cudnn 9.27.0,
decode_sweep,llama3.1,generation,cudnn,bfloat16,bfloat16,32,8,8192,64,8,128,128,gqa,,16,1.50494,45.663,719.052,8.9882,20,True,,NVIDIA B200,cudnn 9.27.0,
decode_sweep,llama3.1,generation,cudnn,bfloat16,bfloat16,128,8,8192,64,8,128,128,gqa,,16,5.833841,47.118,741.968,9.2746,20,True,,NVIDIA B200,cudnn 9.27.0,
decode_sweep,llama3.1,generation,cudnn,bfloat16,bfloat16,1,8,32768,64,8,128,128,gqa,,16,0.598526,14.352,224.685,2.8086,20,True,,NVIDIA B200,cudnn 9.27.0,
decode_sweep,llama3.1,generation,cudnn,bfloat16,bfloat16,8,8,32768,64,8,128,128,gqa,,16,1.68591,40.761,638.135,7.9767,20,True,,NVIDIA B200,cudnn 9.27.0,
decode_sweep,llama3.1,generation,cudnn,bfloat16,bfloat16,32,8,32768,64,8,128,128,gqa,,16,5.829675,47.151,738.181,9.2273,20,True,,NVIDIA B200,cudnn 9.27.0,
decode_sweep,llama3.1,generation,cudnn,bfloat16,bfloat16,128,8,32768,64,8,128,128,gqa,,16,23.036887,47.728,747.211,9.3401,20,True,,NVIDIA B200,cudnn 9.27.0,
decode_sweep,llama3.1,generation,cudnn,bfloat16,bfloat16,1,8,131072,64,8,128,128,gqa,,16,2.321811,14.799,231.342,2.8918,20,True,,NVIDIA B200,cudnn 9.27.0,
decode_sweep,llama3.1,generation,cudnn,bfloat16,bfloat16,8,8,131072,64,8,128,128,gqa,,16,6.622152,41.509,648.892,8.1112,20,True,,NVIDIA B200,cudnn 9.27.0,
decode_sweep,llama3.1,generation,cudnn,bfloat16,bfloat16,32,8,131072,64,8,128,128,gqa,,16,23.070429,47.659,745.034,9.3129,20,True,,NVIDIA B200,cudnn 9.27.0,
decode_sweep,llama3.1,generation,cudnn,bfloat16,bfloat16,128,8,131072,64,8,128,128,gqa,,16,91.823964,47.897,748.748,9.3594,20,True,,NVIDIA B200,cudnn 9.27.0,
decode_sweep,llama3.1,generation,cudnn,bfloat16,bfloat16,1,16,2048,64,8,128,128,gqa,,16,0.039776,26.995,224.077,2.801,20,True,,NVIDIA B200,cudnn 9.27.0,
decode_sweep,llama3.1,generation,cudnn,bfloat16,bfloat16,8,16,2048,64,8,128,128,gqa,,16,0.116478,73.747,612.16,7.652,20,True,,NVIDIA B200,cudnn 9.27.0,
decode_sweep,llama3.1,generation,cudnn,bfloat16,bfloat16,32,16,2048,64,8,128,128,gqa,,16,0.402847,85.292,707.993,8.8499,20,True,,NVIDIA B200,cudnn 9.27.0,
decode_sweep,llama3.1,generation,cudnn,bfloat16,bfloat16,128,16,2048,64,8,128,128,gqa,,16,1.534878,89.544,743.284,9.2911,20,True,,NVIDIA B200,cudnn 9.27.0,
decode_sweep,llama3.1,generation,cudnn,bfloat16,bfloat16,1,16,8192,64,8,128,128,gqa,,16,0.153184,28.038,222.469,2.7809,20,True,,NVIDIA B200,cudnn 9.27.0,
decode_sweep,llama3.1,generation,cudnn,bfloat16,bfloat16,8,16,8192,64,8,128,128,gqa,,16,0.438716,78.319,621.427,7.7678,20,True,,NVIDIA B200,cudnn 9.27.0,
decode_sweep,llama3.1,generation,cudnn,bfloat16,bfloat16,32,16,8192,64,8,128,128,gqa,,16,1.50797,91.142,723.17,9.0396,20,True,,NVIDIA B200,cudnn 9.27.0,
decode_sweep,llama3.1,generation,cudnn,bfloat16,bfloat16,128,16,8192,64,8,128,128,gqa,,16,5.841321,94.115,746.762,9.3345,20,True,,NVIDIA B200,cudnn 9.27.0,
decode_sweep,llama3.1,generation,cudnn,bfloat16,bfloat16,1,16,32768,64,8,128,128,gqa,,16,0.597828,28.737,225.386,2.8173,20,True,,NVIDIA B200,cudnn 9.27.0,
decode_sweep,llama3.1,generation,cudnn,bfloat16,bfloat16,8,16,32768,64,8,128,128,gqa,,16,1.68892,81.377,638.24,7.978,20,True,,NVIDIA B200,cudnn 9.27.0,
decode_sweep,llama3.1,generation,cudnn,bfloat16,bfloat16,32,16,32768,64,8,128,128,gqa,,16,5.824928,94.38,740.223,9.2528,20,True,,NVIDIA B200,cudnn 9.27.0,
decode_sweep,llama3.1,generation,cudnn,bfloat16,bfloat16,128,16,32768,64,8,128,128,gqa,,16,23.037411,95.454,748.651,9.3581,20,True,,NVIDIA B200,cudnn 9.27.0,
decode_sweep,llama3.1,generation,cudnn,bfloat16,bfloat16,1,16,131072,64,8,128,128,gqa,,16,2.320345,29.616,231.601,2.895,20,True,,NVIDIA B200,cudnn 9.27.0,
decode_sweep,llama3.1,generation,cudnn,bfloat16,bfloat16,8,16,131072,64,8,128,128,gqa,,16,6.62688,82.958,648.746,8.1093,20,True,,NVIDIA B200,cudnn 9.27.0,
decode_sweep,llama3.1,generation,cudnn,bfloat16,bfloat16,32,16,131072,64,8,128,128,gqa,,16,23.071682,95.313,745.357,9.317,20,True,,NVIDIA B200,cudnn 9.27.0,
decode_sweep,llama3.1,generation,cudnn,bfloat16,bfloat16,128,16,131072,64,8,128,128,gqa,,16,91.833893,95.783,749.033,9.3629,20,True,,NVIDIA B200,cudnn 9.27.0,
decode_sweep,llama3.1,generation,cudnn_oss,bfloat16,bfloat16,1,1,2048,64,8,128,128,gqa,,16,0.015584,4.306,540.386,6.7548,20,True,,NVIDIA B200,cudnn_oss plan=sdpa_fwd_prefill_sm100[PACK_GQA=1; SCHED_POLICY=0; SPLIT_KV=8; TILE_CGA_M=1; TILE_M=128; TILE_N=128],
decode_sweep,llama3.1,generation,cudnn_oss,bfloat16,bfloat16,8,1,2048,64,8,128,128,gqa,,16,0.023136,23.205,2911.956,36.3994,20,True,,NVIDIA B200,cudnn_oss plan=sdpa_fwd_prefill_sm100[PACK_GQA=1; SCHED_POLICY=0; SPLIT_KV=2; TILE_CGA_M=1; TILE_M=128; TILE_N=128],
decode_sweep,llama3.1,generation,cudnn_oss,bfloat16,bfloat16,32,1,2048,64,8,128,128,gqa,,16,0.059454,36.12,4532.648,56.6581,20,True,,NVIDIA B200,cudnn_oss plan=sdpa_fwd_prefill_sm100[PACK_GQA=1; SCHED_POLICY=0; SPLIT_KV=1; TILE_CGA_M=1; TILE_M=128; TILE_N=128],
decode_sweep,llama3.1,generation,cudnn_oss,bfloat16,bfloat16,128,1,2048,64,8,128,128,gqa,,16,0.174177,49.317,6188.74,77.3592,20,True,,NVIDIA B200,cudnn_oss plan=sdpa_fwd_prefill_sm100[PACK_GQA=1; SCHED_POLICY=0; SPLIT_KV=1; TILE_CGA_M=1; TILE_M=128; TILE_N=128],
decode_sweep,llama3.1,generation,cudnn_oss,bfloat16,bfloat16,1,1,8192,64,8,128,128,gqa,,16,0.025792,10.408,1302.233,16.2779,20,True,,NVIDIA B200,cudnn_oss plan=sdpa_fwd_prefill_sm100[PACK_GQA=1; SCHED_POLICY=0; SPLIT_KV=16; TILE_CGA_M=1; TILE_M=128; TILE_N=128],
decode_sweep,llama3.1,generation,cudnn_oss,bfloat16,bfloat16,8,1,8192,64,8,128,128,gqa,,16,0.060672,35.395,4428.692,55.3586,20,True,,NVIDIA B200,cudnn_oss plan=sdpa_fwd_prefill_sm100[PACK_GQA=1; SCHED_POLICY=0; SPLIT_KV=2; TILE_CGA_M=1; TILE_M=128; TILE_N=128],
decode_sweep,llama3.1,generation,cudnn_oss,bfloat16,bfloat16,32,1,8192,64,8,128,128,gqa,,16,0.1832,46.888,5866.76,73.3345,20,True,,NVIDIA B200,cudnn_oss plan=sdpa_fwd_prefill_sm100[PACK_GQA=1; SCHED_POLICY=0; SPLIT_KV=1; TILE_CGA_M=1; TILE_M=128; TILE_N=128],
decode_sweep,llama3.1,generation,cudnn_oss,bfloat16,bfloat16,128,1,8192,64,8,128,128,gqa,,16,0.65594,52.382,6554.199,81.9275,20,True,,NVIDIA B200,cudnn_oss plan=sdpa_fwd_prefill_sm100[PACK_GQA=1; SCHED_POLICY=0; SPLIT_KV=1; TILE_CGA_M=1; TILE_M=128; TILE_N=128],
decode_sweep,llama3.1,generation,cudnn_oss,bfloat16,bfloat16,1,1,32768,64,8,128,128,gqa,,16,0.044864,23.933,2992.388,37.4049,20,True,,NVIDIA B200,cudnn_oss plan=sdpa_fwd_prefill_sm100[PACK_GQA=1; SCHED_POLICY=0; SPLIT_KV=16; TILE_CGA_M=1; TILE_M=128; TILE_N=128],
decode_sweep,llama3.1,generation,cudnn_oss,bfloat16,bfloat16,8,1,32768,64,8,128,128,gqa,,16,0.175684,48.894,6113.271,76.4159,20,True,,NVIDIA B200,cudnn_oss plan=sdpa_fwd_prefill_sm100[PACK_GQA=1; SCHED_POLICY=0; SPLIT_KV=2; TILE_CGA_M=1; TILE_M=128; TILE_N=128],
decode_sweep,llama3.1,generation,cudnn_oss,bfloat16,bfloat16,32,1,32768,64,8,128,128,gqa,,16,0.661979,51.905,6489.656,81.1207,20,True,,NVIDIA B200,cudnn_oss plan=sdpa_fwd_prefill_sm100[PACK_GQA=1; SCHED_POLICY=0; SPLIT_KV=1; TILE_CGA_M=1; TILE_M=128; TILE_N=128],
decode_sweep,llama3.1,generation,cudnn_oss,bfloat16,bfloat16,128,1,32768,64,8,128,128,gqa,,16,2.556327,53.764,6722.17,84.0271,20,True,,NVIDIA B200,cudnn_oss plan=sdpa_fwd_prefill_sm100[PACK_GQA=1; SCHED_POLICY=0; SPLIT_KV=1; TILE_CGA_M=1; TILE_M=128; TILE_N=128],
decode_sweep,llama3.1,generation,cudnn_oss,bfloat16,bfloat16,1,1,131072,64,8,128,128,gqa,,16,0.110912,38.724,4840.808,60.5101,20,True,,NVIDIA B200,cudnn_oss plan=sdpa_fwd_prefill_sm100[PACK_GQA=1; SCHED_POLICY=0; SPLIT_KV=16; TILE_CGA_M=1; TILE_M=128; TILE_N=128],
decode_sweep,llama3.1,generation,cudnn_oss,bfloat16,bfloat16,8,1,131072,64,8,128,128,gqa,,16,0.619742,55.442,6930.673,86.6334,20,True,,NVIDIA B200,cudnn_oss plan=sdpa_fwd_prefill_sm100[PACK_GQA=1; SCHED_POLICY=0; SPLIT_KV=2; TILE_CGA_M=1; TILE_M=128; TILE_N=128],
decode_sweep,llama3.1,generation,cudnn_oss,bfloat16,bfloat16,32,1,131072,64,8,128,128,gqa,,16,2.565335,53.575,6697.339,83.7167,20,True,,NVIDIA B200,cudnn_oss plan=sdpa_fwd_prefill_sm100[PACK_GQA=1; SCHED_POLICY=0; SPLIT_KV=4; TILE_CGA_M=1; TILE_M=128; TILE_N=128],
decode_sweep,llama3.1,generation,cudnn_oss,bfloat16,bfloat16,128,1,131072,64,8,128,128,gqa,,16,10.21079,53.841,6730.495,84.1312,20,True,,NVIDIA B200,cudnn_oss plan=sdpa_fwd_prefill_sm100[PACK_GQA=1; SCHED_POLICY=0; SPLIT_KV=1; TILE_CGA_M=1; TILE_M=128; TILE_N=128],
decode_sweep,llama3.1,generation,cudnn_oss,bfloat16,bfloat16,1,8,2048,64,8,128,128,gqa,,16,0.01984,27.06,436.026,5.4503,20,True,,NVIDIA B200,cudnn_oss plan=sdpa_fwd_prefill_sm100[PACK_GQA=1; SCHED_POLICY=0; SPLIT_KV=8; TILE_CGA_M=1; TILE_M=128; TILE_N=128],
decode_sweep,llama3.1,generation,cudnn_oss,bfloat16,bfloat16,8,8,2048,64,8,128,128,gqa,,16,0.030242,142.02,2288.407,28.6051,20,True,,NVIDIA B200,cudnn_oss plan=sdpa_fwd_prefill_sm100[PACK_GQA=1; SCHED_POLICY=0; SPLIT_KV=2; TILE_CGA_M=1; TILE_M=128; TILE_N=128],
decode_sweep,llama3.1,generation,cudnn_oss,bfloat16,bfloat16,32,8,2048,64,8,128,128,gqa,,16,0.060896,282.118,4545.85,56.8231,20,True,,NVIDIA B200,cudnn_oss plan=sdpa_fwd_prefill_sm100[PACK_GQA=1; SCHED_POLICY=0; SPLIT_KV=1; TILE_CGA_M=1; TILE_M=128; TILE_N=128],
decode_sweep,llama3.1,generation,cudnn_oss,bfloat16,bfloat16,128,8,2048,64,8,128,128,gqa,,16,0.182499,376.547,6067.41,75.8426,20,True,,NVIDIA B200,cudnn_oss plan=sdpa_fwd_prefill_sm100[PACK_GQA=1; SCHED_POLICY=0; SPLIT_KV=1; TILE_CGA_M=1; TILE_M=128; TILE_N=128],
decode_sweep,llama3.1,generation,cudnn_oss,bfloat16,bfloat16,1,8,8192,64,8,128,128,gqa,,16,0.029472,72.865,1147.414,14.3427,20,True,,NVIDIA B200,cudnn_oss plan=sdpa_fwd_prefill_sm100[PACK_GQA=1; SCHED_POLICY=0; SPLIT_KV=16; TILE_CGA_M=1; TILE_M=128; TILE_N=128],
decode_sweep,llama3.1,generation,cudnn_oss,bfloat16,bfloat16,8,8,8192,64,8,128,128,gqa,,16,0.067518,254.449,4006.822,50.0853,20,True,,NVIDIA B200,cudnn_oss plan=sdpa_fwd_prefill_sm100[PACK_GQA=1; SCHED_POLICY=0; SPLIT_KV=2; TILE_CGA_M=1; TILE_M=128; TILE_N=128],
decode_sweep,llama3.1,generation,cudnn_oss,bfloat16,bfloat16,32,8,8192,64,8,128,128,gqa,,16,0.187816,365.887,5761.652,72.0206,20,True,,NVIDIA B200,cudnn_oss plan=sdpa_fwd_prefill_sm100[PACK_GQA=1; SCHED_POLICY=0; SPLIT_KV=1; TILE_CGA_M=1; TILE_M=128; TILE_N=128],
decode_sweep,llama3.1,generation,cudnn_oss,bfloat16,bfloat16,128,8,8192,64,8,128,128,gqa,,16,0.667072,412.066,6488.837,81.1105,20,True,,NVIDIA B200,cudnn_oss plan=sdpa_fwd_prefill_sm100[PACK_GQA=1; SCHED_POLICY=0; SPLIT_KV=1; TILE_CGA_M=1; TILE_M=128; TILE_N=128],
decode_sweep,llama3.1,generation,cudnn_oss,bfloat16,bfloat16,1,8,32768,64,8,128,128,gqa,,16,0.048512,177.068,2772.095,34.6512,20,True,,NVIDIA B200,cudnn_oss plan=sdpa_fwd_prefill_sm100[PACK_GQA=1; SCHED_POLICY=0; SPLIT_KV=16; TILE_CGA_M=1; TILE_M=128; TILE_N=128],
decode_sweep,llama3.1,generation,cudnn_oss,bfloat16,bfloat16,8,8,32768,64,8,128,128,gqa,,16,0.182432,376.685,5897.205,73.7151,20,True,,NVIDIA B200,cudnn_oss plan=sdpa_fwd_prefill_sm100[PACK_GQA=1; SCHED_POLICY=0; SPLIT_KV=2; TILE_CGA_M=1; TILE_M=128; TILE_N=128],
decode_sweep,llama3.1,generation,cudnn_oss,bfloat16,bfloat16,32,8,32768,64,8,128,128,gqa,,16,0.679104,404.766,6336.814,79.2102,20,True,,NVIDIA B200,cudnn_oss plan=sdpa_fwd_prefill_sm100[PACK_GQA=1; SCHED_POLICY=0; SPLIT_KV=1; TILE_CGA_M=1; TILE_M=128; TILE_N=128],
decode_sweep,llama3.1,generation,cudnn_oss,bfloat16,bfloat16,128,8,32768,64,8,128,128,gqa,,16,2.563139,428.971,6715.759,83.947,20,True,,NVIDIA B200,cudnn_oss plan=sdpa_fwd_prefill_sm100[PACK_GQA=1; SCHED_POLICY=0; SPLIT_KV=1; TILE_CGA_M=1; TILE_M=128; TILE_N=128],
decode_sweep,llama3.1,generation,cudnn_oss,bfloat16,bfloat16,1,8,131072,64,8,128,128,gqa,,16,0.113728,302.122,4722.962,59.037,20,True,,NVIDIA B200,cudnn_oss plan=sdpa_fwd_prefill_sm100[PACK_GQA=1; SCHED_POLICY=0; SPLIT_KV=16; TILE_CGA_M=1; TILE_M=128; TILE_N=128],
decode_sweep,llama3.1,generation,cudnn_oss,bfloat16,bfloat16,8,8,131072,64,8,128,128,gqa,,16,0.627617,437.971,6846.635,85.5829,20,True,,NVIDIA B200,cudnn_oss plan=sdpa_fwd_prefill_sm100[PACK_GQA=1; SCHED_POLICY=0; SPLIT_KV=2; TILE_CGA_M=1; TILE_M=128; TILE_N=128],
decode_sweep,llama3.1,generation,cudnn_oss,bfloat16,bfloat16,32,8,131072,64,8,128,128,gqa,,16,2.632361,417.69,6529.597,81.62,20,True,,NVIDIA B200,cudnn_oss plan=sdpa_fwd_prefill_sm100[PACK_GQA=1; SCHED_POLICY=0; SPLIT_KV=4; TILE_CGA_M=1; TILE_M=128; TILE_N=128],
decode_sweep,llama3.1,generation,cudnn_oss,bfloat16,bfloat16,128,8,131072,64,8,128,128,gqa,,16,10.2501,429.074,6707.547,83.8443,20,True,,NVIDIA B200,cudnn_oss plan=sdpa_fwd_prefill_sm100[PACK_GQA=1; SCHED_POLICY=0; SPLIT_KV=1; TILE_CGA_M=1; TILE_M=128; TILE_N=128],
decode_sweep,llama3.1,generation,cudnn_oss,bfloat16,bfloat16,1,16,2048,64,8,128,128,gqa,,16,0.022848,46.995,390.095,4.8762,20,True,,NVIDIA B200,cudnn_oss plan=sdpa_fwd_prefill_sm100[PACK_GQA=1; SCHED_POLICY=0; SPLIT_KV=4; TILE_CGA_M=1; TILE_M=128; TILE_N=128],
decode_sweep,llama3.1,generation,cudnn_oss,bfloat16,bfloat16,8,16,2048,64,8,128,128,gqa,,16,0.038944,220.571,1830.915,22.8864,20,True,,NVIDIA B200,cudnn_oss plan=sdpa_fwd_prefill_sm100[PACK_GQA=1; SCHED_POLICY=0; SPLIT_KV=2; TILE_CGA_M=1; TILE_M=128; TILE_N=128],
decode_sweep,llama3.1,generation,cudnn_oss,bfloat16,bfloat16,32,16,2048,64,8,128,128,gqa,,16,0.062335,551.211,4575.482,57.1935,20,True,,NVIDIA B200,cudnn_oss plan=sdpa_fwd_prefill_sm100[PACK_GQA=1; SCHED_POLICY=0; SPLIT_KV=1; TILE_CGA_M=1; TILE_M=128; TILE_N=128],
decode_sweep,llama3.1,generation,cudnn_oss,bfloat16,bfloat16,128,16,2048,64,8,128,128,gqa,,16,0.187775,731.934,6075.626,75.9453,20,True,,NVIDIA B200,cudnn_oss plan=sdpa_fwd_prefill_sm100[PACK_GQA=1; SCHED_POLICY=0; SPLIT_KV=1; TILE_CGA_M=1; TILE_M=128; TILE_N=128],
decode_sweep,llama3.1,generation,cudnn_oss,bfloat16,bfloat16,1,16,8192,64,8,128,128,gqa,,16,0.030432,141.133,1119.832,13.9979,20,True,,NVIDIA B200,cudnn_oss plan=sdpa_fwd_prefill_sm100[PACK_GQA=1; SCHED_POLICY=0; SPLIT_KV=8; TILE_CGA_M=1; TILE_M=128; TILE_N=128],
decode_sweep,llama3.1,generation,cudnn_oss,bfloat16,bfloat16,8,16,8192,64,8,128,128,gqa,,16,0.07616,451.152,3579.697,44.7462,20,True,,NVIDIA B200,cudnn_oss plan=sdpa_fwd_prefill_sm100[PACK_GQA=1; SCHED_POLICY=0; SPLIT_KV=2; TILE_CGA_M=1; TILE_M=128; TILE_N=128],
decode_sweep,llama3.1,generation,cudnn_oss,bfloat16,bfloat16,32,16,8192,64,8,128,128,gqa,,16,0.190463,721.604,5725.621,71.5703,20,True,,NVIDIA B200,cudnn_oss plan=sdpa_fwd_prefill_sm100[PACK_GQA=1; SCHED_POLICY=0; SPLIT_KV=1; TILE_CGA_M=1; TILE_M=128; TILE_N=128],
decode_sweep,llama3.1,generation,cudnn_oss,bfloat16,bfloat16,128,16,8192,64,8,128,128,gqa,,16,0.672704,817.233,6484.392,81.0549,20,True,,NVIDIA B200,cudnn_oss plan=sdpa_fwd_prefill_sm100[PACK_GQA=1; SCHED_POLICY=0; SPLIT_KV=1; TILE_CGA_M=1; TILE_M=128; TILE_N=128],
decode_sweep,llama3.1,generation,cudnn_oss,bfloat16,bfloat16,1,16,32768,64,8,128,128,gqa,,16,0.053888,318.807,2500.409,31.2551,20,True,,NVIDIA B200,cudnn_oss plan=sdpa_fwd_prefill_sm100[PACK_GQA=1; SCHED_POLICY=0; SPLIT_KV=16; TILE_CGA_M=1; TILE_M=128; TILE_N=128],
decode_sweep,llama3.1,generation,cudnn_oss,bfloat16,bfloat16,8,16,32768,64,8,128,128,gqa,,16,0.191774,716.671,5620.867,70.2608,20,True,,NVIDIA B200,cudnn_oss plan=sdpa_fwd_prefill_sm100[PACK_GQA=1; SCHED_POLICY=0; SPLIT_KV=2; TILE_CGA_M=1; TILE_M=128; TILE_N=128],
decode_sweep,llama3.1,generation,cudnn_oss,bfloat16,bfloat16,32,16,32768,64,8,128,128,gqa,,16,0.694983,791.035,6204.101,77.5513,20,True,,NVIDIA B200,cudnn_oss plan=sdpa_fwd_prefill_sm100[PACK_GQA=1; SCHED_POLICY=0; SPLIT_KV=1; TILE_CGA_M=1; TILE_M=128; TILE_N=128],
decode_sweep,llama3.1,generation,cudnn_oss,bfloat16,bfloat16,128,16,32768,64,8,128,128,gqa,,16,2.559355,859.21,6738.799,84.235,20,True,,NVIDIA B200,cudnn_oss plan=sdpa_fwd_prefill_sm100[PACK_GQA=1; SCHED_POLICY=0; SPLIT_KV=1; TILE_CGA_M=1; TILE_M=128; TILE_N=128],
decode_sweep,llama3.1,generation,cudnn_oss,bfloat16,bfloat16,1,16,131072,64,8,128,128,gqa,,16,0.119136,576.815,4510.771,56.3846,20,True,,NVIDIA B200,cudnn_oss plan=sdpa_fwd_prefill_sm100[PACK_GQA=1; SCHED_POLICY=0; SPLIT_KV=16; TILE_CGA_M=1; TILE_M=128; TILE_N=128],
decode_sweep,llama3.1,generation,cudnn_oss,bfloat16,bfloat16,8,16,131072,64,8,128,128,gqa,,16,0.640672,858.092,6710.394,83.8799,20,True,,NVIDIA B200,cudnn_oss plan=sdpa_fwd_prefill_sm100[PACK_GQA=1; SCHED_POLICY=0; SPLIT_KV=2; TILE_CGA_M=1; TILE_M=128; TILE_N=128],
decode_sweep,llama3.1,generation,cudnn_oss,bfloat16,bfloat16,32,16,131072,64,8,128,128,gqa,,16,2.677305,821.357,6423.118,80.289,20,True,,NVIDIA B200,cudnn_oss plan=sdpa_fwd_prefill_sm100[PACK_GQA=1; SCHED_POLICY=0; SPLIT_KV=4; TILE_CGA_M=1; TILE_M=128; TILE_N=128],
decode_sweep,llama3.1,generation,cudnn_oss,bfloat16,bfloat16,128,16,131072,64,8,128,128,gqa,,16,10.227756,860.022,6725.482,84.0685,20,True,,NVIDIA B200,cudnn_oss plan=sdpa_fwd_prefill_sm100[PACK_GQA=1; SCHED_POLICY=0; SPLIT_KV=1; TILE_CGA_M=1; TILE_M=128; TILE_N=128],
decode_sweep,llama3.1-tp4,generation,cudnn,bfloat16,bfloat16,1,1,2048,16,2,128,128,gqa,,16,0.005664,2.962,371.706,4.6463,20,True,,NVIDIA B200,cudnn 9.27.0,
decode_sweep,llama3.1-tp4,generation,cudnn,bfloat16,bfloat16,8,1,2048,16,2,128,128,gqa,,16,0.007936,16.913,2122.323,26.529,20,True,,NVIDIA B200,cudnn 9.27.0,
decode_sweep,llama3.1-tp4,generation,cudnn,bfloat16,bfloat16,32,1,2048,16,2,128,128,gqa,,16,0.017504,30.671,3848.892,48.1112,20,True,,NVIDIA B200,cudnn 9.27.0,
decode_sweep,llama3.1-tp4,generation,cudnn,bfloat16,bfloat16,128,1,2048,16,2,128,128,gqa,,16,0.054654,39.292,4930.728,61.6341,20,True,,NVIDIA B200,cudnn 9.27.0,
decode_sweep,llama3.1-tp4,generation,cudnn,bfloat16,bfloat16,1,1,8192,16,2,128,128,gqa,,16,0.006367,10.54,1318.8,16.485,20,True,,NVIDIA B200,cudnn 9.27.0,
decode_sweep,llama3.1-tp4,generation,cudnn,bfloat16,bfloat16,8,1,8192,16,2,128,128,gqa,,16,0.0176,30.504,3816.727,47.7091,20,True,,NVIDIA B200,cudnn 9.27.0,
decode_sweep,llama3.1-tp4,generation,cudnn,bfloat16,bfloat16,32,1,8192,16,2,128,128,gqa,,16,0.054178,39.638,4959.533,61.9942,20,True,,NVIDIA B200,cudnn 9.27.0,
decode_sweep,llama3.1-tp4,generation,cudnn,bfloat16,bfloat16,128,1,8192,16,2,128,128,gqa,,16,0.168956,50.841,6361.363,79.517,20,True,,NVIDIA B200,cudnn 9.27.0,
decode_sweep,llama3.1-tp4,generation,cudnn,bfloat16,bfloat16,1,1,32768,16,2,128,128,gqa,,16,0.01088,24.672,3084.8,38.56,20,True,,NVIDIA B200,cudnn 9.27.0,
decode_sweep,llama3.1-tp4,generation,cudnn,bfloat16,bfloat16,8,1,32768,16,2,128,128,gqa,,16,0.05488,39.131,4892.511,61.1564,20,True,,NVIDIA B200,cudnn 9.27.0,
decode_sweep,llama3.1-tp4,generation,cudnn,bfloat16,bfloat16,32,1,32768,16,2,128,128,gqa,,16,0.168608,50.946,6369.828,79.6229,20,True,,NVIDIA B200,cudnn 9.27.0,
decode_sweep,llama3.1-tp4,generation,cudnn,bfloat16,bfloat16,128,1,32768,16,2,128,128,gqa,,16,0.599839,57.282,7161.948,89.5244,20,True,,NVIDIA B200,cudnn 9.27.0,
decode_sweep,llama3.1-tp4,generation,cudnn,bfloat16,bfloat16,1,1,131072,16,2,128,128,gqa,,16,0.030144,35.62,4452.824,55.6603,20,True,,NVIDIA B200,cudnn 9.27.0,
decode_sweep,llama3.1-tp4,generation,cudnn,bfloat16,bfloat16,8,1,131072,16,2,128,128,gqa,,16,0.168,51.131,6391.71,79.8964,20,True,,NVIDIA B200,cudnn 9.27.0,
decode_sweep,llama3.1-tp4,generation,cudnn,bfloat16,bfloat16,32,1,131072,16,2,128,128,gqa,,16,0.603942,56.892,7111.99,88.8999,20,True,,NVIDIA B200,cudnn 9.27.0,
decode_sweep,llama3.1-tp4,generation,cudnn,bfloat16,bfloat16,128,1,131072,16,2,128,128,gqa,,16,2.318627,59.276,7409.953,92.6244,20,True,,NVIDIA B200,cudnn 9.27.0,
decode_sweep,llama3.1-tp4,generation,cudnn,bfloat16,bfloat16,1,8,2048,16,2,128,128,gqa,,16,0.037569,3.573,57.566,0.7196,20,True,,NVIDIA B200,cudnn 9.27.0,
decode_sweep,llama3.1-tp4,generation,cudnn,bfloat16,bfloat16,8,8,2048,16,2,128,128,gqa,,16,0.040193,26.715,430.461,5.3808,20,True,,NVIDIA B200,cudnn 9.27.0,
decode_sweep,llama3.1-tp4,generation,cudnn,bfloat16,bfloat16,32,8,2048,16,2,128,128,gqa,,16,0.116161,36.974,595.777,7.4472,20,True,,NVIDIA B200,cudnn 9.27.0,
decode_sweep,llama3.1-tp4,generation,cudnn,bfloat16,bfloat16,128,8,2048,16,2,128,128,gqa,,16,0.401884,42.748,688.816,8.6102,20,True,,NVIDIA B200,cudnn 9.27.0,
decode_sweep,llama3.1-tp4,generation,cudnn,bfloat16,bfloat16,1,8,8192,16,2,128,128,gqa,,16,0.141597,3.792,59.706,0.7463,20,True,,NVIDIA B200,cudnn 9.27.0,
decode_sweep,llama3.1-tp4,generation,cudnn,bfloat16,bfloat16,8,8,8192,16,2,128,128,gqa,,16,0.155744,27.577,434.258,5.4282,20,True,,NVIDIA B200,cudnn 9.27.0,
decode_sweep,llama3.1-tp4,generation,cudnn,bfloat16,bfloat16,32,8,8192,16,2,128,128,gqa,,16,0.438342,39.193,617.172,7.7147,20,True,,NVIDIA B200,cudnn 9.27.0,
decode_sweep,llama3.1-tp4,generation,cudnn,bfloat16,bfloat16,128,8,8192,16,2,128,128,gqa,,16,1.504972,45.662,719.037,8.988,20,True,,NVIDIA B200,cudnn 9.27.0,
decode_sweep,llama3.1-tp4,generation,cudnn,bfloat16,bfloat16,1,8,32768,16,2,128,128,gqa,,16,0.561286,3.826,59.898,0.7487,20,True,,NVIDIA B200,cudnn 9.27.0,
decode_sweep,llama3.1-tp4,generation,cudnn,bfloat16,bfloat16,8,8,32768,16,2,128,128,gqa,,16,0.591134,29.063,454.989,5.6874,20,True,,NVIDIA B200,cudnn 9.27.0,
decode_sweep,llama3.1-tp4,generation,cudnn,bfloat16,bfloat16,32,8,32768,16,2,128,128,gqa,,16,1.686142,40.755,638.048,7.9756,20,True,,NVIDIA B200,cudnn 9.27.0,
decode_sweep,llama3.1-tp4,generation,cudnn,bfloat16,bfloat16,128,8,32768,16,2,128,128,gqa,,16,5.822107,47.213,739.141,9.2393,20,True,,NVIDIA B200,cudnn 9.27.0,
decode_sweep,llama3.1-tp4,generation,cudnn,bfloat16,bfloat16,1,8,131072,16,2,128,128,gqa,,16,2.264094,3.794,59.31,0.7414,20,True,,NVIDIA B200,cudnn 9.27.0,
decode_sweep,llama3.1-tp4,generation,cudnn,bfloat16,bfloat16,8,8,131072,16,2,128,128,gqa,,16,2.26957,30.279,473.335,5.9167,20,True,,NVIDIA B200,cudnn 9.27.0,
decode_sweep,llama3.1-tp4,generation,cudnn,bfloat16,bfloat16,32,8,131072,16,2,128,128,gqa,,16,6.622507,41.507,648.858,8.1107,20,True,,NVIDIA B200,cudnn 9.27.0,
decode_sweep,llama3.1-tp4,generation,cudnn,bfloat16,bfloat16,128,8,131072,16,2,128,128,gqa,,16,23.055083,47.691,745.53,9.3191,20,True,,NVIDIA B200,cudnn 9.27.0,
decode_sweep,llama3.1-tp4,generation,cudnn,bfloat16,bfloat16,1,16,2048,16,2,128,128,gqa,,16,0.037696,7.121,59.11,0.7389,20,True,,NVIDIA B200,cudnn 9.27.0,
decode_sweep,llama3.1-tp4,generation,cudnn,bfloat16,bfloat16,8,16,2048,16,2,128,128,gqa,,16,0.040384,53.177,441.407,5.5176,20,True,,NVIDIA B200,cudnn 9.27.0,
decode_sweep,llama3.1-tp4,generation,cudnn,bfloat16,bfloat16,32,16,2048,16,2,128,128,gqa,,16,0.116288,73.868,613.16,7.6645,20,True,,NVIDIA B200,cudnn 9.27.0,
decode_sweep,llama3.1-tp4,generation,cudnn,bfloat16,bfloat16,128,16,2048,16,2,128,128,gqa,,16,0.403122,85.234,707.51,8.8439,20,True,,NVIDIA B200,cudnn 9.27.0,
decode_sweep,llama3.1-tp4,generation,cudnn,bfloat16,bfloat16,1,16,8192,16,2,128,128,gqa,,16,0.141662,7.58,60.141,0.7518,20,True,,NVIDIA B200,cudnn 9.27.0,
decode_sweep,llama3.1-tp4,generation,cudnn,bfloat16,bfloat16,8,16,8192,16,2,128,128,gqa,,16,0.156001,55.063,436.904,5.4613,20,True,,NVIDIA B200,cudnn 9.27.0,
decode_sweep,llama3.1-tp4,generation,cudnn,bfloat16,bfloat16,32,16,8192,16,2,128,128,gqa,,16,0.439004,78.267,621.019,7.7627,20,True,,NVIDIA B200,cudnn 9.27.0,
decode_sweep,llama3.1-tp4,generation,cudnn,bfloat16,bfloat16,128,16,8192,16,2,128,128,gqa,,16,1.508174,91.129,723.072,9.0384,20,True,,NVIDIA B200,cudnn 9.27.0,
decode_sweep,llama3.1-tp4,generation,cudnn,bfloat16,bfloat16,1,16,32768,16,2,128,128,gqa,,16,0.561116,7.654,60.033,0.7504,20,True,,NVIDIA B200,cudnn 9.27.0,
decode_sweep,llama3.1-tp4,generation,cudnn,bfloat16,bfloat16,8,16,32768,16,2,128,128,gqa,,16,0.590558,58.182,456.321,5.704,20,True,,NVIDIA B200,cudnn 9.27.0,
decode_sweep,llama3.1-tp4,generation,cudnn,bfloat16,bfloat16,32,16,32768,16,2,128,128,gqa,,16,1.68749,81.446,638.781,7.9848,20,True,,NVIDIA B200,cudnn 9.27.0,
decode_sweep,llama3.1-tp4,generation,cudnn,bfloat16,bfloat16,128,16,32768,16,2,128,128,gqa,,16,5.819003,94.476,740.977,9.2622,20,True,,NVIDIA B200,cudnn 9.27.0,
decode_sweep,llama3.1-tp4,generation,cudnn,bfloat16,bfloat16,1,16,131072,16,2,128,128,gqa,,16,2.264744,7.586,59.322,0.7415,20,True,,NVIDIA B200,cudnn 9.27.0,
decode_sweep,llama3.1-tp4,generation,cudnn,bfloat16,bfloat16,8,16,131072,16,2,128,128,gqa,,16,2.269691,60.554,473.54,5.9193,20,True,,NVIDIA B200,cudnn 9.27.0,
decode_sweep,llama3.1-tp4,generation,cudnn,bfloat16,bfloat16,32,16,131072,16,2,128,128,gqa,,16,6.623253,83.004,649.101,8.1138,20,True,,NVIDIA B200,cudnn 9.27.0,
decode_sweep,llama3.1-tp4,generation,cudnn,bfloat16,bfloat16,128,16,131072,16,2,128,128,gqa,,16,23.05583,95.378,745.87,9.3234,20,True,,NVIDIA B200,cudnn 9.27.0,
decode_sweep,llama3.1-tp4,generation,cudnn_oss,bfloat16,bfloat16,1,1,2048,16,2,128,128,gqa,,16,0.013407,1.251,157.033,1.9629,20,True,,NVIDIA B200,cudnn_oss plan=sdpa_fwd_prefill_sm100[PACK_GQA=1; SCHED_POLICY=0; SPLIT_KV=8; TILE_CGA_M=1; TILE_M=128; TILE_N=128],
decode_sweep,llama3.1-tp4,generation,cudnn_oss,bfloat16,bfloat16,8,1,2048,16,2,128,128,gqa,,16,0.016672,8.05,1010.242,12.628,20,True,,NVIDIA B200,cudnn_oss plan=sdpa_fwd_prefill_sm100[PACK_GQA=1; SCHED_POLICY=0; SPLIT_KV=8; TILE_CGA_M=1; TILE_M=128; TILE_N=128],
decode_sweep,llama3.1-tp4,generation,cudnn_oss,bfloat16,bfloat16,32,1,2048,16,2,128,128,gqa,,16,0.02272,23.63,2965.273,37.0659,20,True,,NVIDIA B200,cudnn_oss plan=sdpa_fwd_prefill_sm100[PACK_GQA=1; SCHED_POLICY=0; SPLIT_KV=2; TILE_CGA_M=1; TILE_M=128; TILE_N=128],
decode_sweep,llama3.1-tp4,generation,cudnn_oss,bfloat16,bfloat16,128,1,2048,16,2,128,128,gqa,,16,0.058144,36.934,4634.769,57.9346,20,True,,NVIDIA B200,cudnn_oss plan=sdpa_fwd_prefill_sm100[PACK_GQA=1; SCHED_POLICY=0; SPLIT_KV=1; TILE_CGA_M=1; TILE_M=128; TILE_N=128],
decode_sweep,llama3.1-tp4,generation,cudnn_oss,bfloat16,bfloat16,1,1,8192,16,2,128,128,gqa,,16,0.027585,2.433,304.397,3.805,20,True,,NVIDIA B200,cudnn_oss plan=sdpa_fwd_prefill_sm100[PACK_GQA=1; SCHED_POLICY=0; SPLIT_KV=32; TILE_CGA_M=1; TILE_M=128; TILE_N=128],
decode_sweep,llama3.1-tp4,generation,cudnn_oss,bfloat16,bfloat16,8,1,8192,16,2,128,128,gqa,,16,0.026272,20.435,2556.882,31.961,20,True,,NVIDIA B200,cudnn_oss plan=sdpa_fwd_prefill_sm100[PACK_GQA=1; SCHED_POLICY=0; SPLIT_KV=8; TILE_CGA_M=1; TILE_M=128; TILE_N=128],
decode_sweep,llama3.1-tp4,generation,cudnn_oss,bfloat16,bfloat16,32,1,8192,16,2,128,128,gqa,,16,0.059645,36.004,4504.948,56.3118,20,True,,NVIDIA B200,cudnn_oss plan=sdpa_fwd_prefill_sm100[PACK_GQA=1; SCHED_POLICY=0; SPLIT_KV=2; TILE_CGA_M=1; TILE_M=128; TILE_N=128],
decode_sweep,llama3.1-tp4,generation,cudnn_oss,bfloat16,bfloat16,128,1,8192,16,2,128,128,gqa,,16,0.180989,47.461,5938.429,74.2304,20,True,,NVIDIA B200,cudnn_oss plan=sdpa_fwd_prefill_sm100[PACK_GQA=1; SCHED_POLICY=0; SPLIT_KV=1; TILE_CGA_M=1; TILE_M=128; TILE_N=128],
decode_sweep,llama3.1-tp4,generation,cudnn_oss,bfloat16,bfloat16,1,1,32768,16,2,128,128,gqa,,16,0.049984,5.37,671.467,8.3933,20,True,,NVIDIA B200,cudnn_oss plan=sdpa_fwd_prefill_sm100[PACK_GQA=1; SCHED_POLICY=0; SPLIT_KV=64; TILE_CGA_M=1; TILE_M=128; TILE_N=128],
decode_sweep,llama3.1-tp4,generation,cudnn_oss,bfloat16,bfloat16,8,1,32768,16,2,128,128,gqa,,16,0.063774,33.673,4210.195,52.6274,20,True,,NVIDIA B200,cudnn_oss plan=sdpa_fwd_prefill_sm100[PACK_GQA=1; SCHED_POLICY=0; SPLIT_KV=8; TILE_CGA_M=1; TILE_M=128; TILE_N=128],
decode_sweep,llama3.1-tp4,generation,cudnn_oss,bfloat16,bfloat16,32,1,32768,16,2,128,128,gqa,,16,0.174435,49.244,6157.044,76.963,20,True,,NVIDIA B200,cudnn_oss plan=sdpa_fwd_prefill_sm100[PACK_GQA=1; SCHED_POLICY=0; SPLIT_KV=2; TILE_CGA_M=1; TILE_M=128; TILE_N=128],
decode_sweep,llama3.1-tp4,generation,cudnn_oss,bfloat16,bfloat16,128,1,32768,16,2,128,128,gqa,,16,0.658139,52.207,6527.521,81.594,20,True,,NVIDIA B200,cudnn_oss plan=sdpa_fwd_prefill_sm100[PACK_GQA=1; SCHED_POLICY=0; SPLIT_KV=1; TILE_CGA_M=1; TILE_M=128; TILE_N=128],
decode_sweep,llama3.1-tp4,generation,cudnn_oss,bfloat16,bfloat16,1,1,131072,16,2,128,128,gqa,,16,0.069441,15.463,1932.949,24.1619,20,True,,NVIDIA B200,cudnn_oss plan=sdpa_fwd_prefill_sm100[PACK_GQA=1; SCHED_POLICY=0; SPLIT_KV=64; TILE_CGA_M=1; TILE_M=128; TILE_N=128],
decode_sweep,llama3.1-tp4,generation,cudnn_oss,bfloat16,bfloat16,8,1,131072,16,2,128,128,gqa,,16,0.178915,48.011,6001.774,75.0222,20,True,,NVIDIA B200,cudnn_oss plan=sdpa_fwd_prefill_sm100[PACK_GQA=1; SCHED_POLICY=0; SPLIT_KV=8; TILE_CGA_M=1; TILE_M=128; TILE_N=128],
decode_sweep,llama3.1-tp4,generation,cudnn_oss,bfloat16,bfloat16,32,1,131072,16,2,128,128,gqa,,16,0.613729,55.985,6998.577,87.4822,20,True,,NVIDIA B200,cudnn_oss plan=sdpa_fwd_prefill_sm100[PACK_GQA=1; SCHED_POLICY=0; SPLIT_KV=2; TILE_CGA_M=1; TILE_M=128; TILE_N=128],
decode_sweep,llama3.1-tp4,generation,cudnn_oss,bfloat16,bfloat16,128,1,131072,16,2,128,128,gqa,,16,2.520028,54.539,6817.749,85.2219,20,True,,NVIDIA B200,cudnn_oss plan=sdpa_fwd_prefill_sm100[PACK_GQA=1; SCHED_POLICY=0; SPLIT_KV=4; TILE_CGA_M=1; TILE_M=128; TILE_N=128],
decode_sweep,llama3.1-tp4,generation,cudnn_oss,bfloat16,bfloat16,1,8,2048,16,2,128,128,gqa,,16,0.018624,7.207,116.124,1.4515,20,True,,NVIDIA B200,cudnn_oss plan=sdpa_fwd_prefill_sm100[PACK_GQA=1; SCHED_POLICY=0; SPLIT_KV=8; TILE_CGA_M=1; TILE_M=128; TILE_N=128],
decode_sweep,llama3.1-tp4,generation,cudnn_oss,bfloat16,bfloat16,8,8,2048,16,2,128,128,gqa,,16,0.019809,54.205,873.416,10.9177,20,True,,NVIDIA B200,cudnn_oss plan=sdpa_fwd_prefill_sm100[PACK_GQA=1; SCHED_POLICY=0; SPLIT_KV=4; TILE_CGA_M=1; TILE_M=128; TILE_N=128],
decode_sweep,llama3.1-tp4,generation,cudnn_oss,bfloat16,bfloat16,32,8,2048,16,2,128,128,gqa,,16,0.030144,142.482,2295.847,28.6981,20,True,,NVIDIA B200,cudnn_oss plan=sdpa_fwd_prefill_sm100[PACK_GQA=1; SCHED_POLICY=0; SPLIT_KV=2; TILE_CGA_M=1; TILE_M=128; TILE_N=128],
decode_sweep,llama3.1-tp4,generation,cudnn_oss,bfloat16,bfloat16,128,8,2048,16,2,128,128,gqa,,16,0.060191,285.423,4599.094,57.4887,20,True,,NVIDIA B200,cudnn_oss plan=sdpa_fwd_prefill_sm100[PACK_GQA=1; SCHED_POLICY=0; SPLIT_KV=1; TILE_CGA_M=1; TILE_M=128; TILE_N=128],
decode_sweep,llama3.1-tp4,generation,cudnn_oss,bfloat16,bfloat16,1,8,8192,16,2,128,128,gqa,,16,0.03488,15.392,242.378,3.0297,20,True,,NVIDIA B200,cudnn_oss plan=sdpa_fwd_prefill_sm100[PACK_GQA=1; SCHED_POLICY=0; SPLIT_KV=32; TILE_CGA_M=1; TILE_M=128; TILE_N=128],
decode_sweep,llama3.1-tp4,generation,cudnn_oss,bfloat16,bfloat16,8,8,8192,16,2,128,128,gqa,,16,0.031519,136.266,2145.79,26.8224,20,True,,NVIDIA B200,cudnn_oss plan=sdpa_fwd_prefill_sm100[PACK_GQA=1; SCHED_POLICY=0; SPLIT_KV=8; TILE_CGA_M=1; TILE_M=128; TILE_N=128],
decode_sweep,llama3.1-tp4,generation,cudnn_oss,bfloat16,bfloat16,32,8,8192,16,2,128,128,gqa,,16,0.067392,254.924,4014.313,50.1789,20,True,,NVIDIA B200,cudnn_oss plan=sdpa_fwd_prefill_sm100[PACK_GQA=1; SCHED_POLICY=0; SPLIT_KV=2; TILE_CGA_M=1; TILE_M=128; TILE_N=128],
decode_sweep,llama3.1-tp4,generation,cudnn_oss,bfloat16,bfloat16,128,8,8192,16,2,128,128,gqa,,16,0.18582,369.817,5823.541,72.7943,20,True,,NVIDIA B200,cudnn_oss plan=sdpa_fwd_prefill_sm100[PACK_GQA=1; SCHED_POLICY=0; SPLIT_KV=1; TILE_CGA_M=1; TILE_M=128; TILE_N=128],
decode_sweep,llama3.1-tp4,generation,cudnn_oss,bfloat16,bfloat16,1,8,32768,16,2,128,128,gqa,,16,0.0584,36.772,575.684,7.1961,20,True,,NVIDIA B200,cudnn_oss plan=sdpa_fwd_prefill_sm100[PACK_GQA=1; SCHED_POLICY=0; SPLIT_KV=64; TILE_CGA_M=1; TILE_M=128; TILE_N=128],
decode_sweep,llama3.1-tp4,generation,cudnn_oss,bfloat16,bfloat16,8,8,32768,16,2,128,128,gqa,,16,0.068288,251.58,3938.609,49.2326,20,True,,NVIDIA B200,cudnn_oss plan=sdpa_fwd_prefill_sm100[PACK_GQA=1; SCHED_POLICY=0; SPLIT_KV=8; TILE_CGA_M=1; TILE_M=128; TILE_N=128],
decode_sweep,llama3.1-tp4,generation,cudnn_oss,bfloat16,bfloat16,32,8,32768,16,2,128,128,gqa,,16,0.182334,376.888,5900.375,73.7547,20,True,,NVIDIA B200,cudnn_oss plan=sdpa_fwd_prefill_sm100[PACK_GQA=1; SCHED_POLICY=0; SPLIT_KV=2; TILE_CGA_M=1; TILE_M=128; TILE_N=128],
decode_sweep,llama3.1-tp4,generation,cudnn_oss,bfloat16,bfloat16,128,8,32768,16,2,128,128,gqa,,16,0.676986,406.032,6356.639,79.458,20,True,,NVIDIA B200,cudnn_oss plan=sdpa_fwd_prefill_sm100[PACK_GQA=1; SCHED_POLICY=0; SPLIT_KV=1; TILE_CGA_M=1; TILE_M=128; TILE_N=128],
decode_sweep,llama3.1-tp4,generation,cudnn_oss,bfloat16,bfloat16,1,8,131072,16,2,128,128,gqa,,16,0.077468,110.884,1733.403,21.6675,20,True,,NVIDIA B200,cudnn_oss plan=sdpa_fwd_prefill_sm100[PACK_GQA=1; SCHED_POLICY=0; SPLIT_KV=64; TILE_CGA_M=1; TILE_M=128; TILE_N=128],
decode_sweep,llama3.1-tp4,generation,cudnn_oss,bfloat16,bfloat16,8,8,131072,16,2,128,128,gqa,,16,0.183133,375.244,5866.043,73.3255,20,True,,NVIDIA B200,cudnn_oss plan=sdpa_fwd_prefill_sm100[PACK_GQA=1; SCHED_POLICY=0; SPLIT_KV=8; TILE_CGA_M=1; TILE_M=128; TILE_N=128],
decode_sweep,llama3.1-tp4,generation,cudnn_oss,bfloat16,bfloat16,32,8,131072,16,2,128,128,gqa,,16,0.621631,442.188,6912.565,86.4071,20,True,,NVIDIA B200,cudnn_oss plan=sdpa_fwd_prefill_sm100[PACK_GQA=1; SCHED_POLICY=0; SPLIT_KV=2; TILE_CGA_M=1; TILE_M=128; TILE_N=128],
decode_sweep,llama3.1-tp4,generation,cudnn_oss,bfloat16,bfloat16,128,8,131072,16,2,128,128,gqa,,16,2.548352,431.46,6744.852,84.3107,20,True,,NVIDIA B200,cudnn_oss plan=sdpa_fwd_prefill_sm100[PACK_GQA=1; SCHED_POLICY=0; SPLIT_KV=4; TILE_CGA_M=1; TILE_M=128; TILE_N=128],
decode_sweep,llama3.1-tp4,generation,cudnn_oss,bfloat16,bfloat16,1,16,2048,16,2,128,128,gqa,,16,0.0224,11.984,99.474,1.2434,20,True,,NVIDIA B200,cudnn_oss plan=sdpa_fwd_prefill_sm100[PACK_GQA=1; SCHED_POLICY=0; SPLIT_KV=8; TILE_CGA_M=1; TILE_M=128; TILE_N=128],
decode_sweep,llama3.1-tp4,generation,cudnn_oss,bfloat16,bfloat16,8,16,2048,16,2,128,128,gqa,,16,0.026912,79.797,662.373,8.2797,20,True,,NVIDIA B200,cudnn_oss plan=sdpa_fwd_prefill_sm100[PACK_GQA=1; SCHED_POLICY=0; SPLIT_KV=4; TILE_CGA_M=1; TILE_M=128; TILE_N=128],
decode_sweep,llama3.1-tp4,generation,cudnn_oss,bfloat16,bfloat16,32,16,2048,16,2,128,128,gqa,,16,0.039618,216.819,1799.767,22.4971,20,True,,NVIDIA B200,cudnn_oss plan=sdpa_fwd_prefill_sm100[PACK_GQA=1; SCHED_POLICY=0; SPLIT_KV=2; TILE_CGA_M=1; TILE_M=128; TILE_N=128],
decode_sweep,llama3.1-tp4,generation,cudnn_oss,bfloat16,bfloat16,128,16,2048,16,2,128,128,gqa,,16,0.0616,557.788,4630.076,57.8759,20,True,,NVIDIA B200,cudnn_oss plan=sdpa_fwd_prefill_sm100[PACK_GQA=1; SCHED_POLICY=0; SPLIT_KV=1; TILE_CGA_M=1; TILE_M=128; TILE_N=128],
decode_sweep,llama3.1-tp4,generation,cudnn_oss,bfloat16,bfloat16,1,16,8192,16,2,128,128,gqa,,16,0.03056,35.136,278.785,3.4848,20,True,,NVIDIA B200,cudnn_oss plan=sdpa_fwd_prefill_sm100[PACK_GQA=1; SCHED_POLICY=0; SPLIT_KV=16; TILE_CGA_M=1; TILE_M=128; TILE_N=128],
decode_sweep,llama3.1-tp4,generation,cudnn_oss,bfloat16,bfloat16,8,16,8192,16,2,128,128,gqa,,16,0.038592,222.583,1766.103,22.0763,20,True,,NVIDIA B200,cudnn_oss plan=sdpa_fwd_prefill_sm100[PACK_GQA=1; SCHED_POLICY=0; SPLIT_KV=8; TILE_CGA_M=1; TILE_M=128; TILE_N=128],
decode_sweep,llama3.1-tp4,generation,cudnn_oss,bfloat16,bfloat16,32,16,8192,16,2,128,128,gqa,,16,0.076416,449.641,3567.705,44.5963,20,True,,NVIDIA B200,cudnn_oss plan=sdpa_fwd_prefill_sm100[PACK_GQA=1; SCHED_POLICY=0; SPLIT_KV=2; TILE_CGA_M=1; TILE_M=128; TILE_N=128],
decode_sweep,llama3.1-tp4,generation,cudnn_oss,bfloat16,bfloat16,128,16,8192,16,2,128,128,gqa,,16,0.189091,726.84,5767.165,72.0896,20,True,,NVIDIA B200,cudnn_oss plan=sdpa_fwd_prefill_sm100[PACK_GQA=1; SCHED_POLICY=0; SPLIT_KV=1; TILE_CGA_M=1; TILE_M=128; TILE_N=128],
decode_sweep,llama3.1-tp4,generation,cudnn_oss,bfloat16,bfloat16,1,16,32768,16,2,128,128,gqa,,16,0.045888,93.597,734.081,9.176,20,True,,NVIDIA B200,cudnn_oss plan=sdpa_fwd_prefill_sm100[PACK_GQA=1; SCHED_POLICY=0; SPLIT_KV=32; TILE_CGA_M=1; TILE_M=128; TILE_N=128],
decode_sweep,llama3.1-tp4,generation,cudnn_oss,bfloat16,bfloat16,8,16,32768,16,2,128,128,gqa,,16,0.075327,456.141,3577.522,44.719,20,True,,NVIDIA B200,cudnn_oss plan=sdpa_fwd_prefill_sm100[PACK_GQA=1; SCHED_POLICY=0; SPLIT_KV=8; TILE_CGA_M=1; TILE_M=128; TILE_N=128],
decode_sweep,llama3.1-tp4,generation,cudnn_oss,bfloat16,bfloat16,32,16,32768,16,2,128,128,gqa,,16,0.191075,719.293,5641.429,70.5179,20,True,,NVIDIA B200,cudnn_oss plan=sdpa_fwd_prefill_sm100[PACK_GQA=1; SCHED_POLICY=0; SPLIT_KV=2; TILE_CGA_M=1; TILE_M=128; TILE_N=128],
decode_sweep,llama3.1-tp4,generation,cudnn_oss,bfloat16,bfloat16,128,16,32768,16,2,128,128,gqa,,16,0.688016,799.045,6266.925,78.3366,20,True,,NVIDIA B200,cudnn_oss plan=sdpa_fwd_prefill_sm100[PACK_GQA=1; SCHED_POLICY=0; SPLIT_KV=1; TILE_CGA_M=1; TILE_M=128; TILE_N=128],
decode_sweep,llama3.1-tp4,generation,cudnn_oss,bfloat16,bfloat16,1,16,131072,16,2,128,128,gqa,,16,0.082368,208.575,1631.08,20.3885,20,True,,NVIDIA B200,cudnn_oss plan=sdpa_fwd_prefill_sm100[PACK_GQA=1; SCHED_POLICY=0; SPLIT_KV=64; TILE_CGA_M=1; TILE_M=128; TILE_N=128],
decode_sweep,llama3.1-tp4,generation,cudnn_oss,bfloat16,bfloat16,8,16,131072,16,2,128,128,gqa,,16,0.189951,723.55,5658.251,70.7281,20,True,,NVIDIA B200,cudnn_oss plan=sdpa_fwd_prefill_sm100[PACK_GQA=1; SCHED_POLICY=0; SPLIT_KV=8; TILE_CGA_M=1; TILE_M=128; TILE_N=128],
decode_sweep,llama3.1-tp4,generation,cudnn_oss,bfloat16,bfloat16,32,16,131072,16,2,128,128,gqa,,16,0.635552,865.005,6764.453,84.5557,20,True,,NVIDIA B200,cudnn_oss plan=sdpa_fwd_prefill_sm100[PACK_GQA=1; SCHED_POLICY=0; SPLIT_KV=2; TILE_CGA_M=1; TILE_M=128; TILE_N=128],
decode_sweep,llama3.1-tp4,generation,cudnn_oss,bfloat16,bfloat16,128,16,131072,16,2,128,128,gqa,,16,2.626395,837.278,6547.624,81.8453,20,True,,NVIDIA B200,cudnn_oss plan=sdpa_fwd_prefill_sm100[PACK_GQA=1; SCHED_POLICY=0; SPLIT_KV=4; TILE_CGA_M=1; TILE_M=128; TILE_N=128],
