config_name,model_name,phase,backend,data_type,kv_cache_dtype,batch_size,q_tokens,kv_len,num_q_heads,num_kv_heads,head_dim_qk,head_dim_vo,kind,sliding_window_size,page_size,time_ms,tflops,gbps,sol_pct,num_iterations,success,error_message,gpu_name,backend_detail,cudnn_backend_version
gpt_oss,gpt_oss_swa,context,cudnn,bfloat16,bfloat16,1,2048,2048,64,8,64,64,gqa,128.0,16,0.035168,977.017,1073.383,13.4173,20,True,,NVIDIA B200,cudnn 9.27.0,
gpt_oss,gpt_oss_swa,context,cudnn,bfloat16,bfloat16,1,8192,8192,64,8,64,64,gqa,128.0,16,0.113408,4847.593,1331.431,16.6429,20,True,,NVIDIA B200,cudnn 9.27.0,
gpt_oss,gpt_oss_swa,context,cudnn,bfloat16,bfloat16,1,32768,32768,64,8,64,64,gqa,128.0,16,0.436928,20131.676,1382.333,17.2792,20,True,,NVIDIA B200,cudnn 9.27.0,
gpt_oss,gpt_oss_swa,context,cudnn,bfloat16,bfloat16,1,512,65536,64,8,64,64,gqa,128.0,16,0.012,45812.984,808.277,10.1035,20,True,,NVIDIA B200,cudnn 9.27.0,
gpt_oss,gpt_oss_swa,context,cudnn,bfloat16,bfloat16,1,512,131072,64,8,64,64,gqa,128.0,16,0.012256,89712.111,791.394,9.8924,20,True,,NVIDIA B200,cudnn 9.27.0,
gpt_oss,gpt_oss_swa,context,cudnn,bfloat16,bfloat16,1,1024,65536,64,8,64,64,gqa,128.0,16,0.020416,53855.389,937.329,11.7166,20,True,,NVIDIA B200,cudnn 9.27.0,
gpt_oss,gpt_oss_swa,context,cudnn,bfloat16,bfloat16,1,1024,131072,64,8,64,64,gqa,128.0,16,0.020256,108561.575,944.733,11.8092,20,True,,NVIDIA B200,cudnn 9.27.0,
gpt_oss,gpt_oss_swa,generation,cudnn,bfloat16,bfloat16,1,1,131072,64,8,64,64,gqa,128.0,16,inf,0.0,0.0,,20,False,"  import pynvml  # type: ignore[import]
Traceback (most recent call last):
  File ""/home/scratch.yanxu_gpu/fe-sites/computelab_trees/fe_develop_5567e2733/benchmark/attention_inference/benchmark_single_attention.py"", line 824, in <module>
    main()
  File ""/home/scratch.yanxu_gpu/fe-sites/computelab_trees/fe_develop_5567e2733/benchmark/attention_inference/benchmark_single_attention.py"", line 789, in main
    fn, detail = SETUPS[args.backend](args, dtype)
                 ^^^^^^^^^^^^^^^^^^^^^^^^^^^^^^^^^
  File ""/home/scratch.yanxu_gpu/fe-sites/computelab_trees/fe_develop_5567e2733/benchmark/attention_inference/benchmark_single_attention.py"", line 224, in setup_cudnn
    graph.validate()
  File ""/home/scratch.yanxu_gpu/fe-sites/computelab_trees/fe_develop_5567e2733/python/cudnn/_pygraph.py"", line 891, in validate
    self._lowered_graph.validate()
cudnn._compiled_module.cudnnGraphNotSupportedError: decode only mode, i.e. s_q == 1, not supported with sink_token",,,
gpt_oss,gpt_oss_swa,generation,cudnn,bfloat16,fp8_e4m3,1,1,131072,64,8,64,64,gqa,128.0,16,inf,0.0,0.0,,20,False,"Traceback (most recent call last):
  File ""/home/scratch.yanxu_gpu/fe-sites/computelab_trees/fe_develop_5567e2733/benchmark/attention_inference/benchmark_single_attention.py"", line 824, in <module>
    main()
  File ""/home/scratch.yanxu_gpu/fe-sites/computelab_trees/fe_develop_5567e2733/benchmark/attention_inference/benchmark_single_attention.py"", line 789, in main
    fn, detail = SETUPS[args.backend](args, dtype)
                 ^^^^^^^^^^^^^^^^^^^^^^^^^^^^^^^^^
  File ""/home/scratch.yanxu_gpu/fe-sites/computelab_trees/fe_develop_5567e2733/benchmark/attention_inference/benchmark_single_attention.py"", line 167, in setup_cudnn
    return setup_cudnn_fp8(args, cudnn, oss=oss)
           ^^^^^^^^^^^^^^^^^^^^^^^^^^^^^^^^^^^^^
  File ""/home/scratch.yanxu_gpu/fe-sites/computelab_trees/fe_develop_5567e2733/benchmark/attention_inference/benchmark_single_attention.py"", line 276, in setup_cudnn_fp8
    raise NotImplementedError(""sink tokens are not wired into the fp8 attention graph"")
NotImplementedError: sink tokens are not wired into the fp8 attention graph",,,
gpt_oss,gpt_oss_swa,generation,cudnn,bfloat16,bfloat16,128,1,131072,64,8,64,64,gqa,128.0,16,inf,0.0,0.0,,20,False,"  import pynvml  # type: ignore[import]
Traceback (most recent call last):
  File ""/home/scratch.yanxu_gpu/fe-sites/computelab_trees/fe_develop_5567e2733/benchmark/attention_inference/benchmark_single_attention.py"", line 824, in <module>
    main()
  File ""/home/scratch.yanxu_gpu/fe-sites/computelab_trees/fe_develop_5567e2733/benchmark/attention_inference/benchmark_single_attention.py"", line 789, in main
    fn, detail = SETUPS[args.backend](args, dtype)
                 ^^^^^^^^^^^^^^^^^^^^^^^^^^^^^^^^^
  File ""/home/scratch.yanxu_gpu/fe-sites/computelab_trees/fe_develop_5567e2733/benchmark/attention_inference/benchmark_single_attention.py"", line 224, in setup_cudnn
    graph.validate()
  File ""/home/scratch.yanxu_gpu/fe-sites/computelab_trees/fe_develop_5567e2733/python/cudnn/_pygraph.py"", line 891, in validate
    self._lowered_graph.validate()
cudnn._compiled_module.cudnnGraphNotSupportedError: decode only mode, i.e. s_q == 1, not supported with sink_token",,,
gpt_oss,gpt_oss_swa,generation,cudnn,bfloat16,fp8_e4m3,128,1,131072,64,8,64,64,gqa,128.0,16,inf,0.0,0.0,,20,False,"Traceback (most recent call last):
  File ""/home/scratch.yanxu_gpu/fe-sites/computelab_trees/fe_develop_5567e2733/benchmark/attention_inference/benchmark_single_attention.py"", line 824, in <module>
    main()
  File ""/home/scratch.yanxu_gpu/fe-sites/computelab_trees/fe_develop_5567e2733/benchmark/attention_inference/benchmark_single_attention.py"", line 789, in main
    fn, detail = SETUPS[args.backend](args, dtype)
                 ^^^^^^^^^^^^^^^^^^^^^^^^^^^^^^^^^
  File ""/home/scratch.yanxu_gpu/fe-sites/computelab_trees/fe_develop_5567e2733/benchmark/attention_inference/benchmark_single_attention.py"", line 167, in setup_cudnn
    return setup_cudnn_fp8(args, cudnn, oss=oss)
           ^^^^^^^^^^^^^^^^^^^^^^^^^^^^^^^^^^^^^
  File ""/home/scratch.yanxu_gpu/fe-sites/computelab_trees/fe_develop_5567e2733/benchmark/attention_inference/benchmark_single_attention.py"", line 276, in setup_cudnn_fp8
    raise NotImplementedError(""sink tokens are not wired into the fp8 attention graph"")
NotImplementedError: sink tokens are not wired into the fp8 attention graph",,,
gpt_oss,gpt_oss_swa,generation,cudnn,bfloat16,bfloat16,1,2,131072,64,8,64,64,gqa,128.0,16,0.00896,479.349,33.371,0.4171,20,True,,NVIDIA B200,cudnn 9.27.0,
gpt_oss,gpt_oss_swa,generation,cudnn,bfloat16,fp8_e4m3,1,2,131072,64,8,64,64,gqa,128.0,16,inf,0.0,0.0,,20,False,"Traceback (most recent call last):
  File ""/home/scratch.yanxu_gpu/fe-sites/computelab_trees/fe_develop_5567e2733/benchmark/attention_inference/benchmark_single_attention.py"", line 824, in <module>
    main()
  File ""/home/scratch.yanxu_gpu/fe-sites/computelab_trees/fe_develop_5567e2733/benchmark/attention_inference/benchmark_single_attention.py"", line 789, in main
    fn, detail = SETUPS[args.backend](args, dtype)
                 ^^^^^^^^^^^^^^^^^^^^^^^^^^^^^^^^^
  File ""/home/scratch.yanxu_gpu/fe-sites/computelab_trees/fe_develop_5567e2733/benchmark/attention_inference/benchmark_single_attention.py"", line 167, in setup_cudnn
    return setup_cudnn_fp8(args, cudnn, oss=oss)
           ^^^^^^^^^^^^^^^^^^^^^^^^^^^^^^^^^^^^^
  File ""/home/scratch.yanxu_gpu/fe-sites/computelab_trees/fe_develop_5567e2733/benchmark/attention_inference/benchmark_single_attention.py"", line 276, in setup_cudnn_fp8
    raise NotImplementedError(""sink tokens are not wired into the fp8 attention graph"")
NotImplementedError: sink tokens are not wired into the fp8 attention graph",,,
gpt_oss,gpt_oss_swa,generation,cudnn,bfloat16,bfloat16,128,2,131072,64,8,64,64,gqa,128.0,16,0.29363,1872.274,130.344,1.6293,20,True,,NVIDIA B200,cudnn 9.27.0,
gpt_oss,gpt_oss_swa,generation,cudnn,bfloat16,fp8_e4m3,128,2,131072,64,8,64,64,gqa,128.0,16,inf,0.0,0.0,,20,False,"Traceback (most recent call last):
  File ""/home/scratch.yanxu_gpu/fe-sites/computelab_trees/fe_develop_5567e2733/benchmark/attention_inference/benchmark_single_attention.py"", line 824, in <module>
    main()
  File ""/home/scratch.yanxu_gpu/fe-sites/computelab_trees/fe_develop_5567e2733/benchmark/attention_inference/benchmark_single_attention.py"", line 789, in main
    fn, detail = SETUPS[args.backend](args, dtype)
                 ^^^^^^^^^^^^^^^^^^^^^^^^^^^^^^^^^
  File ""/home/scratch.yanxu_gpu/fe-sites/computelab_trees/fe_develop_5567e2733/benchmark/attention_inference/benchmark_single_attention.py"", line 167, in setup_cudnn
    return setup_cudnn_fp8(args, cudnn, oss=oss)
           ^^^^^^^^^^^^^^^^^^^^^^^^^^^^^^^^^^^^^
  File ""/home/scratch.yanxu_gpu/fe-sites/computelab_trees/fe_develop_5567e2733/benchmark/attention_inference/benchmark_single_attention.py"", line 276, in setup_cudnn_fp8
    raise NotImplementedError(""sink tokens are not wired into the fp8 attention graph"")
NotImplementedError: sink tokens are not wired into the fp8 attention graph",,,
gpt_oss,gpt_oss_swa,generation,cudnn,bfloat16,bfloat16,1,3,131072,64,8,64,64,gqa,128.0,16,0.008928,721.601,35.556,0.4444,20,True,,NVIDIA B200,cudnn 9.27.0,
gpt_oss,gpt_oss_swa,generation,cudnn,bfloat16,fp8_e4m3,1,3,131072,64,8,64,64,gqa,128.0,16,inf,0.0,0.0,,20,False,"Traceback (most recent call last):
  File ""/home/scratch.yanxu_gpu/fe-sites/computelab_trees/fe_develop_5567e2733/benchmark/attention_inference/benchmark_single_attention.py"", line 824, in <module>
    main()
  File ""/home/scratch.yanxu_gpu/fe-sites/computelab_trees/fe_develop_5567e2733/benchmark/attention_inference/benchmark_single_attention.py"", line 789, in main
    fn, detail = SETUPS[args.backend](args, dtype)
                 ^^^^^^^^^^^^^^^^^^^^^^^^^^^^^^^^^
  File ""/home/scratch.yanxu_gpu/fe-sites/computelab_trees/fe_develop_5567e2733/benchmark/attention_inference/benchmark_single_attention.py"", line 167, in setup_cudnn
    return setup_cudnn_fp8(args, cudnn, oss=oss)
           ^^^^^^^^^^^^^^^^^^^^^^^^^^^^^^^^^^^^^
  File ""/home/scratch.yanxu_gpu/fe-sites/computelab_trees/fe_develop_5567e2733/benchmark/attention_inference/benchmark_single_attention.py"", line 276, in setup_cudnn_fp8
    raise NotImplementedError(""sink tokens are not wired into the fp8 attention graph"")
NotImplementedError: sink tokens are not wired into the fp8 attention graph",,,
gpt_oss,gpt_oss_swa,generation,cudnn,bfloat16,bfloat16,128,3,131072,64,8,64,64,gqa,128.0,16,0.293791,2806.872,138.303,1.7288,20,True,,NVIDIA B200,cudnn 9.27.0,
gpt_oss,gpt_oss_swa,generation,cudnn,bfloat16,fp8_e4m3,128,3,131072,64,8,64,64,gqa,128.0,16,inf,0.0,0.0,,20,False,"Traceback (most recent call last):
  File ""/home/scratch.yanxu_gpu/fe-sites/computelab_trees/fe_develop_5567e2733/benchmark/attention_inference/benchmark_single_attention.py"", line 824, in <module>
    main()
  File ""/home/scratch.yanxu_gpu/fe-sites/computelab_trees/fe_develop_5567e2733/benchmark/attention_inference/benchmark_single_attention.py"", line 789, in main
    fn, detail = SETUPS[args.backend](args, dtype)
                 ^^^^^^^^^^^^^^^^^^^^^^^^^^^^^^^^^
  File ""/home/scratch.yanxu_gpu/fe-sites/computelab_trees/fe_develop_5567e2733/benchmark/attention_inference/benchmark_single_attention.py"", line 167, in setup_cudnn
    return setup_cudnn_fp8(args, cudnn, oss=oss)
           ^^^^^^^^^^^^^^^^^^^^^^^^^^^^^^^^^^^^^
  File ""/home/scratch.yanxu_gpu/fe-sites/computelab_trees/fe_develop_5567e2733/benchmark/attention_inference/benchmark_single_attention.py"", line 276, in setup_cudnn_fp8
    raise NotImplementedError(""sink tokens are not wired into the fp8 attention graph"")
NotImplementedError: sink tokens are not wired into the fp8 attention graph",,,
gpt_oss,gpt_oss_swa,generation,cudnn,bfloat16,bfloat16,1,4,131072,64,8,64,64,gqa,128.0,16,0.008928,962.134,37.62,0.4703,20,True,,NVIDIA B200,cudnn 9.27.0,
gpt_oss,gpt_oss_swa,generation,cudnn,bfloat16,fp8_e4m3,1,4,131072,64,8,64,64,gqa,128.0,16,inf,0.0,0.0,,20,False,"Traceback (most recent call last):
  File ""/home/scratch.yanxu_gpu/fe-sites/computelab_trees/fe_develop_5567e2733/benchmark/attention_inference/benchmark_single_attention.py"", line 824, in <module>
    main()
  File ""/home/scratch.yanxu_gpu/fe-sites/computelab_trees/fe_develop_5567e2733/benchmark/attention_inference/benchmark_single_attention.py"", line 789, in main
    fn, detail = SETUPS[args.backend](args, dtype)
                 ^^^^^^^^^^^^^^^^^^^^^^^^^^^^^^^^^
  File ""/home/scratch.yanxu_gpu/fe-sites/computelab_trees/fe_develop_5567e2733/benchmark/attention_inference/benchmark_single_attention.py"", line 167, in setup_cudnn
    return setup_cudnn_fp8(args, cudnn, oss=oss)
           ^^^^^^^^^^^^^^^^^^^^^^^^^^^^^^^^^^^^^
  File ""/home/scratch.yanxu_gpu/fe-sites/computelab_trees/fe_develop_5567e2733/benchmark/attention_inference/benchmark_single_attention.py"", line 276, in setup_cudnn_fp8
    raise NotImplementedError(""sink tokens are not wired into the fp8 attention graph"")
NotImplementedError: sink tokens are not wired into the fp8 attention graph",,,
gpt_oss,gpt_oss_swa,generation,cudnn,bfloat16,bfloat16,128,4,131072,64,8,64,64,gqa,128.0,16,0.294077,3738.856,146.192,1.8274,20,True,,NVIDIA B200,cudnn 9.27.0,
gpt_oss,gpt_oss_swa,generation,cudnn,bfloat16,fp8_e4m3,128,4,131072,64,8,64,64,gqa,128.0,16,inf,0.0,0.0,,20,False,"Traceback (most recent call last):
  File ""/home/scratch.yanxu_gpu/fe-sites/computelab_trees/fe_develop_5567e2733/benchmark/attention_inference/benchmark_single_attention.py"", line 824, in <module>
    main()
  File ""/home/scratch.yanxu_gpu/fe-sites/computelab_trees/fe_develop_5567e2733/benchmark/attention_inference/benchmark_single_attention.py"", line 789, in main
    fn, detail = SETUPS[args.backend](args, dtype)
                 ^^^^^^^^^^^^^^^^^^^^^^^^^^^^^^^^^
  File ""/home/scratch.yanxu_gpu/fe-sites/computelab_trees/fe_develop_5567e2733/benchmark/attention_inference/benchmark_single_attention.py"", line 167, in setup_cudnn
    return setup_cudnn_fp8(args, cudnn, oss=oss)
           ^^^^^^^^^^^^^^^^^^^^^^^^^^^^^^^^^^^^^
  File ""/home/scratch.yanxu_gpu/fe-sites/computelab_trees/fe_develop_5567e2733/benchmark/attention_inference/benchmark_single_attention.py"", line 276, in setup_cudnn_fp8
    raise NotImplementedError(""sink tokens are not wired into the fp8 attention graph"")
NotImplementedError: sink tokens are not wired into the fp8 attention graph",,,
gpt_oss,gpt_oss_swa,context,cudnn_oss,bfloat16,bfloat16,1,2048,2048,64,8,64,64,gqa,128.0,16,0.095873,358.388,393.737,4.9217,20,True,,NVIDIA B200,cudnn_oss plan=sdpa_fwd_prefill_sm100[PACK_GQA=0; SCHED_POLICY=2; SPLIT_KV=1; TILE_CGA_M=2; TILE_M=128; TILE_N=128],
gpt_oss,gpt_oss_swa,context,cudnn_oss,bfloat16,bfloat16,1,8192,8192,64,8,64,64,gqa,128.0,16,0.32678,1682.342,462.069,5.7759,20,True,,NVIDIA B200,cudnn_oss plan=sdpa_fwd_prefill_sm100[PACK_GQA=0; SCHED_POLICY=2; SPLIT_KV=1; TILE_CGA_M=2; TILE_M=128; TILE_N=128],
gpt_oss,gpt_oss_swa,context,cudnn_oss,bfloat16,bfloat16,1,32768,32768,64,8,64,64,gqa,128.0,16,1.257114,6997.053,480.449,6.0056,20,True,,NVIDIA B200,cudnn_oss plan=sdpa_fwd_prefill_sm100[PACK_GQA=0; SCHED_POLICY=2; SPLIT_KV=1; TILE_CGA_M=2; TILE_M=128; TILE_N=128],
gpt_oss,gpt_oss_swa,context,cudnn_oss,bfloat16,bfloat16,1,512,65536,64,8,64,64,gqa,128.0,16,0.033952,16192.148,285.678,3.571,20,True,,NVIDIA B200,cudnn_oss plan=sdpa_fwd_prefill_sm100[PACK_GQA=0; SCHED_POLICY=2; SPLIT_KV=1; TILE_CGA_M=2; TILE_M=128; TILE_N=128],
gpt_oss,gpt_oss_swa,context,cudnn_oss,bfloat16,bfloat16,1,512,131072,64,8,64,64,gqa,128.0,16,0.033889,32444.499,286.209,3.5776,20,True,,NVIDIA B200,cudnn_oss plan=sdpa_fwd_prefill_sm100[PACK_GQA=0; SCHED_POLICY=2; SPLIT_KV=1; TILE_CGA_M=2; TILE_M=128; TILE_N=128],
gpt_oss,gpt_oss_swa,context,cudnn_oss,bfloat16,bfloat16,1,1024,65536,64,8,64,64,gqa,128.0,16,0.059104,18602.999,323.777,4.0472,20,True,,NVIDIA B200,cudnn_oss plan=sdpa_fwd_prefill_sm100[PACK_GQA=0; SCHED_POLICY=2; SPLIT_KV=1; TILE_CGA_M=2; TILE_M=128; TILE_N=128],
gpt_oss,gpt_oss_swa,context,cudnn_oss,bfloat16,bfloat16,1,1024,131072,64,8,64,64,gqa,128.0,16,0.05888,37347.542,325.009,4.0626,20,True,,NVIDIA B200,cudnn_oss plan=sdpa_fwd_prefill_sm100[PACK_GQA=0; SCHED_POLICY=2; SPLIT_KV=1; TILE_CGA_M=2; TILE_M=128; TILE_N=128],
gpt_oss,gpt_oss_swa,generation,cudnn_oss,bfloat16,bfloat16,1,1,131072,64,8,64,64,gqa,128.0,16,0.006303,340.708,44.515,0.5564,20,True,,NVIDIA B200,cudnn_oss plan=sdpa_fwd_prefill_sm100[PACK_GQA=1; SCHED_POLICY=0; SPLIT_KV=1; TILE_CGA_M=1; TILE_M=128; TILE_N=128],
gpt_oss,gpt_oss_swa,generation,cudnn_oss,bfloat16,fp8_e4m3,1,1,131072,64,8,64,64,gqa,128.0,16,inf,0.0,0.0,,20,False,"  File ""/home/scratch.yanxu_gpu/fe-sites/computelab_trees/fe_develop_5567e2733/benchmark/attention_inference/benchmark_single_attention.py"", line 789, in main
    fn, detail = SETUPS[args.backend](args, dtype)
                 ^^^^^^^^^^^^^^^^^^^^^^^^^^^^^^^^^
  File ""/home/scratch.yanxu_gpu/fe-sites/computelab_trees/fe_develop_5567e2733/benchmark/attention_inference/benchmark_single_attention.py"", line 270, in setup_cudnn_oss
    return setup_cudnn(args, dtype, oss=True)
           ^^^^^^^^^^^^^^^^^^^^^^^^^^^^^^^^^^
  File ""/home/scratch.yanxu_gpu/fe-sites/computelab_trees/fe_develop_5567e2733/benchmark/attention_inference/benchmark_single_attention.py"", line 167, in setup_cudnn
    return setup_cudnn_fp8(args, cudnn, oss=oss)
           ^^^^^^^^^^^^^^^^^^^^^^^^^^^^^^^^^^^^^
  File ""/home/scratch.yanxu_gpu/fe-sites/computelab_trees/fe_develop_5567e2733/benchmark/attention_inference/benchmark_single_attention.py"", line 276, in setup_cudnn_fp8
    raise NotImplementedError(""sink tokens are not wired into the fp8 attention graph"")
NotImplementedError: sink tokens are not wired into the fp8 attention graph",,,
gpt_oss,gpt_oss_swa,generation,cudnn_oss,bfloat16,bfloat16,128,1,131072,64,8,64,64,gqa,128.0,16,0.032352,8496.473,1110.093,13.8762,20,True,,NVIDIA B200,cudnn_oss plan=sdpa_fwd_prefill_sm100[PACK_GQA=1; SCHED_POLICY=0; SPLIT_KV=1; TILE_CGA_M=1; TILE_M=128; TILE_N=128],
gpt_oss,gpt_oss_swa,generation,cudnn_oss,bfloat16,fp8_e4m3,128,1,131072,64,8,64,64,gqa,128.0,16,inf,0.0,0.0,,20,False,"  File ""/home/scratch.yanxu_gpu/fe-sites/computelab_trees/fe_develop_5567e2733/benchmark/attention_inference/benchmark_single_attention.py"", line 789, in main
    fn, detail = SETUPS[args.backend](args, dtype)
                 ^^^^^^^^^^^^^^^^^^^^^^^^^^^^^^^^^
  File ""/home/scratch.yanxu_gpu/fe-sites/computelab_trees/fe_develop_5567e2733/benchmark/attention_inference/benchmark_single_attention.py"", line 270, in setup_cudnn_oss
    return setup_cudnn(args, dtype, oss=True)
           ^^^^^^^^^^^^^^^^^^^^^^^^^^^^^^^^^^
  File ""/home/scratch.yanxu_gpu/fe-sites/computelab_trees/fe_develop_5567e2733/benchmark/attention_inference/benchmark_single_attention.py"", line 167, in setup_cudnn
    return setup_cudnn_fp8(args, cudnn, oss=oss)
           ^^^^^^^^^^^^^^^^^^^^^^^^^^^^^^^^^^^^^
  File ""/home/scratch.yanxu_gpu/fe-sites/computelab_trees/fe_develop_5567e2733/benchmark/attention_inference/benchmark_single_attention.py"", line 276, in setup_cudnn_fp8
    raise NotImplementedError(""sink tokens are not wired into the fp8 attention graph"")
NotImplementedError: sink tokens are not wired into the fp8 attention graph",,,
gpt_oss,gpt_oss_swa,generation,cudnn_oss,bfloat16,bfloat16,1,2,131072,64,8,64,64,gqa,128.0,16,0.008033,534.665,37.222,0.4653,20,True,,NVIDIA B200,cudnn_oss plan=sdpa_fwd_prefill_sm100[PACK_GQA=1; SCHED_POLICY=0; SPLIT_KV=1; TILE_CGA_M=1; TILE_M=128; TILE_N=128],
gpt_oss,gpt_oss_swa,generation,cudnn_oss,bfloat16,fp8_e4m3,1,2,131072,64,8,64,64,gqa,128.0,16,inf,0.0,0.0,,20,False,"  File ""/home/scratch.yanxu_gpu/fe-sites/computelab_trees/fe_develop_5567e2733/benchmark/attention_inference/benchmark_single_attention.py"", line 789, in main
    fn, detail = SETUPS[args.backend](args, dtype)
                 ^^^^^^^^^^^^^^^^^^^^^^^^^^^^^^^^^
  File ""/home/scratch.yanxu_gpu/fe-sites/computelab_trees/fe_develop_5567e2733/benchmark/attention_inference/benchmark_single_attention.py"", line 270, in setup_cudnn_oss
    return setup_cudnn(args, dtype, oss=True)
           ^^^^^^^^^^^^^^^^^^^^^^^^^^^^^^^^^^
  File ""/home/scratch.yanxu_gpu/fe-sites/computelab_trees/fe_develop_5567e2733/benchmark/attention_inference/benchmark_single_attention.py"", line 167, in setup_cudnn
    return setup_cudnn_fp8(args, cudnn, oss=oss)
           ^^^^^^^^^^^^^^^^^^^^^^^^^^^^^^^^^^^^^
  File ""/home/scratch.yanxu_gpu/fe-sites/computelab_trees/fe_develop_5567e2733/benchmark/attention_inference/benchmark_single_attention.py"", line 276, in setup_cudnn_fp8
    raise NotImplementedError(""sink tokens are not wired into the fp8 attention graph"")
NotImplementedError: sink tokens are not wired into the fp8 attention graph",,,
gpt_oss,gpt_oss_swa,generation,cudnn_oss,bfloat16,bfloat16,128,2,131072,64,8,64,64,gqa,128.0,16,0.049632,11076.64,771.136,9.6392,20,True,,NVIDIA B200,cudnn_oss plan=sdpa_fwd_prefill_sm100[PACK_GQA=1; SCHED_POLICY=0; SPLIT_KV=1; TILE_CGA_M=1; TILE_M=128; TILE_N=128],
gpt_oss,gpt_oss_swa,generation,cudnn_oss,bfloat16,fp8_e4m3,128,2,131072,64,8,64,64,gqa,128.0,16,inf,0.0,0.0,,20,False,"  File ""/home/scratch.yanxu_gpu/fe-sites/computelab_trees/fe_develop_5567e2733/benchmark/attention_inference/benchmark_single_attention.py"", line 789, in main
    fn, detail = SETUPS[args.backend](args, dtype)
                 ^^^^^^^^^^^^^^^^^^^^^^^^^^^^^^^^^
  File ""/home/scratch.yanxu_gpu/fe-sites/computelab_trees/fe_develop_5567e2733/benchmark/attention_inference/benchmark_single_attention.py"", line 270, in setup_cudnn_oss
    return setup_cudnn(args, dtype, oss=True)
           ^^^^^^^^^^^^^^^^^^^^^^^^^^^^^^^^^^
  File ""/home/scratch.yanxu_gpu/fe-sites/computelab_trees/fe_develop_5567e2733/benchmark/attention_inference/benchmark_single_attention.py"", line 167, in setup_cudnn
    return setup_cudnn_fp8(args, cudnn, oss=oss)
           ^^^^^^^^^^^^^^^^^^^^^^^^^^^^^^^^^^^^^
  File ""/home/scratch.yanxu_gpu/fe-sites/computelab_trees/fe_develop_5567e2733/benchmark/attention_inference/benchmark_single_attention.py"", line 276, in setup_cudnn_fp8
    raise NotImplementedError(""sink tokens are not wired into the fp8 attention graph"")
NotImplementedError: sink tokens are not wired into the fp8 attention graph",,,
gpt_oss,gpt_oss_swa,generation,cudnn_oss,bfloat16,bfloat16,1,3,131072,64,8,64,64,gqa,128.0,16,0.008096,795.757,39.209,0.4901,20,True,,NVIDIA B200,cudnn_oss plan=sdpa_fwd_prefill_sm100[PACK_GQA=1; SCHED_POLICY=0; SPLIT_KV=1; TILE_CGA_M=1; TILE_M=128; TILE_N=128],
gpt_oss,gpt_oss_swa,generation,cudnn_oss,bfloat16,fp8_e4m3,1,3,131072,64,8,64,64,gqa,128.0,16,inf,0.0,0.0,,20,False,"  File ""/home/scratch.yanxu_gpu/fe-sites/computelab_trees/fe_develop_5567e2733/benchmark/attention_inference/benchmark_single_attention.py"", line 789, in main
    fn, detail = SETUPS[args.backend](args, dtype)
                 ^^^^^^^^^^^^^^^^^^^^^^^^^^^^^^^^^
  File ""/home/scratch.yanxu_gpu/fe-sites/computelab_trees/fe_develop_5567e2733/benchmark/attention_inference/benchmark_single_attention.py"", line 270, in setup_cudnn_oss
    return setup_cudnn(args, dtype, oss=True)
           ^^^^^^^^^^^^^^^^^^^^^^^^^^^^^^^^^^
  File ""/home/scratch.yanxu_gpu/fe-sites/computelab_trees/fe_develop_5567e2733/benchmark/attention_inference/benchmark_single_attention.py"", line 167, in setup_cudnn
    return setup_cudnn_fp8(args, cudnn, oss=oss)
           ^^^^^^^^^^^^^^^^^^^^^^^^^^^^^^^^^^^^^
  File ""/home/scratch.yanxu_gpu/fe-sites/computelab_trees/fe_develop_5567e2733/benchmark/attention_inference/benchmark_single_attention.py"", line 276, in setup_cudnn_fp8
    raise NotImplementedError(""sink tokens are not wired into the fp8 attention graph"")
NotImplementedError: sink tokens are not wired into the fp8 attention graph",,,
gpt_oss,gpt_oss_swa,generation,cudnn_oss,bfloat16,bfloat16,128,3,131072,64,8,64,64,gqa,128.0,16,0.049664,16604.255,818.144,10.2268,20,True,,NVIDIA B200,cudnn_oss plan=sdpa_fwd_prefill_sm100[PACK_GQA=1; SCHED_POLICY=0; SPLIT_KV=1; TILE_CGA_M=1; TILE_M=128; TILE_N=128],
gpt_oss,gpt_oss_swa,generation,cudnn_oss,bfloat16,fp8_e4m3,128,3,131072,64,8,64,64,gqa,128.0,16,inf,0.0,0.0,,20,False,"  File ""/home/scratch.yanxu_gpu/fe-sites/computelab_trees/fe_develop_5567e2733/benchmark/attention_inference/benchmark_single_attention.py"", line 789, in main
    fn, detail = SETUPS[args.backend](args, dtype)
                 ^^^^^^^^^^^^^^^^^^^^^^^^^^^^^^^^^
  File ""/home/scratch.yanxu_gpu/fe-sites/computelab_trees/fe_develop_5567e2733/benchmark/attention_inference/benchmark_single_attention.py"", line 270, in setup_cudnn_oss
    return setup_cudnn(args, dtype, oss=True)
           ^^^^^^^^^^^^^^^^^^^^^^^^^^^^^^^^^^
  File ""/home/scratch.yanxu_gpu/fe-sites/computelab_trees/fe_develop_5567e2733/benchmark/attention_inference/benchmark_single_attention.py"", line 167, in setup_cudnn
    return setup_cudnn_fp8(args, cudnn, oss=oss)
           ^^^^^^^^^^^^^^^^^^^^^^^^^^^^^^^^^^^^^
  File ""/home/scratch.yanxu_gpu/fe-sites/computelab_trees/fe_develop_5567e2733/benchmark/attention_inference/benchmark_single_attention.py"", line 276, in setup_cudnn_fp8
    raise NotImplementedError(""sink tokens are not wired into the fp8 attention graph"")
NotImplementedError: sink tokens are not wired into the fp8 attention graph",,,
gpt_oss,gpt_oss_swa,generation,cudnn_oss,bfloat16,bfloat16,1,4,131072,64,8,64,64,gqa,128.0,16,0.008128,1056.833,41.323,0.5165,20,True,,NVIDIA B200,cudnn_oss plan=sdpa_fwd_prefill_sm100[PACK_GQA=1; SCHED_POLICY=0; SPLIT_KV=1; TILE_CGA_M=1; TILE_M=128; TILE_N=128],
gpt_oss,gpt_oss_swa,generation,cudnn_oss,bfloat16,fp8_e4m3,1,4,131072,64,8,64,64,gqa,128.0,16,inf,0.0,0.0,,20,False,"  File ""/home/scratch.yanxu_gpu/fe-sites/computelab_trees/fe_develop_5567e2733/benchmark/attention_inference/benchmark_single_attention.py"", line 789, in main
    fn, detail = SETUPS[args.backend](args, dtype)
                 ^^^^^^^^^^^^^^^^^^^^^^^^^^^^^^^^^
  File ""/home/scratch.yanxu_gpu/fe-sites/computelab_trees/fe_develop_5567e2733/benchmark/attention_inference/benchmark_single_attention.py"", line 270, in setup_cudnn_oss
    return setup_cudnn(args, dtype, oss=True)
           ^^^^^^^^^^^^^^^^^^^^^^^^^^^^^^^^^^
  File ""/home/scratch.yanxu_gpu/fe-sites/computelab_trees/fe_develop_5567e2733/benchmark/attention_inference/benchmark_single_attention.py"", line 167, in setup_cudnn
    return setup_cudnn_fp8(args, cudnn, oss=oss)
           ^^^^^^^^^^^^^^^^^^^^^^^^^^^^^^^^^^^^^
  File ""/home/scratch.yanxu_gpu/fe-sites/computelab_trees/fe_develop_5567e2733/benchmark/attention_inference/benchmark_single_attention.py"", line 276, in setup_cudnn_fp8
    raise NotImplementedError(""sink tokens are not wired into the fp8 attention graph"")
NotImplementedError: sink tokens are not wired into the fp8 attention graph",,,
gpt_oss,gpt_oss_swa,generation,cudnn_oss,bfloat16,bfloat16,128,4,131072,64,8,64,64,gqa,128.0,16,0.049888,22039.601,861.763,10.772,20,True,,NVIDIA B200,cudnn_oss plan=sdpa_fwd_prefill_sm100[PACK_GQA=1; SCHED_POLICY=0; SPLIT_KV=1; TILE_CGA_M=1; TILE_M=128; TILE_N=128],
gpt_oss,gpt_oss_swa,generation,cudnn_oss,bfloat16,fp8_e4m3,128,4,131072,64,8,64,64,gqa,128.0,16,inf,0.0,0.0,,20,False,"  File ""/home/scratch.yanxu_gpu/fe-sites/computelab_trees/fe_develop_5567e2733/benchmark/attention_inference/benchmark_single_attention.py"", line 789, in main
    fn, detail = SETUPS[args.backend](args, dtype)
                 ^^^^^^^^^^^^^^^^^^^^^^^^^^^^^^^^^
  File ""/home/scratch.yanxu_gpu/fe-sites/computelab_trees/fe_develop_5567e2733/benchmark/attention_inference/benchmark_single_attention.py"", line 270, in setup_cudnn_oss
    return setup_cudnn(args, dtype, oss=True)
           ^^^^^^^^^^^^^^^^^^^^^^^^^^^^^^^^^^
  File ""/home/scratch.yanxu_gpu/fe-sites/computelab_trees/fe_develop_5567e2733/benchmark/attention_inference/benchmark_single_attention.py"", line 167, in setup_cudnn
    return setup_cudnn_fp8(args, cudnn, oss=oss)
           ^^^^^^^^^^^^^^^^^^^^^^^^^^^^^^^^^^^^^
  File ""/home/scratch.yanxu_gpu/fe-sites/computelab_trees/fe_develop_5567e2733/benchmark/attention_inference/benchmark_single_attention.py"", line 276, in setup_cudnn_fp8
    raise NotImplementedError(""sink tokens are not wired into the fp8 attention graph"")
NotImplementedError: sink tokens are not wired into the fp8 attention graph",,,
gpt_oss,gpt_oss_swa-tp2,context,cudnn,bfloat16,bfloat16,1,2048,2048,32,4,64,64,gqa,128.0,16,0.020352,844.137,927.396,11.5925,20,True,,NVIDIA B200,cudnn 9.27.0,
gpt_oss,gpt_oss_swa-tp2,context,cudnn,bfloat16,bfloat16,1,8192,8192,32,4,64,64,gqa,128.0,16,0.059328,4633.19,1272.544,15.9068,20,True,,NVIDIA B200,cudnn 9.27.0,
gpt_oss,gpt_oss_swa-tp2,context,cudnn,bfloat16,bfloat16,1,32768,32768,32,4,64,64,gqa,128.0,16,0.221626,19844.452,1362.61,17.0326,20,True,,NVIDIA B200,cudnn 9.27.0,
gpt_oss,gpt_oss_swa-tp2,context,cudnn,bfloat16,bfloat16,1,512,65536,32,4,64,64,gqa,128.0,16,0.011392,24129.03,425.708,5.3213,20,True,,NVIDIA B200,cudnn 9.27.0,
gpt_oss,gpt_oss_swa-tp2,context,cudnn,bfloat16,bfloat16,1,512,131072,32,4,64,64,gqa,128.0,16,0.011296,48668.185,429.326,5.3666,20,True,,NVIDIA B200,cudnn 9.27.0,
gpt_oss,gpt_oss_swa-tp2,context,cudnn,bfloat16,bfloat16,1,1024,65536,32,4,64,64,gqa,128.0,16,0.012128,45329.47,788.939,9.8617,20,True,,NVIDIA B200,cudnn 9.27.0,
gpt_oss,gpt_oss_swa-tp2,context,cudnn,bfloat16,bfloat16,1,1024,131072,32,4,64,64,gqa,128.0,16,0.012,91625.969,797.355,9.9669,20,True,,NVIDIA B200,cudnn 9.27.0,
gpt_oss,gpt_oss_swa-tp2,generation,cudnn,bfloat16,bfloat16,1,1,131072,32,4,64,64,gqa,128.0,16,inf,0.0,0.0,,20,False,"  import pynvml  # type: ignore[import]
Traceback (most recent call last):
  File ""/home/scratch.yanxu_gpu/fe-sites/computelab_trees/fe_develop_5567e2733/benchmark/attention_inference/benchmark_single_attention.py"", line 824, in <module>
    main()
  File ""/home/scratch.yanxu_gpu/fe-sites/computelab_trees/fe_develop_5567e2733/benchmark/attention_inference/benchmark_single_attention.py"", line 789, in main
    fn, detail = SETUPS[args.backend](args, dtype)
                 ^^^^^^^^^^^^^^^^^^^^^^^^^^^^^^^^^
  File ""/home/scratch.yanxu_gpu/fe-sites/computelab_trees/fe_develop_5567e2733/benchmark/attention_inference/benchmark_single_attention.py"", line 224, in setup_cudnn
    graph.validate()
  File ""/home/scratch.yanxu_gpu/fe-sites/computelab_trees/fe_develop_5567e2733/python/cudnn/_pygraph.py"", line 891, in validate
    self._lowered_graph.validate()
cudnn._compiled_module.cudnnGraphNotSupportedError: decode only mode, i.e. s_q == 1, not supported with sink_token",,,
gpt_oss,gpt_oss_swa-tp2,generation,cudnn,bfloat16,fp8_e4m3,1,1,131072,32,4,64,64,gqa,128.0,16,inf,0.0,0.0,,20,False,"Traceback (most recent call last):
  File ""/home/scratch.yanxu_gpu/fe-sites/computelab_trees/fe_develop_5567e2733/benchmark/attention_inference/benchmark_single_attention.py"", line 824, in <module>
    main()
  File ""/home/scratch.yanxu_gpu/fe-sites/computelab_trees/fe_develop_5567e2733/benchmark/attention_inference/benchmark_single_attention.py"", line 789, in main
    fn, detail = SETUPS[args.backend](args, dtype)
                 ^^^^^^^^^^^^^^^^^^^^^^^^^^^^^^^^^
  File ""/home/scratch.yanxu_gpu/fe-sites/computelab_trees/fe_develop_5567e2733/benchmark/attention_inference/benchmark_single_attention.py"", line 167, in setup_cudnn
    return setup_cudnn_fp8(args, cudnn, oss=oss)
           ^^^^^^^^^^^^^^^^^^^^^^^^^^^^^^^^^^^^^
  File ""/home/scratch.yanxu_gpu/fe-sites/computelab_trees/fe_develop_5567e2733/benchmark/attention_inference/benchmark_single_attention.py"", line 276, in setup_cudnn_fp8
    raise NotImplementedError(""sink tokens are not wired into the fp8 attention graph"")
NotImplementedError: sink tokens are not wired into the fp8 attention graph",,,
gpt_oss,gpt_oss_swa-tp2,generation,cudnn,bfloat16,bfloat16,128,1,131072,32,4,64,64,gqa,128.0,16,inf,0.0,0.0,,20,False,"  import pynvml  # type: ignore[import]
Traceback (most recent call last):
  File ""/home/scratch.yanxu_gpu/fe-sites/computelab_trees/fe_develop_5567e2733/benchmark/attention_inference/benchmark_single_attention.py"", line 824, in <module>
    main()
  File ""/home/scratch.yanxu_gpu/fe-sites/computelab_trees/fe_develop_5567e2733/benchmark/attention_inference/benchmark_single_attention.py"", line 789, in main
    fn, detail = SETUPS[args.backend](args, dtype)
                 ^^^^^^^^^^^^^^^^^^^^^^^^^^^^^^^^^
  File ""/home/scratch.yanxu_gpu/fe-sites/computelab_trees/fe_develop_5567e2733/benchmark/attention_inference/benchmark_single_attention.py"", line 224, in setup_cudnn
    graph.validate()
  File ""/home/scratch.yanxu_gpu/fe-sites/computelab_trees/fe_develop_5567e2733/python/cudnn/_pygraph.py"", line 891, in validate
    self._lowered_graph.validate()
cudnn._compiled_module.cudnnGraphNotSupportedError: decode only mode, i.e. s_q == 1, not supported with sink_token",,,
gpt_oss,gpt_oss_swa-tp2,generation,cudnn,bfloat16,fp8_e4m3,128,1,131072,32,4,64,64,gqa,128.0,16,inf,0.0,0.0,,20,False,"Traceback (most recent call last):
  File ""/home/scratch.yanxu_gpu/fe-sites/computelab_trees/fe_develop_5567e2733/benchmark/attention_inference/benchmark_single_attention.py"", line 824, in <module>
    main()
  File ""/home/scratch.yanxu_gpu/fe-sites/computelab_trees/fe_develop_5567e2733/benchmark/attention_inference/benchmark_single_attention.py"", line 789, in main
    fn, detail = SETUPS[args.backend](args, dtype)
                 ^^^^^^^^^^^^^^^^^^^^^^^^^^^^^^^^^
  File ""/home/scratch.yanxu_gpu/fe-sites/computelab_trees/fe_develop_5567e2733/benchmark/attention_inference/benchmark_single_attention.py"", line 167, in setup_cudnn
    return setup_cudnn_fp8(args, cudnn, oss=oss)
           ^^^^^^^^^^^^^^^^^^^^^^^^^^^^^^^^^^^^^
  File ""/home/scratch.yanxu_gpu/fe-sites/computelab_trees/fe_develop_5567e2733/benchmark/attention_inference/benchmark_single_attention.py"", line 276, in setup_cudnn_fp8
    raise NotImplementedError(""sink tokens are not wired into the fp8 attention graph"")
NotImplementedError: sink tokens are not wired into the fp8 attention graph",,,
gpt_oss,gpt_oss_swa-tp2,generation,cudnn,bfloat16,bfloat16,1,2,131072,32,4,64,64,gqa,128.0,16,0.008672,247.634,17.24,0.2155,20,True,,NVIDIA B200,cudnn 9.27.0,
gpt_oss,gpt_oss_swa-tp2,generation,cudnn,bfloat16,fp8_e4m3,1,2,131072,32,4,64,64,gqa,128.0,16,inf,0.0,0.0,,20,False,"Traceback (most recent call last):
  File ""/home/scratch.yanxu_gpu/fe-sites/computelab_trees/fe_develop_5567e2733/benchmark/attention_inference/benchmark_single_attention.py"", line 824, in <module>
    main()
  File ""/home/scratch.yanxu_gpu/fe-sites/computelab_trees/fe_develop_5567e2733/benchmark/attention_inference/benchmark_single_attention.py"", line 789, in main
    fn, detail = SETUPS[args.backend](args, dtype)
                 ^^^^^^^^^^^^^^^^^^^^^^^^^^^^^^^^^
  File ""/home/scratch.yanxu_gpu/fe-sites/computelab_trees/fe_develop_5567e2733/benchmark/attention_inference/benchmark_single_attention.py"", line 167, in setup_cudnn
    return setup_cudnn_fp8(args, cudnn, oss=oss)
           ^^^^^^^^^^^^^^^^^^^^^^^^^^^^^^^^^^^^^
  File ""/home/scratch.yanxu_gpu/fe-sites/computelab_trees/fe_develop_5567e2733/benchmark/attention_inference/benchmark_single_attention.py"", line 276, in setup_cudnn_fp8
    raise NotImplementedError(""sink tokens are not wired into the fp8 attention graph"")
NotImplementedError: sink tokens are not wired into the fp8 attention graph",,,
gpt_oss,gpt_oss_swa-tp2,generation,cudnn,bfloat16,bfloat16,128,2,131072,32,4,64,64,gqa,128.0,16,0.149055,1844.137,128.386,1.6048,20,True,,NVIDIA B200,cudnn 9.27.0,
gpt_oss,gpt_oss_swa-tp2,generation,cudnn,bfloat16,fp8_e4m3,128,2,131072,32,4,64,64,gqa,128.0,16,inf,0.0,0.0,,20,False,"Traceback (most recent call last):
  File ""/home/scratch.yanxu_gpu/fe-sites/computelab_trees/fe_develop_5567e2733/benchmark/attention_inference/benchmark_single_attention.py"", line 824, in <module>
    main()
  File ""/home/scratch.yanxu_gpu/fe-sites/computelab_trees/fe_develop_5567e2733/benchmark/attention_inference/benchmark_single_attention.py"", line 789, in main
    fn, detail = SETUPS[args.backend](args, dtype)
                 ^^^^^^^^^^^^^^^^^^^^^^^^^^^^^^^^^
  File ""/home/scratch.yanxu_gpu/fe-sites/computelab_trees/fe_develop_5567e2733/benchmark/attention_inference/benchmark_single_attention.py"", line 167, in setup_cudnn
    return setup_cudnn_fp8(args, cudnn, oss=oss)
           ^^^^^^^^^^^^^^^^^^^^^^^^^^^^^^^^^^^^^
  File ""/home/scratch.yanxu_gpu/fe-sites/computelab_trees/fe_develop_5567e2733/benchmark/attention_inference/benchmark_single_attention.py"", line 276, in setup_cudnn_fp8
    raise NotImplementedError(""sink tokens are not wired into the fp8 attention graph"")
NotImplementedError: sink tokens are not wired into the fp8 attention graph",,,
gpt_oss,gpt_oss_swa-tp2,generation,cudnn,bfloat16,bfloat16,1,3,131072,32,4,64,64,gqa,128.0,16,0.008703,370.128,18.237,0.228,20,True,,NVIDIA B200,cudnn 9.27.0,
gpt_oss,gpt_oss_swa-tp2,generation,cudnn,bfloat16,fp8_e4m3,1,3,131072,32,4,64,64,gqa,128.0,16,inf,0.0,0.0,,20,False,"Traceback (most recent call last):
  File ""/home/scratch.yanxu_gpu/fe-sites/computelab_trees/fe_develop_5567e2733/benchmark/attention_inference/benchmark_single_attention.py"", line 824, in <module>
    main()
  File ""/home/scratch.yanxu_gpu/fe-sites/computelab_trees/fe_develop_5567e2733/benchmark/attention_inference/benchmark_single_attention.py"", line 789, in main
    fn, detail = SETUPS[args.backend](args, dtype)
                 ^^^^^^^^^^^^^^^^^^^^^^^^^^^^^^^^^
  File ""/home/scratch.yanxu_gpu/fe-sites/computelab_trees/fe_develop_5567e2733/benchmark/attention_inference/benchmark_single_attention.py"", line 167, in setup_cudnn
    return setup_cudnn_fp8(args, cudnn, oss=oss)
           ^^^^^^^^^^^^^^^^^^^^^^^^^^^^^^^^^^^^^
  File ""/home/scratch.yanxu_gpu/fe-sites/computelab_trees/fe_develop_5567e2733/benchmark/attention_inference/benchmark_single_attention.py"", line 276, in setup_cudnn_fp8
    raise NotImplementedError(""sink tokens are not wired into the fp8 attention graph"")
NotImplementedError: sink tokens are not wired into the fp8 attention graph",,,
gpt_oss,gpt_oss_swa-tp2,generation,cudnn,bfloat16,bfloat16,128,3,131072,32,4,64,64,gqa,128.0,16,0.149121,2764.982,136.239,1.703,20,True,,NVIDIA B200,cudnn 9.27.0,
gpt_oss,gpt_oss_swa-tp2,generation,cudnn,bfloat16,fp8_e4m3,128,3,131072,32,4,64,64,gqa,128.0,16,inf,0.0,0.0,,20,False,"Traceback (most recent call last):
  File ""/home/scratch.yanxu_gpu/fe-sites/computelab_trees/fe_develop_5567e2733/benchmark/attention_inference/benchmark_single_attention.py"", line 824, in <module>
    main()
  File ""/home/scratch.yanxu_gpu/fe-sites/computelab_trees/fe_develop_5567e2733/benchmark/attention_inference/benchmark_single_attention.py"", line 789, in main
    fn, detail = SETUPS[args.backend](args, dtype)
                 ^^^^^^^^^^^^^^^^^^^^^^^^^^^^^^^^^
  File ""/home/scratch.yanxu_gpu/fe-sites/computelab_trees/fe_develop_5567e2733/benchmark/attention_inference/benchmark_single_attention.py"", line 167, in setup_cudnn
    return setup_cudnn_fp8(args, cudnn, oss=oss)
           ^^^^^^^^^^^^^^^^^^^^^^^^^^^^^^^^^^^^^
  File ""/home/scratch.yanxu_gpu/fe-sites/computelab_trees/fe_develop_5567e2733/benchmark/attention_inference/benchmark_single_attention.py"", line 276, in setup_cudnn_fp8
    raise NotImplementedError(""sink tokens are not wired into the fp8 attention graph"")
NotImplementedError: sink tokens are not wired into the fp8 attention graph",,,
gpt_oss,gpt_oss_swa-tp2,generation,cudnn,bfloat16,bfloat16,1,4,131072,32,4,64,64,gqa,128.0,16,0.008641,497.045,19.435,0.2429,20,True,,NVIDIA B200,cudnn 9.27.0,
gpt_oss,gpt_oss_swa-tp2,generation,cudnn,bfloat16,fp8_e4m3,1,4,131072,32,4,64,64,gqa,128.0,16,inf,0.0,0.0,,20,False,"Traceback (most recent call last):
  File ""/home/scratch.yanxu_gpu/fe-sites/computelab_trees/fe_develop_5567e2733/benchmark/attention_inference/benchmark_single_attention.py"", line 824, in <module>
    main()
  File ""/home/scratch.yanxu_gpu/fe-sites/computelab_trees/fe_develop_5567e2733/benchmark/attention_inference/benchmark_single_attention.py"", line 789, in main
    fn, detail = SETUPS[args.backend](args, dtype)
                 ^^^^^^^^^^^^^^^^^^^^^^^^^^^^^^^^^
  File ""/home/scratch.yanxu_gpu/fe-sites/computelab_trees/fe_develop_5567e2733/benchmark/attention_inference/benchmark_single_attention.py"", line 167, in setup_cudnn
    return setup_cudnn_fp8(args, cudnn, oss=oss)
           ^^^^^^^^^^^^^^^^^^^^^^^^^^^^^^^^^^^^^
  File ""/home/scratch.yanxu_gpu/fe-sites/computelab_trees/fe_develop_5567e2733/benchmark/attention_inference/benchmark_single_attention.py"", line 276, in setup_cudnn_fp8
    raise NotImplementedError(""sink tokens are not wired into the fp8 attention graph"")
NotImplementedError: sink tokens are not wired into the fp8 attention graph",,,
gpt_oss,gpt_oss_swa-tp2,generation,cudnn,bfloat16,bfloat16,128,4,131072,32,4,64,64,gqa,128.0,16,0.1495,3677.296,143.785,1.7973,20,True,,NVIDIA B200,cudnn 9.27.0,
gpt_oss,gpt_oss_swa-tp2,generation,cudnn,bfloat16,fp8_e4m3,128,4,131072,32,4,64,64,gqa,128.0,16,inf,0.0,0.0,,20,False,"Traceback (most recent call last):
  File ""/home/scratch.yanxu_gpu/fe-sites/computelab_trees/fe_develop_5567e2733/benchmark/attention_inference/benchmark_single_attention.py"", line 824, in <module>
    main()
  File ""/home/scratch.yanxu_gpu/fe-sites/computelab_trees/fe_develop_5567e2733/benchmark/attention_inference/benchmark_single_attention.py"", line 789, in main
    fn, detail = SETUPS[args.backend](args, dtype)
                 ^^^^^^^^^^^^^^^^^^^^^^^^^^^^^^^^^
  File ""/home/scratch.yanxu_gpu/fe-sites/computelab_trees/fe_develop_5567e2733/benchmark/attention_inference/benchmark_single_attention.py"", line 167, in setup_cudnn
    return setup_cudnn_fp8(args, cudnn, oss=oss)
           ^^^^^^^^^^^^^^^^^^^^^^^^^^^^^^^^^^^^^
  File ""/home/scratch.yanxu_gpu/fe-sites/computelab_trees/fe_develop_5567e2733/benchmark/attention_inference/benchmark_single_attention.py"", line 276, in setup_cudnn_fp8
    raise NotImplementedError(""sink tokens are not wired into the fp8 attention graph"")
NotImplementedError: sink tokens are not wired into the fp8 attention graph",,,
gpt_oss,gpt_oss_swa-tp2,context,cudnn_oss,bfloat16,bfloat16,1,2048,2048,32,4,64,64,gqa,128.0,16,0.056414,304.532,334.569,4.1821,20,True,,NVIDIA B200,cudnn_oss plan=sdpa_fwd_prefill_sm100[PACK_GQA=0; SCHED_POLICY=2; SPLIT_KV=1; TILE_CGA_M=2; TILE_M=128; TILE_N=128],
gpt_oss,gpt_oss_swa-tp2,context,cudnn_oss,bfloat16,bfloat16,1,8192,8192,32,4,64,64,gqa,128.0,16,0.169695,1619.835,444.901,5.5613,20,True,,NVIDIA B200,cudnn_oss plan=sdpa_fwd_prefill_sm100[PACK_GQA=0; SCHED_POLICY=2; SPLIT_KV=1; TILE_CGA_M=2; TILE_M=128; TILE_N=128],
gpt_oss,gpt_oss_swa-tp2,context,cudnn_oss,bfloat16,bfloat16,1,32768,32768,32,4,64,64,gqa,128.0,16,0.637024,6904.052,474.064,5.9258,20,True,,NVIDIA B200,cudnn_oss plan=sdpa_fwd_prefill_sm100[PACK_GQA=0; SCHED_POLICY=2; SPLIT_KV=1; TILE_CGA_M=2; TILE_M=128; TILE_N=128],
gpt_oss,gpt_oss_swa-tp2,context,cudnn_oss,bfloat16,bfloat16,1,512,65536,32,4,64,64,gqa,128.0,16,0.031681,8676.428,153.078,1.9135,20,True,,NVIDIA B200,cudnn_oss plan=sdpa_fwd_prefill_sm100[PACK_GQA=0; SCHED_POLICY=2; SPLIT_KV=1; TILE_CGA_M=2; TILE_M=128; TILE_N=128],
gpt_oss,gpt_oss_swa-tp2,context,cudnn_oss,bfloat16,bfloat16,1,512,131072,32,4,64,64,gqa,128.0,16,0.031712,17335.892,152.928,1.9116,20,True,,NVIDIA B200,cudnn_oss plan=sdpa_fwd_prefill_sm100[PACK_GQA=0; SCHED_POLICY=2; SPLIT_KV=1; TILE_CGA_M=2; TILE_M=128; TILE_N=128],
gpt_oss,gpt_oss_swa-tp2,context,cudnn_oss,bfloat16,bfloat16,1,1024,65536,32,4,64,64,gqa,128.0,16,0.03392,16207.424,282.083,3.526,20,True,,NVIDIA B200,cudnn_oss plan=sdpa_fwd_prefill_sm100[PACK_GQA=0; SCHED_POLICY=2; SPLIT_KV=1; TILE_CGA_M=2; TILE_M=128; TILE_N=128],
gpt_oss,gpt_oss_swa-tp2,context,cudnn_oss,bfloat16,bfloat16,1,1024,131072,32,4,64,64,gqa,128.0,16,0.033889,32444.499,282.341,3.5293,20,True,,NVIDIA B200,cudnn_oss plan=sdpa_fwd_prefill_sm100[PACK_GQA=0; SCHED_POLICY=2; SPLIT_KV=1; TILE_CGA_M=2; TILE_M=128; TILE_N=128],
gpt_oss,gpt_oss_swa-tp2,generation,cudnn_oss,bfloat16,bfloat16,1,1,131072,32,4,64,64,gqa,128.0,16,0.00608,176.602,23.074,0.2884,20,True,,NVIDIA B200,cudnn_oss plan=sdpa_fwd_prefill_sm100[PACK_GQA=1; SCHED_POLICY=0; SPLIT_KV=1; TILE_CGA_M=1; TILE_M=128; TILE_N=128],
gpt_oss,gpt_oss_swa-tp2,generation,cudnn_oss,bfloat16,fp8_e4m3,1,1,131072,32,4,64,64,gqa,128.0,16,inf,0.0,0.0,,20,False,"  File ""/home/scratch.yanxu_gpu/fe-sites/computelab_trees/fe_develop_5567e2733/benchmark/attention_inference/benchmark_single_attention.py"", line 789, in main
    fn, detail = SETUPS[args.backend](args, dtype)
                 ^^^^^^^^^^^^^^^^^^^^^^^^^^^^^^^^^
  File ""/home/scratch.yanxu_gpu/fe-sites/computelab_trees/fe_develop_5567e2733/benchmark/attention_inference/benchmark_single_attention.py"", line 270, in setup_cudnn_oss
    return setup_cudnn(args, dtype, oss=True)
           ^^^^^^^^^^^^^^^^^^^^^^^^^^^^^^^^^^
  File ""/home/scratch.yanxu_gpu/fe-sites/computelab_trees/fe_develop_5567e2733/benchmark/attention_inference/benchmark_single_attention.py"", line 167, in setup_cudnn
    return setup_cudnn_fp8(args, cudnn, oss=oss)
           ^^^^^^^^^^^^^^^^^^^^^^^^^^^^^^^^^^^^^
  File ""/home/scratch.yanxu_gpu/fe-sites/computelab_trees/fe_develop_5567e2733/benchmark/attention_inference/benchmark_single_attention.py"", line 276, in setup_cudnn_fp8
    raise NotImplementedError(""sink tokens are not wired into the fp8 attention graph"")
NotImplementedError: sink tokens are not wired into the fp8 attention graph",,,
gpt_oss,gpt_oss_swa-tp2,generation,cudnn_oss,bfloat16,bfloat16,128,1,131072,32,4,64,64,gqa,128.0,16,0.019296,7122.665,930.6,11.6325,20,True,,NVIDIA B200,cudnn_oss plan=sdpa_fwd_prefill_sm100[PACK_GQA=1; SCHED_POLICY=0; SPLIT_KV=1; TILE_CGA_M=1; TILE_M=128; TILE_N=128],
gpt_oss,gpt_oss_swa-tp2,generation,cudnn_oss,bfloat16,fp8_e4m3,128,1,131072,32,4,64,64,gqa,128.0,16,inf,0.0,0.0,,20,False,"  File ""/home/scratch.yanxu_gpu/fe-sites/computelab_trees/fe_develop_5567e2733/benchmark/attention_inference/benchmark_single_attention.py"", line 789, in main
    fn, detail = SETUPS[args.backend](args, dtype)
                 ^^^^^^^^^^^^^^^^^^^^^^^^^^^^^^^^^
  File ""/home/scratch.yanxu_gpu/fe-sites/computelab_trees/fe_develop_5567e2733/benchmark/attention_inference/benchmark_single_attention.py"", line 270, in setup_cudnn_oss
    return setup_cudnn(args, dtype, oss=True)
           ^^^^^^^^^^^^^^^^^^^^^^^^^^^^^^^^^^
  File ""/home/scratch.yanxu_gpu/fe-sites/computelab_trees/fe_develop_5567e2733/benchmark/attention_inference/benchmark_single_attention.py"", line 167, in setup_cudnn
    return setup_cudnn_fp8(args, cudnn, oss=oss)
           ^^^^^^^^^^^^^^^^^^^^^^^^^^^^^^^^^^^^^
  File ""/home/scratch.yanxu_gpu/fe-sites/computelab_trees/fe_develop_5567e2733/benchmark/attention_inference/benchmark_single_attention.py"", line 276, in setup_cudnn_fp8
    raise NotImplementedError(""sink tokens are not wired into the fp8 attention graph"")
NotImplementedError: sink tokens are not wired into the fp8 attention graph",,,
gpt_oss,gpt_oss_swa-tp2,generation,cudnn_oss,bfloat16,bfloat16,1,2,131072,32,4,64,64,gqa,128.0,16,0.007936,270.6,18.839,0.2355,20,True,,NVIDIA B200,cudnn_oss plan=sdpa_fwd_prefill_sm100[PACK_GQA=1; SCHED_POLICY=0; SPLIT_KV=1; TILE_CGA_M=1; TILE_M=128; TILE_N=128],
gpt_oss,gpt_oss_swa-tp2,generation,cudnn_oss,bfloat16,fp8_e4m3,1,2,131072,32,4,64,64,gqa,128.0,16,inf,0.0,0.0,,20,False,"  File ""/home/scratch.yanxu_gpu/fe-sites/computelab_trees/fe_develop_5567e2733/benchmark/attention_inference/benchmark_single_attention.py"", line 789, in main
    fn, detail = SETUPS[args.backend](args, dtype)
                 ^^^^^^^^^^^^^^^^^^^^^^^^^^^^^^^^^
  File ""/home/scratch.yanxu_gpu/fe-sites/computelab_trees/fe_develop_5567e2733/benchmark/attention_inference/benchmark_single_attention.py"", line 270, in setup_cudnn_oss
    return setup_cudnn(args, dtype, oss=True)
           ^^^^^^^^^^^^^^^^^^^^^^^^^^^^^^^^^^
  File ""/home/scratch.yanxu_gpu/fe-sites/computelab_trees/fe_develop_5567e2733/benchmark/attention_inference/benchmark_single_attention.py"", line 167, in setup_cudnn
    return setup_cudnn_fp8(args, cudnn, oss=oss)
           ^^^^^^^^^^^^^^^^^^^^^^^^^^^^^^^^^^^^^
  File ""/home/scratch.yanxu_gpu/fe-sites/computelab_trees/fe_develop_5567e2733/benchmark/attention_inference/benchmark_single_attention.py"", line 276, in setup_cudnn_fp8
    raise NotImplementedError(""sink tokens are not wired into the fp8 attention graph"")
NotImplementedError: sink tokens are not wired into the fp8 attention graph",,,
gpt_oss,gpt_oss_swa-tp2,generation,cudnn_oss,bfloat16,bfloat16,128,2,131072,32,4,64,64,gqa,128.0,16,0.027744,9907.652,689.753,8.6219,20,True,,NVIDIA B200,cudnn_oss plan=sdpa_fwd_prefill_sm100[PACK_GQA=1; SCHED_POLICY=0; SPLIT_KV=1; TILE_CGA_M=1; TILE_M=128; TILE_N=128],
gpt_oss,gpt_oss_swa-tp2,generation,cudnn_oss,bfloat16,fp8_e4m3,128,2,131072,32,4,64,64,gqa,128.0,16,inf,0.0,0.0,,20,False,"  File ""/home/scratch.yanxu_gpu/fe-sites/computelab_trees/fe_develop_5567e2733/benchmark/attention_inference/benchmark_single_attention.py"", line 789, in main
    fn, detail = SETUPS[args.backend](args, dtype)
                 ^^^^^^^^^^^^^^^^^^^^^^^^^^^^^^^^^
  File ""/home/scratch.yanxu_gpu/fe-sites/computelab_trees/fe_develop_5567e2733/benchmark/attention_inference/benchmark_single_attention.py"", line 270, in setup_cudnn_oss
    return setup_cudnn(args, dtype, oss=True)
           ^^^^^^^^^^^^^^^^^^^^^^^^^^^^^^^^^^
  File ""/home/scratch.yanxu_gpu/fe-sites/computelab_trees/fe_develop_5567e2733/benchmark/attention_inference/benchmark_single_attention.py"", line 167, in setup_cudnn
    return setup_cudnn_fp8(args, cudnn, oss=oss)
           ^^^^^^^^^^^^^^^^^^^^^^^^^^^^^^^^^^^^^
  File ""/home/scratch.yanxu_gpu/fe-sites/computelab_trees/fe_develop_5567e2733/benchmark/attention_inference/benchmark_single_attention.py"", line 276, in setup_cudnn_fp8
    raise NotImplementedError(""sink tokens are not wired into the fp8 attention graph"")
NotImplementedError: sink tokens are not wired into the fp8 attention graph",,,
gpt_oss,gpt_oss_swa-tp2,generation,cudnn_oss,bfloat16,bfloat16,1,3,131072,32,4,64,64,gqa,128.0,16,0.007776,414.252,20.412,0.2551,20,True,,NVIDIA B200,cudnn_oss plan=sdpa_fwd_prefill_sm100[PACK_GQA=1; SCHED_POLICY=0; SPLIT_KV=1; TILE_CGA_M=1; TILE_M=128; TILE_N=128],
gpt_oss,gpt_oss_swa-tp2,generation,cudnn_oss,bfloat16,fp8_e4m3,1,3,131072,32,4,64,64,gqa,128.0,16,inf,0.0,0.0,,20,False,"  File ""/home/scratch.yanxu_gpu/fe-sites/computelab_trees/fe_develop_5567e2733/benchmark/attention_inference/benchmark_single_attention.py"", line 789, in main
    fn, detail = SETUPS[args.backend](args, dtype)
                 ^^^^^^^^^^^^^^^^^^^^^^^^^^^^^^^^^
  File ""/home/scratch.yanxu_gpu/fe-sites/computelab_trees/fe_develop_5567e2733/benchmark/attention_inference/benchmark_single_attention.py"", line 270, in setup_cudnn_oss
    return setup_cudnn(args, dtype, oss=True)
           ^^^^^^^^^^^^^^^^^^^^^^^^^^^^^^^^^^
  File ""/home/scratch.yanxu_gpu/fe-sites/computelab_trees/fe_develop_5567e2733/benchmark/attention_inference/benchmark_single_attention.py"", line 167, in setup_cudnn
    return setup_cudnn_fp8(args, cudnn, oss=oss)
           ^^^^^^^^^^^^^^^^^^^^^^^^^^^^^^^^^^^^^
  File ""/home/scratch.yanxu_gpu/fe-sites/computelab_trees/fe_develop_5567e2733/benchmark/attention_inference/benchmark_single_attention.py"", line 276, in setup_cudnn_fp8
    raise NotImplementedError(""sink tokens are not wired into the fp8 attention graph"")
NotImplementedError: sink tokens are not wired into the fp8 attention graph",,,
gpt_oss,gpt_oss_swa-tp2,generation,cudnn_oss,bfloat16,bfloat16,128,3,131072,32,4,64,64,gqa,128.0,16,0.028033,14708.267,724.723,9.059,20,True,,NVIDIA B200,cudnn_oss plan=sdpa_fwd_prefill_sm100[PACK_GQA=1; SCHED_POLICY=0; SPLIT_KV=1; TILE_CGA_M=1; TILE_M=128; TILE_N=128],
gpt_oss,gpt_oss_swa-tp2,generation,cudnn_oss,bfloat16,fp8_e4m3,128,3,131072,32,4,64,64,gqa,128.0,16,inf,0.0,0.0,,20,False,"  File ""/home/scratch.yanxu_gpu/fe-sites/computelab_trees/fe_develop_5567e2733/benchmark/attention_inference/benchmark_single_attention.py"", line 789, in main
    fn, detail = SETUPS[args.backend](args, dtype)
                 ^^^^^^^^^^^^^^^^^^^^^^^^^^^^^^^^^
  File ""/home/scratch.yanxu_gpu/fe-sites/computelab_trees/fe_develop_5567e2733/benchmark/attention_inference/benchmark_single_attention.py"", line 270, in setup_cudnn_oss
    return setup_cudnn(args, dtype, oss=True)
           ^^^^^^^^^^^^^^^^^^^^^^^^^^^^^^^^^^
  File ""/home/scratch.yanxu_gpu/fe-sites/computelab_trees/fe_develop_5567e2733/benchmark/attention_inference/benchmark_single_attention.py"", line 167, in setup_cudnn
    return setup_cudnn_fp8(args, cudnn, oss=oss)
           ^^^^^^^^^^^^^^^^^^^^^^^^^^^^^^^^^^^^^
  File ""/home/scratch.yanxu_gpu/fe-sites/computelab_trees/fe_develop_5567e2733/benchmark/attention_inference/benchmark_single_attention.py"", line 276, in setup_cudnn_fp8
    raise NotImplementedError(""sink tokens are not wired into the fp8 attention graph"")
NotImplementedError: sink tokens are not wired into the fp8 attention graph",,,
gpt_oss,gpt_oss_swa-tp2,generation,cudnn_oss,bfloat16,bfloat16,1,4,131072,32,4,64,64,gqa,128.0,16,0.007968,539.027,21.076,0.2635,20,True,,NVIDIA B200,cudnn_oss plan=sdpa_fwd_prefill_sm100[PACK_GQA=1; SCHED_POLICY=0; SPLIT_KV=1; TILE_CGA_M=1; TILE_M=128; TILE_N=128],
gpt_oss,gpt_oss_swa-tp2,generation,cudnn_oss,bfloat16,fp8_e4m3,1,4,131072,32,4,64,64,gqa,128.0,16,inf,0.0,0.0,,20,False,"  File ""/home/scratch.yanxu_gpu/fe-sites/computelab_trees/fe_develop_5567e2733/benchmark/attention_inference/benchmark_single_attention.py"", line 789, in main
    fn, detail = SETUPS[args.backend](args, dtype)
                 ^^^^^^^^^^^^^^^^^^^^^^^^^^^^^^^^^
  File ""/home/scratch.yanxu_gpu/fe-sites/computelab_trees/fe_develop_5567e2733/benchmark/attention_inference/benchmark_single_attention.py"", line 270, in setup_cudnn_oss
    return setup_cudnn(args, dtype, oss=True)
           ^^^^^^^^^^^^^^^^^^^^^^^^^^^^^^^^^^
  File ""/home/scratch.yanxu_gpu/fe-sites/computelab_trees/fe_develop_5567e2733/benchmark/attention_inference/benchmark_single_attention.py"", line 167, in setup_cudnn
    return setup_cudnn_fp8(args, cudnn, oss=oss)
           ^^^^^^^^^^^^^^^^^^^^^^^^^^^^^^^^^^^^^
  File ""/home/scratch.yanxu_gpu/fe-sites/computelab_trees/fe_develop_5567e2733/benchmark/attention_inference/benchmark_single_attention.py"", line 276, in setup_cudnn_fp8
    raise NotImplementedError(""sink tokens are not wired into the fp8 attention graph"")
NotImplementedError: sink tokens are not wired into the fp8 attention graph",,,
gpt_oss,gpt_oss_swa-tp2,generation,cudnn_oss,bfloat16,bfloat16,128,4,131072,32,4,64,64,gqa,128.0,16,0.028032,19611.723,766.831,9.5854,20,True,,NVIDIA B200,cudnn_oss plan=sdpa_fwd_prefill_sm100[PACK_GQA=1; SCHED_POLICY=0; SPLIT_KV=1; TILE_CGA_M=1; TILE_M=128; TILE_N=128],
gpt_oss,gpt_oss_swa-tp2,generation,cudnn_oss,bfloat16,fp8_e4m3,128,4,131072,32,4,64,64,gqa,128.0,16,inf,0.0,0.0,,20,False,"  File ""/home/scratch.yanxu_gpu/fe-sites/computelab_trees/fe_develop_5567e2733/benchmark/attention_inference/benchmark_single_attention.py"", line 789, in main
    fn, detail = SETUPS[args.backend](args, dtype)
                 ^^^^^^^^^^^^^^^^^^^^^^^^^^^^^^^^^
  File ""/home/scratch.yanxu_gpu/fe-sites/computelab_trees/fe_develop_5567e2733/benchmark/attention_inference/benchmark_single_attention.py"", line 270, in setup_cudnn_oss
    return setup_cudnn(args, dtype, oss=True)
           ^^^^^^^^^^^^^^^^^^^^^^^^^^^^^^^^^^
  File ""/home/scratch.yanxu_gpu/fe-sites/computelab_trees/fe_develop_5567e2733/benchmark/attention_inference/benchmark_single_attention.py"", line 167, in setup_cudnn
    return setup_cudnn_fp8(args, cudnn, oss=oss)
           ^^^^^^^^^^^^^^^^^^^^^^^^^^^^^^^^^^^^^
  File ""/home/scratch.yanxu_gpu/fe-sites/computelab_trees/fe_develop_5567e2733/benchmark/attention_inference/benchmark_single_attention.py"", line 276, in setup_cudnn_fp8
    raise NotImplementedError(""sink tokens are not wired into the fp8 attention graph"")
NotImplementedError: sink tokens are not wired into the fp8 attention graph",,,
gpt_oss,gpt_oss_swa-tp4,context,cudnn,bfloat16,bfloat16,1,2048,2048,16,2,64,64,gqa,128.0,16,0.012033,713.865,784.275,9.8034,20,True,,NVIDIA B200,cudnn 9.27.0,
gpt_oss,gpt_oss_swa-tp4,context,cudnn,bfloat16,bfloat16,1,8192,8192,16,2,64,64,gqa,128.0,16,0.035137,3911.516,1074.33,13.4291,20,True,,NVIDIA B200,cudnn 9.27.0,
gpt_oss,gpt_oss_swa-tp4,context,cudnn,bfloat16,bfloat16,1,32768,32768,16,2,64,64,gqa,128.0,16,0.113629,19352.659,1328.842,16.6105,20,True,,NVIDIA B200,cudnn 9.27.0,
gpt_oss,gpt_oss_swa-tp4,context,cudnn,bfloat16,bfloat16,1,512,65536,16,2,64,64,gqa,128.0,16,0.011008,12485.37,220.279,2.7535,20,True,,NVIDIA B200,cudnn 9.27.0,
gpt_oss,gpt_oss_swa-tp4,context,cudnn,bfloat16,bfloat16,1,512,131072,16,2,64,64,gqa,128.0,16,0.011007,24973.009,220.299,2.7537,20,True,,NVIDIA B200,cudnn 9.27.0,
gpt_oss,gpt_oss_swa-tp4,context,cudnn,bfloat16,bfloat16,1,1024,65536,16,2,64,64,gqa,128.0,16,0.011199,24544.862,427.192,5.3399,20,True,,NVIDIA B200,cudnn 9.27.0,
gpt_oss,gpt_oss_swa-tp4,context,cudnn,bfloat16,bfloat16,1,1024,131072,16,2,64,64,gqa,128.0,16,0.01136,48393.998,421.138,5.2642,20,True,,NVIDIA B200,cudnn 9.27.0,
gpt_oss,gpt_oss_swa-tp4,generation,cudnn,bfloat16,bfloat16,1,1,131072,16,2,64,64,gqa,128.0,16,inf,0.0,0.0,,20,False,"  import pynvml  # type: ignore[import]
Traceback (most recent call last):
  File ""/home/scratch.yanxu_gpu/fe-sites/computelab_trees/fe_develop_5567e2733/benchmark/attention_inference/benchmark_single_attention.py"", line 824, in <module>
    main()
  File ""/home/scratch.yanxu_gpu/fe-sites/computelab_trees/fe_develop_5567e2733/benchmark/attention_inference/benchmark_single_attention.py"", line 789, in main
    fn, detail = SETUPS[args.backend](args, dtype)
                 ^^^^^^^^^^^^^^^^^^^^^^^^^^^^^^^^^
  File ""/home/scratch.yanxu_gpu/fe-sites/computelab_trees/fe_develop_5567e2733/benchmark/attention_inference/benchmark_single_attention.py"", line 224, in setup_cudnn
    graph.validate()
  File ""/home/scratch.yanxu_gpu/fe-sites/computelab_trees/fe_develop_5567e2733/python/cudnn/_pygraph.py"", line 891, in validate
    self._lowered_graph.validate()
cudnn._compiled_module.cudnnGraphNotSupportedError: decode only mode, i.e. s_q == 1, not supported with sink_token",,,
gpt_oss,gpt_oss_swa-tp4,generation,cudnn,bfloat16,fp8_e4m3,1,1,131072,16,2,64,64,gqa,128.0,16,inf,0.0,0.0,,20,False,"Traceback (most recent call last):
  File ""/home/scratch.yanxu_gpu/fe-sites/computelab_trees/fe_develop_5567e2733/benchmark/attention_inference/benchmark_single_attention.py"", line 824, in <module>
    main()
  File ""/home/scratch.yanxu_gpu/fe-sites/computelab_trees/fe_develop_5567e2733/benchmark/attention_inference/benchmark_single_attention.py"", line 789, in main
    fn, detail = SETUPS[args.backend](args, dtype)
                 ^^^^^^^^^^^^^^^^^^^^^^^^^^^^^^^^^
  File ""/home/scratch.yanxu_gpu/fe-sites/computelab_trees/fe_develop_5567e2733/benchmark/attention_inference/benchmark_single_attention.py"", line 167, in setup_cudnn
    return setup_cudnn_fp8(args, cudnn, oss=oss)
           ^^^^^^^^^^^^^^^^^^^^^^^^^^^^^^^^^^^^^
  File ""/home/scratch.yanxu_gpu/fe-sites/computelab_trees/fe_develop_5567e2733/benchmark/attention_inference/benchmark_single_attention.py"", line 276, in setup_cudnn_fp8
    raise NotImplementedError(""sink tokens are not wired into the fp8 attention graph"")
NotImplementedError: sink tokens are not wired into the fp8 attention graph",,,
gpt_oss,gpt_oss_swa-tp4,generation,cudnn,bfloat16,bfloat16,128,1,131072,16,2,64,64,gqa,128.0,16,inf,0.0,0.0,,20,False,"  import pynvml  # type: ignore[import]
Traceback (most recent call last):
  File ""/home/scratch.yanxu_gpu/fe-sites/computelab_trees/fe_develop_5567e2733/benchmark/attention_inference/benchmark_single_attention.py"", line 824, in <module>
    main()
  File ""/home/scratch.yanxu_gpu/fe-sites/computelab_trees/fe_develop_5567e2733/benchmark/attention_inference/benchmark_single_attention.py"", line 789, in main
    fn, detail = SETUPS[args.backend](args, dtype)
                 ^^^^^^^^^^^^^^^^^^^^^^^^^^^^^^^^^
  File ""/home/scratch.yanxu_gpu/fe-sites/computelab_trees/fe_develop_5567e2733/benchmark/attention_inference/benchmark_single_attention.py"", line 224, in setup_cudnn
    graph.validate()
  File ""/home/scratch.yanxu_gpu/fe-sites/computelab_trees/fe_develop_5567e2733/python/cudnn/_pygraph.py"", line 891, in validate
    self._lowered_graph.validate()
cudnn._compiled_module.cudnnGraphNotSupportedError: decode only mode, i.e. s_q == 1, not supported with sink_token",,,
gpt_oss,gpt_oss_swa-tp4,generation,cudnn,bfloat16,fp8_e4m3,128,1,131072,16,2,64,64,gqa,128.0,16,inf,0.0,0.0,,20,False,"Traceback (most recent call last):
  File ""/home/scratch.yanxu_gpu/fe-sites/computelab_trees/fe_develop_5567e2733/benchmark/attention_inference/benchmark_single_attention.py"", line 824, in <module>
    main()
  File ""/home/scratch.yanxu_gpu/fe-sites/computelab_trees/fe_develop_5567e2733/benchmark/attention_inference/benchmark_single_attention.py"", line 789, in main
    fn, detail = SETUPS[args.backend](args, dtype)
                 ^^^^^^^^^^^^^^^^^^^^^^^^^^^^^^^^^
  File ""/home/scratch.yanxu_gpu/fe-sites/computelab_trees/fe_develop_5567e2733/benchmark/attention_inference/benchmark_single_attention.py"", line 167, in setup_cudnn
    return setup_cudnn_fp8(args, cudnn, oss=oss)
           ^^^^^^^^^^^^^^^^^^^^^^^^^^^^^^^^^^^^^
  File ""/home/scratch.yanxu_gpu/fe-sites/computelab_trees/fe_develop_5567e2733/benchmark/attention_inference/benchmark_single_attention.py"", line 276, in setup_cudnn_fp8
    raise NotImplementedError(""sink tokens are not wired into the fp8 attention graph"")
NotImplementedError: sink tokens are not wired into the fp8 attention graph",,,
gpt_oss,gpt_oss_swa-tp4,generation,cudnn,bfloat16,bfloat16,1,2,131072,16,2,64,64,gqa,128.0,16,0.00848,126.62,8.815,0.1102,20,True,,NVIDIA B200,cudnn 9.27.0,
gpt_oss,gpt_oss_swa-tp4,generation,cudnn,bfloat16,fp8_e4m3,1,2,131072,16,2,64,64,gqa,128.0,16,inf,0.0,0.0,,20,False,"Traceback (most recent call last):
  File ""/home/scratch.yanxu_gpu/fe-sites/computelab_trees/fe_develop_5567e2733/benchmark/attention_inference/benchmark_single_attention.py"", line 824, in <module>
    main()
  File ""/home/scratch.yanxu_gpu/fe-sites/computelab_trees/fe_develop_5567e2733/benchmark/attention_inference/benchmark_single_attention.py"", line 789, in main
    fn, detail = SETUPS[args.backend](args, dtype)
                 ^^^^^^^^^^^^^^^^^^^^^^^^^^^^^^^^^
  File ""/home/scratch.yanxu_gpu/fe-sites/computelab_trees/fe_develop_5567e2733/benchmark/attention_inference/benchmark_single_attention.py"", line 167, in setup_cudnn
    return setup_cudnn_fp8(args, cudnn, oss=oss)
           ^^^^^^^^^^^^^^^^^^^^^^^^^^^^^^^^^^^^^
  File ""/home/scratch.yanxu_gpu/fe-sites/computelab_trees/fe_develop_5567e2733/benchmark/attention_inference/benchmark_single_attention.py"", line 276, in setup_cudnn_fp8
    raise NotImplementedError(""sink tokens are not wired into the fp8 attention graph"")
NotImplementedError: sink tokens are not wired into the fp8 attention graph",,,
gpt_oss,gpt_oss_swa-tp4,generation,cudnn,bfloat16,bfloat16,128,2,131072,16,2,64,64,gqa,128.0,16,0.076192,1803.85,125.581,1.5698,20,True,,NVIDIA B200,cudnn 9.27.0,
gpt_oss,gpt_oss_swa-tp4,generation,cudnn,bfloat16,fp8_e4m3,128,2,131072,16,2,64,64,gqa,128.0,16,inf,0.0,0.0,,20,False,"Traceback (most recent call last):
  File ""/home/scratch.yanxu_gpu/fe-sites/computelab_trees/fe_develop_5567e2733/benchmark/attention_inference/benchmark_single_attention.py"", line 824, in <module>
    main()
  File ""/home/scratch.yanxu_gpu/fe-sites/computelab_trees/fe_develop_5567e2733/benchmark/attention_inference/benchmark_single_attention.py"", line 789, in main
    fn, detail = SETUPS[args.backend](args, dtype)
                 ^^^^^^^^^^^^^^^^^^^^^^^^^^^^^^^^^
  File ""/home/scratch.yanxu_gpu/fe-sites/computelab_trees/fe_develop_5567e2733/benchmark/attention_inference/benchmark_single_attention.py"", line 167, in setup_cudnn
    return setup_cudnn_fp8(args, cudnn, oss=oss)
           ^^^^^^^^^^^^^^^^^^^^^^^^^^^^^^^^^^^^^
  File ""/home/scratch.yanxu_gpu/fe-sites/computelab_trees/fe_develop_5567e2733/benchmark/attention_inference/benchmark_single_attention.py"", line 276, in setup_cudnn_fp8
    raise NotImplementedError(""sink tokens are not wired into the fp8 attention graph"")
NotImplementedError: sink tokens are not wired into the fp8 attention graph",,,
gpt_oss,gpt_oss_swa-tp4,generation,cudnn,bfloat16,bfloat16,1,3,131072,16,2,64,64,gqa,128.0,16,0.008511,189.239,9.324,0.1166,20,True,,NVIDIA B200,cudnn 9.27.0,
gpt_oss,gpt_oss_swa-tp4,generation,cudnn,bfloat16,fp8_e4m3,1,3,131072,16,2,64,64,gqa,128.0,16,inf,0.0,0.0,,20,False,"Traceback (most recent call last):
  File ""/home/scratch.yanxu_gpu/fe-sites/computelab_trees/fe_develop_5567e2733/benchmark/attention_inference/benchmark_single_attention.py"", line 824, in <module>
    main()
  File ""/home/scratch.yanxu_gpu/fe-sites/computelab_trees/fe_develop_5567e2733/benchmark/attention_inference/benchmark_single_attention.py"", line 789, in main
    fn, detail = SETUPS[args.backend](args, dtype)
                 ^^^^^^^^^^^^^^^^^^^^^^^^^^^^^^^^^
  File ""/home/scratch.yanxu_gpu/fe-sites/computelab_trees/fe_develop_5567e2733/benchmark/attention_inference/benchmark_single_attention.py"", line 167, in setup_cudnn
    return setup_cudnn_fp8(args, cudnn, oss=oss)
           ^^^^^^^^^^^^^^^^^^^^^^^^^^^^^^^^^^^^^
  File ""/home/scratch.yanxu_gpu/fe-sites/computelab_trees/fe_develop_5567e2733/benchmark/attention_inference/benchmark_single_attention.py"", line 276, in setup_cudnn_fp8
    raise NotImplementedError(""sink tokens are not wired into the fp8 attention graph"")
NotImplementedError: sink tokens are not wired into the fp8 attention graph",,,
gpt_oss,gpt_oss_swa-tp4,generation,cudnn,bfloat16,bfloat16,128,3,131072,16,2,64,64,gqa,128.0,16,0.076383,2699.009,132.989,1.6624,20,True,,NVIDIA B200,cudnn 9.27.0,
gpt_oss,gpt_oss_swa-tp4,generation,cudnn,bfloat16,fp8_e4m3,128,3,131072,16,2,64,64,gqa,128.0,16,inf,0.0,0.0,,20,False,"Traceback (most recent call last):
  File ""/home/scratch.yanxu_gpu/fe-sites/computelab_trees/fe_develop_5567e2733/benchmark/attention_inference/benchmark_single_attention.py"", line 824, in <module>
    main()
  File ""/home/scratch.yanxu_gpu/fe-sites/computelab_trees/fe_develop_5567e2733/benchmark/attention_inference/benchmark_single_attention.py"", line 789, in main
    fn, detail = SETUPS[args.backend](args, dtype)
                 ^^^^^^^^^^^^^^^^^^^^^^^^^^^^^^^^^
  File ""/home/scratch.yanxu_gpu/fe-sites/computelab_trees/fe_develop_5567e2733/benchmark/attention_inference/benchmark_single_attention.py"", line 167, in setup_cudnn
    return setup_cudnn_fp8(args, cudnn, oss=oss)
           ^^^^^^^^^^^^^^^^^^^^^^^^^^^^^^^^^^^^^
  File ""/home/scratch.yanxu_gpu/fe-sites/computelab_trees/fe_develop_5567e2733/benchmark/attention_inference/benchmark_single_attention.py"", line 276, in setup_cudnn_fp8
    raise NotImplementedError(""sink tokens are not wired into the fp8 attention graph"")
NotImplementedError: sink tokens are not wired into the fp8 attention graph",,,
gpt_oss,gpt_oss_swa-tp4,generation,cudnn,bfloat16,bfloat16,1,4,131072,16,2,64,64,gqa,128.0,16,0.008607,249.504,9.756,0.1219,20,True,,NVIDIA B200,cudnn 9.27.0,
gpt_oss,gpt_oss_swa-tp4,generation,cudnn,bfloat16,fp8_e4m3,1,4,131072,16,2,64,64,gqa,128.0,16,inf,0.0,0.0,,20,False,"Traceback (most recent call last):
  File ""/home/scratch.yanxu_gpu/fe-sites/computelab_trees/fe_develop_5567e2733/benchmark/attention_inference/benchmark_single_attention.py"", line 824, in <module>
    main()
  File ""/home/scratch.yanxu_gpu/fe-sites/computelab_trees/fe_develop_5567e2733/benchmark/attention_inference/benchmark_single_attention.py"", line 789, in main
    fn, detail = SETUPS[args.backend](args, dtype)
                 ^^^^^^^^^^^^^^^^^^^^^^^^^^^^^^^^^
  File ""/home/scratch.yanxu_gpu/fe-sites/computelab_trees/fe_develop_5567e2733/benchmark/attention_inference/benchmark_single_attention.py"", line 167, in setup_cudnn
    return setup_cudnn_fp8(args, cudnn, oss=oss)
           ^^^^^^^^^^^^^^^^^^^^^^^^^^^^^^^^^^^^^
  File ""/home/scratch.yanxu_gpu/fe-sites/computelab_trees/fe_develop_5567e2733/benchmark/attention_inference/benchmark_single_attention.py"", line 276, in setup_cudnn_fp8
    raise NotImplementedError(""sink tokens are not wired into the fp8 attention graph"")
NotImplementedError: sink tokens are not wired into the fp8 attention graph",,,
gpt_oss,gpt_oss_swa-tp4,generation,cudnn,bfloat16,bfloat16,128,4,131072,16,2,64,64,gqa,128.0,16,0.076479,3594.162,140.534,1.7567,20,True,,NVIDIA B200,cudnn 9.27.0,
gpt_oss,gpt_oss_swa-tp4,generation,cudnn,bfloat16,fp8_e4m3,128,4,131072,16,2,64,64,gqa,128.0,16,inf,0.0,0.0,,20,False,"Traceback (most recent call last):
  File ""/home/scratch.yanxu_gpu/fe-sites/computelab_trees/fe_develop_5567e2733/benchmark/attention_inference/benchmark_single_attention.py"", line 824, in <module>
    main()
  File ""/home/scratch.yanxu_gpu/fe-sites/computelab_trees/fe_develop_5567e2733/benchmark/attention_inference/benchmark_single_attention.py"", line 789, in main
    fn, detail = SETUPS[args.backend](args, dtype)
                 ^^^^^^^^^^^^^^^^^^^^^^^^^^^^^^^^^
  File ""/home/scratch.yanxu_gpu/fe-sites/computelab_trees/fe_develop_5567e2733/benchmark/attention_inference/benchmark_single_attention.py"", line 167, in setup_cudnn
    return setup_cudnn_fp8(args, cudnn, oss=oss)
           ^^^^^^^^^^^^^^^^^^^^^^^^^^^^^^^^^^^^^
  File ""/home/scratch.yanxu_gpu/fe-sites/computelab_trees/fe_develop_5567e2733/benchmark/attention_inference/benchmark_single_attention.py"", line 276, in setup_cudnn_fp8
    raise NotImplementedError(""sink tokens are not wired into the fp8 attention graph"")
NotImplementedError: sink tokens are not wired into the fp8 attention graph",,,
gpt_oss,gpt_oss_swa-tp4,context,cudnn_oss,bfloat16,bfloat16,1,2048,2048,16,2,64,64,gqa,128.0,16,0.02912,294.984,324.079,4.051,20,True,,NVIDIA B200,cudnn_oss plan=sdpa_fwd_prefill_sm100[PACK_GQA=0; SCHED_POLICY=2; SPLIT_KV=1; TILE_CGA_M=2; TILE_M=128; TILE_N=128],
gpt_oss,gpt_oss_swa-tp4,context,cudnn_oss,bfloat16,bfloat16,1,8192,8192,16,2,64,64,gqa,128.0,16,0.098431,1396.297,383.505,4.7938,20,True,,NVIDIA B200,cudnn_oss plan=sdpa_fwd_prefill_sm100[PACK_GQA=0; SCHED_POLICY=2; SPLIT_KV=1; TILE_CGA_M=2; TILE_M=128; TILE_N=128],
gpt_oss,gpt_oss_swa-tp4,context,cudnn_oss,bfloat16,bfloat16,1,32768,32768,16,2,64,64,gqa,128.0,16,0.328061,6703.093,460.265,5.7533,20,True,,NVIDIA B200,cudnn_oss plan=sdpa_fwd_prefill_sm100[PACK_GQA=0; SCHED_POLICY=2; SPLIT_KV=1; TILE_CGA_M=2; TILE_M=128; TILE_N=128],
gpt_oss,gpt_oss_swa-tp4,context,cudnn_oss,bfloat16,bfloat16,1,512,65536,16,2,64,64,gqa,128.0,16,0.031136,4414.149,77.879,0.9735,20,True,,NVIDIA B200,cudnn_oss plan=sdpa_fwd_prefill_sm100[PACK_GQA=0; SCHED_POLICY=2; SPLIT_KV=1; TILE_CGA_M=2; TILE_M=128; TILE_N=128],
gpt_oss,gpt_oss_swa-tp4,context,cudnn_oss,bfloat16,bfloat16,1,512,131072,16,2,64,64,gqa,128.0,16,0.031295,8783.445,77.483,0.9685,20,True,,NVIDIA B200,cudnn_oss plan=sdpa_fwd_prefill_sm100[PACK_GQA=0; SCHED_POLICY=2; SPLIT_KV=1; TILE_CGA_M=2; TILE_M=128; TILE_N=128],
gpt_oss,gpt_oss_swa-tp4,context,cudnn_oss,bfloat16,bfloat16,1,1024,65536,16,2,64,64,gqa,128.0,16,0.031168,8819.235,153.495,1.9187,20,True,,NVIDIA B200,cudnn_oss plan=sdpa_fwd_prefill_sm100[PACK_GQA=0; SCHED_POLICY=2; SPLIT_KV=1; TILE_CGA_M=2; TILE_M=128; TILE_N=128],
gpt_oss,gpt_oss_swa-tp4,context,cudnn_oss,bfloat16,bfloat16,1,1024,131072,16,2,64,64,gqa,128.0,16,0.031648,17370.95,151.167,1.8896,20,True,,NVIDIA B200,cudnn_oss plan=sdpa_fwd_prefill_sm100[PACK_GQA=0; SCHED_POLICY=2; SPLIT_KV=1; TILE_CGA_M=2; TILE_M=128; TILE_N=128],
gpt_oss,gpt_oss_swa-tp4,generation,cudnn_oss,bfloat16,bfloat16,1,1,131072,16,2,64,64,gqa,128.0,16,0.00608,88.301,11.537,0.1442,20,True,,NVIDIA B200,cudnn_oss plan=sdpa_fwd_prefill_sm100[PACK_GQA=1; SCHED_POLICY=0; SPLIT_KV=1; TILE_CGA_M=1; TILE_M=128; TILE_N=128],
gpt_oss,gpt_oss_swa-tp4,generation,cudnn_oss,bfloat16,fp8_e4m3,1,1,131072,16,2,64,64,gqa,128.0,16,inf,0.0,0.0,,20,False,"  File ""/home/scratch.yanxu_gpu/fe-sites/computelab_trees/fe_develop_5567e2733/benchmark/attention_inference/benchmark_single_attention.py"", line 789, in main
    fn, detail = SETUPS[args.backend](args, dtype)
                 ^^^^^^^^^^^^^^^^^^^^^^^^^^^^^^^^^
  File ""/home/scratch.yanxu_gpu/fe-sites/computelab_trees/fe_develop_5567e2733/benchmark/attention_inference/benchmark_single_attention.py"", line 270, in setup_cudnn_oss
    return setup_cudnn(args, dtype, oss=True)
           ^^^^^^^^^^^^^^^^^^^^^^^^^^^^^^^^^^
  File ""/home/scratch.yanxu_gpu/fe-sites/computelab_trees/fe_develop_5567e2733/benchmark/attention_inference/benchmark_single_attention.py"", line 167, in setup_cudnn
    return setup_cudnn_fp8(args, cudnn, oss=oss)
           ^^^^^^^^^^^^^^^^^^^^^^^^^^^^^^^^^^^^^
  File ""/home/scratch.yanxu_gpu/fe-sites/computelab_trees/fe_develop_5567e2733/benchmark/attention_inference/benchmark_single_attention.py"", line 276, in setup_cudnn_fp8
    raise NotImplementedError(""sink tokens are not wired into the fp8 attention graph"")
NotImplementedError: sink tokens are not wired into the fp8 attention graph",,,
gpt_oss,gpt_oss_swa-tp4,generation,cudnn_oss,bfloat16,bfloat16,128,1,131072,16,2,64,64,gqa,128.0,16,0.011936,5757.329,752.214,9.4027,20,True,,NVIDIA B200,cudnn_oss plan=sdpa_fwd_prefill_sm100[PACK_GQA=1; SCHED_POLICY=0; SPLIT_KV=1; TILE_CGA_M=1; TILE_M=128; TILE_N=128],
gpt_oss,gpt_oss_swa-tp4,generation,cudnn_oss,bfloat16,fp8_e4m3,128,1,131072,16,2,64,64,gqa,128.0,16,inf,0.0,0.0,,20,False,"  File ""/home/scratch.yanxu_gpu/fe-sites/computelab_trees/fe_develop_5567e2733/benchmark/attention_inference/benchmark_single_attention.py"", line 789, in main
    fn, detail = SETUPS[args.backend](args, dtype)
                 ^^^^^^^^^^^^^^^^^^^^^^^^^^^^^^^^^
  File ""/home/scratch.yanxu_gpu/fe-sites/computelab_trees/fe_develop_5567e2733/benchmark/attention_inference/benchmark_single_attention.py"", line 270, in setup_cudnn_oss
    return setup_cudnn(args, dtype, oss=True)
           ^^^^^^^^^^^^^^^^^^^^^^^^^^^^^^^^^^
  File ""/home/scratch.yanxu_gpu/fe-sites/computelab_trees/fe_develop_5567e2733/benchmark/attention_inference/benchmark_single_attention.py"", line 167, in setup_cudnn
    return setup_cudnn_fp8(args, cudnn, oss=oss)
           ^^^^^^^^^^^^^^^^^^^^^^^^^^^^^^^^^^^^^
  File ""/home/scratch.yanxu_gpu/fe-sites/computelab_trees/fe_develop_5567e2733/benchmark/attention_inference/benchmark_single_attention.py"", line 276, in setup_cudnn_fp8
    raise NotImplementedError(""sink tokens are not wired into the fp8 attention graph"")
NotImplementedError: sink tokens are not wired into the fp8 attention graph",,,
gpt_oss,gpt_oss_swa-tp4,generation,cudnn_oss,bfloat16,bfloat16,1,2,131072,16,2,64,64,gqa,128.0,16,0.007872,136.4,9.496,0.1187,20,True,,NVIDIA B200,cudnn_oss plan=sdpa_fwd_prefill_sm100[PACK_GQA=1; SCHED_POLICY=0; SPLIT_KV=1; TILE_CGA_M=1; TILE_M=128; TILE_N=128],
gpt_oss,gpt_oss_swa-tp4,generation,cudnn_oss,bfloat16,fp8_e4m3,1,2,131072,16,2,64,64,gqa,128.0,16,inf,0.0,0.0,,20,False,"  File ""/home/scratch.yanxu_gpu/fe-sites/computelab_trees/fe_develop_5567e2733/benchmark/attention_inference/benchmark_single_attention.py"", line 789, in main
    fn, detail = SETUPS[args.backend](args, dtype)
                 ^^^^^^^^^^^^^^^^^^^^^^^^^^^^^^^^^
  File ""/home/scratch.yanxu_gpu/fe-sites/computelab_trees/fe_develop_5567e2733/benchmark/attention_inference/benchmark_single_attention.py"", line 270, in setup_cudnn_oss
    return setup_cudnn(args, dtype, oss=True)
           ^^^^^^^^^^^^^^^^^^^^^^^^^^^^^^^^^^
  File ""/home/scratch.yanxu_gpu/fe-sites/computelab_trees/fe_develop_5567e2733/benchmark/attention_inference/benchmark_single_attention.py"", line 167, in setup_cudnn
    return setup_cudnn_fp8(args, cudnn, oss=oss)
           ^^^^^^^^^^^^^^^^^^^^^^^^^^^^^^^^^^^^^
  File ""/home/scratch.yanxu_gpu/fe-sites/computelab_trees/fe_develop_5567e2733/benchmark/attention_inference/benchmark_single_attention.py"", line 276, in setup_cudnn_fp8
    raise NotImplementedError(""sink tokens are not wired into the fp8 attention graph"")
NotImplementedError: sink tokens are not wired into the fp8 attention graph",,,
gpt_oss,gpt_oss_swa-tp4,generation,cudnn_oss,bfloat16,bfloat16,128,2,131072,16,2,64,64,gqa,128.0,16,0.016992,8088.451,563.104,7.0388,20,True,,NVIDIA B200,cudnn_oss plan=sdpa_fwd_prefill_sm100[PACK_GQA=1; SCHED_POLICY=0; SPLIT_KV=1; TILE_CGA_M=1; TILE_M=128; TILE_N=128],
gpt_oss,gpt_oss_swa-tp4,generation,cudnn_oss,bfloat16,fp8_e4m3,128,2,131072,16,2,64,64,gqa,128.0,16,inf,0.0,0.0,,20,False,"  File ""/home/scratch.yanxu_gpu/fe-sites/computelab_trees/fe_develop_5567e2733/benchmark/attention_inference/benchmark_single_attention.py"", line 789, in main
    fn, detail = SETUPS[args.backend](args, dtype)
                 ^^^^^^^^^^^^^^^^^^^^^^^^^^^^^^^^^
  File ""/home/scratch.yanxu_gpu/fe-sites/computelab_trees/fe_develop_5567e2733/benchmark/attention_inference/benchmark_single_attention.py"", line 270, in setup_cudnn_oss
    return setup_cudnn(args, dtype, oss=True)
           ^^^^^^^^^^^^^^^^^^^^^^^^^^^^^^^^^^
  File ""/home/scratch.yanxu_gpu/fe-sites/computelab_trees/fe_develop_5567e2733/benchmark/attention_inference/benchmark_single_attention.py"", line 167, in setup_cudnn
    return setup_cudnn_fp8(args, cudnn, oss=oss)
           ^^^^^^^^^^^^^^^^^^^^^^^^^^^^^^^^^^^^^
  File ""/home/scratch.yanxu_gpu/fe-sites/computelab_trees/fe_develop_5567e2733/benchmark/attention_inference/benchmark_single_attention.py"", line 276, in setup_cudnn_fp8
    raise NotImplementedError(""sink tokens are not wired into the fp8 attention graph"")
NotImplementedError: sink tokens are not wired into the fp8 attention graph",,,
gpt_oss,gpt_oss_swa-tp4,generation,cudnn_oss,bfloat16,bfloat16,1,3,131072,16,2,64,64,gqa,128.0,16,0.007745,207.955,10.247,0.1281,20,True,,NVIDIA B200,cudnn_oss plan=sdpa_fwd_prefill_sm100[PACK_GQA=1; SCHED_POLICY=0; SPLIT_KV=1; TILE_CGA_M=1; TILE_M=128; TILE_N=128],
gpt_oss,gpt_oss_swa-tp4,generation,cudnn_oss,bfloat16,fp8_e4m3,1,3,131072,16,2,64,64,gqa,128.0,16,inf,0.0,0.0,,20,False,"  File ""/home/scratch.yanxu_gpu/fe-sites/computelab_trees/fe_develop_5567e2733/benchmark/attention_inference/benchmark_single_attention.py"", line 789, in main
    fn, detail = SETUPS[args.backend](args, dtype)
                 ^^^^^^^^^^^^^^^^^^^^^^^^^^^^^^^^^
  File ""/home/scratch.yanxu_gpu/fe-sites/computelab_trees/fe_develop_5567e2733/benchmark/attention_inference/benchmark_single_attention.py"", line 270, in setup_cudnn_oss
    return setup_cudnn(args, dtype, oss=True)
           ^^^^^^^^^^^^^^^^^^^^^^^^^^^^^^^^^^
  File ""/home/scratch.yanxu_gpu/fe-sites/computelab_trees/fe_develop_5567e2733/benchmark/attention_inference/benchmark_single_attention.py"", line 167, in setup_cudnn
    return setup_cudnn_fp8(args, cudnn, oss=oss)
           ^^^^^^^^^^^^^^^^^^^^^^^^^^^^^^^^^^^^^
  File ""/home/scratch.yanxu_gpu/fe-sites/computelab_trees/fe_develop_5567e2733/benchmark/attention_inference/benchmark_single_attention.py"", line 276, in setup_cudnn_fp8
    raise NotImplementedError(""sink tokens are not wired into the fp8 attention graph"")
NotImplementedError: sink tokens are not wired into the fp8 attention graph",,,
gpt_oss,gpt_oss_swa-tp4,generation,cudnn_oss,bfloat16,bfloat16,128,3,131072,16,2,64,64,gqa,128.0,16,0.017056,12087.15,595.572,7.4447,20,True,,NVIDIA B200,cudnn_oss plan=sdpa_fwd_prefill_sm100[PACK_GQA=1; SCHED_POLICY=0; SPLIT_KV=1; TILE_CGA_M=1; TILE_M=128; TILE_N=128],
gpt_oss,gpt_oss_swa-tp4,generation,cudnn_oss,bfloat16,fp8_e4m3,128,3,131072,16,2,64,64,gqa,128.0,16,inf,0.0,0.0,,20,False,"  File ""/home/scratch.yanxu_gpu/fe-sites/computelab_trees/fe_develop_5567e2733/benchmark/attention_inference/benchmark_single_attention.py"", line 789, in main
    fn, detail = SETUPS[args.backend](args, dtype)
                 ^^^^^^^^^^^^^^^^^^^^^^^^^^^^^^^^^
  File ""/home/scratch.yanxu_gpu/fe-sites/computelab_trees/fe_develop_5567e2733/benchmark/attention_inference/benchmark_single_attention.py"", line 270, in setup_cudnn_oss
    return setup_cudnn(args, dtype, oss=True)
           ^^^^^^^^^^^^^^^^^^^^^^^^^^^^^^^^^^
  File ""/home/scratch.yanxu_gpu/fe-sites/computelab_trees/fe_develop_5567e2733/benchmark/attention_inference/benchmark_single_attention.py"", line 167, in setup_cudnn
    return setup_cudnn_fp8(args, cudnn, oss=oss)
           ^^^^^^^^^^^^^^^^^^^^^^^^^^^^^^^^^^^^^
  File ""/home/scratch.yanxu_gpu/fe-sites/computelab_trees/fe_develop_5567e2733/benchmark/attention_inference/benchmark_single_attention.py"", line 276, in setup_cudnn_fp8
    raise NotImplementedError(""sink tokens are not wired into the fp8 attention graph"")
NotImplementedError: sink tokens are not wired into the fp8 attention graph",,,
gpt_oss,gpt_oss_swa-tp4,generation,cudnn_oss,bfloat16,bfloat16,1,4,131072,16,2,64,64,gqa,128.0,16,0.007904,271.696,10.623,0.1328,20,True,,NVIDIA B200,cudnn_oss plan=sdpa_fwd_prefill_sm100[PACK_GQA=1; SCHED_POLICY=0; SPLIT_KV=1; TILE_CGA_M=1; TILE_M=128; TILE_N=128],
gpt_oss,gpt_oss_swa-tp4,generation,cudnn_oss,bfloat16,fp8_e4m3,1,4,131072,16,2,64,64,gqa,128.0,16,inf,0.0,0.0,,20,False,"  File ""/home/scratch.yanxu_gpu/fe-sites/computelab_trees/fe_develop_5567e2733/benchmark/attention_inference/benchmark_single_attention.py"", line 789, in main
    fn, detail = SETUPS[args.backend](args, dtype)
                 ^^^^^^^^^^^^^^^^^^^^^^^^^^^^^^^^^
  File ""/home/scratch.yanxu_gpu/fe-sites/computelab_trees/fe_develop_5567e2733/benchmark/attention_inference/benchmark_single_attention.py"", line 270, in setup_cudnn_oss
    return setup_cudnn(args, dtype, oss=True)
           ^^^^^^^^^^^^^^^^^^^^^^^^^^^^^^^^^^
  File ""/home/scratch.yanxu_gpu/fe-sites/computelab_trees/fe_develop_5567e2733/benchmark/attention_inference/benchmark_single_attention.py"", line 167, in setup_cudnn
    return setup_cudnn_fp8(args, cudnn, oss=oss)
           ^^^^^^^^^^^^^^^^^^^^^^^^^^^^^^^^^^^^^
  File ""/home/scratch.yanxu_gpu/fe-sites/computelab_trees/fe_develop_5567e2733/benchmark/attention_inference/benchmark_single_attention.py"", line 276, in setup_cudnn_fp8
    raise NotImplementedError(""sink tokens are not wired into the fp8 attention graph"")
NotImplementedError: sink tokens are not wired into the fp8 attention graph",,,
gpt_oss,gpt_oss_swa-tp4,generation,cudnn_oss,bfloat16,bfloat16,128,4,131072,16,2,64,64,gqa,128.0,16,0.017216,15966.421,624.297,7.8037,20,True,,NVIDIA B200,cudnn_oss plan=sdpa_fwd_prefill_sm100[PACK_GQA=1; SCHED_POLICY=0; SPLIT_KV=1; TILE_CGA_M=1; TILE_M=128; TILE_N=128],
gpt_oss,gpt_oss_swa-tp4,generation,cudnn_oss,bfloat16,fp8_e4m3,128,4,131072,16,2,64,64,gqa,128.0,16,inf,0.0,0.0,,20,False,"  File ""/home/scratch.yanxu_gpu/fe-sites/computelab_trees/fe_develop_5567e2733/benchmark/attention_inference/benchmark_single_attention.py"", line 789, in main
    fn, detail = SETUPS[args.backend](args, dtype)
                 ^^^^^^^^^^^^^^^^^^^^^^^^^^^^^^^^^
  File ""/home/scratch.yanxu_gpu/fe-sites/computelab_trees/fe_develop_5567e2733/benchmark/attention_inference/benchmark_single_attention.py"", line 270, in setup_cudnn_oss
    return setup_cudnn(args, dtype, oss=True)
           ^^^^^^^^^^^^^^^^^^^^^^^^^^^^^^^^^^
  File ""/home/scratch.yanxu_gpu/fe-sites/computelab_trees/fe_develop_5567e2733/benchmark/attention_inference/benchmark_single_attention.py"", line 167, in setup_cudnn
    return setup_cudnn_fp8(args, cudnn, oss=oss)
           ^^^^^^^^^^^^^^^^^^^^^^^^^^^^^^^^^^^^^
  File ""/home/scratch.yanxu_gpu/fe-sites/computelab_trees/fe_develop_5567e2733/benchmark/attention_inference/benchmark_single_attention.py"", line 276, in setup_cudnn_fp8
    raise NotImplementedError(""sink tokens are not wired into the fp8 attention graph"")
NotImplementedError: sink tokens are not wired into the fp8 attention graph",,,
gpt_oss,gpt_oss_swa-tp8,context,cudnn,bfloat16,bfloat16,1,2048,2048,8,1,64,64,gqa,128.0,16,0.011327,379.18,416.579,5.2072,20,True,,NVIDIA B200,cudnn 9.27.0,
gpt_oss,gpt_oss_swa-tp8,context,cudnn,bfloat16,bfloat16,1,8192,8192,8,1,64,64,gqa,128.0,16,0.020415,3366.127,924.534,11.5567,20,True,,NVIDIA B200,cudnn 9.27.0,
gpt_oss,gpt_oss_swa-tp8,context,cudnn,bfloat16,bfloat16,1,32768,32768,8,1,64,64,gqa,128.0,16,0.059487,18483.225,1269.142,15.8643,20,True,,NVIDIA B200,cudnn 9.27.0,
gpt_oss,gpt_oss_swa-tp8,context,cudnn,bfloat16,bfloat16,1,512,65536,8,1,64,64,gqa,128.0,16,0.010817,6352.915,112.084,1.4011,20,True,,NVIDIA B200,cudnn 9.27.0,
gpt_oss,gpt_oss_swa-tp8,context,cudnn,bfloat16,bfloat16,1,512,131072,8,1,64,64,gqa,128.0,16,0.010848,12669.52,111.764,1.3971,20,True,,NVIDIA B200,cudnn 9.27.0,
gpt_oss,gpt_oss_swa-tp8,context,cudnn,bfloat16,bfloat16,1,1024,65536,8,1,64,64,gqa,128.0,16,0.010977,12520.63,217.916,2.724,20,True,,NVIDIA B200,cudnn 9.27.0,
gpt_oss,gpt_oss_swa-tp8,context,cudnn,bfloat16,bfloat16,1,1024,131072,8,1,64,64,gqa,128.0,16,0.011007,24973.009,217.322,2.7165,20,True,,NVIDIA B200,cudnn 9.27.0,
gpt_oss,gpt_oss_swa-tp8,generation,cudnn,bfloat16,bfloat16,1,1,131072,8,1,64,64,gqa,128.0,16,inf,0.0,0.0,,20,False,"  import pynvml  # type: ignore[import]
Traceback (most recent call last):
  File ""/home/scratch.yanxu_gpu/fe-sites/computelab_trees/fe_develop_5567e2733/benchmark/attention_inference/benchmark_single_attention.py"", line 824, in <module>
    main()
  File ""/home/scratch.yanxu_gpu/fe-sites/computelab_trees/fe_develop_5567e2733/benchmark/attention_inference/benchmark_single_attention.py"", line 789, in main
    fn, detail = SETUPS[args.backend](args, dtype)
                 ^^^^^^^^^^^^^^^^^^^^^^^^^^^^^^^^^
  File ""/home/scratch.yanxu_gpu/fe-sites/computelab_trees/fe_develop_5567e2733/benchmark/attention_inference/benchmark_single_attention.py"", line 224, in setup_cudnn
    graph.validate()
  File ""/home/scratch.yanxu_gpu/fe-sites/computelab_trees/fe_develop_5567e2733/python/cudnn/_pygraph.py"", line 891, in validate
    self._lowered_graph.validate()
cudnn._compiled_module.cudnnGraphNotSupportedError: decode only mode, i.e. s_q == 1, not supported with sink_token",,,
gpt_oss,gpt_oss_swa-tp8,generation,cudnn,bfloat16,fp8_e4m3,1,1,131072,8,1,64,64,gqa,128.0,16,inf,0.0,0.0,,20,False,"Traceback (most recent call last):
  File ""/home/scratch.yanxu_gpu/fe-sites/computelab_trees/fe_develop_5567e2733/benchmark/attention_inference/benchmark_single_attention.py"", line 824, in <module>
    main()
  File ""/home/scratch.yanxu_gpu/fe-sites/computelab_trees/fe_develop_5567e2733/benchmark/attention_inference/benchmark_single_attention.py"", line 789, in main
    fn, detail = SETUPS[args.backend](args, dtype)
                 ^^^^^^^^^^^^^^^^^^^^^^^^^^^^^^^^^
  File ""/home/scratch.yanxu_gpu/fe-sites/computelab_trees/fe_develop_5567e2733/benchmark/attention_inference/benchmark_single_attention.py"", line 167, in setup_cudnn
    return setup_cudnn_fp8(args, cudnn, oss=oss)
           ^^^^^^^^^^^^^^^^^^^^^^^^^^^^^^^^^^^^^
  File ""/home/scratch.yanxu_gpu/fe-sites/computelab_trees/fe_develop_5567e2733/benchmark/attention_inference/benchmark_single_attention.py"", line 276, in setup_cudnn_fp8
    raise NotImplementedError(""sink tokens are not wired into the fp8 attention graph"")
NotImplementedError: sink tokens are not wired into the fp8 attention graph",,,
gpt_oss,gpt_oss_swa-tp8,generation,cudnn,bfloat16,bfloat16,128,1,131072,8,1,64,64,gqa,128.0,16,inf,0.0,0.0,,20,False,"  import pynvml  # type: ignore[import]
Traceback (most recent call last):
  File ""/home/scratch.yanxu_gpu/fe-sites/computelab_trees/fe_develop_5567e2733/benchmark/attention_inference/benchmark_single_attention.py"", line 824, in <module>
    main()
  File ""/home/scratch.yanxu_gpu/fe-sites/computelab_trees/fe_develop_5567e2733/benchmark/attention_inference/benchmark_single_attention.py"", line 789, in main
    fn, detail = SETUPS[args.backend](args, dtype)
                 ^^^^^^^^^^^^^^^^^^^^^^^^^^^^^^^^^
  File ""/home/scratch.yanxu_gpu/fe-sites/computelab_trees/fe_develop_5567e2733/benchmark/attention_inference/benchmark_single_attention.py"", line 224, in setup_cudnn
    graph.validate()
  File ""/home/scratch.yanxu_gpu/fe-sites/computelab_trees/fe_develop_5567e2733/python/cudnn/_pygraph.py"", line 891, in validate
    self._lowered_graph.validate()
cudnn._compiled_module.cudnnGraphNotSupportedError: decode only mode, i.e. s_q == 1, not supported with sink_token",,,
gpt_oss,gpt_oss_swa-tp8,generation,cudnn,bfloat16,fp8_e4m3,128,1,131072,8,1,64,64,gqa,128.0,16,inf,0.0,0.0,,20,False,"Traceback (most recent call last):
  File ""/home/scratch.yanxu_gpu/fe-sites/computelab_trees/fe_develop_5567e2733/benchmark/attention_inference/benchmark_single_attention.py"", line 824, in <module>
    main()
  File ""/home/scratch.yanxu_gpu/fe-sites/computelab_trees/fe_develop_5567e2733/benchmark/attention_inference/benchmark_single_attention.py"", line 789, in main
    fn, detail = SETUPS[args.backend](args, dtype)
                 ^^^^^^^^^^^^^^^^^^^^^^^^^^^^^^^^^
  File ""/home/scratch.yanxu_gpu/fe-sites/computelab_trees/fe_develop_5567e2733/benchmark/attention_inference/benchmark_single_attention.py"", line 167, in setup_cudnn
    return setup_cudnn_fp8(args, cudnn, oss=oss)
           ^^^^^^^^^^^^^^^^^^^^^^^^^^^^^^^^^^^^^
  File ""/home/scratch.yanxu_gpu/fe-sites/computelab_trees/fe_develop_5567e2733/benchmark/attention_inference/benchmark_single_attention.py"", line 276, in setup_cudnn_fp8
    raise NotImplementedError(""sink tokens are not wired into the fp8 attention graph"")
NotImplementedError: sink tokens are not wired into the fp8 attention graph",,,
gpt_oss,gpt_oss_swa-tp8,generation,cudnn,bfloat16,bfloat16,1,2,131072,8,1,64,64,gqa,128.0,16,0.008193,65.528,4.562,0.057,20,True,,NVIDIA B200,cudnn 9.27.0,
gpt_oss,gpt_oss_swa-tp8,generation,cudnn,bfloat16,fp8_e4m3,1,2,131072,8,1,64,64,gqa,128.0,16,inf,0.0,0.0,,20,False,"Traceback (most recent call last):
  File ""/home/scratch.yanxu_gpu/fe-sites/computelab_trees/fe_develop_5567e2733/benchmark/attention_inference/benchmark_single_attention.py"", line 824, in <module>
    main()
  File ""/home/scratch.yanxu_gpu/fe-sites/computelab_trees/fe_develop_5567e2733/benchmark/attention_inference/benchmark_single_attention.py"", line 789, in main
    fn, detail = SETUPS[args.backend](args, dtype)
                 ^^^^^^^^^^^^^^^^^^^^^^^^^^^^^^^^^
  File ""/home/scratch.yanxu_gpu/fe-sites/computelab_trees/fe_develop_5567e2733/benchmark/attention_inference/benchmark_single_attention.py"", line 167, in setup_cudnn
    return setup_cudnn_fp8(args, cudnn, oss=oss)
           ^^^^^^^^^^^^^^^^^^^^^^^^^^^^^^^^^^^^^
  File ""/home/scratch.yanxu_gpu/fe-sites/computelab_trees/fe_develop_5567e2733/benchmark/attention_inference/benchmark_single_attention.py"", line 276, in setup_cudnn_fp8
    raise NotImplementedError(""sink tokens are not wired into the fp8 attention graph"")
NotImplementedError: sink tokens are not wired into the fp8 attention graph",,,
gpt_oss,gpt_oss_swa-tp8,generation,cudnn,bfloat16,bfloat16,128,2,131072,8,1,64,64,gqa,128.0,16,0.040319,1704.394,118.657,1.4832,20,True,,NVIDIA B200,cudnn 9.27.0,
gpt_oss,gpt_oss_swa-tp8,generation,cudnn,bfloat16,fp8_e4m3,128,2,131072,8,1,64,64,gqa,128.0,16,inf,0.0,0.0,,20,False,"Traceback (most recent call last):
  File ""/home/scratch.yanxu_gpu/fe-sites/computelab_trees/fe_develop_5567e2733/benchmark/attention_inference/benchmark_single_attention.py"", line 824, in <module>
    main()
  File ""/home/scratch.yanxu_gpu/fe-sites/computelab_trees/fe_develop_5567e2733/benchmark/attention_inference/benchmark_single_attention.py"", line 789, in main
    fn, detail = SETUPS[args.backend](args, dtype)
                 ^^^^^^^^^^^^^^^^^^^^^^^^^^^^^^^^^
  File ""/home/scratch.yanxu_gpu/fe-sites/computelab_trees/fe_develop_5567e2733/benchmark/attention_inference/benchmark_single_attention.py"", line 167, in setup_cudnn
    return setup_cudnn_fp8(args, cudnn, oss=oss)
           ^^^^^^^^^^^^^^^^^^^^^^^^^^^^^^^^^^^^^
  File ""/home/scratch.yanxu_gpu/fe-sites/computelab_trees/fe_develop_5567e2733/benchmark/attention_inference/benchmark_single_attention.py"", line 276, in setup_cudnn_fp8
    raise NotImplementedError(""sink tokens are not wired into the fp8 attention graph"")
NotImplementedError: sink tokens are not wired into the fp8 attention graph",,,
gpt_oss,gpt_oss_swa-tp8,generation,cudnn,bfloat16,bfloat16,1,3,131072,8,1,64,64,gqa,128.0,16,0.008256,97.542,4.806,0.0601,20,True,,NVIDIA B200,cudnn 9.27.0,
gpt_oss,gpt_oss_swa-tp8,generation,cudnn,bfloat16,fp8_e4m3,1,3,131072,8,1,64,64,gqa,128.0,16,inf,0.0,0.0,,20,False,"Traceback (most recent call last):
  File ""/home/scratch.yanxu_gpu/fe-sites/computelab_trees/fe_develop_5567e2733/benchmark/attention_inference/benchmark_single_attention.py"", line 824, in <module>
    main()
  File ""/home/scratch.yanxu_gpu/fe-sites/computelab_trees/fe_develop_5567e2733/benchmark/attention_inference/benchmark_single_attention.py"", line 789, in main
    fn, detail = SETUPS[args.backend](args, dtype)
                 ^^^^^^^^^^^^^^^^^^^^^^^^^^^^^^^^^
  File ""/home/scratch.yanxu_gpu/fe-sites/computelab_trees/fe_develop_5567e2733/benchmark/attention_inference/benchmark_single_attention.py"", line 167, in setup_cudnn
    return setup_cudnn_fp8(args, cudnn, oss=oss)
           ^^^^^^^^^^^^^^^^^^^^^^^^^^^^^^^^^^^^^
  File ""/home/scratch.yanxu_gpu/fe-sites/computelab_trees/fe_develop_5567e2733/benchmark/attention_inference/benchmark_single_attention.py"", line 276, in setup_cudnn_fp8
    raise NotImplementedError(""sink tokens are not wired into the fp8 attention graph"")
NotImplementedError: sink tokens are not wired into the fp8 attention graph",,,
gpt_oss,gpt_oss_swa-tp8,generation,cudnn,bfloat16,bfloat16,128,3,131072,8,1,64,64,gqa,128.0,16,0.040385,2552.413,125.766,1.5721,20,True,,NVIDIA B200,cudnn 9.27.0,
gpt_oss,gpt_oss_swa-tp8,generation,cudnn,bfloat16,fp8_e4m3,128,3,131072,8,1,64,64,gqa,128.0,16,inf,0.0,0.0,,20,False,"Traceback (most recent call last):
  File ""/home/scratch.yanxu_gpu/fe-sites/computelab_trees/fe_develop_5567e2733/benchmark/attention_inference/benchmark_single_attention.py"", line 824, in <module>
    main()
  File ""/home/scratch.yanxu_gpu/fe-sites/computelab_trees/fe_develop_5567e2733/benchmark/attention_inference/benchmark_single_attention.py"", line 789, in main
    fn, detail = SETUPS[args.backend](args, dtype)
                 ^^^^^^^^^^^^^^^^^^^^^^^^^^^^^^^^^
  File ""/home/scratch.yanxu_gpu/fe-sites/computelab_trees/fe_develop_5567e2733/benchmark/attention_inference/benchmark_single_attention.py"", line 167, in setup_cudnn
    return setup_cudnn_fp8(args, cudnn, oss=oss)
           ^^^^^^^^^^^^^^^^^^^^^^^^^^^^^^^^^^^^^
  File ""/home/scratch.yanxu_gpu/fe-sites/computelab_trees/fe_develop_5567e2733/benchmark/attention_inference/benchmark_single_attention.py"", line 276, in setup_cudnn_fp8
    raise NotImplementedError(""sink tokens are not wired into the fp8 attention graph"")
NotImplementedError: sink tokens are not wired into the fp8 attention graph",,,
gpt_oss,gpt_oss_swa-tp8,generation,cudnn,bfloat16,bfloat16,1,4,131072,8,1,64,64,gqa,128.0,16,0.008256,130.056,5.085,0.0636,20,True,,NVIDIA B200,cudnn 9.27.0,
gpt_oss,gpt_oss_swa-tp8,generation,cudnn,bfloat16,fp8_e4m3,1,4,131072,8,1,64,64,gqa,128.0,16,inf,0.0,0.0,,20,False,"Traceback (most recent call last):
  File ""/home/scratch.yanxu_gpu/fe-sites/computelab_trees/fe_develop_5567e2733/benchmark/attention_inference/benchmark_single_attention.py"", line 824, in <module>
    main()
  File ""/home/scratch.yanxu_gpu/fe-sites/computelab_trees/fe_develop_5567e2733/benchmark/attention_inference/benchmark_single_attention.py"", line 789, in main
    fn, detail = SETUPS[args.backend](args, dtype)
                 ^^^^^^^^^^^^^^^^^^^^^^^^^^^^^^^^^
  File ""/home/scratch.yanxu_gpu/fe-sites/computelab_trees/fe_develop_5567e2733/benchmark/attention_inference/benchmark_single_attention.py"", line 167, in setup_cudnn
    return setup_cudnn_fp8(args, cudnn, oss=oss)
           ^^^^^^^^^^^^^^^^^^^^^^^^^^^^^^^^^^^^^
  File ""/home/scratch.yanxu_gpu/fe-sites/computelab_trees/fe_develop_5567e2733/benchmark/attention_inference/benchmark_single_attention.py"", line 276, in setup_cudnn_fp8
    raise NotImplementedError(""sink tokens are not wired into the fp8 attention graph"")
NotImplementedError: sink tokens are not wired into the fp8 attention graph",,,
gpt_oss,gpt_oss_swa-tp8,generation,cudnn,bfloat16,bfloat16,128,4,131072,8,1,64,64,gqa,128.0,16,0.040352,3406.001,133.177,1.6647,20,True,,NVIDIA B200,cudnn 9.27.0,
gpt_oss,gpt_oss_swa-tp8,generation,cudnn,bfloat16,fp8_e4m3,128,4,131072,8,1,64,64,gqa,128.0,16,inf,0.0,0.0,,20,False,"Traceback (most recent call last):
  File ""/home/scratch.yanxu_gpu/fe-sites/computelab_trees/fe_develop_5567e2733/benchmark/attention_inference/benchmark_single_attention.py"", line 824, in <module>
    main()
  File ""/home/scratch.yanxu_gpu/fe-sites/computelab_trees/fe_develop_5567e2733/benchmark/attention_inference/benchmark_single_attention.py"", line 789, in main
    fn, detail = SETUPS[args.backend](args, dtype)
                 ^^^^^^^^^^^^^^^^^^^^^^^^^^^^^^^^^
  File ""/home/scratch.yanxu_gpu/fe-sites/computelab_trees/fe_develop_5567e2733/benchmark/attention_inference/benchmark_single_attention.py"", line 167, in setup_cudnn
    return setup_cudnn_fp8(args, cudnn, oss=oss)
           ^^^^^^^^^^^^^^^^^^^^^^^^^^^^^^^^^^^^^
  File ""/home/scratch.yanxu_gpu/fe-sites/computelab_trees/fe_develop_5567e2733/benchmark/attention_inference/benchmark_single_attention.py"", line 276, in setup_cudnn_fp8
    raise NotImplementedError(""sink tokens are not wired into the fp8 attention graph"")
NotImplementedError: sink tokens are not wired into the fp8 attention graph",,,
gpt_oss,gpt_oss_swa-tp8,context,cudnn_oss,bfloat16,bfloat16,1,2048,2048,8,1,64,64,gqa,128.0,16,0.024959,172.081,189.054,2.3632,20,True,,NVIDIA B200,cudnn_oss plan=sdpa_fwd_prefill_sm100[PACK_GQA=0; SCHED_POLICY=2; SPLIT_KV=1; TILE_CGA_M=2; TILE_M=128; TILE_N=128],
gpt_oss,gpt_oss_swa-tp8,context,cudnn_oss,bfloat16,bfloat16,1,8192,8192,8,1,64,64,gqa,128.0,16,0.056702,1211.941,332.87,4.1609,20,True,,NVIDIA B200,cudnn_oss plan=sdpa_fwd_prefill_sm100[PACK_GQA=0; SCHED_POLICY=2; SPLIT_KV=1; TILE_CGA_M=2; TILE_M=128; TILE_N=128],
gpt_oss,gpt_oss_swa-tp8,context,cudnn_oss,bfloat16,bfloat16,1,32768,32768,8,1,64,64,gqa,128.0,16,0.171358,6416.459,440.583,5.5073,20,True,,NVIDIA B200,cudnn_oss plan=sdpa_fwd_prefill_sm100[PACK_GQA=0; SCHED_POLICY=2; SPLIT_KV=1; TILE_CGA_M=2; TILE_M=128; TILE_N=128],
gpt_oss,gpt_oss_swa-tp8,context,cudnn_oss,bfloat16,bfloat16,1,512,65536,8,1,64,64,gqa,128.0,16,0.031808,2160.446,38.117,0.4765,20,True,,NVIDIA B200,cudnn_oss plan=sdpa_fwd_prefill_sm100[PACK_GQA=0; SCHED_POLICY=2; SPLIT_KV=1; TILE_CGA_M=2; TILE_M=128; TILE_N=128],
gpt_oss,gpt_oss_swa-tp8,context,cudnn_oss,bfloat16,bfloat16,1,512,131072,8,1,64,64,gqa,128.0,16,0.031232,4400.581,38.82,0.4852,20,True,,NVIDIA B200,cudnn_oss plan=sdpa_fwd_prefill_sm100[PACK_GQA=0; SCHED_POLICY=2; SPLIT_KV=1; TILE_CGA_M=2; TILE_M=128; TILE_N=128],
gpt_oss,gpt_oss_swa-tp8,context,cudnn_oss,bfloat16,bfloat16,1,1024,65536,8,1,64,64,gqa,128.0,16,0.031136,4414.149,76.826,0.9603,20,True,,NVIDIA B200,cudnn_oss plan=sdpa_fwd_prefill_sm100[PACK_GQA=0; SCHED_POLICY=2; SPLIT_KV=1; TILE_CGA_M=2; TILE_M=128; TILE_N=128],
gpt_oss,gpt_oss_swa-tp8,context,cudnn_oss,bfloat16,bfloat16,1,1024,131072,8,1,64,64,gqa,128.0,16,0.031136,8828.299,76.826,0.9603,20,True,,NVIDIA B200,cudnn_oss plan=sdpa_fwd_prefill_sm100[PACK_GQA=0; SCHED_POLICY=2; SPLIT_KV=1; TILE_CGA_M=2; TILE_M=128; TILE_N=128],
gpt_oss,gpt_oss_swa-tp8,generation,cudnn_oss,bfloat16,bfloat16,1,1,131072,8,1,64,64,gqa,128.0,16,0.005791,46.354,6.056,0.0757,20,True,,NVIDIA B200,cudnn_oss plan=sdpa_fwd_prefill_sm100[PACK_GQA=1; SCHED_POLICY=0; SPLIT_KV=1; TILE_CGA_M=1; TILE_M=128; TILE_N=128],
gpt_oss,gpt_oss_swa-tp8,generation,cudnn_oss,bfloat16,fp8_e4m3,1,1,131072,8,1,64,64,gqa,128.0,16,inf,0.0,0.0,,20,False,"  File ""/home/scratch.yanxu_gpu/fe-sites/computelab_trees/fe_develop_5567e2733/benchmark/attention_inference/benchmark_single_attention.py"", line 789, in main
    fn, detail = SETUPS[args.backend](args, dtype)
                 ^^^^^^^^^^^^^^^^^^^^^^^^^^^^^^^^^
  File ""/home/scratch.yanxu_gpu/fe-sites/computelab_trees/fe_develop_5567e2733/benchmark/attention_inference/benchmark_single_attention.py"", line 270, in setup_cudnn_oss
    return setup_cudnn(args, dtype, oss=True)
           ^^^^^^^^^^^^^^^^^^^^^^^^^^^^^^^^^^
  File ""/home/scratch.yanxu_gpu/fe-sites/computelab_trees/fe_develop_5567e2733/benchmark/attention_inference/benchmark_single_attention.py"", line 167, in setup_cudnn
    return setup_cudnn_fp8(args, cudnn, oss=oss)
           ^^^^^^^^^^^^^^^^^^^^^^^^^^^^^^^^^^^^^
  File ""/home/scratch.yanxu_gpu/fe-sites/computelab_trees/fe_develop_5567e2733/benchmark/attention_inference/benchmark_single_attention.py"", line 276, in setup_cudnn_fp8
    raise NotImplementedError(""sink tokens are not wired into the fp8 attention graph"")
NotImplementedError: sink tokens are not wired into the fp8 attention graph",,,
gpt_oss,gpt_oss_swa-tp8,generation,cudnn_oss,bfloat16,bfloat16,128,1,131072,8,1,64,64,gqa,128.0,16,0.007871,4365.359,570.349,7.1294,20,True,,NVIDIA B200,cudnn_oss plan=sdpa_fwd_prefill_sm100[PACK_GQA=1; SCHED_POLICY=0; SPLIT_KV=1; TILE_CGA_M=1; TILE_M=128; TILE_N=128],
gpt_oss,gpt_oss_swa-tp8,generation,cudnn_oss,bfloat16,fp8_e4m3,128,1,131072,8,1,64,64,gqa,128.0,16,inf,0.0,0.0,,20,False,"  File ""/home/scratch.yanxu_gpu/fe-sites/computelab_trees/fe_develop_5567e2733/benchmark/attention_inference/benchmark_single_attention.py"", line 789, in main
    fn, detail = SETUPS[args.backend](args, dtype)
                 ^^^^^^^^^^^^^^^^^^^^^^^^^^^^^^^^^
  File ""/home/scratch.yanxu_gpu/fe-sites/computelab_trees/fe_develop_5567e2733/benchmark/attention_inference/benchmark_single_attention.py"", line 270, in setup_cudnn_oss
    return setup_cudnn(args, dtype, oss=True)
           ^^^^^^^^^^^^^^^^^^^^^^^^^^^^^^^^^^
  File ""/home/scratch.yanxu_gpu/fe-sites/computelab_trees/fe_develop_5567e2733/benchmark/attention_inference/benchmark_single_attention.py"", line 167, in setup_cudnn
    return setup_cudnn_fp8(args, cudnn, oss=oss)
           ^^^^^^^^^^^^^^^^^^^^^^^^^^^^^^^^^^^^^
  File ""/home/scratch.yanxu_gpu/fe-sites/computelab_trees/fe_develop_5567e2733/benchmark/attention_inference/benchmark_single_attention.py"", line 276, in setup_cudnn_fp8
    raise NotImplementedError(""sink tokens are not wired into the fp8 attention graph"")
NotImplementedError: sink tokens are not wired into the fp8 attention graph",,,
gpt_oss,gpt_oss_swa-tp8,generation,cudnn_oss,bfloat16,bfloat16,1,2,131072,8,1,64,64,gqa,128.0,16,0.007872,68.2,4.748,0.0593,20,True,,NVIDIA B200,cudnn_oss plan=sdpa_fwd_prefill_sm100[PACK_GQA=1; SCHED_POLICY=0; SPLIT_KV=1; TILE_CGA_M=1; TILE_M=128; TILE_N=128],
gpt_oss,gpt_oss_swa-tp8,generation,cudnn_oss,bfloat16,fp8_e4m3,1,2,131072,8,1,64,64,gqa,128.0,16,inf,0.0,0.0,,20,False,"  File ""/home/scratch.yanxu_gpu/fe-sites/computelab_trees/fe_develop_5567e2733/benchmark/attention_inference/benchmark_single_attention.py"", line 789, in main
    fn, detail = SETUPS[args.backend](args, dtype)
                 ^^^^^^^^^^^^^^^^^^^^^^^^^^^^^^^^^
  File ""/home/scratch.yanxu_gpu/fe-sites/computelab_trees/fe_develop_5567e2733/benchmark/attention_inference/benchmark_single_attention.py"", line 270, in setup_cudnn_oss
    return setup_cudnn(args, dtype, oss=True)
           ^^^^^^^^^^^^^^^^^^^^^^^^^^^^^^^^^^
  File ""/home/scratch.yanxu_gpu/fe-sites/computelab_trees/fe_develop_5567e2733/benchmark/attention_inference/benchmark_single_attention.py"", line 167, in setup_cudnn
    return setup_cudnn_fp8(args, cudnn, oss=oss)
           ^^^^^^^^^^^^^^^^^^^^^^^^^^^^^^^^^^^^^
  File ""/home/scratch.yanxu_gpu/fe-sites/computelab_trees/fe_develop_5567e2733/benchmark/attention_inference/benchmark_single_attention.py"", line 276, in setup_cudnn_fp8
    raise NotImplementedError(""sink tokens are not wired into the fp8 attention graph"")
NotImplementedError: sink tokens are not wired into the fp8 attention graph",,,
gpt_oss,gpt_oss_swa-tp8,generation,cudnn_oss,bfloat16,bfloat16,128,2,131072,8,1,64,64,gqa,128.0,16,0.010304,6669.204,464.298,5.8037,20,True,,NVIDIA B200,cudnn_oss plan=sdpa_fwd_prefill_sm100[PACK_GQA=1; SCHED_POLICY=0; SPLIT_KV=1; TILE_CGA_M=1; TILE_M=128; TILE_N=128],
gpt_oss,gpt_oss_swa-tp8,generation,cudnn_oss,bfloat16,fp8_e4m3,128,2,131072,8,1,64,64,gqa,128.0,16,inf,0.0,0.0,,20,False,"  File ""/home/scratch.yanxu_gpu/fe-sites/computelab_trees/fe_develop_5567e2733/benchmark/attention_inference/benchmark_single_attention.py"", line 789, in main
    fn, detail = SETUPS[args.backend](args, dtype)
                 ^^^^^^^^^^^^^^^^^^^^^^^^^^^^^^^^^
  File ""/home/scratch.yanxu_gpu/fe-sites/computelab_trees/fe_develop_5567e2733/benchmark/attention_inference/benchmark_single_attention.py"", line 270, in setup_cudnn_oss
    return setup_cudnn(args, dtype, oss=True)
           ^^^^^^^^^^^^^^^^^^^^^^^^^^^^^^^^^^
  File ""/home/scratch.yanxu_gpu/fe-sites/computelab_trees/fe_develop_5567e2733/benchmark/attention_inference/benchmark_single_attention.py"", line 167, in setup_cudnn
    return setup_cudnn_fp8(args, cudnn, oss=oss)
           ^^^^^^^^^^^^^^^^^^^^^^^^^^^^^^^^^^^^^
  File ""/home/scratch.yanxu_gpu/fe-sites/computelab_trees/fe_develop_5567e2733/benchmark/attention_inference/benchmark_single_attention.py"", line 276, in setup_cudnn_fp8
    raise NotImplementedError(""sink tokens are not wired into the fp8 attention graph"")
NotImplementedError: sink tokens are not wired into the fp8 attention graph",,,
gpt_oss,gpt_oss_swa-tp8,generation,cudnn_oss,bfloat16,bfloat16,1,3,131072,8,1,64,64,gqa,128.0,16,0.007904,101.886,5.02,0.0628,20,True,,NVIDIA B200,cudnn_oss plan=sdpa_fwd_prefill_sm100[PACK_GQA=1; SCHED_POLICY=0; SPLIT_KV=1; TILE_CGA_M=1; TILE_M=128; TILE_N=128],
gpt_oss,gpt_oss_swa-tp8,generation,cudnn_oss,bfloat16,fp8_e4m3,1,3,131072,8,1,64,64,gqa,128.0,16,inf,0.0,0.0,,20,False,"  File ""/home/scratch.yanxu_gpu/fe-sites/computelab_trees/fe_develop_5567e2733/benchmark/attention_inference/benchmark_single_attention.py"", line 789, in main
    fn, detail = SETUPS[args.backend](args, dtype)
                 ^^^^^^^^^^^^^^^^^^^^^^^^^^^^^^^^^
  File ""/home/scratch.yanxu_gpu/fe-sites/computelab_trees/fe_develop_5567e2733/benchmark/attention_inference/benchmark_single_attention.py"", line 270, in setup_cudnn_oss
    return setup_cudnn(args, dtype, oss=True)
           ^^^^^^^^^^^^^^^^^^^^^^^^^^^^^^^^^^
  File ""/home/scratch.yanxu_gpu/fe-sites/computelab_trees/fe_develop_5567e2733/benchmark/attention_inference/benchmark_single_attention.py"", line 167, in setup_cudnn
    return setup_cudnn_fp8(args, cudnn, oss=oss)
           ^^^^^^^^^^^^^^^^^^^^^^^^^^^^^^^^^^^^^
  File ""/home/scratch.yanxu_gpu/fe-sites/computelab_trees/fe_develop_5567e2733/benchmark/attention_inference/benchmark_single_attention.py"", line 276, in setup_cudnn_fp8
    raise NotImplementedError(""sink tokens are not wired into the fp8 attention graph"")
NotImplementedError: sink tokens are not wired into the fp8 attention graph",,,
gpt_oss,gpt_oss_swa-tp8,generation,cudnn_oss,bfloat16,bfloat16,128,3,131072,8,1,64,64,gqa,128.0,16,0.010304,10003.806,492.919,6.1615,20,True,,NVIDIA B200,cudnn_oss plan=sdpa_fwd_prefill_sm100[PACK_GQA=1; SCHED_POLICY=0; SPLIT_KV=1; TILE_CGA_M=1; TILE_M=128; TILE_N=128],
gpt_oss,gpt_oss_swa-tp8,generation,cudnn_oss,bfloat16,fp8_e4m3,128,3,131072,8,1,64,64,gqa,128.0,16,inf,0.0,0.0,,20,False,"  File ""/home/scratch.yanxu_gpu/fe-sites/computelab_trees/fe_develop_5567e2733/benchmark/attention_inference/benchmark_single_attention.py"", line 789, in main
    fn, detail = SETUPS[args.backend](args, dtype)
                 ^^^^^^^^^^^^^^^^^^^^^^^^^^^^^^^^^
  File ""/home/scratch.yanxu_gpu/fe-sites/computelab_trees/fe_develop_5567e2733/benchmark/attention_inference/benchmark_single_attention.py"", line 270, in setup_cudnn_oss
    return setup_cudnn(args, dtype, oss=True)
           ^^^^^^^^^^^^^^^^^^^^^^^^^^^^^^^^^^
  File ""/home/scratch.yanxu_gpu/fe-sites/computelab_trees/fe_develop_5567e2733/benchmark/attention_inference/benchmark_single_attention.py"", line 167, in setup_cudnn
    return setup_cudnn_fp8(args, cudnn, oss=oss)
           ^^^^^^^^^^^^^^^^^^^^^^^^^^^^^^^^^^^^^
  File ""/home/scratch.yanxu_gpu/fe-sites/computelab_trees/fe_develop_5567e2733/benchmark/attention_inference/benchmark_single_attention.py"", line 276, in setup_cudnn_fp8
    raise NotImplementedError(""sink tokens are not wired into the fp8 attention graph"")
NotImplementedError: sink tokens are not wired into the fp8 attention graph",,,
gpt_oss,gpt_oss_swa-tp8,generation,cudnn_oss,bfloat16,bfloat16,1,4,131072,8,1,64,64,gqa,128.0,16,0.008096,132.626,5.186,0.0648,20,True,,NVIDIA B200,cudnn_oss plan=sdpa_fwd_prefill_sm100[PACK_GQA=1; SCHED_POLICY=0; SPLIT_KV=1; TILE_CGA_M=1; TILE_M=128; TILE_N=128],
gpt_oss,gpt_oss_swa-tp8,generation,cudnn_oss,bfloat16,fp8_e4m3,1,4,131072,8,1,64,64,gqa,128.0,16,inf,0.0,0.0,,20,False,"  File ""/home/scratch.yanxu_gpu/fe-sites/computelab_trees/fe_develop_5567e2733/benchmark/attention_inference/benchmark_single_attention.py"", line 789, in main
    fn, detail = SETUPS[args.backend](args, dtype)
                 ^^^^^^^^^^^^^^^^^^^^^^^^^^^^^^^^^
  File ""/home/scratch.yanxu_gpu/fe-sites/computelab_trees/fe_develop_5567e2733/benchmark/attention_inference/benchmark_single_attention.py"", line 270, in setup_cudnn_oss
    return setup_cudnn(args, dtype, oss=True)
           ^^^^^^^^^^^^^^^^^^^^^^^^^^^^^^^^^^
  File ""/home/scratch.yanxu_gpu/fe-sites/computelab_trees/fe_develop_5567e2733/benchmark/attention_inference/benchmark_single_attention.py"", line 167, in setup_cudnn
    return setup_cudnn_fp8(args, cudnn, oss=oss)
           ^^^^^^^^^^^^^^^^^^^^^^^^^^^^^^^^^^^^^
  File ""/home/scratch.yanxu_gpu/fe-sites/computelab_trees/fe_develop_5567e2733/benchmark/attention_inference/benchmark_single_attention.py"", line 276, in setup_cudnn_fp8
    raise NotImplementedError(""sink tokens are not wired into the fp8 attention graph"")
NotImplementedError: sink tokens are not wired into the fp8 attention graph",,,
gpt_oss,gpt_oss_swa-tp8,generation,cudnn_oss,bfloat16,bfloat16,128,4,131072,8,1,64,64,gqa,128.0,16,0.010367,13257.351,518.371,6.4796,20,True,,NVIDIA B200,cudnn_oss plan=sdpa_fwd_prefill_sm100[PACK_GQA=1; SCHED_POLICY=0; SPLIT_KV=1; TILE_CGA_M=1; TILE_M=128; TILE_N=128],
gpt_oss,gpt_oss_swa-tp8,generation,cudnn_oss,bfloat16,fp8_e4m3,128,4,131072,8,1,64,64,gqa,128.0,16,inf,0.0,0.0,,20,False,"  File ""/home/scratch.yanxu_gpu/fe-sites/computelab_trees/fe_develop_5567e2733/benchmark/attention_inference/benchmark_single_attention.py"", line 789, in main
    fn, detail = SETUPS[args.backend](args, dtype)
                 ^^^^^^^^^^^^^^^^^^^^^^^^^^^^^^^^^
  File ""/home/scratch.yanxu_gpu/fe-sites/computelab_trees/fe_develop_5567e2733/benchmark/attention_inference/benchmark_single_attention.py"", line 270, in setup_cudnn_oss
    return setup_cudnn(args, dtype, oss=True)
           ^^^^^^^^^^^^^^^^^^^^^^^^^^^^^^^^^^
  File ""/home/scratch.yanxu_gpu/fe-sites/computelab_trees/fe_develop_5567e2733/benchmark/attention_inference/benchmark_single_attention.py"", line 167, in setup_cudnn
    return setup_cudnn_fp8(args, cudnn, oss=oss)
           ^^^^^^^^^^^^^^^^^^^^^^^^^^^^^^^^^^^^^
  File ""/home/scratch.yanxu_gpu/fe-sites/computelab_trees/fe_develop_5567e2733/benchmark/attention_inference/benchmark_single_attention.py"", line 276, in setup_cudnn_fp8
    raise NotImplementedError(""sink tokens are not wired into the fp8 attention graph"")
NotImplementedError: sink tokens are not wired into the fp8 attention graph",,,
gpt_oss,gpt_oss_full,context,cudnn,bfloat16,bfloat16,1,2048,2048,64,8,64,64,gqa,,16,0.054336,632.357,694.728,8.6841,20,True,,NVIDIA B200,cudnn 9.27.0,
gpt_oss,gpt_oss_full,context,cudnn,bfloat16,bfloat16,1,8192,8192,64,8,64,64,gqa,,16,0.594397,924.897,254.03,3.1754,20,True,,NVIDIA B200,cudnn 9.27.0,
gpt_oss,gpt_oss_full,context,cudnn,bfloat16,bfloat16,1,32768,32768,64,8,64,64,gqa,,16,8.794086,1000.228,68.68,0.8585,20,True,,NVIDIA B200,cudnn 9.27.0,
gpt_oss,gpt_oss_full,context,cudnn,bfloat16,bfloat16,1,512,65536,64,8,64,64,gqa,,16,0.666009,825.448,214.121,2.6765,20,True,,NVIDIA B200,cudnn 9.27.0,
gpt_oss,gpt_oss_full,context,cudnn,bfloat16,bfloat16,1,512,131072,64,8,64,64,gqa,,16,1.326584,828.829,208.674,2.6084,20,True,,NVIDIA B200,cudnn 9.27.0,
gpt_oss,gpt_oss_full,context,cudnn,bfloat16,bfloat16,1,1024,65536,64,8,64,64,gqa,,16,1.318095,834.167,114.555,1.4319,20,True,,NVIDIA B200,cudnn 9.27.0,
gpt_oss,gpt_oss_full,context,cudnn,bfloat16,bfloat16,1,1024,131072,64,8,64,64,gqa,,16,2.625427,837.587,108.635,1.3579,20,True,,NVIDIA B200,cudnn 9.27.0,
gpt_oss,gpt_oss_full,generation,cudnn,bfloat16,bfloat16,1,1,131072,64,8,64,64,gqa,,16,inf,0.0,0.0,,20,False,"  import pynvml  # type: ignore[import]
Traceback (most recent call last):
  File ""/home/scratch.yanxu_gpu/fe-sites/computelab_trees/fe_develop_5567e2733/benchmark/attention_inference/benchmark_single_attention.py"", line 824, in <module>
    main()
  File ""/home/scratch.yanxu_gpu/fe-sites/computelab_trees/fe_develop_5567e2733/benchmark/attention_inference/benchmark_single_attention.py"", line 789, in main
    fn, detail = SETUPS[args.backend](args, dtype)
                 ^^^^^^^^^^^^^^^^^^^^^^^^^^^^^^^^^
  File ""/home/scratch.yanxu_gpu/fe-sites/computelab_trees/fe_develop_5567e2733/benchmark/attention_inference/benchmark_single_attention.py"", line 224, in setup_cudnn
    graph.validate()
  File ""/home/scratch.yanxu_gpu/fe-sites/computelab_trees/fe_develop_5567e2733/python/cudnn/_pygraph.py"", line 891, in validate
    self._lowered_graph.validate()
cudnn._compiled_module.cudnnGraphNotSupportedError: decode only mode, i.e. s_q == 1, not supported with sink_token",,,
gpt_oss,gpt_oss_full,generation,cudnn,bfloat16,fp8_e4m3,1,1,131072,64,8,64,64,gqa,,16,inf,0.0,0.0,,20,False,"Traceback (most recent call last):
  File ""/home/scratch.yanxu_gpu/fe-sites/computelab_trees/fe_develop_5567e2733/benchmark/attention_inference/benchmark_single_attention.py"", line 824, in <module>
    main()
  File ""/home/scratch.yanxu_gpu/fe-sites/computelab_trees/fe_develop_5567e2733/benchmark/attention_inference/benchmark_single_attention.py"", line 789, in main
    fn, detail = SETUPS[args.backend](args, dtype)
                 ^^^^^^^^^^^^^^^^^^^^^^^^^^^^^^^^^
  File ""/home/scratch.yanxu_gpu/fe-sites/computelab_trees/fe_develop_5567e2733/benchmark/attention_inference/benchmark_single_attention.py"", line 167, in setup_cudnn
    return setup_cudnn_fp8(args, cudnn, oss=oss)
           ^^^^^^^^^^^^^^^^^^^^^^^^^^^^^^^^^^^^^
  File ""/home/scratch.yanxu_gpu/fe-sites/computelab_trees/fe_develop_5567e2733/benchmark/attention_inference/benchmark_single_attention.py"", line 276, in setup_cudnn_fp8
    raise NotImplementedError(""sink tokens are not wired into the fp8 attention graph"")
NotImplementedError: sink tokens are not wired into the fp8 attention graph",,,
gpt_oss,gpt_oss_full,generation,cudnn,bfloat16,bfloat16,128,1,131072,64,8,64,64,gqa,,16,inf,0.0,0.0,,20,False,"  import pynvml  # type: ignore[import]
Traceback (most recent call last):
  File ""/home/scratch.yanxu_gpu/fe-sites/computelab_trees/fe_develop_5567e2733/benchmark/attention_inference/benchmark_single_attention.py"", line 824, in <module>
    main()
  File ""/home/scratch.yanxu_gpu/fe-sites/computelab_trees/fe_develop_5567e2733/benchmark/attention_inference/benchmark_single_attention.py"", line 789, in main
    fn, detail = SETUPS[args.backend](args, dtype)
                 ^^^^^^^^^^^^^^^^^^^^^^^^^^^^^^^^^
  File ""/home/scratch.yanxu_gpu/fe-sites/computelab_trees/fe_develop_5567e2733/benchmark/attention_inference/benchmark_single_attention.py"", line 224, in setup_cudnn
    graph.validate()
  File ""/home/scratch.yanxu_gpu/fe-sites/computelab_trees/fe_develop_5567e2733/python/cudnn/_pygraph.py"", line 891, in validate
    self._lowered_graph.validate()
cudnn._compiled_module.cudnnGraphNotSupportedError: decode only mode, i.e. s_q == 1, not supported with sink_token",,,
gpt_oss,gpt_oss_full,generation,cudnn,bfloat16,fp8_e4m3,128,1,131072,64,8,64,64,gqa,,16,inf,0.0,0.0,,20,False,"Traceback (most recent call last):
  File ""/home/scratch.yanxu_gpu/fe-sites/computelab_trees/fe_develop_5567e2733/benchmark/attention_inference/benchmark_single_attention.py"", line 824, in <module>
    main()
  File ""/home/scratch.yanxu_gpu/fe-sites/computelab_trees/fe_develop_5567e2733/benchmark/attention_inference/benchmark_single_attention.py"", line 789, in main
    fn, detail = SETUPS[args.backend](args, dtype)
                 ^^^^^^^^^^^^^^^^^^^^^^^^^^^^^^^^^
  File ""/home/scratch.yanxu_gpu/fe-sites/computelab_trees/fe_develop_5567e2733/benchmark/attention_inference/benchmark_single_attention.py"", line 167, in setup_cudnn
    return setup_cudnn_fp8(args, cudnn, oss=oss)
           ^^^^^^^^^^^^^^^^^^^^^^^^^^^^^^^^^^^^^
  File ""/home/scratch.yanxu_gpu/fe-sites/computelab_trees/fe_develop_5567e2733/benchmark/attention_inference/benchmark_single_attention.py"", line 276, in setup_cudnn_fp8
    raise NotImplementedError(""sink tokens are not wired into the fp8 attention graph"")
NotImplementedError: sink tokens are not wired into the fp8 attention graph",,,
gpt_oss,gpt_oss_full,generation,cudnn,bfloat16,bfloat16,1,2,131072,64,8,64,64,gqa,,16,2.571922,1.67,104.384,1.3048,20,True,,NVIDIA B200,cudnn 9.27.0,
gpt_oss,gpt_oss_full,generation,cudnn,bfloat16,fp8_e4m3,1,2,131072,64,8,64,64,gqa,,16,inf,0.0,0.0,,20,False,"Traceback (most recent call last):
  File ""/home/scratch.yanxu_gpu/fe-sites/computelab_trees/fe_develop_5567e2733/benchmark/attention_inference/benchmark_single_attention.py"", line 824, in <module>
    main()
  File ""/home/scratch.yanxu_gpu/fe-sites/computelab_trees/fe_develop_5567e2733/benchmark/attention_inference/benchmark_single_attention.py"", line 789, in main
    fn, detail = SETUPS[args.backend](args, dtype)
                 ^^^^^^^^^^^^^^^^^^^^^^^^^^^^^^^^^
  File ""/home/scratch.yanxu_gpu/fe-sites/computelab_trees/fe_develop_5567e2733/benchmark/attention_inference/benchmark_single_attention.py"", line 167, in setup_cudnn
    return setup_cudnn_fp8(args, cudnn, oss=oss)
           ^^^^^^^^^^^^^^^^^^^^^^^^^^^^^^^^^^^^^
  File ""/home/scratch.yanxu_gpu/fe-sites/computelab_trees/fe_develop_5567e2733/benchmark/attention_inference/benchmark_single_attention.py"", line 276, in setup_cudnn_fp8
    raise NotImplementedError(""sink tokens are not wired into the fp8 attention graph"")
NotImplementedError: sink tokens are not wired into the fp8 attention graph",,,
gpt_oss,gpt_oss_full,generation,cudnn,bfloat16,bfloat16,128,2,131072,64,8,64,64,gqa,,16,111.609676,4.926,307.894,3.8487,20,True,,NVIDIA B200,cudnn 9.27.0,
gpt_oss,gpt_oss_full,generation,cudnn,bfloat16,fp8_e4m3,128,2,131072,64,8,64,64,gqa,,16,inf,0.0,0.0,,20,False,"Traceback (most recent call last):
  File ""/home/scratch.yanxu_gpu/fe-sites/computelab_trees/fe_develop_5567e2733/benchmark/attention_inference/benchmark_single_attention.py"", line 824, in <module>
    main()
  File ""/home/scratch.yanxu_gpu/fe-sites/computelab_trees/fe_develop_5567e2733/benchmark/attention_inference/benchmark_single_attention.py"", line 789, in main
    fn, detail = SETUPS[args.backend](args, dtype)
                 ^^^^^^^^^^^^^^^^^^^^^^^^^^^^^^^^^
  File ""/home/scratch.yanxu_gpu/fe-sites/computelab_trees/fe_develop_5567e2733/benchmark/attention_inference/benchmark_single_attention.py"", line 167, in setup_cudnn
    return setup_cudnn_fp8(args, cudnn, oss=oss)
           ^^^^^^^^^^^^^^^^^^^^^^^^^^^^^^^^^^^^^
  File ""/home/scratch.yanxu_gpu/fe-sites/computelab_trees/fe_develop_5567e2733/benchmark/attention_inference/benchmark_single_attention.py"", line 276, in setup_cudnn_fp8
    raise NotImplementedError(""sink tokens are not wired into the fp8 attention graph"")
NotImplementedError: sink tokens are not wired into the fp8 attention graph",,,
gpt_oss,gpt_oss_full,generation,cudnn,bfloat16,bfloat16,1,3,131072,64,8,64,64,gqa,,16,2.571888,2.505,104.392,1.3049,20,True,,NVIDIA B200,cudnn 9.27.0,
gpt_oss,gpt_oss_full,generation,cudnn,bfloat16,fp8_e4m3,1,3,131072,64,8,64,64,gqa,,16,inf,0.0,0.0,,20,False,"Traceback (most recent call last):
  File ""/home/scratch.yanxu_gpu/fe-sites/computelab_trees/fe_develop_5567e2733/benchmark/attention_inference/benchmark_single_attention.py"", line 824, in <module>
    main()
  File ""/home/scratch.yanxu_gpu/fe-sites/computelab_trees/fe_develop_5567e2733/benchmark/attention_inference/benchmark_single_attention.py"", line 789, in main
    fn, detail = SETUPS[args.backend](args, dtype)
                 ^^^^^^^^^^^^^^^^^^^^^^^^^^^^^^^^^
  File ""/home/scratch.yanxu_gpu/fe-sites/computelab_trees/fe_develop_5567e2733/benchmark/attention_inference/benchmark_single_attention.py"", line 167, in setup_cudnn
    return setup_cudnn_fp8(args, cudnn, oss=oss)
           ^^^^^^^^^^^^^^^^^^^^^^^^^^^^^^^^^^^^^
  File ""/home/scratch.yanxu_gpu/fe-sites/computelab_trees/fe_develop_5567e2733/benchmark/attention_inference/benchmark_single_attention.py"", line 276, in setup_cudnn_fp8
    raise NotImplementedError(""sink tokens are not wired into the fp8 attention graph"")
NotImplementedError: sink tokens are not wired into the fp8 attention graph",,,
gpt_oss,gpt_oss_full,generation,cudnn,bfloat16,bfloat16,128,3,131072,64,8,64,64,gqa,,16,111.610091,7.389,307.911,3.8489,20,True,,NVIDIA B200,cudnn 9.27.0,
gpt_oss,gpt_oss_full,generation,cudnn,bfloat16,fp8_e4m3,128,3,131072,64,8,64,64,gqa,,16,inf,0.0,0.0,,20,False,"Traceback (most recent call last):
  File ""/home/scratch.yanxu_gpu/fe-sites/computelab_trees/fe_develop_5567e2733/benchmark/attention_inference/benchmark_single_attention.py"", line 824, in <module>
    main()
  File ""/home/scratch.yanxu_gpu/fe-sites/computelab_trees/fe_develop_5567e2733/benchmark/attention_inference/benchmark_single_attention.py"", line 789, in main
    fn, detail = SETUPS[args.backend](args, dtype)
                 ^^^^^^^^^^^^^^^^^^^^^^^^^^^^^^^^^
  File ""/home/scratch.yanxu_gpu/fe-sites/computelab_trees/fe_develop_5567e2733/benchmark/attention_inference/benchmark_single_attention.py"", line 167, in setup_cudnn
    return setup_cudnn_fp8(args, cudnn, oss=oss)
           ^^^^^^^^^^^^^^^^^^^^^^^^^^^^^^^^^^^^^
  File ""/home/scratch.yanxu_gpu/fe-sites/computelab_trees/fe_develop_5567e2733/benchmark/attention_inference/benchmark_single_attention.py"", line 276, in setup_cudnn_fp8
    raise NotImplementedError(""sink tokens are not wired into the fp8 attention graph"")
NotImplementedError: sink tokens are not wired into the fp8 attention graph",,,
gpt_oss,gpt_oss_full,generation,cudnn,bfloat16,bfloat16,1,4,131072,64,8,64,64,gqa,,16,2.571452,3.34,104.416,1.3052,20,True,,NVIDIA B200,cudnn 9.27.0,
gpt_oss,gpt_oss_full,generation,cudnn,bfloat16,fp8_e4m3,1,4,131072,64,8,64,64,gqa,,16,inf,0.0,0.0,,20,False,"Traceback (most recent call last):
  File ""/home/scratch.yanxu_gpu/fe-sites/computelab_trees/fe_develop_5567e2733/benchmark/attention_inference/benchmark_single_attention.py"", line 824, in <module>
    main()
  File ""/home/scratch.yanxu_gpu/fe-sites/computelab_trees/fe_develop_5567e2733/benchmark/attention_inference/benchmark_single_attention.py"", line 789, in main
    fn, detail = SETUPS[args.backend](args, dtype)
                 ^^^^^^^^^^^^^^^^^^^^^^^^^^^^^^^^^
  File ""/home/scratch.yanxu_gpu/fe-sites/computelab_trees/fe_develop_5567e2733/benchmark/attention_inference/benchmark_single_attention.py"", line 167, in setup_cudnn
    return setup_cudnn_fp8(args, cudnn, oss=oss)
           ^^^^^^^^^^^^^^^^^^^^^^^^^^^^^^^^^^^^^
  File ""/home/scratch.yanxu_gpu/fe-sites/computelab_trees/fe_develop_5567e2733/benchmark/attention_inference/benchmark_single_attention.py"", line 276, in setup_cudnn_fp8
    raise NotImplementedError(""sink tokens are not wired into the fp8 attention graph"")
NotImplementedError: sink tokens are not wired into the fp8 attention graph",,,
gpt_oss,gpt_oss_full,generation,cudnn,bfloat16,bfloat16,128,4,131072,64,8,64,64,gqa,,16,111.619241,9.851,307.905,3.8488,20,True,,NVIDIA B200,cudnn 9.27.0,
gpt_oss,gpt_oss_full,generation,cudnn,bfloat16,fp8_e4m3,128,4,131072,64,8,64,64,gqa,,16,inf,0.0,0.0,,20,False,"Traceback (most recent call last):
  File ""/home/scratch.yanxu_gpu/fe-sites/computelab_trees/fe_develop_5567e2733/benchmark/attention_inference/benchmark_single_attention.py"", line 824, in <module>
    main()
  File ""/home/scratch.yanxu_gpu/fe-sites/computelab_trees/fe_develop_5567e2733/benchmark/attention_inference/benchmark_single_attention.py"", line 789, in main
    fn, detail = SETUPS[args.backend](args, dtype)
                 ^^^^^^^^^^^^^^^^^^^^^^^^^^^^^^^^^
  File ""/home/scratch.yanxu_gpu/fe-sites/computelab_trees/fe_develop_5567e2733/benchmark/attention_inference/benchmark_single_attention.py"", line 167, in setup_cudnn
    return setup_cudnn_fp8(args, cudnn, oss=oss)
           ^^^^^^^^^^^^^^^^^^^^^^^^^^^^^^^^^^^^^
  File ""/home/scratch.yanxu_gpu/fe-sites/computelab_trees/fe_develop_5567e2733/benchmark/attention_inference/benchmark_single_attention.py"", line 276, in setup_cudnn_fp8
    raise NotImplementedError(""sink tokens are not wired into the fp8 attention graph"")
NotImplementedError: sink tokens are not wired into the fp8 attention graph",,,
gpt_oss,gpt_oss_full,context,cudnn_oss,bfloat16,bfloat16,1,2048,2048,64,8,64,64,gqa,,16,0.088414,388.623,426.954,5.3369,20,True,,NVIDIA B200,cudnn_oss plan=sdpa_fwd_prefill_sm100[PACK_GQA=0; SCHED_POLICY=2; SPLIT_KV=1; TILE_CGA_M=2; TILE_M=128; TILE_N=128],
gpt_oss,gpt_oss_full,context,cudnn_oss,bfloat16,bfloat16,1,8192,8192,64,8,64,64,gqa,,16,0.827846,664.08,182.395,2.2799,20,True,,NVIDIA B200,cudnn_oss plan=sdpa_fwd_prefill_sm100[PACK_GQA=0; SCHED_POLICY=2; SPLIT_KV=1; TILE_CGA_M=2; TILE_M=128; TILE_N=128],
gpt_oss,gpt_oss_full,context,cudnn_oss,bfloat16,bfloat16,1,32768,32768,64,8,64,64,gqa,,16,11.932281,737.168,50.617,0.6327,20,True,,NVIDIA B200,cudnn_oss plan=sdpa_fwd_prefill_sm100[PACK_GQA=0; SCHED_POLICY=2; SPLIT_KV=1; TILE_CGA_M=2; TILE_M=128; TILE_N=128],
gpt_oss,gpt_oss_full,context,cudnn_oss,bfloat16,bfloat16,1,512,65536,64,8,64,64,gqa,,16,0.845665,650.087,168.632,2.1079,20,True,,NVIDIA B200,cudnn_oss plan=sdpa_fwd_prefill_sm100[PACK_GQA=0; SCHED_POLICY=2; SPLIT_KV=1; TILE_CGA_M=2; TILE_M=128; TILE_N=128],
gpt_oss,gpt_oss_full,context,cudnn_oss,bfloat16,bfloat16,1,512,131072,64,8,64,64,gqa,,16,1.67718,655.572,165.053,2.0632,20,True,,NVIDIA B200,cudnn_oss plan=sdpa_fwd_prefill_sm100[PACK_GQA=0; SCHED_POLICY=2; SPLIT_KV=1; TILE_CGA_M=2; TILE_M=128; TILE_N=128],
gpt_oss,gpt_oss_full,context,cudnn_oss,bfloat16,bfloat16,1,1024,65536,64,8,64,64,gqa,,16,1.682715,653.415,89.733,1.1217,20,True,,NVIDIA B200,cudnn_oss plan=sdpa_fwd_prefill_sm100[PACK_GQA=0; SCHED_POLICY=2; SPLIT_KV=1; TILE_CGA_M=2; TILE_M=128; TILE_N=128],
gpt_oss,gpt_oss_full,context,cudnn_oss,bfloat16,bfloat16,1,1024,131072,64,8,64,64,gqa,,16,3.342089,657.979,85.34,1.0667,20,True,,NVIDIA B200,cudnn_oss plan=sdpa_fwd_prefill_sm100[PACK_GQA=0; SCHED_POLICY=2; SPLIT_KV=1; TILE_CGA_M=2; TILE_M=128; TILE_N=128],
gpt_oss,gpt_oss_full,generation,cudnn_oss,bfloat16,bfloat16,1,1,131072,64,8,64,64,gqa,,16,0.919158,2.336,292.063,3.6508,20,True,,NVIDIA B200,cudnn_oss plan=sdpa_fwd_prefill_sm100[PACK_GQA=1; SCHED_POLICY=0; SPLIT_KV=1; TILE_CGA_M=1; TILE_M=128; TILE_N=128],
gpt_oss,gpt_oss_full,generation,cudnn_oss,bfloat16,fp8_e4m3,1,1,131072,64,8,64,64,gqa,,16,inf,0.0,0.0,,20,False,"  File ""/home/scratch.yanxu_gpu/fe-sites/computelab_trees/fe_develop_5567e2733/benchmark/attention_inference/benchmark_single_attention.py"", line 789, in main
    fn, detail = SETUPS[args.backend](args, dtype)
                 ^^^^^^^^^^^^^^^^^^^^^^^^^^^^^^^^^
  File ""/home/scratch.yanxu_gpu/fe-sites/computelab_trees/fe_develop_5567e2733/benchmark/attention_inference/benchmark_single_attention.py"", line 270, in setup_cudnn_oss
    return setup_cudnn(args, dtype, oss=True)
           ^^^^^^^^^^^^^^^^^^^^^^^^^^^^^^^^^^
  File ""/home/scratch.yanxu_gpu/fe-sites/computelab_trees/fe_develop_5567e2733/benchmark/attention_inference/benchmark_single_attention.py"", line 167, in setup_cudnn
    return setup_cudnn_fp8(args, cudnn, oss=oss)
           ^^^^^^^^^^^^^^^^^^^^^^^^^^^^^^^^^^^^^
  File ""/home/scratch.yanxu_gpu/fe-sites/computelab_trees/fe_develop_5567e2733/benchmark/attention_inference/benchmark_single_attention.py"", line 276, in setup_cudnn_fp8
    raise NotImplementedError(""sink tokens are not wired into the fp8 attention graph"")
NotImplementedError: sink tokens are not wired into the fp8 attention graph",,,
gpt_oss,gpt_oss_full,generation,cudnn_oss,bfloat16,bfloat16,128,1,131072,64,8,64,64,gqa,,16,7.153537,38.425,4803.475,60.0434,20,True,,NVIDIA B200,cudnn_oss plan=sdpa_fwd_prefill_sm100[PACK_GQA=1; SCHED_POLICY=0; SPLIT_KV=1; TILE_CGA_M=1; TILE_M=128; TILE_N=128],
gpt_oss,gpt_oss_full,generation,cudnn_oss,bfloat16,fp8_e4m3,128,1,131072,64,8,64,64,gqa,,16,inf,0.0,0.0,,20,False,"  File ""/home/scratch.yanxu_gpu/fe-sites/computelab_trees/fe_develop_5567e2733/benchmark/attention_inference/benchmark_single_attention.py"", line 789, in main
    fn, detail = SETUPS[args.backend](args, dtype)
                 ^^^^^^^^^^^^^^^^^^^^^^^^^^^^^^^^^
  File ""/home/scratch.yanxu_gpu/fe-sites/computelab_trees/fe_develop_5567e2733/benchmark/attention_inference/benchmark_single_attention.py"", line 270, in setup_cudnn_oss
    return setup_cudnn(args, dtype, oss=True)
           ^^^^^^^^^^^^^^^^^^^^^^^^^^^^^^^^^^
  File ""/home/scratch.yanxu_gpu/fe-sites/computelab_trees/fe_develop_5567e2733/benchmark/attention_inference/benchmark_single_attention.py"", line 167, in setup_cudnn
    return setup_cudnn_fp8(args, cudnn, oss=oss)
           ^^^^^^^^^^^^^^^^^^^^^^^^^^^^^^^^^^^^^
  File ""/home/scratch.yanxu_gpu/fe-sites/computelab_trees/fe_develop_5567e2733/benchmark/attention_inference/benchmark_single_attention.py"", line 276, in setup_cudnn_fp8
    raise NotImplementedError(""sink tokens are not wired into the fp8 attention graph"")
NotImplementedError: sink tokens are not wired into the fp8 attention graph",,,
gpt_oss,gpt_oss_full,generation,cudnn_oss,bfloat16,bfloat16,1,2,131072,64,8,64,64,gqa,,16,0.92643,4.636,289.788,3.6223,20,True,,NVIDIA B200,cudnn_oss plan=sdpa_fwd_prefill_sm100[PACK_GQA=1; SCHED_POLICY=0; SPLIT_KV=1; TILE_CGA_M=1; TILE_M=128; TILE_N=128],
gpt_oss,gpt_oss_full,generation,cudnn_oss,bfloat16,fp8_e4m3,1,2,131072,64,8,64,64,gqa,,16,inf,0.0,0.0,,20,False,"  File ""/home/scratch.yanxu_gpu/fe-sites/computelab_trees/fe_develop_5567e2733/benchmark/attention_inference/benchmark_single_attention.py"", line 789, in main
    fn, detail = SETUPS[args.backend](args, dtype)
                 ^^^^^^^^^^^^^^^^^^^^^^^^^^^^^^^^^
  File ""/home/scratch.yanxu_gpu/fe-sites/computelab_trees/fe_develop_5567e2733/benchmark/attention_inference/benchmark_single_attention.py"", line 270, in setup_cudnn_oss
    return setup_cudnn(args, dtype, oss=True)
           ^^^^^^^^^^^^^^^^^^^^^^^^^^^^^^^^^^
  File ""/home/scratch.yanxu_gpu/fe-sites/computelab_trees/fe_develop_5567e2733/benchmark/attention_inference/benchmark_single_attention.py"", line 167, in setup_cudnn
    return setup_cudnn_fp8(args, cudnn, oss=oss)
           ^^^^^^^^^^^^^^^^^^^^^^^^^^^^^^^^^^^^^
  File ""/home/scratch.yanxu_gpu/fe-sites/computelab_trees/fe_develop_5567e2733/benchmark/attention_inference/benchmark_single_attention.py"", line 276, in setup_cudnn_fp8
    raise NotImplementedError(""sink tokens are not wired into the fp8 attention graph"")
NotImplementedError: sink tokens are not wired into the fp8 attention graph",,,
gpt_oss,gpt_oss_full,generation,cudnn_oss,bfloat16,bfloat16,128,2,131072,64,8,64,64,gqa,,16,7.254172,75.785,4737.127,59.2141,20,True,,NVIDIA B200,cudnn_oss plan=sdpa_fwd_prefill_sm100[PACK_GQA=1; SCHED_POLICY=0; SPLIT_KV=1; TILE_CGA_M=1; TILE_M=128; TILE_N=128],
gpt_oss,gpt_oss_full,generation,cudnn_oss,bfloat16,fp8_e4m3,128,2,131072,64,8,64,64,gqa,,16,inf,0.0,0.0,,20,False,"  File ""/home/scratch.yanxu_gpu/fe-sites/computelab_trees/fe_develop_5567e2733/benchmark/attention_inference/benchmark_single_attention.py"", line 789, in main
    fn, detail = SETUPS[args.backend](args, dtype)
                 ^^^^^^^^^^^^^^^^^^^^^^^^^^^^^^^^^
  File ""/home/scratch.yanxu_gpu/fe-sites/computelab_trees/fe_develop_5567e2733/benchmark/attention_inference/benchmark_single_attention.py"", line 270, in setup_cudnn_oss
    return setup_cudnn(args, dtype, oss=True)
           ^^^^^^^^^^^^^^^^^^^^^^^^^^^^^^^^^^
  File ""/home/scratch.yanxu_gpu/fe-sites/computelab_trees/fe_develop_5567e2733/benchmark/attention_inference/benchmark_single_attention.py"", line 167, in setup_cudnn
    return setup_cudnn_fp8(args, cudnn, oss=oss)
           ^^^^^^^^^^^^^^^^^^^^^^^^^^^^^^^^^^^^^
  File ""/home/scratch.yanxu_gpu/fe-sites/computelab_trees/fe_develop_5567e2733/benchmark/attention_inference/benchmark_single_attention.py"", line 276, in setup_cudnn_fp8
    raise NotImplementedError(""sink tokens are not wired into the fp8 attention graph"")
NotImplementedError: sink tokens are not wired into the fp8 attention graph",,,
gpt_oss,gpt_oss_full,generation,cudnn_oss,bfloat16,bfloat16,1,3,131072,64,8,64,64,gqa,,16,0.92636,6.955,289.828,3.6228,20,True,,NVIDIA B200,cudnn_oss plan=sdpa_fwd_prefill_sm100[PACK_GQA=1; SCHED_POLICY=0; SPLIT_KV=1; TILE_CGA_M=1; TILE_M=128; TILE_N=128],
gpt_oss,gpt_oss_full,generation,cudnn_oss,bfloat16,fp8_e4m3,1,3,131072,64,8,64,64,gqa,,16,inf,0.0,0.0,,20,False,"  File ""/home/scratch.yanxu_gpu/fe-sites/computelab_trees/fe_develop_5567e2733/benchmark/attention_inference/benchmark_single_attention.py"", line 789, in main
    fn, detail = SETUPS[args.backend](args, dtype)
                 ^^^^^^^^^^^^^^^^^^^^^^^^^^^^^^^^^
  File ""/home/scratch.yanxu_gpu/fe-sites/computelab_trees/fe_develop_5567e2733/benchmark/attention_inference/benchmark_single_attention.py"", line 270, in setup_cudnn_oss
    return setup_cudnn(args, dtype, oss=True)
           ^^^^^^^^^^^^^^^^^^^^^^^^^^^^^^^^^^
  File ""/home/scratch.yanxu_gpu/fe-sites/computelab_trees/fe_develop_5567e2733/benchmark/attention_inference/benchmark_single_attention.py"", line 167, in setup_cudnn
    return setup_cudnn_fp8(args, cudnn, oss=oss)
           ^^^^^^^^^^^^^^^^^^^^^^^^^^^^^^^^^^^^^
  File ""/home/scratch.yanxu_gpu/fe-sites/computelab_trees/fe_develop_5567e2733/benchmark/attention_inference/benchmark_single_attention.py"", line 276, in setup_cudnn_fp8
    raise NotImplementedError(""sink tokens are not wired into the fp8 attention graph"")
NotImplementedError: sink tokens are not wired into the fp8 attention graph",,,
gpt_oss,gpt_oss_full,generation,cudnn_oss,bfloat16,bfloat16,128,3,131072,64,8,64,64,gqa,,16,7.288106,113.148,4715.358,58.942,20,True,,NVIDIA B200,cudnn_oss plan=sdpa_fwd_prefill_sm100[PACK_GQA=1; SCHED_POLICY=0; SPLIT_KV=1; TILE_CGA_M=1; TILE_M=128; TILE_N=128],
gpt_oss,gpt_oss_full,generation,cudnn_oss,bfloat16,fp8_e4m3,128,3,131072,64,8,64,64,gqa,,16,inf,0.0,0.0,,20,False,"  File ""/home/scratch.yanxu_gpu/fe-sites/computelab_trees/fe_develop_5567e2733/benchmark/attention_inference/benchmark_single_attention.py"", line 789, in main
    fn, detail = SETUPS[args.backend](args, dtype)
                 ^^^^^^^^^^^^^^^^^^^^^^^^^^^^^^^^^
  File ""/home/scratch.yanxu_gpu/fe-sites/computelab_trees/fe_develop_5567e2733/benchmark/attention_inference/benchmark_single_attention.py"", line 270, in setup_cudnn_oss
    return setup_cudnn(args, dtype, oss=True)
           ^^^^^^^^^^^^^^^^^^^^^^^^^^^^^^^^^^
  File ""/home/scratch.yanxu_gpu/fe-sites/computelab_trees/fe_develop_5567e2733/benchmark/attention_inference/benchmark_single_attention.py"", line 167, in setup_cudnn
    return setup_cudnn_fp8(args, cudnn, oss=oss)
           ^^^^^^^^^^^^^^^^^^^^^^^^^^^^^^^^^^^^^
  File ""/home/scratch.yanxu_gpu/fe-sites/computelab_trees/fe_develop_5567e2733/benchmark/attention_inference/benchmark_single_attention.py"", line 276, in setup_cudnn_fp8
    raise NotImplementedError(""sink tokens are not wired into the fp8 attention graph"")
NotImplementedError: sink tokens are not wired into the fp8 attention graph",,,
gpt_oss,gpt_oss_full,generation,cudnn_oss,bfloat16,bfloat16,1,4,131072,64,8,64,64,gqa,,16,0.926452,9.272,289.816,3.6227,20,True,,NVIDIA B200,cudnn_oss plan=sdpa_fwd_prefill_sm100[PACK_GQA=1; SCHED_POLICY=0; SPLIT_KV=1; TILE_CGA_M=1; TILE_M=128; TILE_N=128],
gpt_oss,gpt_oss_full,generation,cudnn_oss,bfloat16,fp8_e4m3,1,4,131072,64,8,64,64,gqa,,16,inf,0.0,0.0,,20,False,"  File ""/home/scratch.yanxu_gpu/fe-sites/computelab_trees/fe_develop_5567e2733/benchmark/attention_inference/benchmark_single_attention.py"", line 789, in main
    fn, detail = SETUPS[args.backend](args, dtype)
                 ^^^^^^^^^^^^^^^^^^^^^^^^^^^^^^^^^
  File ""/home/scratch.yanxu_gpu/fe-sites/computelab_trees/fe_develop_5567e2733/benchmark/attention_inference/benchmark_single_attention.py"", line 270, in setup_cudnn_oss
    return setup_cudnn(args, dtype, oss=True)
           ^^^^^^^^^^^^^^^^^^^^^^^^^^^^^^^^^^
  File ""/home/scratch.yanxu_gpu/fe-sites/computelab_trees/fe_develop_5567e2733/benchmark/attention_inference/benchmark_single_attention.py"", line 167, in setup_cudnn
    return setup_cudnn_fp8(args, cudnn, oss=oss)
           ^^^^^^^^^^^^^^^^^^^^^^^^^^^^^^^^^^^^^
  File ""/home/scratch.yanxu_gpu/fe-sites/computelab_trees/fe_develop_5567e2733/benchmark/attention_inference/benchmark_single_attention.py"", line 276, in setup_cudnn_fp8
    raise NotImplementedError(""sink tokens are not wired into the fp8 attention graph"")
NotImplementedError: sink tokens are not wired into the fp8 attention graph",,,
gpt_oss,gpt_oss_full,generation,cudnn_oss,bfloat16,bfloat16,128,4,131072,64,8,64,64,gqa,,16,7.214456,152.404,4763.786,59.5473,20,True,,NVIDIA B200,cudnn_oss plan=sdpa_fwd_prefill_sm100[PACK_GQA=1; SCHED_POLICY=0; SPLIT_KV=1; TILE_CGA_M=1; TILE_M=128; TILE_N=128],
gpt_oss,gpt_oss_full,generation,cudnn_oss,bfloat16,fp8_e4m3,128,4,131072,64,8,64,64,gqa,,16,inf,0.0,0.0,,20,False,"  File ""/home/scratch.yanxu_gpu/fe-sites/computelab_trees/fe_develop_5567e2733/benchmark/attention_inference/benchmark_single_attention.py"", line 789, in main
    fn, detail = SETUPS[args.backend](args, dtype)
                 ^^^^^^^^^^^^^^^^^^^^^^^^^^^^^^^^^
  File ""/home/scratch.yanxu_gpu/fe-sites/computelab_trees/fe_develop_5567e2733/benchmark/attention_inference/benchmark_single_attention.py"", line 270, in setup_cudnn_oss
    return setup_cudnn(args, dtype, oss=True)
           ^^^^^^^^^^^^^^^^^^^^^^^^^^^^^^^^^^
  File ""/home/scratch.yanxu_gpu/fe-sites/computelab_trees/fe_develop_5567e2733/benchmark/attention_inference/benchmark_single_attention.py"", line 167, in setup_cudnn
    return setup_cudnn_fp8(args, cudnn, oss=oss)
           ^^^^^^^^^^^^^^^^^^^^^^^^^^^^^^^^^^^^^
  File ""/home/scratch.yanxu_gpu/fe-sites/computelab_trees/fe_develop_5567e2733/benchmark/attention_inference/benchmark_single_attention.py"", line 276, in setup_cudnn_fp8
    raise NotImplementedError(""sink tokens are not wired into the fp8 attention graph"")
NotImplementedError: sink tokens are not wired into the fp8 attention graph",,,
gpt_oss,gpt_oss_full-tp2,context,cudnn,bfloat16,bfloat16,1,2048,2048,32,4,64,64,gqa,,16,0.030111,570.551,626.826,7.8353,20,True,,NVIDIA B200,cudnn 9.27.0,
gpt_oss,gpt_oss_full-tp2,context,cudnn,bfloat16,bfloat16,1,8192,8192,32,4,64,64,gqa,,16,0.302017,910.141,249.978,3.1247,20,True,,NVIDIA B200,cudnn 9.27.0,
gpt_oss,gpt_oss_full-tp2,context,cudnn,bfloat16,bfloat16,1,32768,32768,32,4,64,64,gqa,,16,4.396767,1000.291,68.685,0.8586,20,True,,NVIDIA B200,cudnn 9.27.0,
gpt_oss,gpt_oss_full-tp2,context,cudnn,bfloat16,bfloat16,1,512,65536,32,4,64,64,gqa,,16,0.664567,413.62,107.293,1.3412,20,True,,NVIDIA B200,cudnn 9.27.0,
gpt_oss,gpt_oss_full-tp2,context,cudnn,bfloat16,bfloat16,1,512,131072,32,4,64,64,gqa,,16,1.321812,415.911,104.714,1.3089,20,True,,NVIDIA B200,cudnn 9.27.0,
gpt_oss,gpt_oss_full-tp2,context,cudnn,bfloat16,bfloat16,1,1024,65536,32,4,64,64,gqa,,16,0.666424,824.934,113.287,1.4161,20,True,,NVIDIA B200,cudnn 9.27.0,
gpt_oss,gpt_oss_full-tp2,context,cudnn,bfloat16,bfloat16,1,1024,131072,32,4,64,64,gqa,,16,1.321378,832.095,107.922,1.349,20,True,,NVIDIA B200,cudnn 9.27.0,
gpt_oss,gpt_oss_full-tp2,generation,cudnn,bfloat16,bfloat16,1,1,131072,32,4,64,64,gqa,,16,inf,0.0,0.0,,20,False,"  import pynvml  # type: ignore[import]
Traceback (most recent call last):
  File ""/home/scratch.yanxu_gpu/fe-sites/computelab_trees/fe_develop_5567e2733/benchmark/attention_inference/benchmark_single_attention.py"", line 824, in <module>
    main()
  File ""/home/scratch.yanxu_gpu/fe-sites/computelab_trees/fe_develop_5567e2733/benchmark/attention_inference/benchmark_single_attention.py"", line 789, in main
    fn, detail = SETUPS[args.backend](args, dtype)
                 ^^^^^^^^^^^^^^^^^^^^^^^^^^^^^^^^^
  File ""/home/scratch.yanxu_gpu/fe-sites/computelab_trees/fe_develop_5567e2733/benchmark/attention_inference/benchmark_single_attention.py"", line 224, in setup_cudnn
    graph.validate()
  File ""/home/scratch.yanxu_gpu/fe-sites/computelab_trees/fe_develop_5567e2733/python/cudnn/_pygraph.py"", line 891, in validate
    self._lowered_graph.validate()
cudnn._compiled_module.cudnnGraphNotSupportedError: decode only mode, i.e. s_q == 1, not supported with sink_token",,,
gpt_oss,gpt_oss_full-tp2,generation,cudnn,bfloat16,fp8_e4m3,1,1,131072,32,4,64,64,gqa,,16,inf,0.0,0.0,,20,False,"Traceback (most recent call last):
  File ""/home/scratch.yanxu_gpu/fe-sites/computelab_trees/fe_develop_5567e2733/benchmark/attention_inference/benchmark_single_attention.py"", line 824, in <module>
    main()
  File ""/home/scratch.yanxu_gpu/fe-sites/computelab_trees/fe_develop_5567e2733/benchmark/attention_inference/benchmark_single_attention.py"", line 789, in main
    fn, detail = SETUPS[args.backend](args, dtype)
                 ^^^^^^^^^^^^^^^^^^^^^^^^^^^^^^^^^
  File ""/home/scratch.yanxu_gpu/fe-sites/computelab_trees/fe_develop_5567e2733/benchmark/attention_inference/benchmark_single_attention.py"", line 167, in setup_cudnn
    return setup_cudnn_fp8(args, cudnn, oss=oss)
           ^^^^^^^^^^^^^^^^^^^^^^^^^^^^^^^^^^^^^
  File ""/home/scratch.yanxu_gpu/fe-sites/computelab_trees/fe_develop_5567e2733/benchmark/attention_inference/benchmark_single_attention.py"", line 276, in setup_cudnn_fp8
    raise NotImplementedError(""sink tokens are not wired into the fp8 attention graph"")
NotImplementedError: sink tokens are not wired into the fp8 attention graph",,,
gpt_oss,gpt_oss_full-tp2,generation,cudnn,bfloat16,bfloat16,128,1,131072,32,4,64,64,gqa,,16,inf,0.0,0.0,,20,False,"  import pynvml  # type: ignore[import]
Traceback (most recent call last):
  File ""/home/scratch.yanxu_gpu/fe-sites/computelab_trees/fe_develop_5567e2733/benchmark/attention_inference/benchmark_single_attention.py"", line 824, in <module>
    main()
  File ""/home/scratch.yanxu_gpu/fe-sites/computelab_trees/fe_develop_5567e2733/benchmark/attention_inference/benchmark_single_attention.py"", line 789, in main
    fn, detail = SETUPS[args.backend](args, dtype)
                 ^^^^^^^^^^^^^^^^^^^^^^^^^^^^^^^^^
  File ""/home/scratch.yanxu_gpu/fe-sites/computelab_trees/fe_develop_5567e2733/benchmark/attention_inference/benchmark_single_attention.py"", line 224, in setup_cudnn
    graph.validate()
  File ""/home/scratch.yanxu_gpu/fe-sites/computelab_trees/fe_develop_5567e2733/python/cudnn/_pygraph.py"", line 891, in validate
    self._lowered_graph.validate()
cudnn._compiled_module.cudnnGraphNotSupportedError: decode only mode, i.e. s_q == 1, not supported with sink_token",,,
gpt_oss,gpt_oss_full-tp2,generation,cudnn,bfloat16,fp8_e4m3,128,1,131072,32,4,64,64,gqa,,16,inf,0.0,0.0,,20,False,"Traceback (most recent call last):
  File ""/home/scratch.yanxu_gpu/fe-sites/computelab_trees/fe_develop_5567e2733/benchmark/attention_inference/benchmark_single_attention.py"", line 824, in <module>
    main()
  File ""/home/scratch.yanxu_gpu/fe-sites/computelab_trees/fe_develop_5567e2733/benchmark/attention_inference/benchmark_single_attention.py"", line 789, in main
    fn, detail = SETUPS[args.backend](args, dtype)
                 ^^^^^^^^^^^^^^^^^^^^^^^^^^^^^^^^^
  File ""/home/scratch.yanxu_gpu/fe-sites/computelab_trees/fe_develop_5567e2733/benchmark/attention_inference/benchmark_single_attention.py"", line 167, in setup_cudnn
    return setup_cudnn_fp8(args, cudnn, oss=oss)
           ^^^^^^^^^^^^^^^^^^^^^^^^^^^^^^^^^^^^^
  File ""/home/scratch.yanxu_gpu/fe-sites/computelab_trees/fe_develop_5567e2733/benchmark/attention_inference/benchmark_single_attention.py"", line 276, in setup_cudnn_fp8
    raise NotImplementedError(""sink tokens are not wired into the fp8 attention graph"")
NotImplementedError: sink tokens are not wired into the fp8 attention graph",,,
gpt_oss,gpt_oss_full-tp2,generation,cudnn,bfloat16,bfloat16,1,2,131072,32,4,64,64,gqa,,16,2.53042,0.849,53.048,0.6631,20,True,,NVIDIA B200,cudnn 9.27.0,
gpt_oss,gpt_oss_full-tp2,generation,cudnn,bfloat16,fp8_e4m3,1,2,131072,32,4,64,64,gqa,,16,inf,0.0,0.0,,20,False,"Traceback (most recent call last):
  File ""/home/scratch.yanxu_gpu/fe-sites/computelab_trees/fe_develop_5567e2733/benchmark/attention_inference/benchmark_single_attention.py"", line 824, in <module>
    main()
  File ""/home/scratch.yanxu_gpu/fe-sites/computelab_trees/fe_develop_5567e2733/benchmark/attention_inference/benchmark_single_attention.py"", line 789, in main
    fn, detail = SETUPS[args.backend](args, dtype)
                 ^^^^^^^^^^^^^^^^^^^^^^^^^^^^^^^^^
  File ""/home/scratch.yanxu_gpu/fe-sites/computelab_trees/fe_develop_5567e2733/benchmark/attention_inference/benchmark_single_attention.py"", line 167, in setup_cudnn
    return setup_cudnn_fp8(args, cudnn, oss=oss)
           ^^^^^^^^^^^^^^^^^^^^^^^^^^^^^^^^^^^^^
  File ""/home/scratch.yanxu_gpu/fe-sites/computelab_trees/fe_develop_5567e2733/benchmark/attention_inference/benchmark_single_attention.py"", line 276, in setup_cudnn_fp8
    raise NotImplementedError(""sink tokens are not wired into the fp8 attention graph"")
NotImplementedError: sink tokens are not wired into the fp8 attention graph",,,
gpt_oss,gpt_oss_full-tp2,generation,cudnn,bfloat16,bfloat16,128,2,131072,32,4,64,64,gqa,,16,55.870922,4.92,307.53,3.8441,20,True,,NVIDIA B200,cudnn 9.27.0,
gpt_oss,gpt_oss_full-tp2,generation,cudnn,bfloat16,fp8_e4m3,128,2,131072,32,4,64,64,gqa,,16,inf,0.0,0.0,,20,False,"Traceback (most recent call last):
  File ""/home/scratch.yanxu_gpu/fe-sites/computelab_trees/fe_develop_5567e2733/benchmark/attention_inference/benchmark_single_attention.py"", line 824, in <module>
    main()
  File ""/home/scratch.yanxu_gpu/fe-sites/computelab_trees/fe_develop_5567e2733/benchmark/attention_inference/benchmark_single_attention.py"", line 789, in main
    fn, detail = SETUPS[args.backend](args, dtype)
                 ^^^^^^^^^^^^^^^^^^^^^^^^^^^^^^^^^
  File ""/home/scratch.yanxu_gpu/fe-sites/computelab_trees/fe_develop_5567e2733/benchmark/attention_inference/benchmark_single_attention.py"", line 167, in setup_cudnn
    return setup_cudnn_fp8(args, cudnn, oss=oss)
           ^^^^^^^^^^^^^^^^^^^^^^^^^^^^^^^^^^^^^
  File ""/home/scratch.yanxu_gpu/fe-sites/computelab_trees/fe_develop_5567e2733/benchmark/attention_inference/benchmark_single_attention.py"", line 276, in setup_cudnn_fp8
    raise NotImplementedError(""sink tokens are not wired into the fp8 attention graph"")
NotImplementedError: sink tokens are not wired into the fp8 attention graph",,,
gpt_oss,gpt_oss_full-tp2,generation,cudnn,bfloat16,bfloat16,1,3,131072,32,4,64,64,gqa,,16,2.530518,1.273,53.049,0.6631,20,True,,NVIDIA B200,cudnn 9.27.0,
gpt_oss,gpt_oss_full-tp2,generation,cudnn,bfloat16,fp8_e4m3,1,3,131072,32,4,64,64,gqa,,16,inf,0.0,0.0,,20,False,"Traceback (most recent call last):
  File ""/home/scratch.yanxu_gpu/fe-sites/computelab_trees/fe_develop_5567e2733/benchmark/attention_inference/benchmark_single_attention.py"", line 824, in <module>
    main()
  File ""/home/scratch.yanxu_gpu/fe-sites/computelab_trees/fe_develop_5567e2733/benchmark/attention_inference/benchmark_single_attention.py"", line 789, in main
    fn, detail = SETUPS[args.backend](args, dtype)
                 ^^^^^^^^^^^^^^^^^^^^^^^^^^^^^^^^^
  File ""/home/scratch.yanxu_gpu/fe-sites/computelab_trees/fe_develop_5567e2733/benchmark/attention_inference/benchmark_single_attention.py"", line 167, in setup_cudnn
    return setup_cudnn_fp8(args, cudnn, oss=oss)
           ^^^^^^^^^^^^^^^^^^^^^^^^^^^^^^^^^^^^^
  File ""/home/scratch.yanxu_gpu/fe-sites/computelab_trees/fe_develop_5567e2733/benchmark/attention_inference/benchmark_single_attention.py"", line 276, in setup_cudnn_fp8
    raise NotImplementedError(""sink tokens are not wired into the fp8 attention graph"")
NotImplementedError: sink tokens are not wired into the fp8 attention graph",,,
gpt_oss,gpt_oss_full-tp2,generation,cudnn,bfloat16,bfloat16,128,3,131072,32,4,64,64,gqa,,16,55.871415,7.38,307.546,3.8443,20,True,,NVIDIA B200,cudnn 9.27.0,
gpt_oss,gpt_oss_full-tp2,generation,cudnn,bfloat16,fp8_e4m3,128,3,131072,32,4,64,64,gqa,,16,inf,0.0,0.0,,20,False,"Traceback (most recent call last):
  File ""/home/scratch.yanxu_gpu/fe-sites/computelab_trees/fe_develop_5567e2733/benchmark/attention_inference/benchmark_single_attention.py"", line 824, in <module>
    main()
  File ""/home/scratch.yanxu_gpu/fe-sites/computelab_trees/fe_develop_5567e2733/benchmark/attention_inference/benchmark_single_attention.py"", line 789, in main
    fn, detail = SETUPS[args.backend](args, dtype)
                 ^^^^^^^^^^^^^^^^^^^^^^^^^^^^^^^^^
  File ""/home/scratch.yanxu_gpu/fe-sites/computelab_trees/fe_develop_5567e2733/benchmark/attention_inference/benchmark_single_attention.py"", line 167, in setup_cudnn
    return setup_cudnn_fp8(args, cudnn, oss=oss)
           ^^^^^^^^^^^^^^^^^^^^^^^^^^^^^^^^^^^^^
  File ""/home/scratch.yanxu_gpu/fe-sites/computelab_trees/fe_develop_5567e2733/benchmark/attention_inference/benchmark_single_attention.py"", line 276, in setup_cudnn_fp8
    raise NotImplementedError(""sink tokens are not wired into the fp8 attention graph"")
NotImplementedError: sink tokens are not wired into the fp8 attention graph",,,
gpt_oss,gpt_oss_full-tp2,generation,cudnn,bfloat16,bfloat16,1,4,131072,32,4,64,64,gqa,,16,2.529478,1.698,53.074,0.6634,20,True,,NVIDIA B200,cudnn 9.27.0,
gpt_oss,gpt_oss_full-tp2,generation,cudnn,bfloat16,fp8_e4m3,1,4,131072,32,4,64,64,gqa,,16,inf,0.0,0.0,,20,False,"Traceback (most recent call last):
  File ""/home/scratch.yanxu_gpu/fe-sites/computelab_trees/fe_develop_5567e2733/benchmark/attention_inference/benchmark_single_attention.py"", line 824, in <module>
    main()
  File ""/home/scratch.yanxu_gpu/fe-sites/computelab_trees/fe_develop_5567e2733/benchmark/attention_inference/benchmark_single_attention.py"", line 789, in main
    fn, detail = SETUPS[args.backend](args, dtype)
                 ^^^^^^^^^^^^^^^^^^^^^^^^^^^^^^^^^
  File ""/home/scratch.yanxu_gpu/fe-sites/computelab_trees/fe_develop_5567e2733/benchmark/attention_inference/benchmark_single_attention.py"", line 167, in setup_cudnn
    return setup_cudnn_fp8(args, cudnn, oss=oss)
           ^^^^^^^^^^^^^^^^^^^^^^^^^^^^^^^^^^^^^
  File ""/home/scratch.yanxu_gpu/fe-sites/computelab_trees/fe_develop_5567e2733/benchmark/attention_inference/benchmark_single_attention.py"", line 276, in setup_cudnn_fp8
    raise NotImplementedError(""sink tokens are not wired into the fp8 attention graph"")
NotImplementedError: sink tokens are not wired into the fp8 attention graph",,,
gpt_oss,gpt_oss_full-tp2,generation,cudnn,bfloat16,bfloat16,128,4,131072,32,4,64,64,gqa,,16,55.87161,9.84,307.563,3.8445,20,True,,NVIDIA B200,cudnn 9.27.0,
gpt_oss,gpt_oss_full-tp2,generation,cudnn,bfloat16,fp8_e4m3,128,4,131072,32,4,64,64,gqa,,16,inf,0.0,0.0,,20,False,"Traceback (most recent call last):
  File ""/home/scratch.yanxu_gpu/fe-sites/computelab_trees/fe_develop_5567e2733/benchmark/attention_inference/benchmark_single_attention.py"", line 824, in <module>
    main()
  File ""/home/scratch.yanxu_gpu/fe-sites/computelab_trees/fe_develop_5567e2733/benchmark/attention_inference/benchmark_single_attention.py"", line 789, in main
    fn, detail = SETUPS[args.backend](args, dtype)
                 ^^^^^^^^^^^^^^^^^^^^^^^^^^^^^^^^^
  File ""/home/scratch.yanxu_gpu/fe-sites/computelab_trees/fe_develop_5567e2733/benchmark/attention_inference/benchmark_single_attention.py"", line 167, in setup_cudnn
    return setup_cudnn_fp8(args, cudnn, oss=oss)
           ^^^^^^^^^^^^^^^^^^^^^^^^^^^^^^^^^^^^^
  File ""/home/scratch.yanxu_gpu/fe-sites/computelab_trees/fe_develop_5567e2733/benchmark/attention_inference/benchmark_single_attention.py"", line 276, in setup_cudnn_fp8
    raise NotImplementedError(""sink tokens are not wired into the fp8 attention graph"")
NotImplementedError: sink tokens are not wired into the fp8 attention graph",,,
gpt_oss,gpt_oss_full-tp2,context,cudnn_oss,bfloat16,bfloat16,1,2048,2048,32,4,64,64,gqa,,16,0.055103,311.777,342.529,4.2816,20,True,,NVIDIA B200,cudnn_oss plan=sdpa_fwd_prefill_sm100[PACK_GQA=0; SCHED_POLICY=2; SPLIT_KV=1; TILE_CGA_M=2; TILE_M=128; TILE_N=128],
gpt_oss,gpt_oss_full-tp2,context,cudnn_oss,bfloat16,bfloat16,1,8192,8192,32,4,64,64,gqa,,16,0.425344,646.248,177.497,2.2187,20,True,,NVIDIA B200,cudnn_oss plan=sdpa_fwd_prefill_sm100[PACK_GQA=0; SCHED_POLICY=2; SPLIT_KV=1; TILE_CGA_M=2; TILE_M=128; TILE_N=128],
gpt_oss,gpt_oss_full-tp2,context,cudnn_oss,bfloat16,bfloat16,1,32768,32768,32,4,64,64,gqa,,16,5.903646,744.971,51.153,0.6394,20,True,,NVIDIA B200,cudnn_oss plan=sdpa_fwd_prefill_sm100[PACK_GQA=0; SCHED_POLICY=2; SPLIT_KV=1; TILE_CGA_M=2; TILE_M=128; TILE_N=128],
gpt_oss,gpt_oss_full-tp2,context,cudnn_oss,bfloat16,bfloat16,1,512,65536,32,4,64,64,gqa,,16,0.839294,327.511,84.956,1.062,20,True,,NVIDIA B200,cudnn_oss plan=sdpa_fwd_prefill_sm100[PACK_GQA=0; SCHED_POLICY=2; SPLIT_KV=1; TILE_CGA_M=2; TILE_M=128; TILE_N=128],
gpt_oss,gpt_oss_full-tp2,context,cudnn_oss,bfloat16,bfloat16,1,512,131072,32,4,64,64,gqa,,16,1.668076,329.575,82.977,1.0372,20,True,,NVIDIA B200,cudnn_oss plan=sdpa_fwd_prefill_sm100[PACK_GQA=0; SCHED_POLICY=2; SPLIT_KV=1; TILE_CGA_M=2; TILE_M=128; TILE_N=128],
gpt_oss,gpt_oss_full-tp2,context,cudnn_oss,bfloat16,bfloat16,1,1024,65536,32,4,64,64,gqa,,16,0.845658,650.092,89.277,1.116,20,True,,NVIDIA B200,cudnn_oss plan=sdpa_fwd_prefill_sm100[PACK_GQA=0; SCHED_POLICY=2; SPLIT_KV=1; TILE_CGA_M=2; TILE_M=128; TILE_N=128],
gpt_oss,gpt_oss_full-tp2,context,cudnn_oss,bfloat16,bfloat16,1,1024,131072,32,4,64,64,gqa,,16,1.67792,655.283,84.99,1.0624,20,True,,NVIDIA B200,cudnn_oss plan=sdpa_fwd_prefill_sm100[PACK_GQA=0; SCHED_POLICY=2; SPLIT_KV=1; TILE_CGA_M=2; TILE_M=128; TILE_N=128],
gpt_oss,gpt_oss_full-tp2,generation,cudnn_oss,bfloat16,bfloat16,1,1,131072,32,4,64,64,gqa,,16,0.917979,1.17,146.219,1.8277,20,True,,NVIDIA B200,cudnn_oss plan=sdpa_fwd_prefill_sm100[PACK_GQA=1; SCHED_POLICY=0; SPLIT_KV=1; TILE_CGA_M=1; TILE_M=128; TILE_N=128],
gpt_oss,gpt_oss_full-tp2,generation,cudnn_oss,bfloat16,fp8_e4m3,1,1,131072,32,4,64,64,gqa,,16,inf,0.0,0.0,,20,False,"  File ""/home/scratch.yanxu_gpu/fe-sites/computelab_trees/fe_develop_5567e2733/benchmark/attention_inference/benchmark_single_attention.py"", line 789, in main
    fn, detail = SETUPS[args.backend](args, dtype)
                 ^^^^^^^^^^^^^^^^^^^^^^^^^^^^^^^^^
  File ""/home/scratch.yanxu_gpu/fe-sites/computelab_trees/fe_develop_5567e2733/benchmark/attention_inference/benchmark_single_attention.py"", line 270, in setup_cudnn_oss
    return setup_cudnn(args, dtype, oss=True)
           ^^^^^^^^^^^^^^^^^^^^^^^^^^^^^^^^^^
  File ""/home/scratch.yanxu_gpu/fe-sites/computelab_trees/fe_develop_5567e2733/benchmark/attention_inference/benchmark_single_attention.py"", line 167, in setup_cudnn
    return setup_cudnn_fp8(args, cudnn, oss=oss)
           ^^^^^^^^^^^^^^^^^^^^^^^^^^^^^^^^^^^^^
  File ""/home/scratch.yanxu_gpu/fe-sites/computelab_trees/fe_develop_5567e2733/benchmark/attention_inference/benchmark_single_attention.py"", line 276, in setup_cudnn_fp8
    raise NotImplementedError(""sink tokens are not wired into the fp8 attention graph"")
NotImplementedError: sink tokens are not wired into the fp8 attention graph",,,
gpt_oss,gpt_oss_full-tp2,generation,cudnn_oss,bfloat16,bfloat16,128,1,131072,32,4,64,64,gqa,,16,3.940621,34.877,4359.952,54.4994,20,True,,NVIDIA B200,cudnn_oss plan=sdpa_fwd_prefill_sm100[PACK_GQA=1; SCHED_POLICY=0; SPLIT_KV=1; TILE_CGA_M=1; TILE_M=128; TILE_N=128],
gpt_oss,gpt_oss_full-tp2,generation,cudnn_oss,bfloat16,fp8_e4m3,128,1,131072,32,4,64,64,gqa,,16,inf,0.0,0.0,,20,False,"  File ""/home/scratch.yanxu_gpu/fe-sites/computelab_trees/fe_develop_5567e2733/benchmark/attention_inference/benchmark_single_attention.py"", line 789, in main
    fn, detail = SETUPS[args.backend](args, dtype)
                 ^^^^^^^^^^^^^^^^^^^^^^^^^^^^^^^^^
  File ""/home/scratch.yanxu_gpu/fe-sites/computelab_trees/fe_develop_5567e2733/benchmark/attention_inference/benchmark_single_attention.py"", line 270, in setup_cudnn_oss
    return setup_cudnn(args, dtype, oss=True)
           ^^^^^^^^^^^^^^^^^^^^^^^^^^^^^^^^^^
  File ""/home/scratch.yanxu_gpu/fe-sites/computelab_trees/fe_develop_5567e2733/benchmark/attention_inference/benchmark_single_attention.py"", line 167, in setup_cudnn
    return setup_cudnn_fp8(args, cudnn, oss=oss)
           ^^^^^^^^^^^^^^^^^^^^^^^^^^^^^^^^^^^^^
  File ""/home/scratch.yanxu_gpu/fe-sites/computelab_trees/fe_develop_5567e2733/benchmark/attention_inference/benchmark_single_attention.py"", line 276, in setup_cudnn_fp8
    raise NotImplementedError(""sink tokens are not wired into the fp8 attention graph"")
NotImplementedError: sink tokens are not wired into the fp8 attention graph",,,
gpt_oss,gpt_oss_full-tp2,generation,cudnn_oss,bfloat16,bfloat16,1,2,131072,32,4,64,64,gqa,,16,0.925074,2.321,145.106,1.8138,20,True,,NVIDIA B200,cudnn_oss plan=sdpa_fwd_prefill_sm100[PACK_GQA=1; SCHED_POLICY=0; SPLIT_KV=1; TILE_CGA_M=1; TILE_M=128; TILE_N=128],
gpt_oss,gpt_oss_full-tp2,generation,cudnn_oss,bfloat16,fp8_e4m3,1,2,131072,32,4,64,64,gqa,,16,inf,0.0,0.0,,20,False,"  File ""/home/scratch.yanxu_gpu/fe-sites/computelab_trees/fe_develop_5567e2733/benchmark/attention_inference/benchmark_single_attention.py"", line 789, in main
    fn, detail = SETUPS[args.backend](args, dtype)
                 ^^^^^^^^^^^^^^^^^^^^^^^^^^^^^^^^^
  File ""/home/scratch.yanxu_gpu/fe-sites/computelab_trees/fe_develop_5567e2733/benchmark/attention_inference/benchmark_single_attention.py"", line 270, in setup_cudnn_oss
    return setup_cudnn(args, dtype, oss=True)
           ^^^^^^^^^^^^^^^^^^^^^^^^^^^^^^^^^^
  File ""/home/scratch.yanxu_gpu/fe-sites/computelab_trees/fe_develop_5567e2733/benchmark/attention_inference/benchmark_single_attention.py"", line 167, in setup_cudnn
    return setup_cudnn_fp8(args, cudnn, oss=oss)
           ^^^^^^^^^^^^^^^^^^^^^^^^^^^^^^^^^^^^^
  File ""/home/scratch.yanxu_gpu/fe-sites/computelab_trees/fe_develop_5567e2733/benchmark/attention_inference/benchmark_single_attention.py"", line 276, in setup_cudnn_fp8
    raise NotImplementedError(""sink tokens are not wired into the fp8 attention graph"")
NotImplementedError: sink tokens are not wired into the fp8 attention graph",,,
gpt_oss,gpt_oss_full-tp2,generation,cudnn_oss,bfloat16,bfloat16,128,2,131072,32,4,64,64,gqa,,16,3.984174,68.992,4312.554,53.9069,20,True,,NVIDIA B200,cudnn_oss plan=sdpa_fwd_prefill_sm100[PACK_GQA=1; SCHED_POLICY=0; SPLIT_KV=1; TILE_CGA_M=1; TILE_M=128; TILE_N=128],
gpt_oss,gpt_oss_full-tp2,generation,cudnn_oss,bfloat16,fp8_e4m3,128,2,131072,32,4,64,64,gqa,,16,inf,0.0,0.0,,20,False,"  File ""/home/scratch.yanxu_gpu/fe-sites/computelab_trees/fe_develop_5567e2733/benchmark/attention_inference/benchmark_single_attention.py"", line 789, in main
    fn, detail = SETUPS[args.backend](args, dtype)
                 ^^^^^^^^^^^^^^^^^^^^^^^^^^^^^^^^^
  File ""/home/scratch.yanxu_gpu/fe-sites/computelab_trees/fe_develop_5567e2733/benchmark/attention_inference/benchmark_single_attention.py"", line 270, in setup_cudnn_oss
    return setup_cudnn(args, dtype, oss=True)
           ^^^^^^^^^^^^^^^^^^^^^^^^^^^^^^^^^^
  File ""/home/scratch.yanxu_gpu/fe-sites/computelab_trees/fe_develop_5567e2733/benchmark/attention_inference/benchmark_single_attention.py"", line 167, in setup_cudnn
    return setup_cudnn_fp8(args, cudnn, oss=oss)
           ^^^^^^^^^^^^^^^^^^^^^^^^^^^^^^^^^^^^^
  File ""/home/scratch.yanxu_gpu/fe-sites/computelab_trees/fe_develop_5567e2733/benchmark/attention_inference/benchmark_single_attention.py"", line 276, in setup_cudnn_fp8
    raise NotImplementedError(""sink tokens are not wired into the fp8 attention graph"")
NotImplementedError: sink tokens are not wired into the fp8 attention graph",,,
gpt_oss,gpt_oss_full-tp2,generation,cudnn_oss,bfloat16,bfloat16,1,3,131072,32,4,64,64,gqa,,16,0.924989,3.482,145.129,1.8141,20,True,,NVIDIA B200,cudnn_oss plan=sdpa_fwd_prefill_sm100[PACK_GQA=1; SCHED_POLICY=0; SPLIT_KV=1; TILE_CGA_M=1; TILE_M=128; TILE_N=128],
gpt_oss,gpt_oss_full-tp2,generation,cudnn_oss,bfloat16,fp8_e4m3,1,3,131072,32,4,64,64,gqa,,16,inf,0.0,0.0,,20,False,"  File ""/home/scratch.yanxu_gpu/fe-sites/computelab_trees/fe_develop_5567e2733/benchmark/attention_inference/benchmark_single_attention.py"", line 789, in main
    fn, detail = SETUPS[args.backend](args, dtype)
                 ^^^^^^^^^^^^^^^^^^^^^^^^^^^^^^^^^
  File ""/home/scratch.yanxu_gpu/fe-sites/computelab_trees/fe_develop_5567e2733/benchmark/attention_inference/benchmark_single_attention.py"", line 270, in setup_cudnn_oss
    return setup_cudnn(args, dtype, oss=True)
           ^^^^^^^^^^^^^^^^^^^^^^^^^^^^^^^^^^
  File ""/home/scratch.yanxu_gpu/fe-sites/computelab_trees/fe_develop_5567e2733/benchmark/attention_inference/benchmark_single_attention.py"", line 167, in setup_cudnn
    return setup_cudnn_fp8(args, cudnn, oss=oss)
           ^^^^^^^^^^^^^^^^^^^^^^^^^^^^^^^^^^^^^
  File ""/home/scratch.yanxu_gpu/fe-sites/computelab_trees/fe_develop_5567e2733/benchmark/attention_inference/benchmark_single_attention.py"", line 276, in setup_cudnn_fp8
    raise NotImplementedError(""sink tokens are not wired into the fp8 attention graph"")
NotImplementedError: sink tokens are not wired into the fp8 attention graph",,,
gpt_oss,gpt_oss_full-tp2,generation,cudnn_oss,bfloat16,bfloat16,128,3,131072,32,4,64,64,gqa,,16,4.003399,102.992,4292.107,53.6513,20,True,,NVIDIA B200,cudnn_oss plan=sdpa_fwd_prefill_sm100[PACK_GQA=1; SCHED_POLICY=0; SPLIT_KV=1; TILE_CGA_M=1; TILE_M=128; TILE_N=128],
gpt_oss,gpt_oss_full-tp2,generation,cudnn_oss,bfloat16,fp8_e4m3,128,3,131072,32,4,64,64,gqa,,16,inf,0.0,0.0,,20,False,"  File ""/home/scratch.yanxu_gpu/fe-sites/computelab_trees/fe_develop_5567e2733/benchmark/attention_inference/benchmark_single_attention.py"", line 789, in main
    fn, detail = SETUPS[args.backend](args, dtype)
                 ^^^^^^^^^^^^^^^^^^^^^^^^^^^^^^^^^
  File ""/home/scratch.yanxu_gpu/fe-sites/computelab_trees/fe_develop_5567e2733/benchmark/attention_inference/benchmark_single_attention.py"", line 270, in setup_cudnn_oss
    return setup_cudnn(args, dtype, oss=True)
           ^^^^^^^^^^^^^^^^^^^^^^^^^^^^^^^^^^
  File ""/home/scratch.yanxu_gpu/fe-sites/computelab_trees/fe_develop_5567e2733/benchmark/attention_inference/benchmark_single_attention.py"", line 167, in setup_cudnn
    return setup_cudnn_fp8(args, cudnn, oss=oss)
           ^^^^^^^^^^^^^^^^^^^^^^^^^^^^^^^^^^^^^
  File ""/home/scratch.yanxu_gpu/fe-sites/computelab_trees/fe_develop_5567e2733/benchmark/attention_inference/benchmark_single_attention.py"", line 276, in setup_cudnn_fp8
    raise NotImplementedError(""sink tokens are not wired into the fp8 attention graph"")
NotImplementedError: sink tokens are not wired into the fp8 attention graph",,,
gpt_oss,gpt_oss_full-tp2,generation,cudnn_oss,bfloat16,bfloat16,1,4,131072,32,4,64,64,gqa,,16,0.925175,4.642,145.108,1.8139,20,True,,NVIDIA B200,cudnn_oss plan=sdpa_fwd_prefill_sm100[PACK_GQA=1; SCHED_POLICY=0; SPLIT_KV=1; TILE_CGA_M=1; TILE_M=128; TILE_N=128],
gpt_oss,gpt_oss_full-tp2,generation,cudnn_oss,bfloat16,fp8_e4m3,1,4,131072,32,4,64,64,gqa,,16,inf,0.0,0.0,,20,False,"  File ""/home/scratch.yanxu_gpu/fe-sites/computelab_trees/fe_develop_5567e2733/benchmark/attention_inference/benchmark_single_attention.py"", line 789, in main
    fn, detail = SETUPS[args.backend](args, dtype)
                 ^^^^^^^^^^^^^^^^^^^^^^^^^^^^^^^^^
  File ""/home/scratch.yanxu_gpu/fe-sites/computelab_trees/fe_develop_5567e2733/benchmark/attention_inference/benchmark_single_attention.py"", line 270, in setup_cudnn_oss
    return setup_cudnn(args, dtype, oss=True)
           ^^^^^^^^^^^^^^^^^^^^^^^^^^^^^^^^^^
  File ""/home/scratch.yanxu_gpu/fe-sites/computelab_trees/fe_develop_5567e2733/benchmark/attention_inference/benchmark_single_attention.py"", line 167, in setup_cudnn
    return setup_cudnn_fp8(args, cudnn, oss=oss)
           ^^^^^^^^^^^^^^^^^^^^^^^^^^^^^^^^^^^^^
  File ""/home/scratch.yanxu_gpu/fe-sites/computelab_trees/fe_develop_5567e2733/benchmark/attention_inference/benchmark_single_attention.py"", line 276, in setup_cudnn_fp8
    raise NotImplementedError(""sink tokens are not wired into the fp8 attention graph"")
NotImplementedError: sink tokens are not wired into the fp8 attention graph",,,
gpt_oss,gpt_oss_full-tp2,generation,cudnn_oss,bfloat16,bfloat16,128,4,131072,32,4,64,64,gqa,,16,4.018454,136.808,4276.287,53.4536,20,True,,NVIDIA B200,cudnn_oss plan=sdpa_fwd_prefill_sm100[PACK_GQA=1; SCHED_POLICY=0; SPLIT_KV=1; TILE_CGA_M=1; TILE_M=128; TILE_N=128],
gpt_oss,gpt_oss_full-tp2,generation,cudnn_oss,bfloat16,fp8_e4m3,128,4,131072,32,4,64,64,gqa,,16,inf,0.0,0.0,,20,False,"  File ""/home/scratch.yanxu_gpu/fe-sites/computelab_trees/fe_develop_5567e2733/benchmark/attention_inference/benchmark_single_attention.py"", line 789, in main
    fn, detail = SETUPS[args.backend](args, dtype)
                 ^^^^^^^^^^^^^^^^^^^^^^^^^^^^^^^^^
  File ""/home/scratch.yanxu_gpu/fe-sites/computelab_trees/fe_develop_5567e2733/benchmark/attention_inference/benchmark_single_attention.py"", line 270, in setup_cudnn_oss
    return setup_cudnn(args, dtype, oss=True)
           ^^^^^^^^^^^^^^^^^^^^^^^^^^^^^^^^^^
  File ""/home/scratch.yanxu_gpu/fe-sites/computelab_trees/fe_develop_5567e2733/benchmark/attention_inference/benchmark_single_attention.py"", line 167, in setup_cudnn
    return setup_cudnn_fp8(args, cudnn, oss=oss)
           ^^^^^^^^^^^^^^^^^^^^^^^^^^^^^^^^^^^^^
  File ""/home/scratch.yanxu_gpu/fe-sites/computelab_trees/fe_develop_5567e2733/benchmark/attention_inference/benchmark_single_attention.py"", line 276, in setup_cudnn_fp8
    raise NotImplementedError(""sink tokens are not wired into the fp8 attention graph"")
NotImplementedError: sink tokens are not wired into the fp8 attention graph",,,
gpt_oss,gpt_oss_full-tp4,context,cudnn,bfloat16,bfloat16,1,2048,2048,16,2,64,64,gqa,,16,0.026497,324.185,356.16,4.452,20,True,,NVIDIA B200,cudnn 9.27.0,
gpt_oss,gpt_oss_full-tp4,context,cudnn,bfloat16,bfloat16,1,8192,8192,16,2,64,64,gqa,,16,0.157824,870.837,239.182,2.9898,20,True,,NVIDIA B200,cudnn 9.27.0,
gpt_oss,gpt_oss_full-tp4,context,cudnn,bfloat16,bfloat16,1,32768,32768,16,2,64,64,gqa,,16,2.211758,994.242,68.269,0.8534,20,True,,NVIDIA B200,cudnn 9.27.0,
gpt_oss,gpt_oss_full-tp4,context,cudnn,bfloat16,bfloat16,1,512,65536,16,2,64,64,gqa,,16,0.663612,207.107,53.724,0.6715,20,True,,NVIDIA B200,cudnn 9.27.0,
gpt_oss,gpt_oss_full-tp4,context,cudnn,bfloat16,bfloat16,1,512,131072,16,2,64,64,gqa,,16,1.319734,208.283,52.439,0.6555,20,True,,NVIDIA B200,cudnn 9.27.0,
gpt_oss,gpt_oss_full-tp4,context,cudnn,bfloat16,bfloat16,1,1024,65536,16,2,64,64,gqa,,16,0.664318,413.775,56.823,0.7103,20,True,,NVIDIA B200,cudnn 9.27.0,
gpt_oss,gpt_oss_full-tp4,context,cudnn,bfloat16,bfloat16,1,1024,131072,16,2,64,64,gqa,,16,1.320397,416.356,54.001,0.675,20,True,,NVIDIA B200,cudnn 9.27.0,
gpt_oss,gpt_oss_full-tp4,generation,cudnn,bfloat16,bfloat16,1,1,131072,16,2,64,64,gqa,,16,inf,0.0,0.0,,20,False,"  import pynvml  # type: ignore[import]
Traceback (most recent call last):
  File ""/home/scratch.yanxu_gpu/fe-sites/computelab_trees/fe_develop_5567e2733/benchmark/attention_inference/benchmark_single_attention.py"", line 824, in <module>
    main()
  File ""/home/scratch.yanxu_gpu/fe-sites/computelab_trees/fe_develop_5567e2733/benchmark/attention_inference/benchmark_single_attention.py"", line 789, in main
    fn, detail = SETUPS[args.backend](args, dtype)
                 ^^^^^^^^^^^^^^^^^^^^^^^^^^^^^^^^^
  File ""/home/scratch.yanxu_gpu/fe-sites/computelab_trees/fe_develop_5567e2733/benchmark/attention_inference/benchmark_single_attention.py"", line 224, in setup_cudnn
    graph.validate()
  File ""/home/scratch.yanxu_gpu/fe-sites/computelab_trees/fe_develop_5567e2733/python/cudnn/_pygraph.py"", line 891, in validate
    self._lowered_graph.validate()
cudnn._compiled_module.cudnnGraphNotSupportedError: decode only mode, i.e. s_q == 1, not supported with sink_token",,,
gpt_oss,gpt_oss_full-tp4,generation,cudnn,bfloat16,fp8_e4m3,1,1,131072,16,2,64,64,gqa,,16,inf,0.0,0.0,,20,False,"Traceback (most recent call last):
  File ""/home/scratch.yanxu_gpu/fe-sites/computelab_trees/fe_develop_5567e2733/benchmark/attention_inference/benchmark_single_attention.py"", line 824, in <module>
    main()
  File ""/home/scratch.yanxu_gpu/fe-sites/computelab_trees/fe_develop_5567e2733/benchmark/attention_inference/benchmark_single_attention.py"", line 789, in main
    fn, detail = SETUPS[args.backend](args, dtype)
                 ^^^^^^^^^^^^^^^^^^^^^^^^^^^^^^^^^
  File ""/home/scratch.yanxu_gpu/fe-sites/computelab_trees/fe_develop_5567e2733/benchmark/attention_inference/benchmark_single_attention.py"", line 167, in setup_cudnn
    return setup_cudnn_fp8(args, cudnn, oss=oss)
           ^^^^^^^^^^^^^^^^^^^^^^^^^^^^^^^^^^^^^
  File ""/home/scratch.yanxu_gpu/fe-sites/computelab_trees/fe_develop_5567e2733/benchmark/attention_inference/benchmark_single_attention.py"", line 276, in setup_cudnn_fp8
    raise NotImplementedError(""sink tokens are not wired into the fp8 attention graph"")
NotImplementedError: sink tokens are not wired into the fp8 attention graph",,,
gpt_oss,gpt_oss_full-tp4,generation,cudnn,bfloat16,bfloat16,128,1,131072,16,2,64,64,gqa,,16,inf,0.0,0.0,,20,False,"  import pynvml  # type: ignore[import]
Traceback (most recent call last):
  File ""/home/scratch.yanxu_gpu/fe-sites/computelab_trees/fe_develop_5567e2733/benchmark/attention_inference/benchmark_single_attention.py"", line 824, in <module>
    main()
  File ""/home/scratch.yanxu_gpu/fe-sites/computelab_trees/fe_develop_5567e2733/benchmark/attention_inference/benchmark_single_attention.py"", line 789, in main
    fn, detail = SETUPS[args.backend](args, dtype)
                 ^^^^^^^^^^^^^^^^^^^^^^^^^^^^^^^^^
  File ""/home/scratch.yanxu_gpu/fe-sites/computelab_trees/fe_develop_5567e2733/benchmark/attention_inference/benchmark_single_attention.py"", line 224, in setup_cudnn
    graph.validate()
  File ""/home/scratch.yanxu_gpu/fe-sites/computelab_trees/fe_develop_5567e2733/python/cudnn/_pygraph.py"", line 891, in validate
    self._lowered_graph.validate()
cudnn._compiled_module.cudnnGraphNotSupportedError: decode only mode, i.e. s_q == 1, not supported with sink_token",,,
gpt_oss,gpt_oss_full-tp4,generation,cudnn,bfloat16,fp8_e4m3,128,1,131072,16,2,64,64,gqa,,16,inf,0.0,0.0,,20,False,"Traceback (most recent call last):
  File ""/home/scratch.yanxu_gpu/fe-sites/computelab_trees/fe_develop_5567e2733/benchmark/attention_inference/benchmark_single_attention.py"", line 824, in <module>
    main()
  File ""/home/scratch.yanxu_gpu/fe-sites/computelab_trees/fe_develop_5567e2733/benchmark/attention_inference/benchmark_single_attention.py"", line 789, in main
    fn, detail = SETUPS[args.backend](args, dtype)
                 ^^^^^^^^^^^^^^^^^^^^^^^^^^^^^^^^^
  File ""/home/scratch.yanxu_gpu/fe-sites/computelab_trees/fe_develop_5567e2733/benchmark/attention_inference/benchmark_single_attention.py"", line 167, in setup_cudnn
    return setup_cudnn_fp8(args, cudnn, oss=oss)
           ^^^^^^^^^^^^^^^^^^^^^^^^^^^^^^^^^^^^^
  File ""/home/scratch.yanxu_gpu/fe-sites/computelab_trees/fe_develop_5567e2733/benchmark/attention_inference/benchmark_single_attention.py"", line 276, in setup_cudnn_fp8
    raise NotImplementedError(""sink tokens are not wired into the fp8 attention graph"")
NotImplementedError: sink tokens are not wired into the fp8 attention graph",,,
gpt_oss,gpt_oss_full-tp4,generation,cudnn,bfloat16,bfloat16,1,2,131072,16,2,64,64,gqa,,16,2.509805,0.428,26.742,0.3343,20,True,,NVIDIA B200,cudnn 9.27.0,
gpt_oss,gpt_oss_full-tp4,generation,cudnn,bfloat16,fp8_e4m3,1,2,131072,16,2,64,64,gqa,,16,inf,0.0,0.0,,20,False,"Traceback (most recent call last):
  File ""/home/scratch.yanxu_gpu/fe-sites/computelab_trees/fe_develop_5567e2733/benchmark/attention_inference/benchmark_single_attention.py"", line 824, in <module>
    main()
  File ""/home/scratch.yanxu_gpu/fe-sites/computelab_trees/fe_develop_5567e2733/benchmark/attention_inference/benchmark_single_attention.py"", line 789, in main
    fn, detail = SETUPS[args.backend](args, dtype)
                 ^^^^^^^^^^^^^^^^^^^^^^^^^^^^^^^^^
  File ""/home/scratch.yanxu_gpu/fe-sites/computelab_trees/fe_develop_5567e2733/benchmark/attention_inference/benchmark_single_attention.py"", line 167, in setup_cudnn
    return setup_cudnn_fp8(args, cudnn, oss=oss)
           ^^^^^^^^^^^^^^^^^^^^^^^^^^^^^^^^^^^^^
  File ""/home/scratch.yanxu_gpu/fe-sites/computelab_trees/fe_develop_5567e2733/benchmark/attention_inference/benchmark_single_attention.py"", line 276, in setup_cudnn_fp8
    raise NotImplementedError(""sink tokens are not wired into the fp8 attention graph"")
NotImplementedError: sink tokens are not wired into the fp8 attention graph",,,
gpt_oss,gpt_oss_full-tp4,generation,cudnn,bfloat16,bfloat16,128,2,131072,16,2,64,64,gqa,,16,27.961689,4.915,307.241,3.8405,20,True,,NVIDIA B200,cudnn 9.27.0,
gpt_oss,gpt_oss_full-tp4,generation,cudnn,bfloat16,fp8_e4m3,128,2,131072,16,2,64,64,gqa,,16,inf,0.0,0.0,,20,False,"Traceback (most recent call last):
  File ""/home/scratch.yanxu_gpu/fe-sites/computelab_trees/fe_develop_5567e2733/benchmark/attention_inference/benchmark_single_attention.py"", line 824, in <module>
    main()
  File ""/home/scratch.yanxu_gpu/fe-sites/computelab_trees/fe_develop_5567e2733/benchmark/attention_inference/benchmark_single_attention.py"", line 789, in main
    fn, detail = SETUPS[args.backend](args, dtype)
                 ^^^^^^^^^^^^^^^^^^^^^^^^^^^^^^^^^
  File ""/home/scratch.yanxu_gpu/fe-sites/computelab_trees/fe_develop_5567e2733/benchmark/attention_inference/benchmark_single_attention.py"", line 167, in setup_cudnn
    return setup_cudnn_fp8(args, cudnn, oss=oss)
           ^^^^^^^^^^^^^^^^^^^^^^^^^^^^^^^^^^^^^
  File ""/home/scratch.yanxu_gpu/fe-sites/computelab_trees/fe_develop_5567e2733/benchmark/attention_inference/benchmark_single_attention.py"", line 276, in setup_cudnn_fp8
    raise NotImplementedError(""sink tokens are not wired into the fp8 attention graph"")
NotImplementedError: sink tokens are not wired into the fp8 attention graph",,,
gpt_oss,gpt_oss_full-tp4,generation,cudnn,bfloat16,bfloat16,1,3,131072,16,2,64,64,gqa,,16,2.508251,0.642,26.76,0.3345,20,True,,NVIDIA B200,cudnn 9.27.0,
gpt_oss,gpt_oss_full-tp4,generation,cudnn,bfloat16,fp8_e4m3,1,3,131072,16,2,64,64,gqa,,16,inf,0.0,0.0,,20,False,"Traceback (most recent call last):
  File ""/home/scratch.yanxu_gpu/fe-sites/computelab_trees/fe_develop_5567e2733/benchmark/attention_inference/benchmark_single_attention.py"", line 824, in <module>
    main()
  File ""/home/scratch.yanxu_gpu/fe-sites/computelab_trees/fe_develop_5567e2733/benchmark/attention_inference/benchmark_single_attention.py"", line 789, in main
    fn, detail = SETUPS[args.backend](args, dtype)
                 ^^^^^^^^^^^^^^^^^^^^^^^^^^^^^^^^^
  File ""/home/scratch.yanxu_gpu/fe-sites/computelab_trees/fe_develop_5567e2733/benchmark/attention_inference/benchmark_single_attention.py"", line 167, in setup_cudnn
    return setup_cudnn_fp8(args, cudnn, oss=oss)
           ^^^^^^^^^^^^^^^^^^^^^^^^^^^^^^^^^^^^^
  File ""/home/scratch.yanxu_gpu/fe-sites/computelab_trees/fe_develop_5567e2733/benchmark/attention_inference/benchmark_single_attention.py"", line 276, in setup_cudnn_fp8
    raise NotImplementedError(""sink tokens are not wired into the fp8 attention graph"")
NotImplementedError: sink tokens are not wired into the fp8 attention graph",,,
gpt_oss,gpt_oss_full-tp4,generation,cudnn,bfloat16,bfloat16,128,3,131072,16,2,64,64,gqa,,16,27.963017,7.373,307.245,3.8406,20,True,,NVIDIA B200,cudnn 9.27.0,
gpt_oss,gpt_oss_full-tp4,generation,cudnn,bfloat16,fp8_e4m3,128,3,131072,16,2,64,64,gqa,,16,inf,0.0,0.0,,20,False,"Traceback (most recent call last):
  File ""/home/scratch.yanxu_gpu/fe-sites/computelab_trees/fe_develop_5567e2733/benchmark/attention_inference/benchmark_single_attention.py"", line 824, in <module>
    main()
  File ""/home/scratch.yanxu_gpu/fe-sites/computelab_trees/fe_develop_5567e2733/benchmark/attention_inference/benchmark_single_attention.py"", line 789, in main
    fn, detail = SETUPS[args.backend](args, dtype)
                 ^^^^^^^^^^^^^^^^^^^^^^^^^^^^^^^^^
  File ""/home/scratch.yanxu_gpu/fe-sites/computelab_trees/fe_develop_5567e2733/benchmark/attention_inference/benchmark_single_attention.py"", line 167, in setup_cudnn
    return setup_cudnn_fp8(args, cudnn, oss=oss)
           ^^^^^^^^^^^^^^^^^^^^^^^^^^^^^^^^^^^^^
  File ""/home/scratch.yanxu_gpu/fe-sites/computelab_trees/fe_develop_5567e2733/benchmark/attention_inference/benchmark_single_attention.py"", line 276, in setup_cudnn_fp8
    raise NotImplementedError(""sink tokens are not wired into the fp8 attention graph"")
NotImplementedError: sink tokens are not wired into the fp8 attention graph",,,
gpt_oss,gpt_oss_full-tp4,generation,cudnn,bfloat16,bfloat16,1,4,131072,16,2,64,64,gqa,,16,2.508125,0.856,26.763,0.3345,20,True,,NVIDIA B200,cudnn 9.27.0,
gpt_oss,gpt_oss_full-tp4,generation,cudnn,bfloat16,fp8_e4m3,1,4,131072,16,2,64,64,gqa,,16,inf,0.0,0.0,,20,False,"Traceback (most recent call last):
  File ""/home/scratch.yanxu_gpu/fe-sites/computelab_trees/fe_develop_5567e2733/benchmark/attention_inference/benchmark_single_attention.py"", line 824, in <module>
    main()
  File ""/home/scratch.yanxu_gpu/fe-sites/computelab_trees/fe_develop_5567e2733/benchmark/attention_inference/benchmark_single_attention.py"", line 789, in main
    fn, detail = SETUPS[args.backend](args, dtype)
                 ^^^^^^^^^^^^^^^^^^^^^^^^^^^^^^^^^
  File ""/home/scratch.yanxu_gpu/fe-sites/computelab_trees/fe_develop_5567e2733/benchmark/attention_inference/benchmark_single_attention.py"", line 167, in setup_cudnn
    return setup_cudnn_fp8(args, cudnn, oss=oss)
           ^^^^^^^^^^^^^^^^^^^^^^^^^^^^^^^^^^^^^
  File ""/home/scratch.yanxu_gpu/fe-sites/computelab_trees/fe_develop_5567e2733/benchmark/attention_inference/benchmark_single_attention.py"", line 276, in setup_cudnn_fp8
    raise NotImplementedError(""sink tokens are not wired into the fp8 attention graph"")
NotImplementedError: sink tokens are not wired into the fp8 attention graph",,,
gpt_oss,gpt_oss_full-tp4,generation,cudnn,bfloat16,bfloat16,128,4,131072,16,2,64,64,gqa,,16,27.96421,9.83,307.251,3.8406,20,True,,NVIDIA B200,cudnn 9.27.0,
gpt_oss,gpt_oss_full-tp4,generation,cudnn,bfloat16,fp8_e4m3,128,4,131072,16,2,64,64,gqa,,16,inf,0.0,0.0,,20,False,"Traceback (most recent call last):
  File ""/home/scratch.yanxu_gpu/fe-sites/computelab_trees/fe_develop_5567e2733/benchmark/attention_inference/benchmark_single_attention.py"", line 824, in <module>
    main()
  File ""/home/scratch.yanxu_gpu/fe-sites/computelab_trees/fe_develop_5567e2733/benchmark/attention_inference/benchmark_single_attention.py"", line 789, in main
    fn, detail = SETUPS[args.backend](args, dtype)
                 ^^^^^^^^^^^^^^^^^^^^^^^^^^^^^^^^^
  File ""/home/scratch.yanxu_gpu/fe-sites/computelab_trees/fe_develop_5567e2733/benchmark/attention_inference/benchmark_single_attention.py"", line 167, in setup_cudnn
    return setup_cudnn_fp8(args, cudnn, oss=oss)
           ^^^^^^^^^^^^^^^^^^^^^^^^^^^^^^^^^^^^^
  File ""/home/scratch.yanxu_gpu/fe-sites/computelab_trees/fe_develop_5567e2733/benchmark/attention_inference/benchmark_single_attention.py"", line 276, in setup_cudnn_fp8
    raise NotImplementedError(""sink tokens are not wired into the fp8 attention graph"")
NotImplementedError: sink tokens are not wired into the fp8 attention graph",,,
gpt_oss,gpt_oss_full-tp4,context,cudnn_oss,bfloat16,bfloat16,1,2048,2048,16,2,64,64,gqa,,16,0.036479,235.476,258.702,3.2338,20,True,,NVIDIA B200,cudnn_oss plan=sdpa_fwd_prefill_sm100[PACK_GQA=0; SCHED_POLICY=2; SPLIT_KV=1; TILE_CGA_M=2; TILE_M=128; TILE_N=128],
gpt_oss,gpt_oss_full-tp4,context,cudnn_oss,bfloat16,bfloat16,1,8192,8192,16,2,64,64,gqa,,16,0.22336,615.325,169.004,2.1126,20,True,,NVIDIA B200,cudnn_oss plan=sdpa_fwd_prefill_sm100[PACK_GQA=0; SCHED_POLICY=2; SPLIT_KV=1; TILE_CGA_M=2; TILE_M=128; TILE_N=128],
gpt_oss,gpt_oss_full-tp4,context,cudnn_oss,bfloat16,bfloat16,1,32768,32768,16,2,64,64,gqa,,16,2.956356,743.829,51.075,0.6384,20,True,,NVIDIA B200,cudnn_oss plan=sdpa_fwd_prefill_sm100[PACK_GQA=0; SCHED_POLICY=2; SPLIT_KV=1; TILE_CGA_M=2; TILE_M=128; TILE_N=128],
gpt_oss,gpt_oss_full-tp4,context,cudnn_oss,bfloat16,bfloat16,1,512,65536,16,2,64,64,gqa,,16,0.837592,164.088,42.564,0.5321,20,True,,NVIDIA B200,cudnn_oss plan=sdpa_fwd_prefill_sm100[PACK_GQA=0; SCHED_POLICY=2; SPLIT_KV=1; TILE_CGA_M=2; TILE_M=128; TILE_N=128],
gpt_oss,gpt_oss_full-tp4,context,cudnn_oss,bfloat16,bfloat16,1,512,131072,16,2,64,64,gqa,,16,1.666166,164.976,41.536,0.5192,20,True,,NVIDIA B200,cudnn_oss plan=sdpa_fwd_prefill_sm100[PACK_GQA=0; SCHED_POLICY=2; SPLIT_KV=1; TILE_CGA_M=2; TILE_M=128; TILE_N=128],
gpt_oss,gpt_oss_full-tp4,context,cudnn_oss,bfloat16,bfloat16,1,1024,65536,16,2,64,64,gqa,,16,0.838861,327.68,45.0,0.5625,20,True,,NVIDIA B200,cudnn_oss plan=sdpa_fwd_prefill_sm100[PACK_GQA=0; SCHED_POLICY=2; SPLIT_KV=1; TILE_CGA_M=2; TILE_M=128; TILE_N=128],
gpt_oss,gpt_oss_full-tp4,context,cudnn_oss,bfloat16,bfloat16,1,1024,131072,16,2,64,64,gqa,,16,1.668526,329.486,42.734,0.5342,20,True,,NVIDIA B200,cudnn_oss plan=sdpa_fwd_prefill_sm100[PACK_GQA=0; SCHED_POLICY=2; SPLIT_KV=1; TILE_CGA_M=2; TILE_M=128; TILE_N=128],
gpt_oss,gpt_oss_full-tp4,generation,cudnn_oss,bfloat16,bfloat16,1,1,131072,16,2,64,64,gqa,,16,0.917921,0.585,73.114,0.9139,20,True,,NVIDIA B200,cudnn_oss plan=sdpa_fwd_prefill_sm100[PACK_GQA=1; SCHED_POLICY=0; SPLIT_KV=1; TILE_CGA_M=1; TILE_M=128; TILE_N=128],
gpt_oss,gpt_oss_full-tp4,generation,cudnn_oss,bfloat16,fp8_e4m3,1,1,131072,16,2,64,64,gqa,,16,inf,0.0,0.0,,20,False,"  File ""/home/scratch.yanxu_gpu/fe-sites/computelab_trees/fe_develop_5567e2733/benchmark/attention_inference/benchmark_single_attention.py"", line 789, in main
    fn, detail = SETUPS[args.backend](args, dtype)
                 ^^^^^^^^^^^^^^^^^^^^^^^^^^^^^^^^^
  File ""/home/scratch.yanxu_gpu/fe-sites/computelab_trees/fe_develop_5567e2733/benchmark/attention_inference/benchmark_single_attention.py"", line 270, in setup_cudnn_oss
    return setup_cudnn(args, dtype, oss=True)
           ^^^^^^^^^^^^^^^^^^^^^^^^^^^^^^^^^^
  File ""/home/scratch.yanxu_gpu/fe-sites/computelab_trees/fe_develop_5567e2733/benchmark/attention_inference/benchmark_single_attention.py"", line 167, in setup_cudnn
    return setup_cudnn_fp8(args, cudnn, oss=oss)
           ^^^^^^^^^^^^^^^^^^^^^^^^^^^^^^^^^^^^^
  File ""/home/scratch.yanxu_gpu/fe-sites/computelab_trees/fe_develop_5567e2733/benchmark/attention_inference/benchmark_single_attention.py"", line 276, in setup_cudnn_fp8
    raise NotImplementedError(""sink tokens are not wired into the fp8 attention graph"")
NotImplementedError: sink tokens are not wired into the fp8 attention graph",,,
gpt_oss,gpt_oss_full-tp4,generation,cudnn_oss,bfloat16,bfloat16,128,1,131072,16,2,64,64,gqa,,16,1.925662,35.686,4461.042,55.763,20,True,,NVIDIA B200,cudnn_oss plan=sdpa_fwd_prefill_sm100[PACK_GQA=1; SCHED_POLICY=0; SPLIT_KV=1; TILE_CGA_M=1; TILE_M=128; TILE_N=128],
gpt_oss,gpt_oss_full-tp4,generation,cudnn_oss,bfloat16,fp8_e4m3,128,1,131072,16,2,64,64,gqa,,16,inf,0.0,0.0,,20,False,"  File ""/home/scratch.yanxu_gpu/fe-sites/computelab_trees/fe_develop_5567e2733/benchmark/attention_inference/benchmark_single_attention.py"", line 789, in main
    fn, detail = SETUPS[args.backend](args, dtype)
                 ^^^^^^^^^^^^^^^^^^^^^^^^^^^^^^^^^
  File ""/home/scratch.yanxu_gpu/fe-sites/computelab_trees/fe_develop_5567e2733/benchmark/attention_inference/benchmark_single_attention.py"", line 270, in setup_cudnn_oss
    return setup_cudnn(args, dtype, oss=True)
           ^^^^^^^^^^^^^^^^^^^^^^^^^^^^^^^^^^
  File ""/home/scratch.yanxu_gpu/fe-sites/computelab_trees/fe_develop_5567e2733/benchmark/attention_inference/benchmark_single_attention.py"", line 167, in setup_cudnn
    return setup_cudnn_fp8(args, cudnn, oss=oss)
           ^^^^^^^^^^^^^^^^^^^^^^^^^^^^^^^^^^^^^
  File ""/home/scratch.yanxu_gpu/fe-sites/computelab_trees/fe_develop_5567e2733/benchmark/attention_inference/benchmark_single_attention.py"", line 276, in setup_cudnn_fp8
    raise NotImplementedError(""sink tokens are not wired into the fp8 attention graph"")
NotImplementedError: sink tokens are not wired into the fp8 attention graph",,,
gpt_oss,gpt_oss_full-tp4,generation,cudnn_oss,bfloat16,bfloat16,1,2,131072,16,2,64,64,gqa,,16,0.925115,1.161,72.55,0.9069,20,True,,NVIDIA B200,cudnn_oss plan=sdpa_fwd_prefill_sm100[PACK_GQA=1; SCHED_POLICY=0; SPLIT_KV=1; TILE_CGA_M=1; TILE_M=128; TILE_N=128],
gpt_oss,gpt_oss_full-tp4,generation,cudnn_oss,bfloat16,fp8_e4m3,1,2,131072,16,2,64,64,gqa,,16,inf,0.0,0.0,,20,False,"  File ""/home/scratch.yanxu_gpu/fe-sites/computelab_trees/fe_develop_5567e2733/benchmark/attention_inference/benchmark_single_attention.py"", line 789, in main
    fn, detail = SETUPS[args.backend](args, dtype)
                 ^^^^^^^^^^^^^^^^^^^^^^^^^^^^^^^^^
  File ""/home/scratch.yanxu_gpu/fe-sites/computelab_trees/fe_develop_5567e2733/benchmark/attention_inference/benchmark_single_attention.py"", line 270, in setup_cudnn_oss
    return setup_cudnn(args, dtype, oss=True)
           ^^^^^^^^^^^^^^^^^^^^^^^^^^^^^^^^^^
  File ""/home/scratch.yanxu_gpu/fe-sites/computelab_trees/fe_develop_5567e2733/benchmark/attention_inference/benchmark_single_attention.py"", line 167, in setup_cudnn
    return setup_cudnn_fp8(args, cudnn, oss=oss)
           ^^^^^^^^^^^^^^^^^^^^^^^^^^^^^^^^^^^^^
  File ""/home/scratch.yanxu_gpu/fe-sites/computelab_trees/fe_develop_5567e2733/benchmark/attention_inference/benchmark_single_attention.py"", line 276, in setup_cudnn_fp8
    raise NotImplementedError(""sink tokens are not wired into the fp8 attention graph"")
NotImplementedError: sink tokens are not wired into the fp8 attention graph",,,
gpt_oss,gpt_oss_full-tp4,generation,cudnn_oss,bfloat16,bfloat16,128,2,131072,16,2,64,64,gqa,,16,1.941651,70.785,4424.576,55.3072,20,True,,NVIDIA B200,cudnn_oss plan=sdpa_fwd_prefill_sm100[PACK_GQA=1; SCHED_POLICY=0; SPLIT_KV=1; TILE_CGA_M=1; TILE_M=128; TILE_N=128],
gpt_oss,gpt_oss_full-tp4,generation,cudnn_oss,bfloat16,fp8_e4m3,128,2,131072,16,2,64,64,gqa,,16,inf,0.0,0.0,,20,False,"  File ""/home/scratch.yanxu_gpu/fe-sites/computelab_trees/fe_develop_5567e2733/benchmark/attention_inference/benchmark_single_attention.py"", line 789, in main
    fn, detail = SETUPS[args.backend](args, dtype)
                 ^^^^^^^^^^^^^^^^^^^^^^^^^^^^^^^^^
  File ""/home/scratch.yanxu_gpu/fe-sites/computelab_trees/fe_develop_5567e2733/benchmark/attention_inference/benchmark_single_attention.py"", line 270, in setup_cudnn_oss
    return setup_cudnn(args, dtype, oss=True)
           ^^^^^^^^^^^^^^^^^^^^^^^^^^^^^^^^^^
  File ""/home/scratch.yanxu_gpu/fe-sites/computelab_trees/fe_develop_5567e2733/benchmark/attention_inference/benchmark_single_attention.py"", line 167, in setup_cudnn
    return setup_cudnn_fp8(args, cudnn, oss=oss)
           ^^^^^^^^^^^^^^^^^^^^^^^^^^^^^^^^^^^^^
  File ""/home/scratch.yanxu_gpu/fe-sites/computelab_trees/fe_develop_5567e2733/benchmark/attention_inference/benchmark_single_attention.py"", line 276, in setup_cudnn_fp8
    raise NotImplementedError(""sink tokens are not wired into the fp8 attention graph"")
NotImplementedError: sink tokens are not wired into the fp8 attention graph",,,
gpt_oss,gpt_oss_full-tp4,generation,cudnn_oss,bfloat16,bfloat16,1,3,131072,16,2,64,64,gqa,,16,0.925022,1.741,72.562,0.907,20,True,,NVIDIA B200,cudnn_oss plan=sdpa_fwd_prefill_sm100[PACK_GQA=1; SCHED_POLICY=0; SPLIT_KV=1; TILE_CGA_M=1; TILE_M=128; TILE_N=128],
gpt_oss,gpt_oss_full-tp4,generation,cudnn_oss,bfloat16,fp8_e4m3,1,3,131072,16,2,64,64,gqa,,16,inf,0.0,0.0,,20,False,"  File ""/home/scratch.yanxu_gpu/fe-sites/computelab_trees/fe_develop_5567e2733/benchmark/attention_inference/benchmark_single_attention.py"", line 789, in main
    fn, detail = SETUPS[args.backend](args, dtype)
                 ^^^^^^^^^^^^^^^^^^^^^^^^^^^^^^^^^
  File ""/home/scratch.yanxu_gpu/fe-sites/computelab_trees/fe_develop_5567e2733/benchmark/attention_inference/benchmark_single_attention.py"", line 270, in setup_cudnn_oss
    return setup_cudnn(args, dtype, oss=True)
           ^^^^^^^^^^^^^^^^^^^^^^^^^^^^^^^^^^
  File ""/home/scratch.yanxu_gpu/fe-sites/computelab_trees/fe_develop_5567e2733/benchmark/attention_inference/benchmark_single_attention.py"", line 167, in setup_cudnn
    return setup_cudnn_fp8(args, cudnn, oss=oss)
           ^^^^^^^^^^^^^^^^^^^^^^^^^^^^^^^^^^^^^
  File ""/home/scratch.yanxu_gpu/fe-sites/computelab_trees/fe_develop_5567e2733/benchmark/attention_inference/benchmark_single_attention.py"", line 276, in setup_cudnn_fp8
    raise NotImplementedError(""sink tokens are not wired into the fp8 attention graph"")
NotImplementedError: sink tokens are not wired into the fp8 attention graph",,,
gpt_oss,gpt_oss_full-tp4,generation,cudnn_oss,bfloat16,bfloat16,128,3,131072,16,2,64,64,gqa,,16,1.948027,105.829,4410.364,55.1295,20,True,,NVIDIA B200,cudnn_oss plan=sdpa_fwd_prefill_sm100[PACK_GQA=1; SCHED_POLICY=0; SPLIT_KV=1; TILE_CGA_M=1; TILE_M=128; TILE_N=128],
gpt_oss,gpt_oss_full-tp4,generation,cudnn_oss,bfloat16,fp8_e4m3,128,3,131072,16,2,64,64,gqa,,16,inf,0.0,0.0,,20,False,"  File ""/home/scratch.yanxu_gpu/fe-sites/computelab_trees/fe_develop_5567e2733/benchmark/attention_inference/benchmark_single_attention.py"", line 789, in main
    fn, detail = SETUPS[args.backend](args, dtype)
                 ^^^^^^^^^^^^^^^^^^^^^^^^^^^^^^^^^
  File ""/home/scratch.yanxu_gpu/fe-sites/computelab_trees/fe_develop_5567e2733/benchmark/attention_inference/benchmark_single_attention.py"", line 270, in setup_cudnn_oss
    return setup_cudnn(args, dtype, oss=True)
           ^^^^^^^^^^^^^^^^^^^^^^^^^^^^^^^^^^
  File ""/home/scratch.yanxu_gpu/fe-sites/computelab_trees/fe_develop_5567e2733/benchmark/attention_inference/benchmark_single_attention.py"", line 167, in setup_cudnn
    return setup_cudnn_fp8(args, cudnn, oss=oss)
           ^^^^^^^^^^^^^^^^^^^^^^^^^^^^^^^^^^^^^
  File ""/home/scratch.yanxu_gpu/fe-sites/computelab_trees/fe_develop_5567e2733/benchmark/attention_inference/benchmark_single_attention.py"", line 276, in setup_cudnn_fp8
    raise NotImplementedError(""sink tokens are not wired into the fp8 attention graph"")
NotImplementedError: sink tokens are not wired into the fp8 attention graph",,,
gpt_oss,gpt_oss_full-tp4,generation,cudnn_oss,bfloat16,bfloat16,1,4,131072,16,2,64,64,gqa,,16,0.925057,2.321,72.563,0.907,20,True,,NVIDIA B200,cudnn_oss plan=sdpa_fwd_prefill_sm100[PACK_GQA=1; SCHED_POLICY=0; SPLIT_KV=1; TILE_CGA_M=1; TILE_M=128; TILE_N=128],
gpt_oss,gpt_oss_full-tp4,generation,cudnn_oss,bfloat16,fp8_e4m3,1,4,131072,16,2,64,64,gqa,,16,inf,0.0,0.0,,20,False,"  File ""/home/scratch.yanxu_gpu/fe-sites/computelab_trees/fe_develop_5567e2733/benchmark/attention_inference/benchmark_single_attention.py"", line 789, in main
    fn, detail = SETUPS[args.backend](args, dtype)
                 ^^^^^^^^^^^^^^^^^^^^^^^^^^^^^^^^^
  File ""/home/scratch.yanxu_gpu/fe-sites/computelab_trees/fe_develop_5567e2733/benchmark/attention_inference/benchmark_single_attention.py"", line 270, in setup_cudnn_oss
    return setup_cudnn(args, dtype, oss=True)
           ^^^^^^^^^^^^^^^^^^^^^^^^^^^^^^^^^^
  File ""/home/scratch.yanxu_gpu/fe-sites/computelab_trees/fe_develop_5567e2733/benchmark/attention_inference/benchmark_single_attention.py"", line 167, in setup_cudnn
    return setup_cudnn_fp8(args, cudnn, oss=oss)
           ^^^^^^^^^^^^^^^^^^^^^^^^^^^^^^^^^^^^^
  File ""/home/scratch.yanxu_gpu/fe-sites/computelab_trees/fe_develop_5567e2733/benchmark/attention_inference/benchmark_single_attention.py"", line 276, in setup_cudnn_fp8
    raise NotImplementedError(""sink tokens are not wired into the fp8 attention graph"")
NotImplementedError: sink tokens are not wired into the fp8 attention graph",,,
gpt_oss,gpt_oss_full-tp4,generation,cudnn_oss,bfloat16,bfloat16,128,4,131072,16,2,64,64,gqa,,16,1.953259,140.728,4398.818,54.9852,20,True,,NVIDIA B200,cudnn_oss plan=sdpa_fwd_prefill_sm100[PACK_GQA=1; SCHED_POLICY=0; SPLIT_KV=1; TILE_CGA_M=1; TILE_M=128; TILE_N=128],
gpt_oss,gpt_oss_full-tp4,generation,cudnn_oss,bfloat16,fp8_e4m3,128,4,131072,16,2,64,64,gqa,,16,inf,0.0,0.0,,20,False,"  File ""/home/scratch.yanxu_gpu/fe-sites/computelab_trees/fe_develop_5567e2733/benchmark/attention_inference/benchmark_single_attention.py"", line 789, in main
    fn, detail = SETUPS[args.backend](args, dtype)
                 ^^^^^^^^^^^^^^^^^^^^^^^^^^^^^^^^^
  File ""/home/scratch.yanxu_gpu/fe-sites/computelab_trees/fe_develop_5567e2733/benchmark/attention_inference/benchmark_single_attention.py"", line 270, in setup_cudnn_oss
    return setup_cudnn(args, dtype, oss=True)
           ^^^^^^^^^^^^^^^^^^^^^^^^^^^^^^^^^^
  File ""/home/scratch.yanxu_gpu/fe-sites/computelab_trees/fe_develop_5567e2733/benchmark/attention_inference/benchmark_single_attention.py"", line 167, in setup_cudnn
    return setup_cudnn_fp8(args, cudnn, oss=oss)
           ^^^^^^^^^^^^^^^^^^^^^^^^^^^^^^^^^^^^^
  File ""/home/scratch.yanxu_gpu/fe-sites/computelab_trees/fe_develop_5567e2733/benchmark/attention_inference/benchmark_single_attention.py"", line 276, in setup_cudnn_fp8
    raise NotImplementedError(""sink tokens are not wired into the fp8 attention graph"")
NotImplementedError: sink tokens are not wired into the fp8 attention graph",,,
gpt_oss,gpt_oss_full-tp8,context,cudnn,bfloat16,bfloat16,1,2048,2048,8,1,64,64,gqa,,16,0.025599,167.779,184.327,2.3041,20,True,,NVIDIA B200,cudnn 9.27.0,
gpt_oss,gpt_oss_full-tp8,context,cudnn,bfloat16,bfloat16,1,8192,8192,8,1,64,64,gqa,,16,0.085759,801.309,220.086,2.7511,20,True,,NVIDIA B200,cudnn 9.27.0,
gpt_oss,gpt_oss_full-tp8,context,cudnn,bfloat16,bfloat16,1,32768,32768,8,1,64,64,gqa,,16,1.118016,983.449,67.528,0.8441,20,True,,NVIDIA B200,cudnn 9.27.0,
gpt_oss,gpt_oss_full-tp8,context,cudnn,bfloat16,bfloat16,1,512,65536,8,1,64,64,gqa,,16,0.657716,104.482,27.103,0.3388,20,True,,NVIDIA B200,cudnn 9.27.0,
gpt_oss,gpt_oss_full-tp8,context,cudnn,bfloat16,bfloat16,1,512,131072,8,1,64,64,gqa,,16,1.308155,105.063,26.452,0.3306,20,True,,NVIDIA B200,cudnn 9.27.0,
gpt_oss,gpt_oss_full-tp8,context,cudnn,bfloat16,bfloat16,1,1024,65536,8,1,64,64,gqa,,16,0.66295,207.314,28.47,0.3559,20,True,,NVIDIA B200,cudnn 9.27.0,
gpt_oss,gpt_oss_full-tp8,context,cudnn,bfloat16,bfloat16,1,1024,131072,8,1,64,64,gqa,,16,1.320292,208.195,27.003,0.3375,20,True,,NVIDIA B200,cudnn 9.27.0,
gpt_oss,gpt_oss_full-tp8,generation,cudnn,bfloat16,bfloat16,1,1,131072,8,1,64,64,gqa,,16,inf,0.0,0.0,,20,False,"  import pynvml  # type: ignore[import]
Traceback (most recent call last):
  File ""/home/scratch.yanxu_gpu/fe-sites/computelab_trees/fe_develop_5567e2733/benchmark/attention_inference/benchmark_single_attention.py"", line 824, in <module>
    main()
  File ""/home/scratch.yanxu_gpu/fe-sites/computelab_trees/fe_develop_5567e2733/benchmark/attention_inference/benchmark_single_attention.py"", line 789, in main
    fn, detail = SETUPS[args.backend](args, dtype)
                 ^^^^^^^^^^^^^^^^^^^^^^^^^^^^^^^^^
  File ""/home/scratch.yanxu_gpu/fe-sites/computelab_trees/fe_develop_5567e2733/benchmark/attention_inference/benchmark_single_attention.py"", line 224, in setup_cudnn
    graph.validate()
  File ""/home/scratch.yanxu_gpu/fe-sites/computelab_trees/fe_develop_5567e2733/python/cudnn/_pygraph.py"", line 891, in validate
    self._lowered_graph.validate()
cudnn._compiled_module.cudnnGraphNotSupportedError: decode only mode, i.e. s_q == 1, not supported with sink_token",,,
gpt_oss,gpt_oss_full-tp8,generation,cudnn,bfloat16,fp8_e4m3,1,1,131072,8,1,64,64,gqa,,16,inf,0.0,0.0,,20,False,"Traceback (most recent call last):
  File ""/home/scratch.yanxu_gpu/fe-sites/computelab_trees/fe_develop_5567e2733/benchmark/attention_inference/benchmark_single_attention.py"", line 824, in <module>
    main()
  File ""/home/scratch.yanxu_gpu/fe-sites/computelab_trees/fe_develop_5567e2733/benchmark/attention_inference/benchmark_single_attention.py"", line 789, in main
    fn, detail = SETUPS[args.backend](args, dtype)
                 ^^^^^^^^^^^^^^^^^^^^^^^^^^^^^^^^^
  File ""/home/scratch.yanxu_gpu/fe-sites/computelab_trees/fe_develop_5567e2733/benchmark/attention_inference/benchmark_single_attention.py"", line 167, in setup_cudnn
    return setup_cudnn_fp8(args, cudnn, oss=oss)
           ^^^^^^^^^^^^^^^^^^^^^^^^^^^^^^^^^^^^^
  File ""/home/scratch.yanxu_gpu/fe-sites/computelab_trees/fe_develop_5567e2733/benchmark/attention_inference/benchmark_single_attention.py"", line 276, in setup_cudnn_fp8
    raise NotImplementedError(""sink tokens are not wired into the fp8 attention graph"")
NotImplementedError: sink tokens are not wired into the fp8 attention graph",,,
gpt_oss,gpt_oss_full-tp8,generation,cudnn,bfloat16,bfloat16,128,1,131072,8,1,64,64,gqa,,16,inf,0.0,0.0,,20,False,"  import pynvml  # type: ignore[import]
Traceback (most recent call last):
  File ""/home/scratch.yanxu_gpu/fe-sites/computelab_trees/fe_develop_5567e2733/benchmark/attention_inference/benchmark_single_attention.py"", line 824, in <module>
    main()
  File ""/home/scratch.yanxu_gpu/fe-sites/computelab_trees/fe_develop_5567e2733/benchmark/attention_inference/benchmark_single_attention.py"", line 789, in main
    fn, detail = SETUPS[args.backend](args, dtype)
                 ^^^^^^^^^^^^^^^^^^^^^^^^^^^^^^^^^
  File ""/home/scratch.yanxu_gpu/fe-sites/computelab_trees/fe_develop_5567e2733/benchmark/attention_inference/benchmark_single_attention.py"", line 224, in setup_cudnn
    graph.validate()
  File ""/home/scratch.yanxu_gpu/fe-sites/computelab_trees/fe_develop_5567e2733/python/cudnn/_pygraph.py"", line 891, in validate
    self._lowered_graph.validate()
cudnn._compiled_module.cudnnGraphNotSupportedError: decode only mode, i.e. s_q == 1, not supported with sink_token",,,
gpt_oss,gpt_oss_full-tp8,generation,cudnn,bfloat16,fp8_e4m3,128,1,131072,8,1,64,64,gqa,,16,inf,0.0,0.0,,20,False,"Traceback (most recent call last):
  File ""/home/scratch.yanxu_gpu/fe-sites/computelab_trees/fe_develop_5567e2733/benchmark/attention_inference/benchmark_single_attention.py"", line 824, in <module>
    main()
  File ""/home/scratch.yanxu_gpu/fe-sites/computelab_trees/fe_develop_5567e2733/benchmark/attention_inference/benchmark_single_attention.py"", line 789, in main
    fn, detail = SETUPS[args.backend](args, dtype)
                 ^^^^^^^^^^^^^^^^^^^^^^^^^^^^^^^^^
  File ""/home/scratch.yanxu_gpu/fe-sites/computelab_trees/fe_develop_5567e2733/benchmark/attention_inference/benchmark_single_attention.py"", line 167, in setup_cudnn
    return setup_cudnn_fp8(args, cudnn, oss=oss)
           ^^^^^^^^^^^^^^^^^^^^^^^^^^^^^^^^^^^^^
  File ""/home/scratch.yanxu_gpu/fe-sites/computelab_trees/fe_develop_5567e2733/benchmark/attention_inference/benchmark_single_attention.py"", line 276, in setup_cudnn_fp8
    raise NotImplementedError(""sink tokens are not wired into the fp8 attention graph"")
NotImplementedError: sink tokens are not wired into the fp8 attention graph",,,
gpt_oss,gpt_oss_full-tp8,generation,cudnn,bfloat16,bfloat16,1,2,131072,8,1,64,64,gqa,,16,2.498156,0.215,13.433,0.1679,20,True,,NVIDIA B200,cudnn 9.27.0,
gpt_oss,gpt_oss_full-tp8,generation,cudnn,bfloat16,fp8_e4m3,1,2,131072,8,1,64,64,gqa,,16,inf,0.0,0.0,,20,False,"Traceback (most recent call last):
  File ""/home/scratch.yanxu_gpu/fe-sites/computelab_trees/fe_develop_5567e2733/benchmark/attention_inference/benchmark_single_attention.py"", line 824, in <module>
    main()
  File ""/home/scratch.yanxu_gpu/fe-sites/computelab_trees/fe_develop_5567e2733/benchmark/attention_inference/benchmark_single_attention.py"", line 789, in main
    fn, detail = SETUPS[args.backend](args, dtype)
                 ^^^^^^^^^^^^^^^^^^^^^^^^^^^^^^^^^
  File ""/home/scratch.yanxu_gpu/fe-sites/computelab_trees/fe_develop_5567e2733/benchmark/attention_inference/benchmark_single_attention.py"", line 167, in setup_cudnn
    return setup_cudnn_fp8(args, cudnn, oss=oss)
           ^^^^^^^^^^^^^^^^^^^^^^^^^^^^^^^^^^^^^
  File ""/home/scratch.yanxu_gpu/fe-sites/computelab_trees/fe_develop_5567e2733/benchmark/attention_inference/benchmark_single_attention.py"", line 276, in setup_cudnn_fp8
    raise NotImplementedError(""sink tokens are not wired into the fp8 attention graph"")
NotImplementedError: sink tokens are not wired into the fp8 attention graph",,,
gpt_oss,gpt_oss_full-tp8,generation,cudnn,bfloat16,bfloat16,128,2,131072,8,1,64,64,gqa,,16,15.943168,4.31,269.425,3.3678,20,True,,NVIDIA B200,cudnn 9.27.0,
gpt_oss,gpt_oss_full-tp8,generation,cudnn,bfloat16,fp8_e4m3,128,2,131072,8,1,64,64,gqa,,16,inf,0.0,0.0,,20,False,"Traceback (most recent call last):
  File ""/home/scratch.yanxu_gpu/fe-sites/computelab_trees/fe_develop_5567e2733/benchmark/attention_inference/benchmark_single_attention.py"", line 824, in <module>
    main()
  File ""/home/scratch.yanxu_gpu/fe-sites/computelab_trees/fe_develop_5567e2733/benchmark/attention_inference/benchmark_single_attention.py"", line 789, in main
    fn, detail = SETUPS[args.backend](args, dtype)
                 ^^^^^^^^^^^^^^^^^^^^^^^^^^^^^^^^^
  File ""/home/scratch.yanxu_gpu/fe-sites/computelab_trees/fe_develop_5567e2733/benchmark/attention_inference/benchmark_single_attention.py"", line 167, in setup_cudnn
    return setup_cudnn_fp8(args, cudnn, oss=oss)
           ^^^^^^^^^^^^^^^^^^^^^^^^^^^^^^^^^^^^^
  File ""/home/scratch.yanxu_gpu/fe-sites/computelab_trees/fe_develop_5567e2733/benchmark/attention_inference/benchmark_single_attention.py"", line 276, in setup_cudnn_fp8
    raise NotImplementedError(""sink tokens are not wired into the fp8 attention graph"")
NotImplementedError: sink tokens are not wired into the fp8 attention graph",,,
gpt_oss,gpt_oss_full-tp8,generation,cudnn,bfloat16,bfloat16,1,3,131072,8,1,64,64,gqa,,16,2.496927,0.323,13.441,0.168,20,True,,NVIDIA B200,cudnn 9.27.0,
gpt_oss,gpt_oss_full-tp8,generation,cudnn,bfloat16,fp8_e4m3,1,3,131072,8,1,64,64,gqa,,16,inf,0.0,0.0,,20,False,"Traceback (most recent call last):
  File ""/home/scratch.yanxu_gpu/fe-sites/computelab_trees/fe_develop_5567e2733/benchmark/attention_inference/benchmark_single_attention.py"", line 824, in <module>
    main()
  File ""/home/scratch.yanxu_gpu/fe-sites/computelab_trees/fe_develop_5567e2733/benchmark/attention_inference/benchmark_single_attention.py"", line 789, in main
    fn, detail = SETUPS[args.backend](args, dtype)
                 ^^^^^^^^^^^^^^^^^^^^^^^^^^^^^^^^^
  File ""/home/scratch.yanxu_gpu/fe-sites/computelab_trees/fe_develop_5567e2733/benchmark/attention_inference/benchmark_single_attention.py"", line 167, in setup_cudnn
    return setup_cudnn_fp8(args, cudnn, oss=oss)
           ^^^^^^^^^^^^^^^^^^^^^^^^^^^^^^^^^^^^^
  File ""/home/scratch.yanxu_gpu/fe-sites/computelab_trees/fe_develop_5567e2733/benchmark/attention_inference/benchmark_single_attention.py"", line 276, in setup_cudnn_fp8
    raise NotImplementedError(""sink tokens are not wired into the fp8 attention graph"")
NotImplementedError: sink tokens are not wired into the fp8 attention graph",,,
gpt_oss,gpt_oss_full-tp8,generation,cudnn,bfloat16,bfloat16,128,3,131072,8,1,64,64,gqa,,16,15.943206,6.465,269.441,3.368,20,True,,NVIDIA B200,cudnn 9.27.0,
gpt_oss,gpt_oss_full-tp8,generation,cudnn,bfloat16,fp8_e4m3,128,3,131072,8,1,64,64,gqa,,16,inf,0.0,0.0,,20,False,"Traceback (most recent call last):
  File ""/home/scratch.yanxu_gpu/fe-sites/computelab_trees/fe_develop_5567e2733/benchmark/attention_inference/benchmark_single_attention.py"", line 824, in <module>
    main()
  File ""/home/scratch.yanxu_gpu/fe-sites/computelab_trees/fe_develop_5567e2733/benchmark/attention_inference/benchmark_single_attention.py"", line 789, in main
    fn, detail = SETUPS[args.backend](args, dtype)
                 ^^^^^^^^^^^^^^^^^^^^^^^^^^^^^^^^^
  File ""/home/scratch.yanxu_gpu/fe-sites/computelab_trees/fe_develop_5567e2733/benchmark/attention_inference/benchmark_single_attention.py"", line 167, in setup_cudnn
    return setup_cudnn_fp8(args, cudnn, oss=oss)
           ^^^^^^^^^^^^^^^^^^^^^^^^^^^^^^^^^^^^^
  File ""/home/scratch.yanxu_gpu/fe-sites/computelab_trees/fe_develop_5567e2733/benchmark/attention_inference/benchmark_single_attention.py"", line 276, in setup_cudnn_fp8
    raise NotImplementedError(""sink tokens are not wired into the fp8 attention graph"")
NotImplementedError: sink tokens are not wired into the fp8 attention graph",,,
gpt_oss,gpt_oss_full-tp8,generation,cudnn,bfloat16,bfloat16,1,4,131072,8,1,64,64,gqa,,16,2.496887,0.43,13.442,0.168,20,True,,NVIDIA B200,cudnn 9.27.0,
gpt_oss,gpt_oss_full-tp8,generation,cudnn,bfloat16,fp8_e4m3,1,4,131072,8,1,64,64,gqa,,16,inf,0.0,0.0,,20,False,"Traceback (most recent call last):
  File ""/home/scratch.yanxu_gpu/fe-sites/computelab_trees/fe_develop_5567e2733/benchmark/attention_inference/benchmark_single_attention.py"", line 824, in <module>
    main()
  File ""/home/scratch.yanxu_gpu/fe-sites/computelab_trees/fe_develop_5567e2733/benchmark/attention_inference/benchmark_single_attention.py"", line 789, in main
    fn, detail = SETUPS[args.backend](args, dtype)
                 ^^^^^^^^^^^^^^^^^^^^^^^^^^^^^^^^^
  File ""/home/scratch.yanxu_gpu/fe-sites/computelab_trees/fe_develop_5567e2733/benchmark/attention_inference/benchmark_single_attention.py"", line 167, in setup_cudnn
    return setup_cudnn_fp8(args, cudnn, oss=oss)
           ^^^^^^^^^^^^^^^^^^^^^^^^^^^^^^^^^^^^^
  File ""/home/scratch.yanxu_gpu/fe-sites/computelab_trees/fe_develop_5567e2733/benchmark/attention_inference/benchmark_single_attention.py"", line 276, in setup_cudnn_fp8
    raise NotImplementedError(""sink tokens are not wired into the fp8 attention graph"")
NotImplementedError: sink tokens are not wired into the fp8 attention graph",,,
gpt_oss,gpt_oss_full-tp8,generation,cudnn,bfloat16,bfloat16,128,4,131072,8,1,64,64,gqa,,16,15.943135,8.621,269.459,3.3682,20,True,,NVIDIA B200,cudnn 9.27.0,
gpt_oss,gpt_oss_full-tp8,generation,cudnn,bfloat16,fp8_e4m3,128,4,131072,8,1,64,64,gqa,,16,inf,0.0,0.0,,20,False,"Traceback (most recent call last):
  File ""/home/scratch.yanxu_gpu/fe-sites/computelab_trees/fe_develop_5567e2733/benchmark/attention_inference/benchmark_single_attention.py"", line 824, in <module>
    main()
  File ""/home/scratch.yanxu_gpu/fe-sites/computelab_trees/fe_develop_5567e2733/benchmark/attention_inference/benchmark_single_attention.py"", line 789, in main
    fn, detail = SETUPS[args.backend](args, dtype)
                 ^^^^^^^^^^^^^^^^^^^^^^^^^^^^^^^^^
  File ""/home/scratch.yanxu_gpu/fe-sites/computelab_trees/fe_develop_5567e2733/benchmark/attention_inference/benchmark_single_attention.py"", line 167, in setup_cudnn
    return setup_cudnn_fp8(args, cudnn, oss=oss)
           ^^^^^^^^^^^^^^^^^^^^^^^^^^^^^^^^^^^^^
  File ""/home/scratch.yanxu_gpu/fe-sites/computelab_trees/fe_develop_5567e2733/benchmark/attention_inference/benchmark_single_attention.py"", line 276, in setup_cudnn_fp8
    raise NotImplementedError(""sink tokens are not wired into the fp8 attention graph"")
NotImplementedError: sink tokens are not wired into the fp8 attention graph",,,
gpt_oss,gpt_oss_full-tp8,context,cudnn_oss,bfloat16,bfloat16,1,2048,2048,8,1,64,64,gqa,,16,0.035136,122.238,134.295,1.6787,20,True,,NVIDIA B200,cudnn_oss plan=sdpa_fwd_prefill_sm100[PACK_GQA=0; SCHED_POLICY=2; SPLIT_KV=1; TILE_CGA_M=2; TILE_M=128; TILE_N=128],
gpt_oss,gpt_oss_full-tp8,context,cudnn_oss,bfloat16,bfloat16,1,8192,8192,8,1,64,64,gqa,,16,0.161887,424.49,116.59,1.4574,20,True,,NVIDIA B200,cudnn_oss plan=sdpa_fwd_prefill_sm100[PACK_GQA=0; SCHED_POLICY=2; SPLIT_KV=1; TILE_CGA_M=2; TILE_M=128; TILE_N=128],
gpt_oss,gpt_oss_full-tp8,context,cudnn_oss,bfloat16,bfloat16,1,32768,32768,8,1,64,64,gqa,,16,1.504635,730.75,50.177,0.6272,20,True,,NVIDIA B200,cudnn_oss plan=sdpa_fwd_prefill_sm100[PACK_GQA=0; SCHED_POLICY=2; SPLIT_KV=1; TILE_CGA_M=2; TILE_M=128; TILE_N=128],
gpt_oss,gpt_oss_full-tp8,context,cudnn_oss,bfloat16,bfloat16,1,512,65536,8,1,64,64,gqa,,16,0.834751,82.323,21.355,0.2669,20,True,,NVIDIA B200,cudnn_oss plan=sdpa_fwd_prefill_sm100[PACK_GQA=0; SCHED_POLICY=2; SPLIT_KV=1; TILE_CGA_M=2; TILE_M=128; TILE_N=128],
gpt_oss,gpt_oss_full-tp8,context,cudnn_oss,bfloat16,bfloat16,1,512,131072,8,1,64,64,gqa,,16,1.660657,82.762,20.837,0.2605,20,True,,NVIDIA B200,cudnn_oss plan=sdpa_fwd_prefill_sm100[PACK_GQA=0; SCHED_POLICY=2; SPLIT_KV=1; TILE_CGA_M=2; TILE_M=128; TILE_N=128],
gpt_oss,gpt_oss_full-tp8,context,cudnn_oss,bfloat16,bfloat16,1,1024,65536,8,1,64,64,gqa,,16,0.835063,164.585,22.602,0.2825,20,True,,NVIDIA B200,cudnn_oss plan=sdpa_fwd_prefill_sm100[PACK_GQA=0; SCHED_POLICY=2; SPLIT_KV=1; TILE_CGA_M=2; TILE_M=128; TILE_N=128],
gpt_oss,gpt_oss_full-tp8,context,cudnn_oss,bfloat16,bfloat16,1,1024,131072,8,1,64,64,gqa,,16,1.661681,165.422,21.455,0.2682,20,True,,NVIDIA B200,cudnn_oss plan=sdpa_fwd_prefill_sm100[PACK_GQA=0; SCHED_POLICY=2; SPLIT_KV=1; TILE_CGA_M=2; TILE_M=128; TILE_N=128],
gpt_oss,gpt_oss_full-tp8,generation,cudnn_oss,bfloat16,bfloat16,1,1,131072,8,1,64,64,gqa,,16,0.917591,0.293,36.57,0.4571,20,True,,NVIDIA B200,cudnn_oss plan=sdpa_fwd_prefill_sm100[PACK_GQA=1; SCHED_POLICY=0; SPLIT_KV=1; TILE_CGA_M=1; TILE_M=128; TILE_N=128],
gpt_oss,gpt_oss_full-tp8,generation,cudnn_oss,bfloat16,fp8_e4m3,1,1,131072,8,1,64,64,gqa,,16,inf,0.0,0.0,,20,False,"  File ""/home/scratch.yanxu_gpu/fe-sites/computelab_trees/fe_develop_5567e2733/benchmark/attention_inference/benchmark_single_attention.py"", line 789, in main
    fn, detail = SETUPS[args.backend](args, dtype)
                 ^^^^^^^^^^^^^^^^^^^^^^^^^^^^^^^^^
  File ""/home/scratch.yanxu_gpu/fe-sites/computelab_trees/fe_develop_5567e2733/benchmark/attention_inference/benchmark_single_attention.py"", line 270, in setup_cudnn_oss
    return setup_cudnn(args, dtype, oss=True)
           ^^^^^^^^^^^^^^^^^^^^^^^^^^^^^^^^^^
  File ""/home/scratch.yanxu_gpu/fe-sites/computelab_trees/fe_develop_5567e2733/benchmark/attention_inference/benchmark_single_attention.py"", line 167, in setup_cudnn
    return setup_cudnn_fp8(args, cudnn, oss=oss)
           ^^^^^^^^^^^^^^^^^^^^^^^^^^^^^^^^^^^^^
  File ""/home/scratch.yanxu_gpu/fe-sites/computelab_trees/fe_develop_5567e2733/benchmark/attention_inference/benchmark_single_attention.py"", line 276, in setup_cudnn_fp8
    raise NotImplementedError(""sink tokens are not wired into the fp8 attention graph"")
NotImplementedError: sink tokens are not wired into the fp8 attention graph",,,
gpt_oss,gpt_oss_full-tp8,generation,cudnn_oss,bfloat16,bfloat16,128,1,131072,8,1,64,64,gqa,,16,0.926236,37.096,4637.295,57.9662,20,True,,NVIDIA B200,cudnn_oss plan=sdpa_fwd_prefill_sm100[PACK_GQA=1; SCHED_POLICY=0; SPLIT_KV=1; TILE_CGA_M=1; TILE_M=128; TILE_N=128],
gpt_oss,gpt_oss_full-tp8,generation,cudnn_oss,bfloat16,fp8_e4m3,128,1,131072,8,1,64,64,gqa,,16,inf,0.0,0.0,,20,False,"  File ""/home/scratch.yanxu_gpu/fe-sites/computelab_trees/fe_develop_5567e2733/benchmark/attention_inference/benchmark_single_attention.py"", line 789, in main
    fn, detail = SETUPS[args.backend](args, dtype)
                 ^^^^^^^^^^^^^^^^^^^^^^^^^^^^^^^^^
  File ""/home/scratch.yanxu_gpu/fe-sites/computelab_trees/fe_develop_5567e2733/benchmark/attention_inference/benchmark_single_attention.py"", line 270, in setup_cudnn_oss
    return setup_cudnn(args, dtype, oss=True)
           ^^^^^^^^^^^^^^^^^^^^^^^^^^^^^^^^^^
  File ""/home/scratch.yanxu_gpu/fe-sites/computelab_trees/fe_develop_5567e2733/benchmark/attention_inference/benchmark_single_attention.py"", line 167, in setup_cudnn
    return setup_cudnn_fp8(args, cudnn, oss=oss)
           ^^^^^^^^^^^^^^^^^^^^^^^^^^^^^^^^^^^^^
  File ""/home/scratch.yanxu_gpu/fe-sites/computelab_trees/fe_develop_5567e2733/benchmark/attention_inference/benchmark_single_attention.py"", line 276, in setup_cudnn_fp8
    raise NotImplementedError(""sink tokens are not wired into the fp8 attention graph"")
NotImplementedError: sink tokens are not wired into the fp8 attention graph",,,
gpt_oss,gpt_oss_full-tp8,generation,cudnn_oss,bfloat16,bfloat16,1,2,131072,8,1,64,64,gqa,,16,0.925119,0.58,36.275,0.4534,20,True,,NVIDIA B200,cudnn_oss plan=sdpa_fwd_prefill_sm100[PACK_GQA=1; SCHED_POLICY=0; SPLIT_KV=1; TILE_CGA_M=1; TILE_M=128; TILE_N=128],
gpt_oss,gpt_oss_full-tp8,generation,cudnn_oss,bfloat16,fp8_e4m3,1,2,131072,8,1,64,64,gqa,,16,inf,0.0,0.0,,20,False,"  File ""/home/scratch.yanxu_gpu/fe-sites/computelab_trees/fe_develop_5567e2733/benchmark/attention_inference/benchmark_single_attention.py"", line 789, in main
    fn, detail = SETUPS[args.backend](args, dtype)
                 ^^^^^^^^^^^^^^^^^^^^^^^^^^^^^^^^^
  File ""/home/scratch.yanxu_gpu/fe-sites/computelab_trees/fe_develop_5567e2733/benchmark/attention_inference/benchmark_single_attention.py"", line 270, in setup_cudnn_oss
    return setup_cudnn(args, dtype, oss=True)
           ^^^^^^^^^^^^^^^^^^^^^^^^^^^^^^^^^^
  File ""/home/scratch.yanxu_gpu/fe-sites/computelab_trees/fe_develop_5567e2733/benchmark/attention_inference/benchmark_single_attention.py"", line 167, in setup_cudnn
    return setup_cudnn_fp8(args, cudnn, oss=oss)
           ^^^^^^^^^^^^^^^^^^^^^^^^^^^^^^^^^^^^^
  File ""/home/scratch.yanxu_gpu/fe-sites/computelab_trees/fe_develop_5567e2733/benchmark/attention_inference/benchmark_single_attention.py"", line 276, in setup_cudnn_fp8
    raise NotImplementedError(""sink tokens are not wired into the fp8 attention graph"")
NotImplementedError: sink tokens are not wired into the fp8 attention graph",,,
gpt_oss,gpt_oss_full-tp8,generation,cudnn_oss,bfloat16,bfloat16,128,2,131072,8,1,64,64,gqa,,16,0.933319,73.629,4602.383,57.5298,20,True,,NVIDIA B200,cudnn_oss plan=sdpa_fwd_prefill_sm100[PACK_GQA=1; SCHED_POLICY=0; SPLIT_KV=1; TILE_CGA_M=1; TILE_M=128; TILE_N=128],
gpt_oss,gpt_oss_full-tp8,generation,cudnn_oss,bfloat16,fp8_e4m3,128,2,131072,8,1,64,64,gqa,,16,inf,0.0,0.0,,20,False,"  File ""/home/scratch.yanxu_gpu/fe-sites/computelab_trees/fe_develop_5567e2733/benchmark/attention_inference/benchmark_single_attention.py"", line 789, in main
    fn, detail = SETUPS[args.backend](args, dtype)
                 ^^^^^^^^^^^^^^^^^^^^^^^^^^^^^^^^^
  File ""/home/scratch.yanxu_gpu/fe-sites/computelab_trees/fe_develop_5567e2733/benchmark/attention_inference/benchmark_single_attention.py"", line 270, in setup_cudnn_oss
    return setup_cudnn(args, dtype, oss=True)
           ^^^^^^^^^^^^^^^^^^^^^^^^^^^^^^^^^^
  File ""/home/scratch.yanxu_gpu/fe-sites/computelab_trees/fe_develop_5567e2733/benchmark/attention_inference/benchmark_single_attention.py"", line 167, in setup_cudnn
    return setup_cudnn_fp8(args, cudnn, oss=oss)
           ^^^^^^^^^^^^^^^^^^^^^^^^^^^^^^^^^^^^^
  File ""/home/scratch.yanxu_gpu/fe-sites/computelab_trees/fe_develop_5567e2733/benchmark/attention_inference/benchmark_single_attention.py"", line 276, in setup_cudnn_fp8
    raise NotImplementedError(""sink tokens are not wired into the fp8 attention graph"")
NotImplementedError: sink tokens are not wired into the fp8 attention graph",,,
gpt_oss,gpt_oss_full-tp8,generation,cudnn_oss,bfloat16,bfloat16,1,3,131072,8,1,64,64,gqa,,16,0.925044,0.871,36.28,0.4535,20,True,,NVIDIA B200,cudnn_oss plan=sdpa_fwd_prefill_sm100[PACK_GQA=1; SCHED_POLICY=0; SPLIT_KV=1; TILE_CGA_M=1; TILE_M=128; TILE_N=128],
gpt_oss,gpt_oss_full-tp8,generation,cudnn_oss,bfloat16,fp8_e4m3,1,3,131072,8,1,64,64,gqa,,16,inf,0.0,0.0,,20,False,"  File ""/home/scratch.yanxu_gpu/fe-sites/computelab_trees/fe_develop_5567e2733/benchmark/attention_inference/benchmark_single_attention.py"", line 789, in main
    fn, detail = SETUPS[args.backend](args, dtype)
                 ^^^^^^^^^^^^^^^^^^^^^^^^^^^^^^^^^
  File ""/home/scratch.yanxu_gpu/fe-sites/computelab_trees/fe_develop_5567e2733/benchmark/attention_inference/benchmark_single_attention.py"", line 270, in setup_cudnn_oss
    return setup_cudnn(args, dtype, oss=True)
           ^^^^^^^^^^^^^^^^^^^^^^^^^^^^^^^^^^
  File ""/home/scratch.yanxu_gpu/fe-sites/computelab_trees/fe_develop_5567e2733/benchmark/attention_inference/benchmark_single_attention.py"", line 167, in setup_cudnn
    return setup_cudnn_fp8(args, cudnn, oss=oss)
           ^^^^^^^^^^^^^^^^^^^^^^^^^^^^^^^^^^^^^
  File ""/home/scratch.yanxu_gpu/fe-sites/computelab_trees/fe_develop_5567e2733/benchmark/attention_inference/benchmark_single_attention.py"", line 276, in setup_cudnn_fp8
    raise NotImplementedError(""sink tokens are not wired into the fp8 attention graph"")
NotImplementedError: sink tokens are not wired into the fp8 attention graph",,,
gpt_oss,gpt_oss_full-tp8,generation,cudnn_oss,bfloat16,bfloat16,128,3,131072,8,1,64,64,gqa,,16,0.9352,110.222,4593.406,57.4176,20,True,,NVIDIA B200,cudnn_oss plan=sdpa_fwd_prefill_sm100[PACK_GQA=1; SCHED_POLICY=0; SPLIT_KV=1; TILE_CGA_M=1; TILE_M=128; TILE_N=128],
gpt_oss,gpt_oss_full-tp8,generation,cudnn_oss,bfloat16,fp8_e4m3,128,3,131072,8,1,64,64,gqa,,16,inf,0.0,0.0,,20,False,"  File ""/home/scratch.yanxu_gpu/fe-sites/computelab_trees/fe_develop_5567e2733/benchmark/attention_inference/benchmark_single_attention.py"", line 789, in main
    fn, detail = SETUPS[args.backend](args, dtype)
                 ^^^^^^^^^^^^^^^^^^^^^^^^^^^^^^^^^
  File ""/home/scratch.yanxu_gpu/fe-sites/computelab_trees/fe_develop_5567e2733/benchmark/attention_inference/benchmark_single_attention.py"", line 270, in setup_cudnn_oss
    return setup_cudnn(args, dtype, oss=True)
           ^^^^^^^^^^^^^^^^^^^^^^^^^^^^^^^^^^
  File ""/home/scratch.yanxu_gpu/fe-sites/computelab_trees/fe_develop_5567e2733/benchmark/attention_inference/benchmark_single_attention.py"", line 167, in setup_cudnn
    return setup_cudnn_fp8(args, cudnn, oss=oss)
           ^^^^^^^^^^^^^^^^^^^^^^^^^^^^^^^^^^^^^
  File ""/home/scratch.yanxu_gpu/fe-sites/computelab_trees/fe_develop_5567e2733/benchmark/attention_inference/benchmark_single_attention.py"", line 276, in setup_cudnn_fp8
    raise NotImplementedError(""sink tokens are not wired into the fp8 attention graph"")
NotImplementedError: sink tokens are not wired into the fp8 attention graph",,,
gpt_oss,gpt_oss_full-tp8,generation,cudnn_oss,bfloat16,bfloat16,1,4,131072,8,1,64,64,gqa,,16,0.925177,1.161,36.277,0.4535,20,True,,NVIDIA B200,cudnn_oss plan=sdpa_fwd_prefill_sm100[PACK_GQA=1; SCHED_POLICY=0; SPLIT_KV=1; TILE_CGA_M=1; TILE_M=128; TILE_N=128],
gpt_oss,gpt_oss_full-tp8,generation,cudnn_oss,bfloat16,fp8_e4m3,1,4,131072,8,1,64,64,gqa,,16,inf,0.0,0.0,,20,False,"  File ""/home/scratch.yanxu_gpu/fe-sites/computelab_trees/fe_develop_5567e2733/benchmark/attention_inference/benchmark_single_attention.py"", line 789, in main
    fn, detail = SETUPS[args.backend](args, dtype)
                 ^^^^^^^^^^^^^^^^^^^^^^^^^^^^^^^^^
  File ""/home/scratch.yanxu_gpu/fe-sites/computelab_trees/fe_develop_5567e2733/benchmark/attention_inference/benchmark_single_attention.py"", line 270, in setup_cudnn_oss
    return setup_cudnn(args, dtype, oss=True)
           ^^^^^^^^^^^^^^^^^^^^^^^^^^^^^^^^^^
  File ""/home/scratch.yanxu_gpu/fe-sites/computelab_trees/fe_develop_5567e2733/benchmark/attention_inference/benchmark_single_attention.py"", line 167, in setup_cudnn
    return setup_cudnn_fp8(args, cudnn, oss=oss)
           ^^^^^^^^^^^^^^^^^^^^^^^^^^^^^^^^^^^^^
  File ""/home/scratch.yanxu_gpu/fe-sites/computelab_trees/fe_develop_5567e2733/benchmark/attention_inference/benchmark_single_attention.py"", line 276, in setup_cudnn_fp8
    raise NotImplementedError(""sink tokens are not wired into the fp8 attention graph"")
NotImplementedError: sink tokens are not wired into the fp8 attention graph",,,
gpt_oss,gpt_oss_full-tp8,generation,cudnn_oss,bfloat16,bfloat16,128,4,131072,8,1,64,64,gqa,,16,0.937907,146.538,4580.428,57.2554,20,True,,NVIDIA B200,cudnn_oss plan=sdpa_fwd_prefill_sm100[PACK_GQA=1; SCHED_POLICY=0; SPLIT_KV=1; TILE_CGA_M=1; TILE_M=128; TILE_N=128],
gpt_oss,gpt_oss_full-tp8,generation,cudnn_oss,bfloat16,fp8_e4m3,128,4,131072,8,1,64,64,gqa,,16,inf,0.0,0.0,,20,False,"  File ""/home/scratch.yanxu_gpu/fe-sites/computelab_trees/fe_develop_5567e2733/benchmark/attention_inference/benchmark_single_attention.py"", line 789, in main
    fn, detail = SETUPS[args.backend](args, dtype)
                 ^^^^^^^^^^^^^^^^^^^^^^^^^^^^^^^^^
  File ""/home/scratch.yanxu_gpu/fe-sites/computelab_trees/fe_develop_5567e2733/benchmark/attention_inference/benchmark_single_attention.py"", line 270, in setup_cudnn_oss
    return setup_cudnn(args, dtype, oss=True)
           ^^^^^^^^^^^^^^^^^^^^^^^^^^^^^^^^^^
  File ""/home/scratch.yanxu_gpu/fe-sites/computelab_trees/fe_develop_5567e2733/benchmark/attention_inference/benchmark_single_attention.py"", line 167, in setup_cudnn
    return setup_cudnn_fp8(args, cudnn, oss=oss)
           ^^^^^^^^^^^^^^^^^^^^^^^^^^^^^^^^^^^^^
  File ""/home/scratch.yanxu_gpu/fe-sites/computelab_trees/fe_develop_5567e2733/benchmark/attention_inference/benchmark_single_attention.py"", line 276, in setup_cudnn_fp8
    raise NotImplementedError(""sink tokens are not wired into the fp8 attention graph"")
NotImplementedError: sink tokens are not wired into the fp8 attention graph",,,
