config_name,model_name,phase,backend,data_type,kv_cache_dtype,batch_size,q_tokens,kv_len,num_q_heads,num_kv_heads,head_dim_qk,head_dim_vo,kind,sliding_window_size,page_size,time_ms,tflops,gbps,sol_pct,num_iterations,success,error_message,gpu_name,backend_detail,cudnn_backend_version
gpt_oss,gpt_oss_swa,context,cudnn,bfloat16,bfloat16,1,2048,2048,64,8,64,64,gqa,128.0,16,0.054207,633.862,696.381,38.8606,20,True,,NVIDIA RTX PRO 6000 Blackwell Server Edition,cudnn 9.27.0,
gpt_oss,gpt_oss_swa,context,cudnn,bfloat16,bfloat16,1,8192,8192,64,8,64,64,gqa,128.0,16,0.184581,2978.399,818.042,45.6496,20,True,,NVIDIA RTX PRO 6000 Blackwell Server Edition,cudnn 9.27.0,
gpt_oss,gpt_oss_swa,context,cudnn,bfloat16,bfloat16,1,32768,32768,64,8,64,64,gqa,128.0,16,0.686883,12805.81,879.305,49.0684,20,True,,NVIDIA RTX PRO 6000 Blackwell Server Edition,cudnn 9.27.0,
gpt_oss,gpt_oss_swa,context,cudnn,bfloat16,bfloat16,1,512,65536,64,8,64,64,gqa,128.0,16,0.028545,19259.268,339.791,18.9615,20,True,,NVIDIA RTX PRO 6000 Blackwell Server Edition,cudnn 9.27.0,
gpt_oss,gpt_oss_swa,context,cudnn,bfloat16,bfloat16,1,512,131072,64,8,64,64,gqa,128.0,16,0.02816,39045.157,344.436,19.2208,20,True,,NVIDIA RTX PRO 6000 Blackwell Server Edition,cudnn 9.27.0,
gpt_oss,gpt_oss_swa,context,cudnn,bfloat16,bfloat16,1,1024,65536,64,8,64,64,gqa,128.0,16,0.05488,20034.833,348.697,19.4586,20,True,,NVIDIA RTX PRO 6000 Blackwell Server Edition,cudnn 9.27.0,
gpt_oss,gpt_oss_swa,context,cudnn,bfloat16,bfloat16,1,1024,131072,64,8,64,64,gqa,128.0,16,0.055008,39976.426,347.886,19.4133,20,True,,NVIDIA RTX PRO 6000 Blackwell Server Edition,cudnn 9.27.0,
gpt_oss,gpt_oss_swa,generation,cudnn,bfloat16,bfloat16,1,1,131072,64,8,64,64,gqa,128.0,16,inf,0.0,0.0,,20,False,"  import pynvml  # type: ignore[import]
Traceback (most recent call last):
  File ""/home/scratch.yanxu_gpu/fe-sites/computelab_trees/fe_develop_5567e2733/benchmark/attention_inference/benchmark_single_attention.py"", line 824, in <module>
    main()
  File ""/home/scratch.yanxu_gpu/fe-sites/computelab_trees/fe_develop_5567e2733/benchmark/attention_inference/benchmark_single_attention.py"", line 789, in main
    fn, detail = SETUPS[args.backend](args, dtype)
                 ^^^^^^^^^^^^^^^^^^^^^^^^^^^^^^^^^
  File ""/home/scratch.yanxu_gpu/fe-sites/computelab_trees/fe_develop_5567e2733/benchmark/attention_inference/benchmark_single_attention.py"", line 224, in setup_cudnn
    graph.validate()
  File ""/home/scratch.yanxu_gpu/fe-sites/computelab_trees/fe_develop_5567e2733/python/cudnn/_pygraph.py"", line 891, in validate
    self._lowered_graph.validate()
cudnn._compiled_module.cudnnGraphNotSupportedError: decode only mode, i.e. s_q == 1, not supported with sink_token",,,
gpt_oss,gpt_oss_swa,generation,cudnn,bfloat16,fp8_e4m3,1,1,131072,64,8,64,64,gqa,128.0,16,inf,0.0,0.0,,20,False,"Traceback (most recent call last):
  File ""/home/scratch.yanxu_gpu/fe-sites/computelab_trees/fe_develop_5567e2733/benchmark/attention_inference/benchmark_single_attention.py"", line 824, in <module>
    main()
  File ""/home/scratch.yanxu_gpu/fe-sites/computelab_trees/fe_develop_5567e2733/benchmark/attention_inference/benchmark_single_attention.py"", line 789, in main
    fn, detail = SETUPS[args.backend](args, dtype)
                 ^^^^^^^^^^^^^^^^^^^^^^^^^^^^^^^^^
  File ""/home/scratch.yanxu_gpu/fe-sites/computelab_trees/fe_develop_5567e2733/benchmark/attention_inference/benchmark_single_attention.py"", line 167, in setup_cudnn
    return setup_cudnn_fp8(args, cudnn, oss=oss)
           ^^^^^^^^^^^^^^^^^^^^^^^^^^^^^^^^^^^^^
  File ""/home/scratch.yanxu_gpu/fe-sites/computelab_trees/fe_develop_5567e2733/benchmark/attention_inference/benchmark_single_attention.py"", line 276, in setup_cudnn_fp8
    raise NotImplementedError(""sink tokens are not wired into the fp8 attention graph"")
NotImplementedError: sink tokens are not wired into the fp8 attention graph",,,
gpt_oss,gpt_oss_swa,generation,cudnn,bfloat16,bfloat16,128,1,131072,64,8,64,64,gqa,128.0,16,inf,0.0,0.0,,20,False,"  import pynvml  # type: ignore[import]
Traceback (most recent call last):
  File ""/home/scratch.yanxu_gpu/fe-sites/computelab_trees/fe_develop_5567e2733/benchmark/attention_inference/benchmark_single_attention.py"", line 824, in <module>
    main()
  File ""/home/scratch.yanxu_gpu/fe-sites/computelab_trees/fe_develop_5567e2733/benchmark/attention_inference/benchmark_single_attention.py"", line 789, in main
    fn, detail = SETUPS[args.backend](args, dtype)
                 ^^^^^^^^^^^^^^^^^^^^^^^^^^^^^^^^^
  File ""/home/scratch.yanxu_gpu/fe-sites/computelab_trees/fe_develop_5567e2733/benchmark/attention_inference/benchmark_single_attention.py"", line 224, in setup_cudnn
    graph.validate()
  File ""/home/scratch.yanxu_gpu/fe-sites/computelab_trees/fe_develop_5567e2733/python/cudnn/_pygraph.py"", line 891, in validate
    self._lowered_graph.validate()
cudnn._compiled_module.cudnnGraphNotSupportedError: decode only mode, i.e. s_q == 1, not supported with sink_token",,,
gpt_oss,gpt_oss_swa,generation,cudnn,bfloat16,fp8_e4m3,128,1,131072,64,8,64,64,gqa,128.0,16,inf,0.0,0.0,,20,False,"Traceback (most recent call last):
  File ""/home/scratch.yanxu_gpu/fe-sites/computelab_trees/fe_develop_5567e2733/benchmark/attention_inference/benchmark_single_attention.py"", line 824, in <module>
    main()
  File ""/home/scratch.yanxu_gpu/fe-sites/computelab_trees/fe_develop_5567e2733/benchmark/attention_inference/benchmark_single_attention.py"", line 789, in main
    fn, detail = SETUPS[args.backend](args, dtype)
                 ^^^^^^^^^^^^^^^^^^^^^^^^^^^^^^^^^
  File ""/home/scratch.yanxu_gpu/fe-sites/computelab_trees/fe_develop_5567e2733/benchmark/attention_inference/benchmark_single_attention.py"", line 167, in setup_cudnn
    return setup_cudnn_fp8(args, cudnn, oss=oss)
           ^^^^^^^^^^^^^^^^^^^^^^^^^^^^^^^^^^^^^
  File ""/home/scratch.yanxu_gpu/fe-sites/computelab_trees/fe_develop_5567e2733/benchmark/attention_inference/benchmark_single_attention.py"", line 276, in setup_cudnn_fp8
    raise NotImplementedError(""sink tokens are not wired into the fp8 attention graph"")
NotImplementedError: sink tokens are not wired into the fp8 attention graph",,,
gpt_oss,gpt_oss_swa,generation,cudnn,bfloat16,bfloat16,1,2,131072,64,8,64,64,gqa,128.0,16,0.009313,461.18,32.107,1.7917,20,True,,NVIDIA RTX PRO 6000 Blackwell Server Edition,cudnn 9.27.0,
gpt_oss,gpt_oss_swa,generation,cudnn,bfloat16,fp8_e4m3,1,2,131072,64,8,64,64,gqa,128.0,16,inf,0.0,0.0,,20,False,"Traceback (most recent call last):
  File ""/home/scratch.yanxu_gpu/fe-sites/computelab_trees/fe_develop_5567e2733/benchmark/attention_inference/benchmark_single_attention.py"", line 824, in <module>
    main()
  File ""/home/scratch.yanxu_gpu/fe-sites/computelab_trees/fe_develop_5567e2733/benchmark/attention_inference/benchmark_single_attention.py"", line 789, in main
    fn, detail = SETUPS[args.backend](args, dtype)
                 ^^^^^^^^^^^^^^^^^^^^^^^^^^^^^^^^^
  File ""/home/scratch.yanxu_gpu/fe-sites/computelab_trees/fe_develop_5567e2733/benchmark/attention_inference/benchmark_single_attention.py"", line 167, in setup_cudnn
    return setup_cudnn_fp8(args, cudnn, oss=oss)
           ^^^^^^^^^^^^^^^^^^^^^^^^^^^^^^^^^^^^^
  File ""/home/scratch.yanxu_gpu/fe-sites/computelab_trees/fe_develop_5567e2733/benchmark/attention_inference/benchmark_single_attention.py"", line 276, in setup_cudnn_fp8
    raise NotImplementedError(""sink tokens are not wired into the fp8 attention graph"")
NotImplementedError: sink tokens are not wired into the fp8 attention graph",,,
gpt_oss,gpt_oss_swa,generation,cudnn,bfloat16,bfloat16,128,2,131072,64,8,64,64,gqa,128.0,16,0.22781,2413.221,168.004,9.3752,20,True,,NVIDIA RTX PRO 6000 Blackwell Server Edition,cudnn 9.27.0,
gpt_oss,gpt_oss_swa,generation,cudnn,bfloat16,fp8_e4m3,128,2,131072,64,8,64,64,gqa,128.0,16,inf,0.0,0.0,,20,False,"Traceback (most recent call last):
  File ""/home/scratch.yanxu_gpu/fe-sites/computelab_trees/fe_develop_5567e2733/benchmark/attention_inference/benchmark_single_attention.py"", line 824, in <module>
    main()
  File ""/home/scratch.yanxu_gpu/fe-sites/computelab_trees/fe_develop_5567e2733/benchmark/attention_inference/benchmark_single_attention.py"", line 789, in main
    fn, detail = SETUPS[args.backend](args, dtype)
                 ^^^^^^^^^^^^^^^^^^^^^^^^^^^^^^^^^
  File ""/home/scratch.yanxu_gpu/fe-sites/computelab_trees/fe_develop_5567e2733/benchmark/attention_inference/benchmark_single_attention.py"", line 167, in setup_cudnn
    return setup_cudnn_fp8(args, cudnn, oss=oss)
           ^^^^^^^^^^^^^^^^^^^^^^^^^^^^^^^^^^^^^
  File ""/home/scratch.yanxu_gpu/fe-sites/computelab_trees/fe_develop_5567e2733/benchmark/attention_inference/benchmark_single_attention.py"", line 276, in setup_cudnn_fp8
    raise NotImplementedError(""sink tokens are not wired into the fp8 attention graph"")
NotImplementedError: sink tokens are not wired into the fp8 attention graph",,,
gpt_oss,gpt_oss_swa,generation,cudnn,bfloat16,bfloat16,1,3,131072,64,8,64,64,gqa,128.0,16,0.00928,694.23,34.207,1.9089,20,True,,NVIDIA RTX PRO 6000 Blackwell Server Edition,cudnn 9.27.0,
gpt_oss,gpt_oss_swa,generation,cudnn,bfloat16,fp8_e4m3,1,3,131072,64,8,64,64,gqa,128.0,16,inf,0.0,0.0,,20,False,"Traceback (most recent call last):
  File ""/home/scratch.yanxu_gpu/fe-sites/computelab_trees/fe_develop_5567e2733/benchmark/attention_inference/benchmark_single_attention.py"", line 824, in <module>
    main()
  File ""/home/scratch.yanxu_gpu/fe-sites/computelab_trees/fe_develop_5567e2733/benchmark/attention_inference/benchmark_single_attention.py"", line 789, in main
    fn, detail = SETUPS[args.backend](args, dtype)
                 ^^^^^^^^^^^^^^^^^^^^^^^^^^^^^^^^^
  File ""/home/scratch.yanxu_gpu/fe-sites/computelab_trees/fe_develop_5567e2733/benchmark/attention_inference/benchmark_single_attention.py"", line 167, in setup_cudnn
    return setup_cudnn_fp8(args, cudnn, oss=oss)
           ^^^^^^^^^^^^^^^^^^^^^^^^^^^^^^^^^^^^^
  File ""/home/scratch.yanxu_gpu/fe-sites/computelab_trees/fe_develop_5567e2733/benchmark/attention_inference/benchmark_single_attention.py"", line 276, in setup_cudnn_fp8
    raise NotImplementedError(""sink tokens are not wired into the fp8 attention graph"")
NotImplementedError: sink tokens are not wired into the fp8 attention graph",,,
gpt_oss,gpt_oss_swa,generation,cudnn,bfloat16,bfloat16,128,3,131072,64,8,64,64,gqa,128.0,16,0.228163,3614.231,178.085,9.9378,20,True,,NVIDIA RTX PRO 6000 Blackwell Server Edition,cudnn 9.27.0,
gpt_oss,gpt_oss_swa,generation,cudnn,bfloat16,fp8_e4m3,128,3,131072,64,8,64,64,gqa,128.0,16,inf,0.0,0.0,,20,False,"Traceback (most recent call last):
  File ""/home/scratch.yanxu_gpu/fe-sites/computelab_trees/fe_develop_5567e2733/benchmark/attention_inference/benchmark_single_attention.py"", line 824, in <module>
    main()
  File ""/home/scratch.yanxu_gpu/fe-sites/computelab_trees/fe_develop_5567e2733/benchmark/attention_inference/benchmark_single_attention.py"", line 789, in main
    fn, detail = SETUPS[args.backend](args, dtype)
                 ^^^^^^^^^^^^^^^^^^^^^^^^^^^^^^^^^
  File ""/home/scratch.yanxu_gpu/fe-sites/computelab_trees/fe_develop_5567e2733/benchmark/attention_inference/benchmark_single_attention.py"", line 167, in setup_cudnn
    return setup_cudnn_fp8(args, cudnn, oss=oss)
           ^^^^^^^^^^^^^^^^^^^^^^^^^^^^^^^^^^^^^
  File ""/home/scratch.yanxu_gpu/fe-sites/computelab_trees/fe_develop_5567e2733/benchmark/attention_inference/benchmark_single_attention.py"", line 276, in setup_cudnn_fp8
    raise NotImplementedError(""sink tokens are not wired into the fp8 attention graph"")
NotImplementedError: sink tokens are not wired into the fp8 attention graph",,,
gpt_oss,gpt_oss_swa,generation,cudnn,bfloat16,bfloat16,1,4,131072,64,8,64,64,gqa,128.0,16,0.009408,913.046,35.701,1.9922,20,True,,NVIDIA RTX PRO 6000 Blackwell Server Edition,cudnn 9.27.0,
gpt_oss,gpt_oss_swa,generation,cudnn,bfloat16,fp8_e4m3,1,4,131072,64,8,64,64,gqa,128.0,16,inf,0.0,0.0,,20,False,"Traceback (most recent call last):
  File ""/home/scratch.yanxu_gpu/fe-sites/computelab_trees/fe_develop_5567e2733/benchmark/attention_inference/benchmark_single_attention.py"", line 824, in <module>
    main()
  File ""/home/scratch.yanxu_gpu/fe-sites/computelab_trees/fe_develop_5567e2733/benchmark/attention_inference/benchmark_single_attention.py"", line 789, in main
    fn, detail = SETUPS[args.backend](args, dtype)
                 ^^^^^^^^^^^^^^^^^^^^^^^^^^^^^^^^^
  File ""/home/scratch.yanxu_gpu/fe-sites/computelab_trees/fe_develop_5567e2733/benchmark/attention_inference/benchmark_single_attention.py"", line 167, in setup_cudnn
    return setup_cudnn_fp8(args, cudnn, oss=oss)
           ^^^^^^^^^^^^^^^^^^^^^^^^^^^^^^^^^^^^^
  File ""/home/scratch.yanxu_gpu/fe-sites/computelab_trees/fe_develop_5567e2733/benchmark/attention_inference/benchmark_single_attention.py"", line 276, in setup_cudnn_fp8
    raise NotImplementedError(""sink tokens are not wired into the fp8 attention graph"")
NotImplementedError: sink tokens are not wired into the fp8 attention graph",,,
gpt_oss,gpt_oss_swa,generation,cudnn,bfloat16,bfloat16,128,4,131072,64,8,64,64,gqa,128.0,16,0.229057,4800.166,187.69,10.4737,20,True,,NVIDIA RTX PRO 6000 Blackwell Server Edition,cudnn 9.27.0,
gpt_oss,gpt_oss_swa,generation,cudnn,bfloat16,fp8_e4m3,128,4,131072,64,8,64,64,gqa,128.0,16,inf,0.0,0.0,,20,False,"Traceback (most recent call last):
  File ""/home/scratch.yanxu_gpu/fe-sites/computelab_trees/fe_develop_5567e2733/benchmark/attention_inference/benchmark_single_attention.py"", line 824, in <module>
    main()
  File ""/home/scratch.yanxu_gpu/fe-sites/computelab_trees/fe_develop_5567e2733/benchmark/attention_inference/benchmark_single_attention.py"", line 789, in main
    fn, detail = SETUPS[args.backend](args, dtype)
                 ^^^^^^^^^^^^^^^^^^^^^^^^^^^^^^^^^
  File ""/home/scratch.yanxu_gpu/fe-sites/computelab_trees/fe_develop_5567e2733/benchmark/attention_inference/benchmark_single_attention.py"", line 167, in setup_cudnn
    return setup_cudnn_fp8(args, cudnn, oss=oss)
           ^^^^^^^^^^^^^^^^^^^^^^^^^^^^^^^^^^^^^
  File ""/home/scratch.yanxu_gpu/fe-sites/computelab_trees/fe_develop_5567e2733/benchmark/attention_inference/benchmark_single_attention.py"", line 276, in setup_cudnn_fp8
    raise NotImplementedError(""sink tokens are not wired into the fp8 attention graph"")
NotImplementedError: sink tokens are not wired into the fp8 attention graph",,,
gpt_oss,gpt_oss_swa,context,cudnn_oss,bfloat16,bfloat16,1,2048,2048,64,8,64,64,gqa,128.0,16,0.053537,641.794,705.096,39.3469,20,True,,NVIDIA RTX PRO 6000 Blackwell Server Edition,cudnn_oss plan=sdpa_fwd_prefill_sm120[PACK_GQA=0; SCHED_POLICY=2; SPLIT_KV=1; TILE_CGA_M=1; TILE_M=128; TILE_N=128],
gpt_oss,gpt_oss_swa,context,cudnn_oss,bfloat16,bfloat16,1,8192,8192,64,8,64,64,gqa,128.0,16,0.173249,3173.212,871.549,48.6355,20,True,,NVIDIA RTX PRO 6000 Blackwell Server Edition,cudnn_oss plan=sdpa_fwd_prefill_sm120[PACK_GQA=0; SCHED_POLICY=2; SPLIT_KV=1; TILE_CGA_M=1; TILE_M=128; TILE_N=128],
gpt_oss,gpt_oss_swa,context,cudnn_oss,bfloat16,bfloat16,1,32768,32768,64,8,64,64,gqa,128.0,16,0.650887,13514.009,927.933,51.782,20,True,,NVIDIA RTX PRO 6000 Blackwell Server Edition,cudnn_oss plan=sdpa_fwd_prefill_sm120[PACK_GQA=0; SCHED_POLICY=2; SPLIT_KV=1; TILE_CGA_M=1; TILE_M=128; TILE_N=128],
gpt_oss,gpt_oss_swa,context,cudnn_oss,bfloat16,bfloat16,1,512,65536,64,8,64,64,gqa,128.0,16,0.027841,19746.267,348.383,19.441,20,True,,NVIDIA RTX PRO 6000 Blackwell Server Edition,cudnn_oss plan=sdpa_fwd_prefill_sm120[PACK_GQA=0; SCHED_POLICY=2; SPLIT_KV=1; TILE_CGA_M=1; TILE_M=64; TILE_N=128],
gpt_oss,gpt_oss_swa,context,cudnn_oss,bfloat16,bfloat16,1,512,131072,64,8,64,64,gqa,128.0,16,0.029088,37799.492,333.448,18.6076,20,True,,NVIDIA RTX PRO 6000 Blackwell Server Edition,cudnn_oss plan=sdpa_fwd_prefill_sm120[PACK_GQA=0; SCHED_POLICY=2; SPLIT_KV=1; TILE_CGA_M=1; TILE_M=64; TILE_N=128],
gpt_oss,gpt_oss_swa,context,cudnn_oss,bfloat16,bfloat16,1,1024,65536,64,8,64,64,gqa,128.0,16,0.04304,25546.274,444.622,24.8115,20,True,,NVIDIA RTX PRO 6000 Blackwell Server Edition,cudnn_oss plan=sdpa_fwd_prefill_sm120[PACK_GQA=0; SCHED_POLICY=2; SPLIT_KV=1; TILE_CGA_M=1; TILE_M=64; TILE_N=128],
gpt_oss,gpt_oss_swa,context,cudnn_oss,bfloat16,bfloat16,1,1024,131072,64,8,64,64,gqa,128.0,16,0.043744,50270.283,437.466,24.4122,20,True,,NVIDIA RTX PRO 6000 Blackwell Server Edition,cudnn_oss plan=sdpa_fwd_prefill_sm120[PACK_GQA=0; SCHED_POLICY=2; SPLIT_KV=1; TILE_CGA_M=1; TILE_M=64; TILE_N=128],
gpt_oss,gpt_oss_swa,generation,cudnn_oss,bfloat16,bfloat16,1,1,131072,64,8,64,64,gqa,128.0,16,0.004768,450.395,58.846,3.2838,20,True,,NVIDIA RTX PRO 6000 Blackwell Server Edition,cudnn_oss plan=sdpa_fwd_prefill_sm120[PACK_GQA=1; SCHED_POLICY=2; SPLIT_KV=1; TILE_CGA_M=1; TILE_M=128; TILE_N=128],
gpt_oss,gpt_oss_swa,generation,cudnn_oss,bfloat16,fp8_e4m3,1,1,131072,64,8,64,64,gqa,128.0,16,inf,0.0,0.0,,20,False,"  File ""/home/scratch.yanxu_gpu/fe-sites/computelab_trees/fe_develop_5567e2733/benchmark/attention_inference/benchmark_single_attention.py"", line 789, in main
    fn, detail = SETUPS[args.backend](args, dtype)
                 ^^^^^^^^^^^^^^^^^^^^^^^^^^^^^^^^^
  File ""/home/scratch.yanxu_gpu/fe-sites/computelab_trees/fe_develop_5567e2733/benchmark/attention_inference/benchmark_single_attention.py"", line 270, in setup_cudnn_oss
    return setup_cudnn(args, dtype, oss=True)
           ^^^^^^^^^^^^^^^^^^^^^^^^^^^^^^^^^^
  File ""/home/scratch.yanxu_gpu/fe-sites/computelab_trees/fe_develop_5567e2733/benchmark/attention_inference/benchmark_single_attention.py"", line 167, in setup_cudnn
    return setup_cudnn_fp8(args, cudnn, oss=oss)
           ^^^^^^^^^^^^^^^^^^^^^^^^^^^^^^^^^^^^^
  File ""/home/scratch.yanxu_gpu/fe-sites/computelab_trees/fe_develop_5567e2733/benchmark/attention_inference/benchmark_single_attention.py"", line 276, in setup_cudnn_fp8
    raise NotImplementedError(""sink tokens are not wired into the fp8 attention graph"")
NotImplementedError: sink tokens are not wired into the fp8 attention graph",,,
gpt_oss,gpt_oss_swa,generation,cudnn_oss,bfloat16,bfloat16,128,1,131072,64,8,64,64,gqa,128.0,16,0.040768,6742.492,880.929,49.159,20,True,,NVIDIA RTX PRO 6000 Blackwell Server Edition,cudnn_oss plan=sdpa_fwd_prefill_sm120[PACK_GQA=1; SCHED_POLICY=2; SPLIT_KV=1; TILE_CGA_M=1; TILE_M=128; TILE_N=128],
gpt_oss,gpt_oss_swa,generation,cudnn_oss,bfloat16,fp8_e4m3,128,1,131072,64,8,64,64,gqa,128.0,16,inf,0.0,0.0,,20,False,"  File ""/home/scratch.yanxu_gpu/fe-sites/computelab_trees/fe_develop_5567e2733/benchmark/attention_inference/benchmark_single_attention.py"", line 789, in main
    fn, detail = SETUPS[args.backend](args, dtype)
                 ^^^^^^^^^^^^^^^^^^^^^^^^^^^^^^^^^
  File ""/home/scratch.yanxu_gpu/fe-sites/computelab_trees/fe_develop_5567e2733/benchmark/attention_inference/benchmark_single_attention.py"", line 270, in setup_cudnn_oss
    return setup_cudnn(args, dtype, oss=True)
           ^^^^^^^^^^^^^^^^^^^^^^^^^^^^^^^^^^
  File ""/home/scratch.yanxu_gpu/fe-sites/computelab_trees/fe_develop_5567e2733/benchmark/attention_inference/benchmark_single_attention.py"", line 167, in setup_cudnn
    return setup_cudnn_fp8(args, cudnn, oss=oss)
           ^^^^^^^^^^^^^^^^^^^^^^^^^^^^^^^^^^^^^
  File ""/home/scratch.yanxu_gpu/fe-sites/computelab_trees/fe_develop_5567e2733/benchmark/attention_inference/benchmark_single_attention.py"", line 276, in setup_cudnn_fp8
    raise NotImplementedError(""sink tokens are not wired into the fp8 attention graph"")
NotImplementedError: sink tokens are not wired into the fp8 attention graph",,,
gpt_oss,gpt_oss_swa,generation,cudnn_oss,bfloat16,bfloat16,1,2,131072,64,8,64,64,gqa,128.0,16,0.007487,573.657,39.937,2.2286,20,True,,NVIDIA RTX PRO 6000 Blackwell Server Edition,cudnn_oss plan=sdpa_fwd_prefill_sm120[PACK_GQA=1; SCHED_POLICY=2; SPLIT_KV=1; TILE_CGA_M=1; TILE_M=128; TILE_N=128],
gpt_oss,gpt_oss_swa,generation,cudnn_oss,bfloat16,fp8_e4m3,1,2,131072,64,8,64,64,gqa,128.0,16,inf,0.0,0.0,,20,False,"  File ""/home/scratch.yanxu_gpu/fe-sites/computelab_trees/fe_develop_5567e2733/benchmark/attention_inference/benchmark_single_attention.py"", line 789, in main
    fn, detail = SETUPS[args.backend](args, dtype)
                 ^^^^^^^^^^^^^^^^^^^^^^^^^^^^^^^^^
  File ""/home/scratch.yanxu_gpu/fe-sites/computelab_trees/fe_develop_5567e2733/benchmark/attention_inference/benchmark_single_attention.py"", line 270, in setup_cudnn_oss
    return setup_cudnn(args, dtype, oss=True)
           ^^^^^^^^^^^^^^^^^^^^^^^^^^^^^^^^^^
  File ""/home/scratch.yanxu_gpu/fe-sites/computelab_trees/fe_develop_5567e2733/benchmark/attention_inference/benchmark_single_attention.py"", line 167, in setup_cudnn
    return setup_cudnn_fp8(args, cudnn, oss=oss)
           ^^^^^^^^^^^^^^^^^^^^^^^^^^^^^^^^^^^^^
  File ""/home/scratch.yanxu_gpu/fe-sites/computelab_trees/fe_develop_5567e2733/benchmark/attention_inference/benchmark_single_attention.py"", line 276, in setup_cudnn_fp8
    raise NotImplementedError(""sink tokens are not wired into the fp8 attention graph"")
NotImplementedError: sink tokens are not wired into the fp8 attention graph",,,
gpt_oss,gpt_oss_swa,generation,cudnn_oss,bfloat16,bfloat16,128,2,131072,64,8,64,64,gqa,128.0,16,0.071776,7659.326,533.229,29.7561,20,True,,NVIDIA RTX PRO 6000 Blackwell Server Edition,cudnn_oss plan=sdpa_fwd_prefill_sm120[PACK_GQA=1; SCHED_POLICY=2; SPLIT_KV=1; TILE_CGA_M=1; TILE_M=128; TILE_N=128],
gpt_oss,gpt_oss_swa,generation,cudnn_oss,bfloat16,fp8_e4m3,128,2,131072,64,8,64,64,gqa,128.0,16,inf,0.0,0.0,,20,False,"  File ""/home/scratch.yanxu_gpu/fe-sites/computelab_trees/fe_develop_5567e2733/benchmark/attention_inference/benchmark_single_attention.py"", line 789, in main
    fn, detail = SETUPS[args.backend](args, dtype)
                 ^^^^^^^^^^^^^^^^^^^^^^^^^^^^^^^^^
  File ""/home/scratch.yanxu_gpu/fe-sites/computelab_trees/fe_develop_5567e2733/benchmark/attention_inference/benchmark_single_attention.py"", line 270, in setup_cudnn_oss
    return setup_cudnn(args, dtype, oss=True)
           ^^^^^^^^^^^^^^^^^^^^^^^^^^^^^^^^^^
  File ""/home/scratch.yanxu_gpu/fe-sites/computelab_trees/fe_develop_5567e2733/benchmark/attention_inference/benchmark_single_attention.py"", line 167, in setup_cudnn
    return setup_cudnn_fp8(args, cudnn, oss=oss)
           ^^^^^^^^^^^^^^^^^^^^^^^^^^^^^^^^^^^^^
  File ""/home/scratch.yanxu_gpu/fe-sites/computelab_trees/fe_develop_5567e2733/benchmark/attention_inference/benchmark_single_attention.py"", line 276, in setup_cudnn_fp8
    raise NotImplementedError(""sink tokens are not wired into the fp8 attention graph"")
NotImplementedError: sink tokens are not wired into the fp8 attention graph",,,
gpt_oss,gpt_oss_swa,generation,cudnn_oss,bfloat16,bfloat16,1,3,131072,64,8,64,64,gqa,128.0,16,0.007521,856.595,42.207,2.3553,20,True,,NVIDIA RTX PRO 6000 Blackwell Server Edition,cudnn_oss plan=sdpa_fwd_prefill_sm120[PACK_GQA=1; SCHED_POLICY=2; SPLIT_KV=1; TILE_CGA_M=1; TILE_M=128; TILE_N=128],
gpt_oss,gpt_oss_swa,generation,cudnn_oss,bfloat16,fp8_e4m3,1,3,131072,64,8,64,64,gqa,128.0,16,inf,0.0,0.0,,20,False,"  File ""/home/scratch.yanxu_gpu/fe-sites/computelab_trees/fe_develop_5567e2733/benchmark/attention_inference/benchmark_single_attention.py"", line 789, in main
    fn, detail = SETUPS[args.backend](args, dtype)
                 ^^^^^^^^^^^^^^^^^^^^^^^^^^^^^^^^^
  File ""/home/scratch.yanxu_gpu/fe-sites/computelab_trees/fe_develop_5567e2733/benchmark/attention_inference/benchmark_single_attention.py"", line 270, in setup_cudnn_oss
    return setup_cudnn(args, dtype, oss=True)
           ^^^^^^^^^^^^^^^^^^^^^^^^^^^^^^^^^^
  File ""/home/scratch.yanxu_gpu/fe-sites/computelab_trees/fe_develop_5567e2733/benchmark/attention_inference/benchmark_single_attention.py"", line 167, in setup_cudnn
    return setup_cudnn_fp8(args, cudnn, oss=oss)
           ^^^^^^^^^^^^^^^^^^^^^^^^^^^^^^^^^^^^^
  File ""/home/scratch.yanxu_gpu/fe-sites/computelab_trees/fe_develop_5567e2733/benchmark/attention_inference/benchmark_single_attention.py"", line 276, in setup_cudnn_fp8
    raise NotImplementedError(""sink tokens are not wired into the fp8 attention graph"")
NotImplementedError: sink tokens are not wired into the fp8 attention graph",,,
gpt_oss,gpt_oss_swa,generation,cudnn_oss,bfloat16,bfloat16,128,3,131072,64,8,64,64,gqa,128.0,16,0.072928,11307.505,557.157,31.0913,20,True,,NVIDIA RTX PRO 6000 Blackwell Server Edition,cudnn_oss plan=sdpa_fwd_prefill_sm120[PACK_GQA=1; SCHED_POLICY=2; SPLIT_KV=1; TILE_CGA_M=1; TILE_M=128; TILE_N=128],
gpt_oss,gpt_oss_swa,generation,cudnn_oss,bfloat16,fp8_e4m3,128,3,131072,64,8,64,64,gqa,128.0,16,inf,0.0,0.0,,20,False,"  File ""/home/scratch.yanxu_gpu/fe-sites/computelab_trees/fe_develop_5567e2733/benchmark/attention_inference/benchmark_single_attention.py"", line 789, in main
    fn, detail = SETUPS[args.backend](args, dtype)
                 ^^^^^^^^^^^^^^^^^^^^^^^^^^^^^^^^^
  File ""/home/scratch.yanxu_gpu/fe-sites/computelab_trees/fe_develop_5567e2733/benchmark/attention_inference/benchmark_single_attention.py"", line 270, in setup_cudnn_oss
    return setup_cudnn(args, dtype, oss=True)
           ^^^^^^^^^^^^^^^^^^^^^^^^^^^^^^^^^^
  File ""/home/scratch.yanxu_gpu/fe-sites/computelab_trees/fe_develop_5567e2733/benchmark/attention_inference/benchmark_single_attention.py"", line 167, in setup_cudnn
    return setup_cudnn_fp8(args, cudnn, oss=oss)
           ^^^^^^^^^^^^^^^^^^^^^^^^^^^^^^^^^^^^^
  File ""/home/scratch.yanxu_gpu/fe-sites/computelab_trees/fe_develop_5567e2733/benchmark/attention_inference/benchmark_single_attention.py"", line 276, in setup_cudnn_fp8
    raise NotImplementedError(""sink tokens are not wired into the fp8 attention graph"")
NotImplementedError: sink tokens are not wired into the fp8 attention graph",,,
gpt_oss,gpt_oss_swa,generation,cudnn_oss,bfloat16,bfloat16,1,4,131072,64,8,64,64,gqa,128.0,16,0.007616,1127.88,44.101,2.461,20,True,,NVIDIA RTX PRO 6000 Blackwell Server Edition,cudnn_oss plan=sdpa_fwd_prefill_sm120[PACK_GQA=1; SCHED_POLICY=2; SPLIT_KV=1; TILE_CGA_M=1; TILE_M=128; TILE_N=128],
gpt_oss,gpt_oss_swa,generation,cudnn_oss,bfloat16,fp8_e4m3,1,4,131072,64,8,64,64,gqa,128.0,16,inf,0.0,0.0,,20,False,"  File ""/home/scratch.yanxu_gpu/fe-sites/computelab_trees/fe_develop_5567e2733/benchmark/attention_inference/benchmark_single_attention.py"", line 789, in main
    fn, detail = SETUPS[args.backend](args, dtype)
                 ^^^^^^^^^^^^^^^^^^^^^^^^^^^^^^^^^
  File ""/home/scratch.yanxu_gpu/fe-sites/computelab_trees/fe_develop_5567e2733/benchmark/attention_inference/benchmark_single_attention.py"", line 270, in setup_cudnn_oss
    return setup_cudnn(args, dtype, oss=True)
           ^^^^^^^^^^^^^^^^^^^^^^^^^^^^^^^^^^
  File ""/home/scratch.yanxu_gpu/fe-sites/computelab_trees/fe_develop_5567e2733/benchmark/attention_inference/benchmark_single_attention.py"", line 167, in setup_cudnn
    return setup_cudnn_fp8(args, cudnn, oss=oss)
           ^^^^^^^^^^^^^^^^^^^^^^^^^^^^^^^^^^^^^
  File ""/home/scratch.yanxu_gpu/fe-sites/computelab_trees/fe_develop_5567e2733/benchmark/attention_inference/benchmark_single_attention.py"", line 276, in setup_cudnn_fp8
    raise NotImplementedError(""sink tokens are not wired into the fp8 attention graph"")
NotImplementedError: sink tokens are not wired into the fp8 attention graph",,,
gpt_oss,gpt_oss_swa,generation,cudnn_oss,bfloat16,bfloat16,128,4,131072,64,8,64,64,gqa,128.0,16,0.0744,14778.382,577.844,32.2458,20,True,,NVIDIA RTX PRO 6000 Blackwell Server Edition,cudnn_oss plan=sdpa_fwd_prefill_sm120[PACK_GQA=1; SCHED_POLICY=2; SPLIT_KV=1; TILE_CGA_M=1; TILE_M=128; TILE_N=128],
gpt_oss,gpt_oss_swa,generation,cudnn_oss,bfloat16,fp8_e4m3,128,4,131072,64,8,64,64,gqa,128.0,16,inf,0.0,0.0,,20,False,"  File ""/home/scratch.yanxu_gpu/fe-sites/computelab_trees/fe_develop_5567e2733/benchmark/attention_inference/benchmark_single_attention.py"", line 789, in main
    fn, detail = SETUPS[args.backend](args, dtype)
                 ^^^^^^^^^^^^^^^^^^^^^^^^^^^^^^^^^
  File ""/home/scratch.yanxu_gpu/fe-sites/computelab_trees/fe_develop_5567e2733/benchmark/attention_inference/benchmark_single_attention.py"", line 270, in setup_cudnn_oss
    return setup_cudnn(args, dtype, oss=True)
           ^^^^^^^^^^^^^^^^^^^^^^^^^^^^^^^^^^
  File ""/home/scratch.yanxu_gpu/fe-sites/computelab_trees/fe_develop_5567e2733/benchmark/attention_inference/benchmark_single_attention.py"", line 167, in setup_cudnn
    return setup_cudnn_fp8(args, cudnn, oss=oss)
           ^^^^^^^^^^^^^^^^^^^^^^^^^^^^^^^^^^^^^
  File ""/home/scratch.yanxu_gpu/fe-sites/computelab_trees/fe_develop_5567e2733/benchmark/attention_inference/benchmark_single_attention.py"", line 276, in setup_cudnn_fp8
    raise NotImplementedError(""sink tokens are not wired into the fp8 attention graph"")
NotImplementedError: sink tokens are not wired into the fp8 attention graph",,,
gpt_oss,gpt_oss_swa-tp2,context,cudnn,bfloat16,bfloat16,1,2048,2048,32,4,64,64,gqa,128.0,16,0.030208,568.719,624.814,34.8668,20,True,,NVIDIA RTX PRO 6000 Blackwell Server Edition,cudnn 9.27.0,
gpt_oss,gpt_oss_swa-tp2,context,cudnn,bfloat16,bfloat16,1,8192,8192,32,4,64,64,gqa,128.0,16,0.098625,2787.102,765.5,42.7177,20,True,,NVIDIA RTX PRO 6000 Blackwell Server Edition,cudnn 9.27.0,
gpt_oss,gpt_oss_swa-tp2,context,cudnn,bfloat16,bfloat16,1,32768,32768,32,4,64,64,gqa,128.0,16,0.356803,12326.26,846.377,47.2309,20,True,,NVIDIA RTX PRO 6000 Blackwell Server Edition,cudnn 9.27.0,
gpt_oss,gpt_oss_swa-tp2,context,cudnn,bfloat16,bfloat16,1,512,65536,32,4,64,64,gqa,128.0,16,0.023936,11483.87,202.61,11.3063,20,True,,NVIDIA RTX PRO 6000 Blackwell Server Edition,cudnn 9.27.0,
gpt_oss,gpt_oss_swa-tp2,context,cudnn,bfloat16,bfloat16,1,512,131072,32,4,64,64,gqa,128.0,16,0.024064,22845.571,201.532,11.2462,20,True,,NVIDIA RTX PRO 6000 Blackwell Server Edition,cudnn 9.27.0,
gpt_oss,gpt_oss_swa-tp2,context,cudnn,bfloat16,bfloat16,1,1024,65536,32,4,64,64,gqa,128.0,16,0.028288,19434.241,338.244,18.8752,20,True,,NVIDIA RTX PRO 6000 Blackwell Server Edition,cudnn 9.27.0,
gpt_oss,gpt_oss_swa-tp2,context,cudnn,bfloat16,bfloat16,1,1024,131072,32,4,64,64,gqa,128.0,16,0.028512,38563.118,335.587,18.727,20,True,,NVIDIA RTX PRO 6000 Blackwell Server Edition,cudnn 9.27.0,
gpt_oss,gpt_oss_swa-tp2,generation,cudnn,bfloat16,bfloat16,1,1,131072,32,4,64,64,gqa,128.0,16,inf,0.0,0.0,,20,False,"  import pynvml  # type: ignore[import]
Traceback (most recent call last):
  File ""/home/scratch.yanxu_gpu/fe-sites/computelab_trees/fe_develop_5567e2733/benchmark/attention_inference/benchmark_single_attention.py"", line 824, in <module>
    main()
  File ""/home/scratch.yanxu_gpu/fe-sites/computelab_trees/fe_develop_5567e2733/benchmark/attention_inference/benchmark_single_attention.py"", line 789, in main
    fn, detail = SETUPS[args.backend](args, dtype)
                 ^^^^^^^^^^^^^^^^^^^^^^^^^^^^^^^^^
  File ""/home/scratch.yanxu_gpu/fe-sites/computelab_trees/fe_develop_5567e2733/benchmark/attention_inference/benchmark_single_attention.py"", line 224, in setup_cudnn
    graph.validate()
  File ""/home/scratch.yanxu_gpu/fe-sites/computelab_trees/fe_develop_5567e2733/python/cudnn/_pygraph.py"", line 891, in validate
    self._lowered_graph.validate()
cudnn._compiled_module.cudnnGraphNotSupportedError: decode only mode, i.e. s_q == 1, not supported with sink_token",,,
gpt_oss,gpt_oss_swa-tp2,generation,cudnn,bfloat16,fp8_e4m3,1,1,131072,32,4,64,64,gqa,128.0,16,inf,0.0,0.0,,20,False,"Traceback (most recent call last):
  File ""/home/scratch.yanxu_gpu/fe-sites/computelab_trees/fe_develop_5567e2733/benchmark/attention_inference/benchmark_single_attention.py"", line 824, in <module>
    main()
  File ""/home/scratch.yanxu_gpu/fe-sites/computelab_trees/fe_develop_5567e2733/benchmark/attention_inference/benchmark_single_attention.py"", line 789, in main
    fn, detail = SETUPS[args.backend](args, dtype)
                 ^^^^^^^^^^^^^^^^^^^^^^^^^^^^^^^^^
  File ""/home/scratch.yanxu_gpu/fe-sites/computelab_trees/fe_develop_5567e2733/benchmark/attention_inference/benchmark_single_attention.py"", line 167, in setup_cudnn
    return setup_cudnn_fp8(args, cudnn, oss=oss)
           ^^^^^^^^^^^^^^^^^^^^^^^^^^^^^^^^^^^^^
  File ""/home/scratch.yanxu_gpu/fe-sites/computelab_trees/fe_develop_5567e2733/benchmark/attention_inference/benchmark_single_attention.py"", line 276, in setup_cudnn_fp8
    raise NotImplementedError(""sink tokens are not wired into the fp8 attention graph"")
NotImplementedError: sink tokens are not wired into the fp8 attention graph",,,
gpt_oss,gpt_oss_swa-tp2,generation,cudnn,bfloat16,bfloat16,128,1,131072,32,4,64,64,gqa,128.0,16,inf,0.0,0.0,,20,False,"  import pynvml  # type: ignore[import]
Traceback (most recent call last):
  File ""/home/scratch.yanxu_gpu/fe-sites/computelab_trees/fe_develop_5567e2733/benchmark/attention_inference/benchmark_single_attention.py"", line 824, in <module>
    main()
  File ""/home/scratch.yanxu_gpu/fe-sites/computelab_trees/fe_develop_5567e2733/benchmark/attention_inference/benchmark_single_attention.py"", line 789, in main
    fn, detail = SETUPS[args.backend](args, dtype)
                 ^^^^^^^^^^^^^^^^^^^^^^^^^^^^^^^^^
  File ""/home/scratch.yanxu_gpu/fe-sites/computelab_trees/fe_develop_5567e2733/benchmark/attention_inference/benchmark_single_attention.py"", line 224, in setup_cudnn
    graph.validate()
  File ""/home/scratch.yanxu_gpu/fe-sites/computelab_trees/fe_develop_5567e2733/python/cudnn/_pygraph.py"", line 891, in validate
    self._lowered_graph.validate()
cudnn._compiled_module.cudnnGraphNotSupportedError: decode only mode, i.e. s_q == 1, not supported with sink_token",,,
gpt_oss,gpt_oss_swa-tp2,generation,cudnn,bfloat16,fp8_e4m3,128,1,131072,32,4,64,64,gqa,128.0,16,inf,0.0,0.0,,20,False,"Traceback (most recent call last):
  File ""/home/scratch.yanxu_gpu/fe-sites/computelab_trees/fe_develop_5567e2733/benchmark/attention_inference/benchmark_single_attention.py"", line 824, in <module>
    main()
  File ""/home/scratch.yanxu_gpu/fe-sites/computelab_trees/fe_develop_5567e2733/benchmark/attention_inference/benchmark_single_attention.py"", line 789, in main
    fn, detail = SETUPS[args.backend](args, dtype)
                 ^^^^^^^^^^^^^^^^^^^^^^^^^^^^^^^^^
  File ""/home/scratch.yanxu_gpu/fe-sites/computelab_trees/fe_develop_5567e2733/benchmark/attention_inference/benchmark_single_attention.py"", line 167, in setup_cudnn
    return setup_cudnn_fp8(args, cudnn, oss=oss)
           ^^^^^^^^^^^^^^^^^^^^^^^^^^^^^^^^^^^^^
  File ""/home/scratch.yanxu_gpu/fe-sites/computelab_trees/fe_develop_5567e2733/benchmark/attention_inference/benchmark_single_attention.py"", line 276, in setup_cudnn_fp8
    raise NotImplementedError(""sink tokens are not wired into the fp8 attention graph"")
NotImplementedError: sink tokens are not wired into the fp8 attention graph",,,
gpt_oss,gpt_oss_swa-tp2,generation,cudnn,bfloat16,bfloat16,1,2,131072,32,4,64,64,gqa,128.0,16,0.008768,244.923,17.051,0.9515,20,True,,NVIDIA RTX PRO 6000 Blackwell Server Edition,cudnn 9.27.0,
gpt_oss,gpt_oss_swa-tp2,generation,cudnn,bfloat16,fp8_e4m3,1,2,131072,32,4,64,64,gqa,128.0,16,inf,0.0,0.0,,20,False,"Traceback (most recent call last):
  File ""/home/scratch.yanxu_gpu/fe-sites/computelab_trees/fe_develop_5567e2733/benchmark/attention_inference/benchmark_single_attention.py"", line 824, in <module>
    main()
  File ""/home/scratch.yanxu_gpu/fe-sites/computelab_trees/fe_develop_5567e2733/benchmark/attention_inference/benchmark_single_attention.py"", line 789, in main
    fn, detail = SETUPS[args.backend](args, dtype)
                 ^^^^^^^^^^^^^^^^^^^^^^^^^^^^^^^^^
  File ""/home/scratch.yanxu_gpu/fe-sites/computelab_trees/fe_develop_5567e2733/benchmark/attention_inference/benchmark_single_attention.py"", line 167, in setup_cudnn
    return setup_cudnn_fp8(args, cudnn, oss=oss)
           ^^^^^^^^^^^^^^^^^^^^^^^^^^^^^^^^^^^^^
  File ""/home/scratch.yanxu_gpu/fe-sites/computelab_trees/fe_develop_5567e2733/benchmark/attention_inference/benchmark_single_attention.py"", line 276, in setup_cudnn_fp8
    raise NotImplementedError(""sink tokens are not wired into the fp8 attention graph"")
NotImplementedError: sink tokens are not wired into the fp8 attention graph",,,
gpt_oss,gpt_oss_swa-tp2,generation,cudnn,bfloat16,bfloat16,128,2,131072,32,4,64,64,gqa,128.0,16,0.12003,2290.077,159.431,8.8968,20,True,,NVIDIA RTX PRO 6000 Blackwell Server Edition,cudnn 9.27.0,
gpt_oss,gpt_oss_swa-tp2,generation,cudnn,bfloat16,fp8_e4m3,128,2,131072,32,4,64,64,gqa,128.0,16,inf,0.0,0.0,,20,False,"Traceback (most recent call last):
  File ""/home/scratch.yanxu_gpu/fe-sites/computelab_trees/fe_develop_5567e2733/benchmark/attention_inference/benchmark_single_attention.py"", line 824, in <module>
    main()
  File ""/home/scratch.yanxu_gpu/fe-sites/computelab_trees/fe_develop_5567e2733/benchmark/attention_inference/benchmark_single_attention.py"", line 789, in main
    fn, detail = SETUPS[args.backend](args, dtype)
                 ^^^^^^^^^^^^^^^^^^^^^^^^^^^^^^^^^
  File ""/home/scratch.yanxu_gpu/fe-sites/computelab_trees/fe_develop_5567e2733/benchmark/attention_inference/benchmark_single_attention.py"", line 167, in setup_cudnn
    return setup_cudnn_fp8(args, cudnn, oss=oss)
           ^^^^^^^^^^^^^^^^^^^^^^^^^^^^^^^^^^^^^
  File ""/home/scratch.yanxu_gpu/fe-sites/computelab_trees/fe_develop_5567e2733/benchmark/attention_inference/benchmark_single_attention.py"", line 276, in setup_cudnn_fp8
    raise NotImplementedError(""sink tokens are not wired into the fp8 attention graph"")
NotImplementedError: sink tokens are not wired into the fp8 attention graph",,,
gpt_oss,gpt_oss_swa-tp2,generation,cudnn,bfloat16,bfloat16,1,3,131072,32,4,64,64,gqa,128.0,16,0.009056,355.701,17.527,0.978,20,True,,NVIDIA RTX PRO 6000 Blackwell Server Edition,cudnn 9.27.0,
gpt_oss,gpt_oss_swa-tp2,generation,cudnn,bfloat16,fp8_e4m3,1,3,131072,32,4,64,64,gqa,128.0,16,inf,0.0,0.0,,20,False,"Traceback (most recent call last):
  File ""/home/scratch.yanxu_gpu/fe-sites/computelab_trees/fe_develop_5567e2733/benchmark/attention_inference/benchmark_single_attention.py"", line 824, in <module>
    main()
  File ""/home/scratch.yanxu_gpu/fe-sites/computelab_trees/fe_develop_5567e2733/benchmark/attention_inference/benchmark_single_attention.py"", line 789, in main
    fn, detail = SETUPS[args.backend](args, dtype)
                 ^^^^^^^^^^^^^^^^^^^^^^^^^^^^^^^^^
  File ""/home/scratch.yanxu_gpu/fe-sites/computelab_trees/fe_develop_5567e2733/benchmark/attention_inference/benchmark_single_attention.py"", line 167, in setup_cudnn
    return setup_cudnn_fp8(args, cudnn, oss=oss)
           ^^^^^^^^^^^^^^^^^^^^^^^^^^^^^^^^^^^^^
  File ""/home/scratch.yanxu_gpu/fe-sites/computelab_trees/fe_develop_5567e2733/benchmark/attention_inference/benchmark_single_attention.py"", line 276, in setup_cudnn_fp8
    raise NotImplementedError(""sink tokens are not wired into the fp8 attention graph"")
NotImplementedError: sink tokens are not wired into the fp8 attention graph",,,
gpt_oss,gpt_oss_swa-tp2,generation,cudnn,bfloat16,bfloat16,128,3,131072,32,4,64,64,gqa,128.0,16,0.120322,3426.779,168.848,9.4223,20,True,,NVIDIA RTX PRO 6000 Blackwell Server Edition,cudnn 9.27.0,
gpt_oss,gpt_oss_swa-tp2,generation,cudnn,bfloat16,fp8_e4m3,128,3,131072,32,4,64,64,gqa,128.0,16,inf,0.0,0.0,,20,False,"Traceback (most recent call last):
  File ""/home/scratch.yanxu_gpu/fe-sites/computelab_trees/fe_develop_5567e2733/benchmark/attention_inference/benchmark_single_attention.py"", line 824, in <module>
    main()
  File ""/home/scratch.yanxu_gpu/fe-sites/computelab_trees/fe_develop_5567e2733/benchmark/attention_inference/benchmark_single_attention.py"", line 789, in main
    fn, detail = SETUPS[args.backend](args, dtype)
                 ^^^^^^^^^^^^^^^^^^^^^^^^^^^^^^^^^
  File ""/home/scratch.yanxu_gpu/fe-sites/computelab_trees/fe_develop_5567e2733/benchmark/attention_inference/benchmark_single_attention.py"", line 167, in setup_cudnn
    return setup_cudnn_fp8(args, cudnn, oss=oss)
           ^^^^^^^^^^^^^^^^^^^^^^^^^^^^^^^^^^^^^
  File ""/home/scratch.yanxu_gpu/fe-sites/computelab_trees/fe_develop_5567e2733/benchmark/attention_inference/benchmark_single_attention.py"", line 276, in setup_cudnn_fp8
    raise NotImplementedError(""sink tokens are not wired into the fp8 attention graph"")
NotImplementedError: sink tokens are not wired into the fp8 attention graph",,,
gpt_oss,gpt_oss_swa-tp2,generation,cudnn,bfloat16,bfloat16,1,4,131072,32,4,64,64,gqa,128.0,16,0.008832,486.296,19.014,1.0611,20,True,,NVIDIA RTX PRO 6000 Blackwell Server Edition,cudnn 9.27.0,
gpt_oss,gpt_oss_swa-tp2,generation,cudnn,bfloat16,fp8_e4m3,1,4,131072,32,4,64,64,gqa,128.0,16,inf,0.0,0.0,,20,False,"Traceback (most recent call last):
  File ""/home/scratch.yanxu_gpu/fe-sites/computelab_trees/fe_develop_5567e2733/benchmark/attention_inference/benchmark_single_attention.py"", line 824, in <module>
    main()
  File ""/home/scratch.yanxu_gpu/fe-sites/computelab_trees/fe_develop_5567e2733/benchmark/attention_inference/benchmark_single_attention.py"", line 789, in main
    fn, detail = SETUPS[args.backend](args, dtype)
                 ^^^^^^^^^^^^^^^^^^^^^^^^^^^^^^^^^
  File ""/home/scratch.yanxu_gpu/fe-sites/computelab_trees/fe_develop_5567e2733/benchmark/attention_inference/benchmark_single_attention.py"", line 167, in setup_cudnn
    return setup_cudnn_fp8(args, cudnn, oss=oss)
           ^^^^^^^^^^^^^^^^^^^^^^^^^^^^^^^^^^^^^
  File ""/home/scratch.yanxu_gpu/fe-sites/computelab_trees/fe_develop_5567e2733/benchmark/attention_inference/benchmark_single_attention.py"", line 276, in setup_cudnn_fp8
    raise NotImplementedError(""sink tokens are not wired into the fp8 attention graph"")
NotImplementedError: sink tokens are not wired into the fp8 attention graph",,,
gpt_oss,gpt_oss_swa-tp2,generation,cudnn,bfloat16,bfloat16,128,4,131072,32,4,64,64,gqa,128.0,16,0.120671,4555.824,178.136,9.9406,20,True,,NVIDIA RTX PRO 6000 Blackwell Server Edition,cudnn 9.27.0,
gpt_oss,gpt_oss_swa-tp2,generation,cudnn,bfloat16,fp8_e4m3,128,4,131072,32,4,64,64,gqa,128.0,16,inf,0.0,0.0,,20,False,"Traceback (most recent call last):
  File ""/home/scratch.yanxu_gpu/fe-sites/computelab_trees/fe_develop_5567e2733/benchmark/attention_inference/benchmark_single_attention.py"", line 824, in <module>
    main()
  File ""/home/scratch.yanxu_gpu/fe-sites/computelab_trees/fe_develop_5567e2733/benchmark/attention_inference/benchmark_single_attention.py"", line 789, in main
    fn, detail = SETUPS[args.backend](args, dtype)
                 ^^^^^^^^^^^^^^^^^^^^^^^^^^^^^^^^^
  File ""/home/scratch.yanxu_gpu/fe-sites/computelab_trees/fe_develop_5567e2733/benchmark/attention_inference/benchmark_single_attention.py"", line 167, in setup_cudnn
    return setup_cudnn_fp8(args, cudnn, oss=oss)
           ^^^^^^^^^^^^^^^^^^^^^^^^^^^^^^^^^^^^^
  File ""/home/scratch.yanxu_gpu/fe-sites/computelab_trees/fe_develop_5567e2733/benchmark/attention_inference/benchmark_single_attention.py"", line 276, in setup_cudnn_fp8
    raise NotImplementedError(""sink tokens are not wired into the fp8 attention graph"")
NotImplementedError: sink tokens are not wired into the fp8 attention graph",,,
gpt_oss,gpt_oss_swa-tp2,context,cudnn_oss,bfloat16,bfloat16,1,2048,2048,32,4,64,64,gqa,128.0,16,0.040352,425.75,467.743,26.1017,20,True,,NVIDIA RTX PRO 6000 Blackwell Server Edition,cudnn_oss plan=sdpa_fwd_prefill_sm120[PACK_GQA=0; SCHED_POLICY=2; SPLIT_KV=1; TILE_CGA_M=1; TILE_M=64; TILE_N=128],
gpt_oss,gpt_oss_swa-tp2,context,cudnn_oss,bfloat16,bfloat16,1,8192,8192,32,4,64,64,gqa,128.0,16,0.095426,2880.535,791.162,44.1497,20,True,,NVIDIA RTX PRO 6000 Blackwell Server Edition,cudnn_oss plan=sdpa_fwd_prefill_sm120[PACK_GQA=0; SCHED_POLICY=2; SPLIT_KV=1; TILE_CGA_M=1; TILE_M=128; TILE_N=128],
gpt_oss,gpt_oss_swa-tp2,context,cudnn_oss,bfloat16,bfloat16,1,32768,32768,32,4,64,64,gqa,128.0,16,0.331392,13271.432,911.277,50.8525,20,True,,NVIDIA RTX PRO 6000 Blackwell Server Edition,cudnn_oss plan=sdpa_fwd_prefill_sm120[PACK_GQA=0; SCHED_POLICY=2; SPLIT_KV=1; TILE_CGA_M=1; TILE_M=128; TILE_N=128],
gpt_oss,gpt_oss_swa-tp2,context,cudnn_oss,bfloat16,bfloat16,1,512,65536,32,4,64,64,gqa,128.0,16,0.017568,15646.511,276.051,15.4046,20,True,,NVIDIA RTX PRO 6000 Blackwell Server Edition,cudnn_oss plan=sdpa_fwd_prefill_sm120[PACK_GQA=0; SCHED_POLICY=2; SPLIT_KV=1; TILE_CGA_M=1; TILE_M=64; TILE_N=128],
gpt_oss,gpt_oss_swa-tp2,context,cudnn_oss,bfloat16,bfloat16,1,512,131072,32,4,64,64,gqa,128.0,16,0.017631,31181.204,275.065,15.3496,20,True,,NVIDIA RTX PRO 6000 Blackwell Server Edition,cudnn_oss plan=sdpa_fwd_prefill_sm120[PACK_GQA=0; SCHED_POLICY=2; SPLIT_KV=1; TILE_CGA_M=1; TILE_M=64; TILE_N=128],
gpt_oss,gpt_oss_swa-tp2,context,cudnn_oss,bfloat16,bfloat16,1,1024,65536,32,4,64,64,gqa,128.0,16,0.026464,20773.723,361.557,20.1762,20,True,,NVIDIA RTX PRO 6000 Blackwell Server Edition,cudnn_oss plan=sdpa_fwd_prefill_sm120[PACK_GQA=0; SCHED_POLICY=2; SPLIT_KV=1; TILE_CGA_M=1; TILE_M=64; TILE_N=128],
gpt_oss,gpt_oss_swa-tp2,context,cudnn_oss,bfloat16,bfloat16,1,1024,131072,32,4,64,64,gqa,128.0,16,0.028225,38955.239,338.999,18.9174,20,True,,NVIDIA RTX PRO 6000 Blackwell Server Edition,cudnn_oss plan=sdpa_fwd_prefill_sm120[PACK_GQA=0; SCHED_POLICY=2; SPLIT_KV=1; TILE_CGA_M=1; TILE_M=64; TILE_N=128],
gpt_oss,gpt_oss_swa-tp2,generation,cudnn_oss,bfloat16,bfloat16,1,1,131072,32,4,64,64,gqa,128.0,16,0.00464,231.41,30.234,1.6872,20,True,,NVIDIA RTX PRO 6000 Blackwell Server Edition,cudnn_oss plan=sdpa_fwd_prefill_sm120[PACK_GQA=1; SCHED_POLICY=2; SPLIT_KV=1; TILE_CGA_M=1; TILE_M=128; TILE_N=128],
gpt_oss,gpt_oss_swa-tp2,generation,cudnn_oss,bfloat16,fp8_e4m3,1,1,131072,32,4,64,64,gqa,128.0,16,inf,0.0,0.0,,20,False,"  File ""/home/scratch.yanxu_gpu/fe-sites/computelab_trees/fe_develop_5567e2733/benchmark/attention_inference/benchmark_single_attention.py"", line 789, in main
    fn, detail = SETUPS[args.backend](args, dtype)
                 ^^^^^^^^^^^^^^^^^^^^^^^^^^^^^^^^^
  File ""/home/scratch.yanxu_gpu/fe-sites/computelab_trees/fe_develop_5567e2733/benchmark/attention_inference/benchmark_single_attention.py"", line 270, in setup_cudnn_oss
    return setup_cudnn(args, dtype, oss=True)
           ^^^^^^^^^^^^^^^^^^^^^^^^^^^^^^^^^^
  File ""/home/scratch.yanxu_gpu/fe-sites/computelab_trees/fe_develop_5567e2733/benchmark/attention_inference/benchmark_single_attention.py"", line 167, in setup_cudnn
    return setup_cudnn_fp8(args, cudnn, oss=oss)
           ^^^^^^^^^^^^^^^^^^^^^^^^^^^^^^^^^^^^^
  File ""/home/scratch.yanxu_gpu/fe-sites/computelab_trees/fe_develop_5567e2733/benchmark/attention_inference/benchmark_single_attention.py"", line 276, in setup_cudnn_fp8
    raise NotImplementedError(""sink tokens are not wired into the fp8 attention graph"")
NotImplementedError: sink tokens are not wired into the fp8 attention graph",,,
gpt_oss,gpt_oss_swa-tp2,generation,cudnn_oss,bfloat16,bfloat16,128,1,131072,32,4,64,64,gqa,128.0,16,0.025345,5422.725,708.497,39.5367,20,True,,NVIDIA RTX PRO 6000 Blackwell Server Edition,cudnn_oss plan=sdpa_fwd_prefill_sm120[PACK_GQA=1; SCHED_POLICY=2; SPLIT_KV=1; TILE_CGA_M=1; TILE_M=128; TILE_N=128],
gpt_oss,gpt_oss_swa-tp2,generation,cudnn_oss,bfloat16,fp8_e4m3,128,1,131072,32,4,64,64,gqa,128.0,16,inf,0.0,0.0,,20,False,"  File ""/home/scratch.yanxu_gpu/fe-sites/computelab_trees/fe_develop_5567e2733/benchmark/attention_inference/benchmark_single_attention.py"", line 789, in main
    fn, detail = SETUPS[args.backend](args, dtype)
                 ^^^^^^^^^^^^^^^^^^^^^^^^^^^^^^^^^
  File ""/home/scratch.yanxu_gpu/fe-sites/computelab_trees/fe_develop_5567e2733/benchmark/attention_inference/benchmark_single_attention.py"", line 270, in setup_cudnn_oss
    return setup_cudnn(args, dtype, oss=True)
           ^^^^^^^^^^^^^^^^^^^^^^^^^^^^^^^^^^
  File ""/home/scratch.yanxu_gpu/fe-sites/computelab_trees/fe_develop_5567e2733/benchmark/attention_inference/benchmark_single_attention.py"", line 167, in setup_cudnn
    return setup_cudnn_fp8(args, cudnn, oss=oss)
           ^^^^^^^^^^^^^^^^^^^^^^^^^^^^^^^^^^^^^
  File ""/home/scratch.yanxu_gpu/fe-sites/computelab_trees/fe_develop_5567e2733/benchmark/attention_inference/benchmark_single_attention.py"", line 276, in setup_cudnn_fp8
    raise NotImplementedError(""sink tokens are not wired into the fp8 attention graph"")
NotImplementedError: sink tokens are not wired into the fp8 attention graph",,,
gpt_oss,gpt_oss_swa-tp2,generation,cudnn_oss,bfloat16,bfloat16,1,2,131072,32,4,64,64,gqa,128.0,16,0.0072,298.262,20.764,1.1587,20,True,,NVIDIA RTX PRO 6000 Blackwell Server Edition,cudnn_oss plan=sdpa_fwd_prefill_sm120[PACK_GQA=1; SCHED_POLICY=2; SPLIT_KV=1; TILE_CGA_M=1; TILE_M=128; TILE_N=128],
gpt_oss,gpt_oss_swa-tp2,generation,cudnn_oss,bfloat16,fp8_e4m3,1,2,131072,32,4,64,64,gqa,128.0,16,inf,0.0,0.0,,20,False,"  File ""/home/scratch.yanxu_gpu/fe-sites/computelab_trees/fe_develop_5567e2733/benchmark/attention_inference/benchmark_single_attention.py"", line 789, in main
    fn, detail = SETUPS[args.backend](args, dtype)
                 ^^^^^^^^^^^^^^^^^^^^^^^^^^^^^^^^^
  File ""/home/scratch.yanxu_gpu/fe-sites/computelab_trees/fe_develop_5567e2733/benchmark/attention_inference/benchmark_single_attention.py"", line 270, in setup_cudnn_oss
    return setup_cudnn(args, dtype, oss=True)
           ^^^^^^^^^^^^^^^^^^^^^^^^^^^^^^^^^^
  File ""/home/scratch.yanxu_gpu/fe-sites/computelab_trees/fe_develop_5567e2733/benchmark/attention_inference/benchmark_single_attention.py"", line 167, in setup_cudnn
    return setup_cudnn_fp8(args, cudnn, oss=oss)
           ^^^^^^^^^^^^^^^^^^^^^^^^^^^^^^^^^^^^^
  File ""/home/scratch.yanxu_gpu/fe-sites/computelab_trees/fe_develop_5567e2733/benchmark/attention_inference/benchmark_single_attention.py"", line 276, in setup_cudnn_fp8
    raise NotImplementedError(""sink tokens are not wired into the fp8 attention graph"")
NotImplementedError: sink tokens are not wired into the fp8 attention graph",,,
gpt_oss,gpt_oss_swa-tp2,generation,cudnn_oss,bfloat16,bfloat16,128,2,131072,32,4,64,64,gqa,128.0,16,0.040768,6742.492,469.4,26.1942,20,True,,NVIDIA RTX PRO 6000 Blackwell Server Edition,cudnn_oss plan=sdpa_fwd_prefill_sm120[PACK_GQA=1; SCHED_POLICY=2; SPLIT_KV=1; TILE_CGA_M=1; TILE_M=128; TILE_N=128],
gpt_oss,gpt_oss_swa-tp2,generation,cudnn_oss,bfloat16,fp8_e4m3,128,2,131072,32,4,64,64,gqa,128.0,16,inf,0.0,0.0,,20,False,"  File ""/home/scratch.yanxu_gpu/fe-sites/computelab_trees/fe_develop_5567e2733/benchmark/attention_inference/benchmark_single_attention.py"", line 789, in main
    fn, detail = SETUPS[args.backend](args, dtype)
                 ^^^^^^^^^^^^^^^^^^^^^^^^^^^^^^^^^
  File ""/home/scratch.yanxu_gpu/fe-sites/computelab_trees/fe_develop_5567e2733/benchmark/attention_inference/benchmark_single_attention.py"", line 270, in setup_cudnn_oss
    return setup_cudnn(args, dtype, oss=True)
           ^^^^^^^^^^^^^^^^^^^^^^^^^^^^^^^^^^
  File ""/home/scratch.yanxu_gpu/fe-sites/computelab_trees/fe_develop_5567e2733/benchmark/attention_inference/benchmark_single_attention.py"", line 167, in setup_cudnn
    return setup_cudnn_fp8(args, cudnn, oss=oss)
           ^^^^^^^^^^^^^^^^^^^^^^^^^^^^^^^^^^^^^
  File ""/home/scratch.yanxu_gpu/fe-sites/computelab_trees/fe_develop_5567e2733/benchmark/attention_inference/benchmark_single_attention.py"", line 276, in setup_cudnn_fp8
    raise NotImplementedError(""sink tokens are not wired into the fp8 attention graph"")
NotImplementedError: sink tokens are not wired into the fp8 attention graph",,,
gpt_oss,gpt_oss_swa-tp2,generation,cudnn_oss,bfloat16,bfloat16,1,3,131072,32,4,64,64,gqa,128.0,16,0.0072,447.392,22.044,1.2302,20,True,,NVIDIA RTX PRO 6000 Blackwell Server Edition,cudnn_oss plan=sdpa_fwd_prefill_sm120[PACK_GQA=1; SCHED_POLICY=2; SPLIT_KV=1; TILE_CGA_M=1; TILE_M=128; TILE_N=128],
gpt_oss,gpt_oss_swa-tp2,generation,cudnn_oss,bfloat16,fp8_e4m3,1,3,131072,32,4,64,64,gqa,128.0,16,inf,0.0,0.0,,20,False,"  File ""/home/scratch.yanxu_gpu/fe-sites/computelab_trees/fe_develop_5567e2733/benchmark/attention_inference/benchmark_single_attention.py"", line 789, in main
    fn, detail = SETUPS[args.backend](args, dtype)
                 ^^^^^^^^^^^^^^^^^^^^^^^^^^^^^^^^^
  File ""/home/scratch.yanxu_gpu/fe-sites/computelab_trees/fe_develop_5567e2733/benchmark/attention_inference/benchmark_single_attention.py"", line 270, in setup_cudnn_oss
    return setup_cudnn(args, dtype, oss=True)
           ^^^^^^^^^^^^^^^^^^^^^^^^^^^^^^^^^^
  File ""/home/scratch.yanxu_gpu/fe-sites/computelab_trees/fe_develop_5567e2733/benchmark/attention_inference/benchmark_single_attention.py"", line 167, in setup_cudnn
    return setup_cudnn_fp8(args, cudnn, oss=oss)
           ^^^^^^^^^^^^^^^^^^^^^^^^^^^^^^^^^^^^^
  File ""/home/scratch.yanxu_gpu/fe-sites/computelab_trees/fe_develop_5567e2733/benchmark/attention_inference/benchmark_single_attention.py"", line 276, in setup_cudnn_fp8
    raise NotImplementedError(""sink tokens are not wired into the fp8 attention graph"")
NotImplementedError: sink tokens are not wired into the fp8 attention graph",,,
gpt_oss,gpt_oss_swa-tp2,generation,cudnn_oss,bfloat16,bfloat16,128,3,131072,32,4,64,64,gqa,128.0,16,0.041472,9942.054,489.877,27.3369,20,True,,NVIDIA RTX PRO 6000 Blackwell Server Edition,cudnn_oss plan=sdpa_fwd_prefill_sm120[PACK_GQA=1; SCHED_POLICY=2; SPLIT_KV=1; TILE_CGA_M=1; TILE_M=128; TILE_N=128],
gpt_oss,gpt_oss_swa-tp2,generation,cudnn_oss,bfloat16,fp8_e4m3,128,3,131072,32,4,64,64,gqa,128.0,16,inf,0.0,0.0,,20,False,"  File ""/home/scratch.yanxu_gpu/fe-sites/computelab_trees/fe_develop_5567e2733/benchmark/attention_inference/benchmark_single_attention.py"", line 789, in main
    fn, detail = SETUPS[args.backend](args, dtype)
                 ^^^^^^^^^^^^^^^^^^^^^^^^^^^^^^^^^
  File ""/home/scratch.yanxu_gpu/fe-sites/computelab_trees/fe_develop_5567e2733/benchmark/attention_inference/benchmark_single_attention.py"", line 270, in setup_cudnn_oss
    return setup_cudnn(args, dtype, oss=True)
           ^^^^^^^^^^^^^^^^^^^^^^^^^^^^^^^^^^
  File ""/home/scratch.yanxu_gpu/fe-sites/computelab_trees/fe_develop_5567e2733/benchmark/attention_inference/benchmark_single_attention.py"", line 167, in setup_cudnn
    return setup_cudnn_fp8(args, cudnn, oss=oss)
           ^^^^^^^^^^^^^^^^^^^^^^^^^^^^^^^^^^^^^
  File ""/home/scratch.yanxu_gpu/fe-sites/computelab_trees/fe_develop_5567e2733/benchmark/attention_inference/benchmark_single_attention.py"", line 276, in setup_cudnn_fp8
    raise NotImplementedError(""sink tokens are not wired into the fp8 attention graph"")
NotImplementedError: sink tokens are not wired into the fp8 attention graph",,,
gpt_oss,gpt_oss_swa-tp2,generation,cudnn_oss,bfloat16,bfloat16,1,4,131072,32,4,64,64,gqa,128.0,16,0.007296,588.674,23.018,1.2845,20,True,,NVIDIA RTX PRO 6000 Blackwell Server Edition,cudnn_oss plan=sdpa_fwd_prefill_sm120[PACK_GQA=1; SCHED_POLICY=2; SPLIT_KV=1; TILE_CGA_M=1; TILE_M=128; TILE_N=128],
gpt_oss,gpt_oss_swa-tp2,generation,cudnn_oss,bfloat16,fp8_e4m3,1,4,131072,32,4,64,64,gqa,128.0,16,inf,0.0,0.0,,20,False,"  File ""/home/scratch.yanxu_gpu/fe-sites/computelab_trees/fe_develop_5567e2733/benchmark/attention_inference/benchmark_single_attention.py"", line 789, in main
    fn, detail = SETUPS[args.backend](args, dtype)
                 ^^^^^^^^^^^^^^^^^^^^^^^^^^^^^^^^^
  File ""/home/scratch.yanxu_gpu/fe-sites/computelab_trees/fe_develop_5567e2733/benchmark/attention_inference/benchmark_single_attention.py"", line 270, in setup_cudnn_oss
    return setup_cudnn(args, dtype, oss=True)
           ^^^^^^^^^^^^^^^^^^^^^^^^^^^^^^^^^^
  File ""/home/scratch.yanxu_gpu/fe-sites/computelab_trees/fe_develop_5567e2733/benchmark/attention_inference/benchmark_single_attention.py"", line 167, in setup_cudnn
    return setup_cudnn_fp8(args, cudnn, oss=oss)
           ^^^^^^^^^^^^^^^^^^^^^^^^^^^^^^^^^^^^^
  File ""/home/scratch.yanxu_gpu/fe-sites/computelab_trees/fe_develop_5567e2733/benchmark/attention_inference/benchmark_single_attention.py"", line 276, in setup_cudnn_fp8
    raise NotImplementedError(""sink tokens are not wired into the fp8 attention graph"")
NotImplementedError: sink tokens are not wired into the fp8 attention graph",,,
gpt_oss,gpt_oss_swa-tp2,generation,cudnn_oss,bfloat16,bfloat16,128,4,131072,32,4,64,64,gqa,128.0,16,0.041921,13114.091,512.769,28.6144,20,True,,NVIDIA RTX PRO 6000 Blackwell Server Edition,cudnn_oss plan=sdpa_fwd_prefill_sm120[PACK_GQA=1; SCHED_POLICY=2; SPLIT_KV=1; TILE_CGA_M=1; TILE_M=128; TILE_N=128],
gpt_oss,gpt_oss_swa-tp2,generation,cudnn_oss,bfloat16,fp8_e4m3,128,4,131072,32,4,64,64,gqa,128.0,16,inf,0.0,0.0,,20,False,"  File ""/home/scratch.yanxu_gpu/fe-sites/computelab_trees/fe_develop_5567e2733/benchmark/attention_inference/benchmark_single_attention.py"", line 789, in main
    fn, detail = SETUPS[args.backend](args, dtype)
                 ^^^^^^^^^^^^^^^^^^^^^^^^^^^^^^^^^
  File ""/home/scratch.yanxu_gpu/fe-sites/computelab_trees/fe_develop_5567e2733/benchmark/attention_inference/benchmark_single_attention.py"", line 270, in setup_cudnn_oss
    return setup_cudnn(args, dtype, oss=True)
           ^^^^^^^^^^^^^^^^^^^^^^^^^^^^^^^^^^
  File ""/home/scratch.yanxu_gpu/fe-sites/computelab_trees/fe_develop_5567e2733/benchmark/attention_inference/benchmark_single_attention.py"", line 167, in setup_cudnn
    return setup_cudnn_fp8(args, cudnn, oss=oss)
           ^^^^^^^^^^^^^^^^^^^^^^^^^^^^^^^^^^^^^
  File ""/home/scratch.yanxu_gpu/fe-sites/computelab_trees/fe_develop_5567e2733/benchmark/attention_inference/benchmark_single_attention.py"", line 276, in setup_cudnn_fp8
    raise NotImplementedError(""sink tokens are not wired into the fp8 attention graph"")
NotImplementedError: sink tokens are not wired into the fp8 attention graph",,,
gpt_oss,gpt_oss_swa-tp4,context,cudnn,bfloat16,bfloat16,1,2048,2048,16,2,64,64,gqa,128.0,16,0.020256,424.069,465.896,25.9986,20,True,,NVIDIA RTX PRO 6000 Blackwell Server Edition,cudnn 9.27.0,
gpt_oss,gpt_oss_swa-tp4,context,cudnn,bfloat16,bfloat16,1,8192,8192,16,2,64,64,gqa,128.0,16,0.054048,2542.905,698.43,38.9749,20,True,,NVIDIA RTX PRO 6000 Blackwell Server Edition,cudnn 9.27.0,
gpt_oss,gpt_oss_swa-tp4,context,cudnn,bfloat16,bfloat16,1,32768,32768,16,2,64,64,gqa,128.0,16,0.188737,11651.257,800.028,44.6444,20,True,,NVIDIA RTX PRO 6000 Blackwell Server Edition,cudnn 9.27.0,
gpt_oss,gpt_oss_swa-tp4,context,cudnn,bfloat16,bfloat16,1,512,65536,16,2,64,64,gqa,128.0,16,0.02224,6179.809,109.03,6.0843,20,True,,NVIDIA RTX PRO 6000 Blackwell Server Edition,cudnn 9.27.0,
gpt_oss,gpt_oss_swa-tp4,context,cudnn,bfloat16,bfloat16,1,512,131072,16,2,64,64,gqa,128.0,16,0.022336,12306.497,108.562,6.0581,20,True,,NVIDIA RTX PRO 6000 Blackwell Server Edition,cudnn 9.27.0,
gpt_oss,gpt_oss_swa-tp4,context,cudnn,bfloat16,bfloat16,1,1024,65536,16,2,64,64,gqa,128.0,16,0.023969,11468.059,199.596,11.1382,20,True,,NVIDIA RTX PRO 6000 Blackwell Server Edition,cudnn 9.27.0,
gpt_oss,gpt_oss_swa-tp4,context,cudnn,bfloat16,bfloat16,1,1024,131072,16,2,64,64,gqa,128.0,16,0.023872,23029.315,200.408,11.1835,20,True,,NVIDIA RTX PRO 6000 Blackwell Server Edition,cudnn 9.27.0,
gpt_oss,gpt_oss_swa-tp4,generation,cudnn,bfloat16,bfloat16,1,1,131072,16,2,64,64,gqa,128.0,16,inf,0.0,0.0,,20,False,"  import pynvml  # type: ignore[import]
Traceback (most recent call last):
  File ""/home/scratch.yanxu_gpu/fe-sites/computelab_trees/fe_develop_5567e2733/benchmark/attention_inference/benchmark_single_attention.py"", line 824, in <module>
    main()
  File ""/home/scratch.yanxu_gpu/fe-sites/computelab_trees/fe_develop_5567e2733/benchmark/attention_inference/benchmark_single_attention.py"", line 789, in main
    fn, detail = SETUPS[args.backend](args, dtype)
                 ^^^^^^^^^^^^^^^^^^^^^^^^^^^^^^^^^
  File ""/home/scratch.yanxu_gpu/fe-sites/computelab_trees/fe_develop_5567e2733/benchmark/attention_inference/benchmark_single_attention.py"", line 224, in setup_cudnn
    graph.validate()
  File ""/home/scratch.yanxu_gpu/fe-sites/computelab_trees/fe_develop_5567e2733/python/cudnn/_pygraph.py"", line 891, in validate
    self._lowered_graph.validate()
cudnn._compiled_module.cudnnGraphNotSupportedError: decode only mode, i.e. s_q == 1, not supported with sink_token",,,
gpt_oss,gpt_oss_swa-tp4,generation,cudnn,bfloat16,fp8_e4m3,1,1,131072,16,2,64,64,gqa,128.0,16,inf,0.0,0.0,,20,False,"Traceback (most recent call last):
  File ""/home/scratch.yanxu_gpu/fe-sites/computelab_trees/fe_develop_5567e2733/benchmark/attention_inference/benchmark_single_attention.py"", line 824, in <module>
    main()
  File ""/home/scratch.yanxu_gpu/fe-sites/computelab_trees/fe_develop_5567e2733/benchmark/attention_inference/benchmark_single_attention.py"", line 789, in main
    fn, detail = SETUPS[args.backend](args, dtype)
                 ^^^^^^^^^^^^^^^^^^^^^^^^^^^^^^^^^
  File ""/home/scratch.yanxu_gpu/fe-sites/computelab_trees/fe_develop_5567e2733/benchmark/attention_inference/benchmark_single_attention.py"", line 167, in setup_cudnn
    return setup_cudnn_fp8(args, cudnn, oss=oss)
           ^^^^^^^^^^^^^^^^^^^^^^^^^^^^^^^^^^^^^
  File ""/home/scratch.yanxu_gpu/fe-sites/computelab_trees/fe_develop_5567e2733/benchmark/attention_inference/benchmark_single_attention.py"", line 276, in setup_cudnn_fp8
    raise NotImplementedError(""sink tokens are not wired into the fp8 attention graph"")
NotImplementedError: sink tokens are not wired into the fp8 attention graph",,,
gpt_oss,gpt_oss_swa-tp4,generation,cudnn,bfloat16,bfloat16,128,1,131072,16,2,64,64,gqa,128.0,16,inf,0.0,0.0,,20,False,"  import pynvml  # type: ignore[import]
Traceback (most recent call last):
  File ""/home/scratch.yanxu_gpu/fe-sites/computelab_trees/fe_develop_5567e2733/benchmark/attention_inference/benchmark_single_attention.py"", line 824, in <module>
    main()
  File ""/home/scratch.yanxu_gpu/fe-sites/computelab_trees/fe_develop_5567e2733/benchmark/attention_inference/benchmark_single_attention.py"", line 789, in main
    fn, detail = SETUPS[args.backend](args, dtype)
                 ^^^^^^^^^^^^^^^^^^^^^^^^^^^^^^^^^
  File ""/home/scratch.yanxu_gpu/fe-sites/computelab_trees/fe_develop_5567e2733/benchmark/attention_inference/benchmark_single_attention.py"", line 224, in setup_cudnn
    graph.validate()
  File ""/home/scratch.yanxu_gpu/fe-sites/computelab_trees/fe_develop_5567e2733/python/cudnn/_pygraph.py"", line 891, in validate
    self._lowered_graph.validate()
cudnn._compiled_module.cudnnGraphNotSupportedError: decode only mode, i.e. s_q == 1, not supported with sink_token",,,
gpt_oss,gpt_oss_swa-tp4,generation,cudnn,bfloat16,fp8_e4m3,128,1,131072,16,2,64,64,gqa,128.0,16,inf,0.0,0.0,,20,False,"Traceback (most recent call last):
  File ""/home/scratch.yanxu_gpu/fe-sites/computelab_trees/fe_develop_5567e2733/benchmark/attention_inference/benchmark_single_attention.py"", line 824, in <module>
    main()
  File ""/home/scratch.yanxu_gpu/fe-sites/computelab_trees/fe_develop_5567e2733/benchmark/attention_inference/benchmark_single_attention.py"", line 789, in main
    fn, detail = SETUPS[args.backend](args, dtype)
                 ^^^^^^^^^^^^^^^^^^^^^^^^^^^^^^^^^
  File ""/home/scratch.yanxu_gpu/fe-sites/computelab_trees/fe_develop_5567e2733/benchmark/attention_inference/benchmark_single_attention.py"", line 167, in setup_cudnn
    return setup_cudnn_fp8(args, cudnn, oss=oss)
           ^^^^^^^^^^^^^^^^^^^^^^^^^^^^^^^^^^^^^
  File ""/home/scratch.yanxu_gpu/fe-sites/computelab_trees/fe_develop_5567e2733/benchmark/attention_inference/benchmark_single_attention.py"", line 276, in setup_cudnn_fp8
    raise NotImplementedError(""sink tokens are not wired into the fp8 attention graph"")
NotImplementedError: sink tokens are not wired into the fp8 attention graph",,,
gpt_oss,gpt_oss_swa-tp4,generation,cudnn,bfloat16,bfloat16,1,2,131072,16,2,64,64,gqa,128.0,16,0.008545,125.657,8.748,0.4882,20,True,,NVIDIA RTX PRO 6000 Blackwell Server Edition,cudnn 9.27.0,
gpt_oss,gpt_oss_swa-tp4,generation,cudnn,bfloat16,fp8_e4m3,1,2,131072,16,2,64,64,gqa,128.0,16,inf,0.0,0.0,,20,False,"Traceback (most recent call last):
  File ""/home/scratch.yanxu_gpu/fe-sites/computelab_trees/fe_develop_5567e2733/benchmark/attention_inference/benchmark_single_attention.py"", line 824, in <module>
    main()
  File ""/home/scratch.yanxu_gpu/fe-sites/computelab_trees/fe_develop_5567e2733/benchmark/attention_inference/benchmark_single_attention.py"", line 789, in main
    fn, detail = SETUPS[args.backend](args, dtype)
                 ^^^^^^^^^^^^^^^^^^^^^^^^^^^^^^^^^
  File ""/home/scratch.yanxu_gpu/fe-sites/computelab_trees/fe_develop_5567e2733/benchmark/attention_inference/benchmark_single_attention.py"", line 167, in setup_cudnn
    return setup_cudnn_fp8(args, cudnn, oss=oss)
           ^^^^^^^^^^^^^^^^^^^^^^^^^^^^^^^^^^^^^
  File ""/home/scratch.yanxu_gpu/fe-sites/computelab_trees/fe_develop_5567e2733/benchmark/attention_inference/benchmark_single_attention.py"", line 276, in setup_cudnn_fp8
    raise NotImplementedError(""sink tokens are not wired into the fp8 attention graph"")
NotImplementedError: sink tokens are not wired into the fp8 attention graph",,,
gpt_oss,gpt_oss_swa-tp4,generation,cudnn,bfloat16,bfloat16,128,2,131072,16,2,64,64,gqa,128.0,16,0.065569,2096.097,145.927,8.1432,20,True,,NVIDIA RTX PRO 6000 Blackwell Server Edition,cudnn 9.27.0,
gpt_oss,gpt_oss_swa-tp4,generation,cudnn,bfloat16,fp8_e4m3,128,2,131072,16,2,64,64,gqa,128.0,16,inf,0.0,0.0,,20,False,"Traceback (most recent call last):
  File ""/home/scratch.yanxu_gpu/fe-sites/computelab_trees/fe_develop_5567e2733/benchmark/attention_inference/benchmark_single_attention.py"", line 824, in <module>
    main()
  File ""/home/scratch.yanxu_gpu/fe-sites/computelab_trees/fe_develop_5567e2733/benchmark/attention_inference/benchmark_single_attention.py"", line 789, in main
    fn, detail = SETUPS[args.backend](args, dtype)
                 ^^^^^^^^^^^^^^^^^^^^^^^^^^^^^^^^^
  File ""/home/scratch.yanxu_gpu/fe-sites/computelab_trees/fe_develop_5567e2733/benchmark/attention_inference/benchmark_single_attention.py"", line 167, in setup_cudnn
    return setup_cudnn_fp8(args, cudnn, oss=oss)
           ^^^^^^^^^^^^^^^^^^^^^^^^^^^^^^^^^^^^^
  File ""/home/scratch.yanxu_gpu/fe-sites/computelab_trees/fe_develop_5567e2733/benchmark/attention_inference/benchmark_single_attention.py"", line 276, in setup_cudnn_fp8
    raise NotImplementedError(""sink tokens are not wired into the fp8 attention graph"")
NotImplementedError: sink tokens are not wired into the fp8 attention graph",,,
gpt_oss,gpt_oss_swa-tp4,generation,cudnn,bfloat16,bfloat16,1,3,131072,16,2,64,64,gqa,128.0,16,0.008641,186.392,9.184,0.5125,20,True,,NVIDIA RTX PRO 6000 Blackwell Server Edition,cudnn 9.27.0,
gpt_oss,gpt_oss_swa-tp4,generation,cudnn,bfloat16,fp8_e4m3,1,3,131072,16,2,64,64,gqa,128.0,16,inf,0.0,0.0,,20,False,"Traceback (most recent call last):
  File ""/home/scratch.yanxu_gpu/fe-sites/computelab_trees/fe_develop_5567e2733/benchmark/attention_inference/benchmark_single_attention.py"", line 824, in <module>
    main()
  File ""/home/scratch.yanxu_gpu/fe-sites/computelab_trees/fe_develop_5567e2733/benchmark/attention_inference/benchmark_single_attention.py"", line 789, in main
    fn, detail = SETUPS[args.backend](args, dtype)
                 ^^^^^^^^^^^^^^^^^^^^^^^^^^^^^^^^^
  File ""/home/scratch.yanxu_gpu/fe-sites/computelab_trees/fe_develop_5567e2733/benchmark/attention_inference/benchmark_single_attention.py"", line 167, in setup_cudnn
    return setup_cudnn_fp8(args, cudnn, oss=oss)
           ^^^^^^^^^^^^^^^^^^^^^^^^^^^^^^^^^^^^^
  File ""/home/scratch.yanxu_gpu/fe-sites/computelab_trees/fe_develop_5567e2733/benchmark/attention_inference/benchmark_single_attention.py"", line 276, in setup_cudnn_fp8
    raise NotImplementedError(""sink tokens are not wired into the fp8 attention graph"")
NotImplementedError: sink tokens are not wired into the fp8 attention graph",,,
gpt_oss,gpt_oss_swa-tp4,generation,cudnn,bfloat16,bfloat16,128,3,131072,16,2,64,64,gqa,128.0,16,0.065953,3125.839,154.02,8.5949,20,True,,NVIDIA RTX PRO 6000 Blackwell Server Edition,cudnn 9.27.0,
gpt_oss,gpt_oss_swa-tp4,generation,cudnn,bfloat16,fp8_e4m3,128,3,131072,16,2,64,64,gqa,128.0,16,inf,0.0,0.0,,20,False,"Traceback (most recent call last):
  File ""/home/scratch.yanxu_gpu/fe-sites/computelab_trees/fe_develop_5567e2733/benchmark/attention_inference/benchmark_single_attention.py"", line 824, in <module>
    main()
  File ""/home/scratch.yanxu_gpu/fe-sites/computelab_trees/fe_develop_5567e2733/benchmark/attention_inference/benchmark_single_attention.py"", line 789, in main
    fn, detail = SETUPS[args.backend](args, dtype)
                 ^^^^^^^^^^^^^^^^^^^^^^^^^^^^^^^^^
  File ""/home/scratch.yanxu_gpu/fe-sites/computelab_trees/fe_develop_5567e2733/benchmark/attention_inference/benchmark_single_attention.py"", line 167, in setup_cudnn
    return setup_cudnn_fp8(args, cudnn, oss=oss)
           ^^^^^^^^^^^^^^^^^^^^^^^^^^^^^^^^^^^^^
  File ""/home/scratch.yanxu_gpu/fe-sites/computelab_trees/fe_develop_5567e2733/benchmark/attention_inference/benchmark_single_attention.py"", line 276, in setup_cudnn_fp8
    raise NotImplementedError(""sink tokens are not wired into the fp8 attention graph"")
NotImplementedError: sink tokens are not wired into the fp8 attention graph",,,
gpt_oss,gpt_oss_swa-tp4,generation,cudnn,bfloat16,bfloat16,1,4,131072,16,2,64,64,gqa,128.0,16,0.00864,248.551,9.719,0.5423,20,True,,NVIDIA RTX PRO 6000 Blackwell Server Edition,cudnn 9.27.0,
gpt_oss,gpt_oss_swa-tp4,generation,cudnn,bfloat16,fp8_e4m3,1,4,131072,16,2,64,64,gqa,128.0,16,inf,0.0,0.0,,20,False,"Traceback (most recent call last):
  File ""/home/scratch.yanxu_gpu/fe-sites/computelab_trees/fe_develop_5567e2733/benchmark/attention_inference/benchmark_single_attention.py"", line 824, in <module>
    main()
  File ""/home/scratch.yanxu_gpu/fe-sites/computelab_trees/fe_develop_5567e2733/benchmark/attention_inference/benchmark_single_attention.py"", line 789, in main
    fn, detail = SETUPS[args.backend](args, dtype)
                 ^^^^^^^^^^^^^^^^^^^^^^^^^^^^^^^^^
  File ""/home/scratch.yanxu_gpu/fe-sites/computelab_trees/fe_develop_5567e2733/benchmark/attention_inference/benchmark_single_attention.py"", line 167, in setup_cudnn
    return setup_cudnn_fp8(args, cudnn, oss=oss)
           ^^^^^^^^^^^^^^^^^^^^^^^^^^^^^^^^^^^^^
  File ""/home/scratch.yanxu_gpu/fe-sites/computelab_trees/fe_develop_5567e2733/benchmark/attention_inference/benchmark_single_attention.py"", line 276, in setup_cudnn_fp8
    raise NotImplementedError(""sink tokens are not wired into the fp8 attention graph"")
NotImplementedError: sink tokens are not wired into the fp8 attention graph",,,
gpt_oss,gpt_oss_swa-tp4,generation,cudnn,bfloat16,bfloat16,128,4,131072,16,2,64,64,gqa,128.0,16,0.065856,4173.924,163.203,9.1073,20,True,,NVIDIA RTX PRO 6000 Blackwell Server Edition,cudnn 9.27.0,
gpt_oss,gpt_oss_swa-tp4,generation,cudnn,bfloat16,fp8_e4m3,128,4,131072,16,2,64,64,gqa,128.0,16,inf,0.0,0.0,,20,False,"Traceback (most recent call last):
  File ""/home/scratch.yanxu_gpu/fe-sites/computelab_trees/fe_develop_5567e2733/benchmark/attention_inference/benchmark_single_attention.py"", line 824, in <module>
    main()
  File ""/home/scratch.yanxu_gpu/fe-sites/computelab_trees/fe_develop_5567e2733/benchmark/attention_inference/benchmark_single_attention.py"", line 789, in main
    fn, detail = SETUPS[args.backend](args, dtype)
                 ^^^^^^^^^^^^^^^^^^^^^^^^^^^^^^^^^
  File ""/home/scratch.yanxu_gpu/fe-sites/computelab_trees/fe_develop_5567e2733/benchmark/attention_inference/benchmark_single_attention.py"", line 167, in setup_cudnn
    return setup_cudnn_fp8(args, cudnn, oss=oss)
           ^^^^^^^^^^^^^^^^^^^^^^^^^^^^^^^^^^^^^
  File ""/home/scratch.yanxu_gpu/fe-sites/computelab_trees/fe_develop_5567e2733/benchmark/attention_inference/benchmark_single_attention.py"", line 276, in setup_cudnn_fp8
    raise NotImplementedError(""sink tokens are not wired into the fp8 attention graph"")
NotImplementedError: sink tokens are not wired into the fp8 attention graph",,,
gpt_oss,gpt_oss_swa-tp4,context,cudnn_oss,bfloat16,bfloat16,1,2048,2048,16,2,64,64,gqa,128.0,16,0.025951,331.006,363.654,20.2932,20,True,,NVIDIA RTX PRO 6000 Blackwell Server Edition,cudnn_oss plan=sdpa_fwd_prefill_sm120[PACK_GQA=0; SCHED_POLICY=2; SPLIT_KV=1; TILE_CGA_M=1; TILE_M=64; TILE_N=128],
gpt_oss,gpt_oss_swa-tp4,context,cudnn_oss,bfloat16,bfloat16,1,8192,8192,16,2,64,64,gqa,128.0,16,0.055968,2455.67,674.47,37.6378,20,True,,NVIDIA RTX PRO 6000 Blackwell Server Edition,cudnn_oss plan=sdpa_fwd_prefill_sm120[PACK_GQA=0; SCHED_POLICY=2; SPLIT_KV=1; TILE_CGA_M=1; TILE_M=128; TILE_N=128],
gpt_oss,gpt_oss_swa-tp4,context,cudnn_oss,bfloat16,bfloat16,1,32768,32768,16,2,64,64,gqa,128.0,16,0.17776,12370.743,849.432,47.4013,20,True,,NVIDIA RTX PRO 6000 Blackwell Server Edition,cudnn_oss plan=sdpa_fwd_prefill_sm120[PACK_GQA=0; SCHED_POLICY=2; SPLIT_KV=1; TILE_CGA_M=1; TILE_M=128; TILE_N=128],
gpt_oss,gpt_oss_swa-tp4,context,cudnn_oss,bfloat16,bfloat16,1,512,65536,16,2,64,64,gqa,128.0,16,0.008736,15732.481,277.568,15.4893,20,True,,NVIDIA RTX PRO 6000 Blackwell Server Edition,cudnn_oss plan=sdpa_fwd_prefill_sm120[PACK_GQA=0; SCHED_POLICY=2; SPLIT_KV=1; TILE_CGA_M=1; TILE_M=64; TILE_N=128],
gpt_oss,gpt_oss_swa-tp4,context,cudnn_oss,bfloat16,bfloat16,1,512,131072,16,2,64,64,gqa,128.0,16,0.008608,31932.842,281.695,15.7196,20,True,,NVIDIA RTX PRO 6000 Blackwell Server Edition,cudnn_oss plan=sdpa_fwd_prefill_sm120[PACK_GQA=0; SCHED_POLICY=2; SPLIT_KV=1; TILE_CGA_M=1; TILE_M=64; TILE_N=128],
gpt_oss,gpt_oss_swa-tp4,context,cudnn_oss,bfloat16,bfloat16,1,1024,65536,16,2,64,64,gqa,128.0,16,0.018496,14861.479,258.657,14.434,20,True,,NVIDIA RTX PRO 6000 Blackwell Server Edition,cudnn_oss plan=sdpa_fwd_prefill_sm120[PACK_GQA=0; SCHED_POLICY=2; SPLIT_KV=1; TILE_CGA_M=1; TILE_M=64; TILE_N=128],
gpt_oss,gpt_oss_swa-tp4,context,cudnn_oss,bfloat16,bfloat16,1,1024,131072,16,2,64,64,gqa,128.0,16,0.01808,30406.848,264.609,14.7661,20,True,,NVIDIA RTX PRO 6000 Blackwell Server Edition,cudnn_oss plan=sdpa_fwd_prefill_sm120[PACK_GQA=0; SCHED_POLICY=2; SPLIT_KV=1; TILE_CGA_M=1; TILE_M=64; TILE_N=128],
gpt_oss,gpt_oss_swa-tp4,generation,cudnn_oss,bfloat16,bfloat16,1,1,131072,16,2,64,64,gqa,128.0,16,0.00464,115.705,15.117,0.8436,20,True,,NVIDIA RTX PRO 6000 Blackwell Server Edition,cudnn_oss plan=sdpa_fwd_prefill_sm120[PACK_GQA=1; SCHED_POLICY=2; SPLIT_KV=1; TILE_CGA_M=1; TILE_M=128; TILE_N=128],
gpt_oss,gpt_oss_swa-tp4,generation,cudnn_oss,bfloat16,fp8_e4m3,1,1,131072,16,2,64,64,gqa,128.0,16,inf,0.0,0.0,,20,False,"  File ""/home/scratch.yanxu_gpu/fe-sites/computelab_trees/fe_develop_5567e2733/benchmark/attention_inference/benchmark_single_attention.py"", line 789, in main
    fn, detail = SETUPS[args.backend](args, dtype)
                 ^^^^^^^^^^^^^^^^^^^^^^^^^^^^^^^^^
  File ""/home/scratch.yanxu_gpu/fe-sites/computelab_trees/fe_develop_5567e2733/benchmark/attention_inference/benchmark_single_attention.py"", line 270, in setup_cudnn_oss
    return setup_cudnn(args, dtype, oss=True)
           ^^^^^^^^^^^^^^^^^^^^^^^^^^^^^^^^^^
  File ""/home/scratch.yanxu_gpu/fe-sites/computelab_trees/fe_develop_5567e2733/benchmark/attention_inference/benchmark_single_attention.py"", line 167, in setup_cudnn
    return setup_cudnn_fp8(args, cudnn, oss=oss)
           ^^^^^^^^^^^^^^^^^^^^^^^^^^^^^^^^^^^^^
  File ""/home/scratch.yanxu_gpu/fe-sites/computelab_trees/fe_develop_5567e2733/benchmark/attention_inference/benchmark_single_attention.py"", line 276, in setup_cudnn_fp8
    raise NotImplementedError(""sink tokens are not wired into the fp8 attention graph"")
NotImplementedError: sink tokens are not wired into the fp8 attention graph",,,
gpt_oss,gpt_oss_swa-tp4,generation,cudnn_oss,bfloat16,bfloat16,128,1,131072,16,2,64,64,gqa,128.0,16,0.016288,4219.025,551.23,30.7606,20,True,,NVIDIA RTX PRO 6000 Blackwell Server Edition,cudnn_oss plan=sdpa_fwd_prefill_sm120[PACK_GQA=1; SCHED_POLICY=2; SPLIT_KV=1; TILE_CGA_M=1; TILE_M=128; TILE_N=128],
gpt_oss,gpt_oss_swa-tp4,generation,cudnn_oss,bfloat16,fp8_e4m3,128,1,131072,16,2,64,64,gqa,128.0,16,inf,0.0,0.0,,20,False,"  File ""/home/scratch.yanxu_gpu/fe-sites/computelab_trees/fe_develop_5567e2733/benchmark/attention_inference/benchmark_single_attention.py"", line 789, in main
    fn, detail = SETUPS[args.backend](args, dtype)
                 ^^^^^^^^^^^^^^^^^^^^^^^^^^^^^^^^^
  File ""/home/scratch.yanxu_gpu/fe-sites/computelab_trees/fe_develop_5567e2733/benchmark/attention_inference/benchmark_single_attention.py"", line 270, in setup_cudnn_oss
    return setup_cudnn(args, dtype, oss=True)
           ^^^^^^^^^^^^^^^^^^^^^^^^^^^^^^^^^^
  File ""/home/scratch.yanxu_gpu/fe-sites/computelab_trees/fe_develop_5567e2733/benchmark/attention_inference/benchmark_single_attention.py"", line 167, in setup_cudnn
    return setup_cudnn_fp8(args, cudnn, oss=oss)
           ^^^^^^^^^^^^^^^^^^^^^^^^^^^^^^^^^^^^^
  File ""/home/scratch.yanxu_gpu/fe-sites/computelab_trees/fe_develop_5567e2733/benchmark/attention_inference/benchmark_single_attention.py"", line 276, in setup_cudnn_fp8
    raise NotImplementedError(""sink tokens are not wired into the fp8 attention graph"")
NotImplementedError: sink tokens are not wired into the fp8 attention graph",,,
gpt_oss,gpt_oss_swa-tp4,generation,cudnn_oss,bfloat16,bfloat16,1,2,131072,16,2,64,64,gqa,128.0,16,0.007136,150.468,10.475,0.5846,20,True,,NVIDIA RTX PRO 6000 Blackwell Server Edition,cudnn_oss plan=sdpa_fwd_prefill_sm120[PACK_GQA=1; SCHED_POLICY=2; SPLIT_KV=1; TILE_CGA_M=1; TILE_M=128; TILE_N=128],
gpt_oss,gpt_oss_swa-tp4,generation,cudnn_oss,bfloat16,fp8_e4m3,1,2,131072,16,2,64,64,gqa,128.0,16,inf,0.0,0.0,,20,False,"  File ""/home/scratch.yanxu_gpu/fe-sites/computelab_trees/fe_develop_5567e2733/benchmark/attention_inference/benchmark_single_attention.py"", line 789, in main
    fn, detail = SETUPS[args.backend](args, dtype)
                 ^^^^^^^^^^^^^^^^^^^^^^^^^^^^^^^^^
  File ""/home/scratch.yanxu_gpu/fe-sites/computelab_trees/fe_develop_5567e2733/benchmark/attention_inference/benchmark_single_attention.py"", line 270, in setup_cudnn_oss
    return setup_cudnn(args, dtype, oss=True)
           ^^^^^^^^^^^^^^^^^^^^^^^^^^^^^^^^^^
  File ""/home/scratch.yanxu_gpu/fe-sites/computelab_trees/fe_develop_5567e2733/benchmark/attention_inference/benchmark_single_attention.py"", line 167, in setup_cudnn
    return setup_cudnn_fp8(args, cudnn, oss=oss)
           ^^^^^^^^^^^^^^^^^^^^^^^^^^^^^^^^^^^^^
  File ""/home/scratch.yanxu_gpu/fe-sites/computelab_trees/fe_develop_5567e2733/benchmark/attention_inference/benchmark_single_attention.py"", line 276, in setup_cudnn_fp8
    raise NotImplementedError(""sink tokens are not wired into the fp8 attention graph"")
NotImplementedError: sink tokens are not wired into the fp8 attention graph",,,
gpt_oss,gpt_oss_swa-tp4,generation,cudnn_oss,bfloat16,bfloat16,128,2,131072,16,2,64,64,gqa,128.0,16,0.026016,5282.863,367.784,20.5236,20,True,,NVIDIA RTX PRO 6000 Blackwell Server Edition,cudnn_oss plan=sdpa_fwd_prefill_sm120[PACK_GQA=1; SCHED_POLICY=2; SPLIT_KV=1; TILE_CGA_M=1; TILE_M=128; TILE_N=128],
gpt_oss,gpt_oss_swa-tp4,generation,cudnn_oss,bfloat16,fp8_e4m3,128,2,131072,16,2,64,64,gqa,128.0,16,inf,0.0,0.0,,20,False,"  File ""/home/scratch.yanxu_gpu/fe-sites/computelab_trees/fe_develop_5567e2733/benchmark/attention_inference/benchmark_single_attention.py"", line 789, in main
    fn, detail = SETUPS[args.backend](args, dtype)
                 ^^^^^^^^^^^^^^^^^^^^^^^^^^^^^^^^^
  File ""/home/scratch.yanxu_gpu/fe-sites/computelab_trees/fe_develop_5567e2733/benchmark/attention_inference/benchmark_single_attention.py"", line 270, in setup_cudnn_oss
    return setup_cudnn(args, dtype, oss=True)
           ^^^^^^^^^^^^^^^^^^^^^^^^^^^^^^^^^^
  File ""/home/scratch.yanxu_gpu/fe-sites/computelab_trees/fe_develop_5567e2733/benchmark/attention_inference/benchmark_single_attention.py"", line 167, in setup_cudnn
    return setup_cudnn_fp8(args, cudnn, oss=oss)
           ^^^^^^^^^^^^^^^^^^^^^^^^^^^^^^^^^^^^^
  File ""/home/scratch.yanxu_gpu/fe-sites/computelab_trees/fe_develop_5567e2733/benchmark/attention_inference/benchmark_single_attention.py"", line 276, in setup_cudnn_fp8
    raise NotImplementedError(""sink tokens are not wired into the fp8 attention graph"")
NotImplementedError: sink tokens are not wired into the fp8 attention graph",,,
gpt_oss,gpt_oss_swa-tp4,generation,cudnn_oss,bfloat16,bfloat16,1,3,131072,16,2,64,64,gqa,128.0,16,0.007136,225.702,11.121,0.6206,20,True,,NVIDIA RTX PRO 6000 Blackwell Server Edition,cudnn_oss plan=sdpa_fwd_prefill_sm120[PACK_GQA=1; SCHED_POLICY=2; SPLIT_KV=1; TILE_CGA_M=1; TILE_M=128; TILE_N=128],
gpt_oss,gpt_oss_swa-tp4,generation,cudnn_oss,bfloat16,fp8_e4m3,1,3,131072,16,2,64,64,gqa,128.0,16,inf,0.0,0.0,,20,False,"  File ""/home/scratch.yanxu_gpu/fe-sites/computelab_trees/fe_develop_5567e2733/benchmark/attention_inference/benchmark_single_attention.py"", line 789, in main
    fn, detail = SETUPS[args.backend](args, dtype)
                 ^^^^^^^^^^^^^^^^^^^^^^^^^^^^^^^^^
  File ""/home/scratch.yanxu_gpu/fe-sites/computelab_trees/fe_develop_5567e2733/benchmark/attention_inference/benchmark_single_attention.py"", line 270, in setup_cudnn_oss
    return setup_cudnn(args, dtype, oss=True)
           ^^^^^^^^^^^^^^^^^^^^^^^^^^^^^^^^^^
  File ""/home/scratch.yanxu_gpu/fe-sites/computelab_trees/fe_develop_5567e2733/benchmark/attention_inference/benchmark_single_attention.py"", line 167, in setup_cudnn
    return setup_cudnn_fp8(args, cudnn, oss=oss)
           ^^^^^^^^^^^^^^^^^^^^^^^^^^^^^^^^^^^^^
  File ""/home/scratch.yanxu_gpu/fe-sites/computelab_trees/fe_develop_5567e2733/benchmark/attention_inference/benchmark_single_attention.py"", line 276, in setup_cudnn_fp8
    raise NotImplementedError(""sink tokens are not wired into the fp8 attention graph"")
NotImplementedError: sink tokens are not wired into the fp8 attention graph",,,
gpt_oss,gpt_oss_swa-tp4,generation,cudnn_oss,bfloat16,bfloat16,128,3,131072,16,2,64,64,gqa,128.0,16,0.026208,7866.24,387.595,21.6292,20,True,,NVIDIA RTX PRO 6000 Blackwell Server Edition,cudnn_oss plan=sdpa_fwd_prefill_sm120[PACK_GQA=1; SCHED_POLICY=2; SPLIT_KV=1; TILE_CGA_M=1; TILE_M=128; TILE_N=128],
gpt_oss,gpt_oss_swa-tp4,generation,cudnn_oss,bfloat16,fp8_e4m3,128,3,131072,16,2,64,64,gqa,128.0,16,inf,0.0,0.0,,20,False,"  File ""/home/scratch.yanxu_gpu/fe-sites/computelab_trees/fe_develop_5567e2733/benchmark/attention_inference/benchmark_single_attention.py"", line 789, in main
    fn, detail = SETUPS[args.backend](args, dtype)
                 ^^^^^^^^^^^^^^^^^^^^^^^^^^^^^^^^^
  File ""/home/scratch.yanxu_gpu/fe-sites/computelab_trees/fe_develop_5567e2733/benchmark/attention_inference/benchmark_single_attention.py"", line 270, in setup_cudnn_oss
    return setup_cudnn(args, dtype, oss=True)
           ^^^^^^^^^^^^^^^^^^^^^^^^^^^^^^^^^^
  File ""/home/scratch.yanxu_gpu/fe-sites/computelab_trees/fe_develop_5567e2733/benchmark/attention_inference/benchmark_single_attention.py"", line 167, in setup_cudnn
    return setup_cudnn_fp8(args, cudnn, oss=oss)
           ^^^^^^^^^^^^^^^^^^^^^^^^^^^^^^^^^^^^^
  File ""/home/scratch.yanxu_gpu/fe-sites/computelab_trees/fe_develop_5567e2733/benchmark/attention_inference/benchmark_single_attention.py"", line 276, in setup_cudnn_fp8
    raise NotImplementedError(""sink tokens are not wired into the fp8 attention graph"")
NotImplementedError: sink tokens are not wired into the fp8 attention graph",,,
gpt_oss,gpt_oss_swa-tp4,generation,cudnn_oss,bfloat16,bfloat16,1,4,131072,16,2,64,64,gqa,128.0,16,0.007232,296.942,11.611,0.6479,20,True,,NVIDIA RTX PRO 6000 Blackwell Server Edition,cudnn_oss plan=sdpa_fwd_prefill_sm120[PACK_GQA=1; SCHED_POLICY=2; SPLIT_KV=1; TILE_CGA_M=1; TILE_M=128; TILE_N=128],
gpt_oss,gpt_oss_swa-tp4,generation,cudnn_oss,bfloat16,fp8_e4m3,1,4,131072,16,2,64,64,gqa,128.0,16,inf,0.0,0.0,,20,False,"  File ""/home/scratch.yanxu_gpu/fe-sites/computelab_trees/fe_develop_5567e2733/benchmark/attention_inference/benchmark_single_attention.py"", line 789, in main
    fn, detail = SETUPS[args.backend](args, dtype)
                 ^^^^^^^^^^^^^^^^^^^^^^^^^^^^^^^^^
  File ""/home/scratch.yanxu_gpu/fe-sites/computelab_trees/fe_develop_5567e2733/benchmark/attention_inference/benchmark_single_attention.py"", line 270, in setup_cudnn_oss
    return setup_cudnn(args, dtype, oss=True)
           ^^^^^^^^^^^^^^^^^^^^^^^^^^^^^^^^^^
  File ""/home/scratch.yanxu_gpu/fe-sites/computelab_trees/fe_develop_5567e2733/benchmark/attention_inference/benchmark_single_attention.py"", line 167, in setup_cudnn
    return setup_cudnn_fp8(args, cudnn, oss=oss)
           ^^^^^^^^^^^^^^^^^^^^^^^^^^^^^^^^^^^^^
  File ""/home/scratch.yanxu_gpu/fe-sites/computelab_trees/fe_develop_5567e2733/benchmark/attention_inference/benchmark_single_attention.py"", line 276, in setup_cudnn_fp8
    raise NotImplementedError(""sink tokens are not wired into the fp8 attention graph"")
NotImplementedError: sink tokens are not wired into the fp8 attention graph",,,
gpt_oss,gpt_oss_swa-tp4,generation,cudnn_oss,bfloat16,bfloat16,128,4,131072,16,2,64,64,gqa,128.0,16,0.026368,10424.678,407.612,22.7462,20,True,,NVIDIA RTX PRO 6000 Blackwell Server Edition,cudnn_oss plan=sdpa_fwd_prefill_sm120[PACK_GQA=1; SCHED_POLICY=2; SPLIT_KV=1; TILE_CGA_M=1; TILE_M=128; TILE_N=128],
gpt_oss,gpt_oss_swa-tp4,generation,cudnn_oss,bfloat16,fp8_e4m3,128,4,131072,16,2,64,64,gqa,128.0,16,inf,0.0,0.0,,20,False,"  File ""/home/scratch.yanxu_gpu/fe-sites/computelab_trees/fe_develop_5567e2733/benchmark/attention_inference/benchmark_single_attention.py"", line 789, in main
    fn, detail = SETUPS[args.backend](args, dtype)
                 ^^^^^^^^^^^^^^^^^^^^^^^^^^^^^^^^^
  File ""/home/scratch.yanxu_gpu/fe-sites/computelab_trees/fe_develop_5567e2733/benchmark/attention_inference/benchmark_single_attention.py"", line 270, in setup_cudnn_oss
    return setup_cudnn(args, dtype, oss=True)
           ^^^^^^^^^^^^^^^^^^^^^^^^^^^^^^^^^^
  File ""/home/scratch.yanxu_gpu/fe-sites/computelab_trees/fe_develop_5567e2733/benchmark/attention_inference/benchmark_single_attention.py"", line 167, in setup_cudnn
    return setup_cudnn_fp8(args, cudnn, oss=oss)
           ^^^^^^^^^^^^^^^^^^^^^^^^^^^^^^^^^^^^^
  File ""/home/scratch.yanxu_gpu/fe-sites/computelab_trees/fe_develop_5567e2733/benchmark/attention_inference/benchmark_single_attention.py"", line 276, in setup_cudnn_fp8
    raise NotImplementedError(""sink tokens are not wired into the fp8 attention graph"")
NotImplementedError: sink tokens are not wired into the fp8 attention graph",,,
gpt_oss,gpt_oss_swa-tp8,context,cudnn,bfloat16,bfloat16,1,2048,2048,8,1,64,64,gqa,128.0,16,0.011392,377.016,414.202,23.114,20,True,,NVIDIA RTX PRO 6000 Blackwell Server Edition,cudnn 9.27.0,
gpt_oss,gpt_oss_swa-tp8,context,cudnn,bfloat16,bfloat16,1,8192,8192,8,1,64,64,gqa,128.0,16,0.030016,2289.428,628.81,35.0899,20,True,,NVIDIA RTX PRO 6000 Blackwell Server Edition,cudnn 9.27.0,
gpt_oss,gpt_oss_swa-tp8,context,cudnn,bfloat16,bfloat16,1,32768,32768,8,1,64,64,gqa,128.0,16,0.100833,10904.284,748.738,41.7822,20,True,,NVIDIA RTX PRO 6000 Blackwell Server Edition,cudnn 9.27.0,
gpt_oss,gpt_oss_swa-tp8,context,cudnn,bfloat16,bfloat16,1,512,65536,8,1,64,64,gqa,128.0,16,0.021824,3148.803,55.554,3.1001,20,True,,NVIDIA RTX PRO 6000 Blackwell Server Edition,cudnn 9.27.0,
gpt_oss,gpt_oss_swa-tp8,context,cudnn,bfloat16,bfloat16,1,512,131072,8,1,64,64,gqa,128.0,16,0.021856,6288.385,55.473,3.0956,20,True,,NVIDIA RTX PRO 6000 Blackwell Server Edition,cudnn 9.27.0,
gpt_oss,gpt_oss_swa-tp8,context,cudnn,bfloat16,bfloat16,1,1024,65536,8,1,64,64,gqa,128.0,16,0.02256,6092.152,106.031,5.9169,20,True,,NVIDIA RTX PRO 6000 Blackwell Server Edition,cudnn 9.27.0,
gpt_oss,gpt_oss_swa-tp8,context,cudnn,bfloat16,bfloat16,1,1024,131072,8,1,64,64,gqa,128.0,16,0.022336,12306.497,107.095,5.9763,20,True,,NVIDIA RTX PRO 6000 Blackwell Server Edition,cudnn 9.27.0,
gpt_oss,gpt_oss_swa-tp8,generation,cudnn,bfloat16,bfloat16,1,1,131072,8,1,64,64,gqa,128.0,16,inf,0.0,0.0,,20,False,"  import pynvml  # type: ignore[import]
Traceback (most recent call last):
  File ""/home/scratch.yanxu_gpu/fe-sites/computelab_trees/fe_develop_5567e2733/benchmark/attention_inference/benchmark_single_attention.py"", line 824, in <module>
    main()
  File ""/home/scratch.yanxu_gpu/fe-sites/computelab_trees/fe_develop_5567e2733/benchmark/attention_inference/benchmark_single_attention.py"", line 789, in main
    fn, detail = SETUPS[args.backend](args, dtype)
                 ^^^^^^^^^^^^^^^^^^^^^^^^^^^^^^^^^
  File ""/home/scratch.yanxu_gpu/fe-sites/computelab_trees/fe_develop_5567e2733/benchmark/attention_inference/benchmark_single_attention.py"", line 224, in setup_cudnn
    graph.validate()
  File ""/home/scratch.yanxu_gpu/fe-sites/computelab_trees/fe_develop_5567e2733/python/cudnn/_pygraph.py"", line 891, in validate
    self._lowered_graph.validate()
cudnn._compiled_module.cudnnGraphNotSupportedError: decode only mode, i.e. s_q == 1, not supported with sink_token",,,
gpt_oss,gpt_oss_swa-tp8,generation,cudnn,bfloat16,fp8_e4m3,1,1,131072,8,1,64,64,gqa,128.0,16,inf,0.0,0.0,,20,False,"Traceback (most recent call last):
  File ""/home/scratch.yanxu_gpu/fe-sites/computelab_trees/fe_develop_5567e2733/benchmark/attention_inference/benchmark_single_attention.py"", line 824, in <module>
    main()
  File ""/home/scratch.yanxu_gpu/fe-sites/computelab_trees/fe_develop_5567e2733/benchmark/attention_inference/benchmark_single_attention.py"", line 789, in main
    fn, detail = SETUPS[args.backend](args, dtype)
                 ^^^^^^^^^^^^^^^^^^^^^^^^^^^^^^^^^
  File ""/home/scratch.yanxu_gpu/fe-sites/computelab_trees/fe_develop_5567e2733/benchmark/attention_inference/benchmark_single_attention.py"", line 167, in setup_cudnn
    return setup_cudnn_fp8(args, cudnn, oss=oss)
           ^^^^^^^^^^^^^^^^^^^^^^^^^^^^^^^^^^^^^
  File ""/home/scratch.yanxu_gpu/fe-sites/computelab_trees/fe_develop_5567e2733/benchmark/attention_inference/benchmark_single_attention.py"", line 276, in setup_cudnn_fp8
    raise NotImplementedError(""sink tokens are not wired into the fp8 attention graph"")
NotImplementedError: sink tokens are not wired into the fp8 attention graph",,,
gpt_oss,gpt_oss_swa-tp8,generation,cudnn,bfloat16,bfloat16,128,1,131072,8,1,64,64,gqa,128.0,16,inf,0.0,0.0,,20,False,"  import pynvml  # type: ignore[import]
Traceback (most recent call last):
  File ""/home/scratch.yanxu_gpu/fe-sites/computelab_trees/fe_develop_5567e2733/benchmark/attention_inference/benchmark_single_attention.py"", line 824, in <module>
    main()
  File ""/home/scratch.yanxu_gpu/fe-sites/computelab_trees/fe_develop_5567e2733/benchmark/attention_inference/benchmark_single_attention.py"", line 789, in main
    fn, detail = SETUPS[args.backend](args, dtype)
                 ^^^^^^^^^^^^^^^^^^^^^^^^^^^^^^^^^
  File ""/home/scratch.yanxu_gpu/fe-sites/computelab_trees/fe_develop_5567e2733/benchmark/attention_inference/benchmark_single_attention.py"", line 224, in setup_cudnn
    graph.validate()
  File ""/home/scratch.yanxu_gpu/fe-sites/computelab_trees/fe_develop_5567e2733/python/cudnn/_pygraph.py"", line 891, in validate
    self._lowered_graph.validate()
cudnn._compiled_module.cudnnGraphNotSupportedError: decode only mode, i.e. s_q == 1, not supported with sink_token",,,
gpt_oss,gpt_oss_swa-tp8,generation,cudnn,bfloat16,fp8_e4m3,128,1,131072,8,1,64,64,gqa,128.0,16,inf,0.0,0.0,,20,False,"Traceback (most recent call last):
  File ""/home/scratch.yanxu_gpu/fe-sites/computelab_trees/fe_develop_5567e2733/benchmark/attention_inference/benchmark_single_attention.py"", line 824, in <module>
    main()
  File ""/home/scratch.yanxu_gpu/fe-sites/computelab_trees/fe_develop_5567e2733/benchmark/attention_inference/benchmark_single_attention.py"", line 789, in main
    fn, detail = SETUPS[args.backend](args, dtype)
                 ^^^^^^^^^^^^^^^^^^^^^^^^^^^^^^^^^
  File ""/home/scratch.yanxu_gpu/fe-sites/computelab_trees/fe_develop_5567e2733/benchmark/attention_inference/benchmark_single_attention.py"", line 167, in setup_cudnn
    return setup_cudnn_fp8(args, cudnn, oss=oss)
           ^^^^^^^^^^^^^^^^^^^^^^^^^^^^^^^^^^^^^
  File ""/home/scratch.yanxu_gpu/fe-sites/computelab_trees/fe_develop_5567e2733/benchmark/attention_inference/benchmark_single_attention.py"", line 276, in setup_cudnn_fp8
    raise NotImplementedError(""sink tokens are not wired into the fp8 attention graph"")
NotImplementedError: sink tokens are not wired into the fp8 attention graph",,,
gpt_oss,gpt_oss_swa-tp8,generation,cudnn,bfloat16,bfloat16,1,2,131072,8,1,64,64,gqa,128.0,16,0.008831,60.794,4.232,0.2362,20,True,,NVIDIA RTX PRO 6000 Blackwell Server Edition,cudnn 9.27.0,
gpt_oss,gpt_oss_swa-tp8,generation,cudnn,bfloat16,fp8_e4m3,1,2,131072,8,1,64,64,gqa,128.0,16,inf,0.0,0.0,,20,False,"Traceback (most recent call last):
  File ""/home/scratch.yanxu_gpu/fe-sites/computelab_trees/fe_develop_5567e2733/benchmark/attention_inference/benchmark_single_attention.py"", line 824, in <module>
    main()
  File ""/home/scratch.yanxu_gpu/fe-sites/computelab_trees/fe_develop_5567e2733/benchmark/attention_inference/benchmark_single_attention.py"", line 789, in main
    fn, detail = SETUPS[args.backend](args, dtype)
                 ^^^^^^^^^^^^^^^^^^^^^^^^^^^^^^^^^
  File ""/home/scratch.yanxu_gpu/fe-sites/computelab_trees/fe_develop_5567e2733/benchmark/attention_inference/benchmark_single_attention.py"", line 167, in setup_cudnn
    return setup_cudnn_fp8(args, cudnn, oss=oss)
           ^^^^^^^^^^^^^^^^^^^^^^^^^^^^^^^^^^^^^
  File ""/home/scratch.yanxu_gpu/fe-sites/computelab_trees/fe_develop_5567e2733/benchmark/attention_inference/benchmark_single_attention.py"", line 276, in setup_cudnn_fp8
    raise NotImplementedError(""sink tokens are not wired into the fp8 attention graph"")
NotImplementedError: sink tokens are not wired into the fp8 attention graph",,,
gpt_oss,gpt_oss_swa-tp8,generation,cudnn,bfloat16,bfloat16,128,2,131072,8,1,64,64,gqa,128.0,16,0.035776,1920.826,133.725,7.4623,20,True,,NVIDIA RTX PRO 6000 Blackwell Server Edition,cudnn 9.27.0,
gpt_oss,gpt_oss_swa-tp8,generation,cudnn,bfloat16,fp8_e4m3,128,2,131072,8,1,64,64,gqa,128.0,16,inf,0.0,0.0,,20,False,"Traceback (most recent call last):
  File ""/home/scratch.yanxu_gpu/fe-sites/computelab_trees/fe_develop_5567e2733/benchmark/attention_inference/benchmark_single_attention.py"", line 824, in <module>
    main()
  File ""/home/scratch.yanxu_gpu/fe-sites/computelab_trees/fe_develop_5567e2733/benchmark/attention_inference/benchmark_single_attention.py"", line 789, in main
    fn, detail = SETUPS[args.backend](args, dtype)
                 ^^^^^^^^^^^^^^^^^^^^^^^^^^^^^^^^^
  File ""/home/scratch.yanxu_gpu/fe-sites/computelab_trees/fe_develop_5567e2733/benchmark/attention_inference/benchmark_single_attention.py"", line 167, in setup_cudnn
    return setup_cudnn_fp8(args, cudnn, oss=oss)
           ^^^^^^^^^^^^^^^^^^^^^^^^^^^^^^^^^^^^^
  File ""/home/scratch.yanxu_gpu/fe-sites/computelab_trees/fe_develop_5567e2733/benchmark/attention_inference/benchmark_single_attention.py"", line 276, in setup_cudnn_fp8
    raise NotImplementedError(""sink tokens are not wired into the fp8 attention graph"")
NotImplementedError: sink tokens are not wired into the fp8 attention graph",,,
gpt_oss,gpt_oss_swa-tp8,generation,cudnn,bfloat16,bfloat16,1,3,131072,8,1,64,64,gqa,128.0,16,0.008768,91.846,4.526,0.2525,20,True,,NVIDIA RTX PRO 6000 Blackwell Server Edition,cudnn 9.27.0,
gpt_oss,gpt_oss_swa-tp8,generation,cudnn,bfloat16,fp8_e4m3,1,3,131072,8,1,64,64,gqa,128.0,16,inf,0.0,0.0,,20,False,"Traceback (most recent call last):
  File ""/home/scratch.yanxu_gpu/fe-sites/computelab_trees/fe_develop_5567e2733/benchmark/attention_inference/benchmark_single_attention.py"", line 824, in <module>
    main()
  File ""/home/scratch.yanxu_gpu/fe-sites/computelab_trees/fe_develop_5567e2733/benchmark/attention_inference/benchmark_single_attention.py"", line 789, in main
    fn, detail = SETUPS[args.backend](args, dtype)
                 ^^^^^^^^^^^^^^^^^^^^^^^^^^^^^^^^^
  File ""/home/scratch.yanxu_gpu/fe-sites/computelab_trees/fe_develop_5567e2733/benchmark/attention_inference/benchmark_single_attention.py"", line 167, in setup_cudnn
    return setup_cudnn_fp8(args, cudnn, oss=oss)
           ^^^^^^^^^^^^^^^^^^^^^^^^^^^^^^^^^^^^^
  File ""/home/scratch.yanxu_gpu/fe-sites/computelab_trees/fe_develop_5567e2733/benchmark/attention_inference/benchmark_single_attention.py"", line 276, in setup_cudnn_fp8
    raise NotImplementedError(""sink tokens are not wired into the fp8 attention graph"")
NotImplementedError: sink tokens are not wired into the fp8 attention graph",,,
gpt_oss,gpt_oss_swa-tp8,generation,cudnn,bfloat16,bfloat16,128,3,131072,8,1,64,64,gqa,128.0,16,0.035937,2868.331,141.332,7.8868,20,True,,NVIDIA RTX PRO 6000 Blackwell Server Edition,cudnn 9.27.0,
gpt_oss,gpt_oss_swa-tp8,generation,cudnn,bfloat16,fp8_e4m3,128,3,131072,8,1,64,64,gqa,128.0,16,inf,0.0,0.0,,20,False,"Traceback (most recent call last):
  File ""/home/scratch.yanxu_gpu/fe-sites/computelab_trees/fe_develop_5567e2733/benchmark/attention_inference/benchmark_single_attention.py"", line 824, in <module>
    main()
  File ""/home/scratch.yanxu_gpu/fe-sites/computelab_trees/fe_develop_5567e2733/benchmark/attention_inference/benchmark_single_attention.py"", line 789, in main
    fn, detail = SETUPS[args.backend](args, dtype)
                 ^^^^^^^^^^^^^^^^^^^^^^^^^^^^^^^^^
  File ""/home/scratch.yanxu_gpu/fe-sites/computelab_trees/fe_develop_5567e2733/benchmark/attention_inference/benchmark_single_attention.py"", line 167, in setup_cudnn
    return setup_cudnn_fp8(args, cudnn, oss=oss)
           ^^^^^^^^^^^^^^^^^^^^^^^^^^^^^^^^^^^^^
  File ""/home/scratch.yanxu_gpu/fe-sites/computelab_trees/fe_develop_5567e2733/benchmark/attention_inference/benchmark_single_attention.py"", line 276, in setup_cudnn_fp8
    raise NotImplementedError(""sink tokens are not wired into the fp8 attention graph"")
NotImplementedError: sink tokens are not wired into the fp8 attention graph",,,
gpt_oss,gpt_oss_swa-tp8,generation,cudnn,bfloat16,bfloat16,1,4,131072,8,1,64,64,gqa,128.0,16,0.008737,122.896,4.805,0.2682,20,True,,NVIDIA RTX PRO 6000 Blackwell Server Edition,cudnn 9.27.0,
gpt_oss,gpt_oss_swa-tp8,generation,cudnn,bfloat16,fp8_e4m3,1,4,131072,8,1,64,64,gqa,128.0,16,inf,0.0,0.0,,20,False,"Traceback (most recent call last):
  File ""/home/scratch.yanxu_gpu/fe-sites/computelab_trees/fe_develop_5567e2733/benchmark/attention_inference/benchmark_single_attention.py"", line 824, in <module>
    main()
  File ""/home/scratch.yanxu_gpu/fe-sites/computelab_trees/fe_develop_5567e2733/benchmark/attention_inference/benchmark_single_attention.py"", line 789, in main
    fn, detail = SETUPS[args.backend](args, dtype)
                 ^^^^^^^^^^^^^^^^^^^^^^^^^^^^^^^^^
  File ""/home/scratch.yanxu_gpu/fe-sites/computelab_trees/fe_develop_5567e2733/benchmark/attention_inference/benchmark_single_attention.py"", line 167, in setup_cudnn
    return setup_cudnn_fp8(args, cudnn, oss=oss)
           ^^^^^^^^^^^^^^^^^^^^^^^^^^^^^^^^^^^^^
  File ""/home/scratch.yanxu_gpu/fe-sites/computelab_trees/fe_develop_5567e2733/benchmark/attention_inference/benchmark_single_attention.py"", line 276, in setup_cudnn_fp8
    raise NotImplementedError(""sink tokens are not wired into the fp8 attention graph"")
NotImplementedError: sink tokens are not wired into the fp8 attention graph",,,
gpt_oss,gpt_oss_swa-tp8,generation,cudnn,bfloat16,bfloat16,128,4,131072,8,1,64,64,gqa,128.0,16,0.035904,3827.957,149.676,8.3524,20,True,,NVIDIA RTX PRO 6000 Blackwell Server Edition,cudnn 9.27.0,
gpt_oss,gpt_oss_swa-tp8,generation,cudnn,bfloat16,fp8_e4m3,128,4,131072,8,1,64,64,gqa,128.0,16,inf,0.0,0.0,,20,False,"Traceback (most recent call last):
  File ""/home/scratch.yanxu_gpu/fe-sites/computelab_trees/fe_develop_5567e2733/benchmark/attention_inference/benchmark_single_attention.py"", line 824, in <module>
    main()
  File ""/home/scratch.yanxu_gpu/fe-sites/computelab_trees/fe_develop_5567e2733/benchmark/attention_inference/benchmark_single_attention.py"", line 789, in main
    fn, detail = SETUPS[args.backend](args, dtype)
                 ^^^^^^^^^^^^^^^^^^^^^^^^^^^^^^^^^
  File ""/home/scratch.yanxu_gpu/fe-sites/computelab_trees/fe_develop_5567e2733/benchmark/attention_inference/benchmark_single_attention.py"", line 167, in setup_cudnn
    return setup_cudnn_fp8(args, cudnn, oss=oss)
           ^^^^^^^^^^^^^^^^^^^^^^^^^^^^^^^^^^^^^
  File ""/home/scratch.yanxu_gpu/fe-sites/computelab_trees/fe_develop_5567e2733/benchmark/attention_inference/benchmark_single_attention.py"", line 276, in setup_cudnn_fp8
    raise NotImplementedError(""sink tokens are not wired into the fp8 attention graph"")
NotImplementedError: sink tokens are not wired into the fp8 attention graph",,,
gpt_oss,gpt_oss_swa-tp8,context,cudnn_oss,bfloat16,bfloat16,1,2048,2048,8,1,64,64,gqa,128.0,16,0.016832,255.167,280.335,15.6437,20,True,,NVIDIA RTX PRO 6000 Blackwell Server Edition,cudnn_oss plan=sdpa_fwd_prefill_sm120[PACK_GQA=0; SCHED_POLICY=2; SPLIT_KV=1; TILE_CGA_M=1; TILE_M=64; TILE_N=128],
gpt_oss,gpt_oss_swa-tp8,context,cudnn_oss,bfloat16,bfloat16,1,8192,8192,8,1,64,64,gqa,128.0,16,0.04192,1639.3,450.247,25.1254,20,True,,NVIDIA RTX PRO 6000 Blackwell Server Edition,cudnn_oss plan=sdpa_fwd_prefill_sm120[PACK_GQA=0; SCHED_POLICY=2; SPLIT_KV=1; TILE_CGA_M=1; TILE_M=64; TILE_N=128],
gpt_oss,gpt_oss_swa-tp8,context,cudnn_oss,bfloat16,bfloat16,1,32768,32768,8,1,64,64,gqa,128.0,16,0.097057,11328.514,777.867,43.4078,20,True,,NVIDIA RTX PRO 6000 Blackwell Server Edition,cudnn_oss plan=sdpa_fwd_prefill_sm120[PACK_GQA=0; SCHED_POLICY=2; SPLIT_KV=1; TILE_CGA_M=1; TILE_M=128; TILE_N=128],
gpt_oss,gpt_oss_swa-tp8,context,cudnn_oss,bfloat16,bfloat16,1,512,65536,8,1,64,64,gqa,128.0,16,0.006752,10177.648,179.564,10.0203,20,True,,NVIDIA RTX PRO 6000 Blackwell Server Edition,cudnn_oss plan=sdpa_fwd_prefill_sm120[PACK_GQA=0; SCHED_POLICY=2; SPLIT_KV=1; TILE_CGA_M=1; TILE_M=64; TILE_N=128],
gpt_oss,gpt_oss_swa-tp8,context,cudnn_oss,bfloat16,bfloat16,1,512,131072,8,1,64,64,gqa,128.0,16,0.006912,19884.108,175.407,9.7884,20,True,,NVIDIA RTX PRO 6000 Blackwell Server Edition,cudnn_oss plan=sdpa_fwd_prefill_sm120[PACK_GQA=0; SCHED_POLICY=2; SPLIT_KV=1; TILE_CGA_M=1; TILE_M=64; TILE_N=128],
gpt_oss,gpt_oss_swa-tp8,context,cudnn_oss,bfloat16,bfloat16,1,1024,65536,8,1,64,64,gqa,128.0,16,0.008928,15394.148,267.928,14.9514,20,True,,NVIDIA RTX PRO 6000 Blackwell Server Edition,cudnn_oss plan=sdpa_fwd_prefill_sm120[PACK_GQA=0; SCHED_POLICY=2; SPLIT_KV=1; TILE_CGA_M=1; TILE_M=64; TILE_N=128],
gpt_oss,gpt_oss_swa-tp8,context,cudnn_oss,bfloat16,bfloat16,1,1024,131072,8,1,64,64,gqa,128.0,16,0.008737,31461.361,273.786,15.2782,20,True,,NVIDIA RTX PRO 6000 Blackwell Server Edition,cudnn_oss plan=sdpa_fwd_prefill_sm120[PACK_GQA=0; SCHED_POLICY=2; SPLIT_KV=1; TILE_CGA_M=1; TILE_M=64; TILE_N=128],
gpt_oss,gpt_oss_swa-tp8,generation,cudnn_oss,bfloat16,bfloat16,1,1,131072,8,1,64,64,gqa,128.0,16,0.004544,59.075,7.718,0.4307,20,True,,NVIDIA RTX PRO 6000 Blackwell Server Edition,cudnn_oss plan=sdpa_fwd_prefill_sm120[PACK_GQA=1; SCHED_POLICY=2; SPLIT_KV=1; TILE_CGA_M=1; TILE_M=128; TILE_N=128],
gpt_oss,gpt_oss_swa-tp8,generation,cudnn_oss,bfloat16,fp8_e4m3,1,1,131072,8,1,64,64,gqa,128.0,16,inf,0.0,0.0,,20,False,"  File ""/home/scratch.yanxu_gpu/fe-sites/computelab_trees/fe_develop_5567e2733/benchmark/attention_inference/benchmark_single_attention.py"", line 789, in main
    fn, detail = SETUPS[args.backend](args, dtype)
                 ^^^^^^^^^^^^^^^^^^^^^^^^^^^^^^^^^
  File ""/home/scratch.yanxu_gpu/fe-sites/computelab_trees/fe_develop_5567e2733/benchmark/attention_inference/benchmark_single_attention.py"", line 270, in setup_cudnn_oss
    return setup_cudnn(args, dtype, oss=True)
           ^^^^^^^^^^^^^^^^^^^^^^^^^^^^^^^^^^
  File ""/home/scratch.yanxu_gpu/fe-sites/computelab_trees/fe_develop_5567e2733/benchmark/attention_inference/benchmark_single_attention.py"", line 167, in setup_cudnn
    return setup_cudnn_fp8(args, cudnn, oss=oss)
           ^^^^^^^^^^^^^^^^^^^^^^^^^^^^^^^^^^^^^
  File ""/home/scratch.yanxu_gpu/fe-sites/computelab_trees/fe_develop_5567e2733/benchmark/attention_inference/benchmark_single_attention.py"", line 276, in setup_cudnn_fp8
    raise NotImplementedError(""sink tokens are not wired into the fp8 attention graph"")
NotImplementedError: sink tokens are not wired into the fp8 attention graph",,,
gpt_oss,gpt_oss_swa-tp8,generation,cudnn_oss,bfloat16,bfloat16,128,1,131072,8,1,64,64,gqa,128.0,16,0.010081,3408.366,445.315,24.8501,20,True,,NVIDIA RTX PRO 6000 Blackwell Server Edition,cudnn_oss plan=sdpa_fwd_prefill_sm120[PACK_GQA=1; SCHED_POLICY=2; SPLIT_KV=1; TILE_CGA_M=1; TILE_M=128; TILE_N=128],
gpt_oss,gpt_oss_swa-tp8,generation,cudnn_oss,bfloat16,fp8_e4m3,128,1,131072,8,1,64,64,gqa,128.0,16,inf,0.0,0.0,,20,False,"  File ""/home/scratch.yanxu_gpu/fe-sites/computelab_trees/fe_develop_5567e2733/benchmark/attention_inference/benchmark_single_attention.py"", line 789, in main
    fn, detail = SETUPS[args.backend](args, dtype)
                 ^^^^^^^^^^^^^^^^^^^^^^^^^^^^^^^^^
  File ""/home/scratch.yanxu_gpu/fe-sites/computelab_trees/fe_develop_5567e2733/benchmark/attention_inference/benchmark_single_attention.py"", line 270, in setup_cudnn_oss
    return setup_cudnn(args, dtype, oss=True)
           ^^^^^^^^^^^^^^^^^^^^^^^^^^^^^^^^^^
  File ""/home/scratch.yanxu_gpu/fe-sites/computelab_trees/fe_develop_5567e2733/benchmark/attention_inference/benchmark_single_attention.py"", line 167, in setup_cudnn
    return setup_cudnn_fp8(args, cudnn, oss=oss)
           ^^^^^^^^^^^^^^^^^^^^^^^^^^^^^^^^^^^^^
  File ""/home/scratch.yanxu_gpu/fe-sites/computelab_trees/fe_develop_5567e2733/benchmark/attention_inference/benchmark_single_attention.py"", line 276, in setup_cudnn_fp8
    raise NotImplementedError(""sink tokens are not wired into the fp8 attention graph"")
NotImplementedError: sink tokens are not wired into the fp8 attention graph",,,
gpt_oss,gpt_oss_swa-tp8,generation,cudnn_oss,bfloat16,bfloat16,1,2,131072,8,1,64,64,gqa,128.0,16,0.0072,74.565,5.191,0.2897,20,True,,NVIDIA RTX PRO 6000 Blackwell Server Edition,cudnn_oss plan=sdpa_fwd_prefill_sm120[PACK_GQA=1; SCHED_POLICY=2; SPLIT_KV=1; TILE_CGA_M=1; TILE_M=128; TILE_N=128],
gpt_oss,gpt_oss_swa-tp8,generation,cudnn_oss,bfloat16,fp8_e4m3,1,2,131072,8,1,64,64,gqa,128.0,16,inf,0.0,0.0,,20,False,"  File ""/home/scratch.yanxu_gpu/fe-sites/computelab_trees/fe_develop_5567e2733/benchmark/attention_inference/benchmark_single_attention.py"", line 789, in main
    fn, detail = SETUPS[args.backend](args, dtype)
                 ^^^^^^^^^^^^^^^^^^^^^^^^^^^^^^^^^
  File ""/home/scratch.yanxu_gpu/fe-sites/computelab_trees/fe_develop_5567e2733/benchmark/attention_inference/benchmark_single_attention.py"", line 270, in setup_cudnn_oss
    return setup_cudnn(args, dtype, oss=True)
           ^^^^^^^^^^^^^^^^^^^^^^^^^^^^^^^^^^
  File ""/home/scratch.yanxu_gpu/fe-sites/computelab_trees/fe_develop_5567e2733/benchmark/attention_inference/benchmark_single_attention.py"", line 167, in setup_cudnn
    return setup_cudnn_fp8(args, cudnn, oss=oss)
           ^^^^^^^^^^^^^^^^^^^^^^^^^^^^^^^^^^^^^
  File ""/home/scratch.yanxu_gpu/fe-sites/computelab_trees/fe_develop_5567e2733/benchmark/attention_inference/benchmark_single_attention.py"", line 276, in setup_cudnn_fp8
    raise NotImplementedError(""sink tokens are not wired into the fp8 attention graph"")
NotImplementedError: sink tokens are not wired into the fp8 attention graph",,,
gpt_oss,gpt_oss_swa-tp8,generation,cudnn_oss,bfloat16,bfloat16,128,2,131072,8,1,64,64,gqa,128.0,16,0.015265,4501.767,313.405,17.4891,20,True,,NVIDIA RTX PRO 6000 Blackwell Server Edition,cudnn_oss plan=sdpa_fwd_prefill_sm120[PACK_GQA=1; SCHED_POLICY=2; SPLIT_KV=1; TILE_CGA_M=1; TILE_M=128; TILE_N=128],
gpt_oss,gpt_oss_swa-tp8,generation,cudnn_oss,bfloat16,fp8_e4m3,128,2,131072,8,1,64,64,gqa,128.0,16,inf,0.0,0.0,,20,False,"  File ""/home/scratch.yanxu_gpu/fe-sites/computelab_trees/fe_develop_5567e2733/benchmark/attention_inference/benchmark_single_attention.py"", line 789, in main
    fn, detail = SETUPS[args.backend](args, dtype)
                 ^^^^^^^^^^^^^^^^^^^^^^^^^^^^^^^^^
  File ""/home/scratch.yanxu_gpu/fe-sites/computelab_trees/fe_develop_5567e2733/benchmark/attention_inference/benchmark_single_attention.py"", line 270, in setup_cudnn_oss
    return setup_cudnn(args, dtype, oss=True)
           ^^^^^^^^^^^^^^^^^^^^^^^^^^^^^^^^^^
  File ""/home/scratch.yanxu_gpu/fe-sites/computelab_trees/fe_develop_5567e2733/benchmark/attention_inference/benchmark_single_attention.py"", line 167, in setup_cudnn
    return setup_cudnn_fp8(args, cudnn, oss=oss)
           ^^^^^^^^^^^^^^^^^^^^^^^^^^^^^^^^^^^^^
  File ""/home/scratch.yanxu_gpu/fe-sites/computelab_trees/fe_develop_5567e2733/benchmark/attention_inference/benchmark_single_attention.py"", line 276, in setup_cudnn_fp8
    raise NotImplementedError(""sink tokens are not wired into the fp8 attention graph"")
NotImplementedError: sink tokens are not wired into the fp8 attention graph",,,
gpt_oss,gpt_oss_swa-tp8,generation,cudnn_oss,bfloat16,bfloat16,1,3,131072,8,1,64,64,gqa,128.0,16,0.007168,112.347,5.536,0.3089,20,True,,NVIDIA RTX PRO 6000 Blackwell Server Edition,cudnn_oss plan=sdpa_fwd_prefill_sm120[PACK_GQA=1; SCHED_POLICY=2; SPLIT_KV=1; TILE_CGA_M=1; TILE_M=128; TILE_N=128],
gpt_oss,gpt_oss_swa-tp8,generation,cudnn_oss,bfloat16,fp8_e4m3,1,3,131072,8,1,64,64,gqa,128.0,16,inf,0.0,0.0,,20,False,"  File ""/home/scratch.yanxu_gpu/fe-sites/computelab_trees/fe_develop_5567e2733/benchmark/attention_inference/benchmark_single_attention.py"", line 789, in main
    fn, detail = SETUPS[args.backend](args, dtype)
                 ^^^^^^^^^^^^^^^^^^^^^^^^^^^^^^^^^
  File ""/home/scratch.yanxu_gpu/fe-sites/computelab_trees/fe_develop_5567e2733/benchmark/attention_inference/benchmark_single_attention.py"", line 270, in setup_cudnn_oss
    return setup_cudnn(args, dtype, oss=True)
           ^^^^^^^^^^^^^^^^^^^^^^^^^^^^^^^^^^
  File ""/home/scratch.yanxu_gpu/fe-sites/computelab_trees/fe_develop_5567e2733/benchmark/attention_inference/benchmark_single_attention.py"", line 167, in setup_cudnn
    return setup_cudnn_fp8(args, cudnn, oss=oss)
           ^^^^^^^^^^^^^^^^^^^^^^^^^^^^^^^^^^^^^
  File ""/home/scratch.yanxu_gpu/fe-sites/computelab_trees/fe_develop_5567e2733/benchmark/attention_inference/benchmark_single_attention.py"", line 276, in setup_cudnn_fp8
    raise NotImplementedError(""sink tokens are not wired into the fp8 attention graph"")
NotImplementedError: sink tokens are not wired into the fp8 attention graph",,,
gpt_oss,gpt_oss_swa-tp8,generation,cudnn_oss,bfloat16,bfloat16,128,3,131072,8,1,64,64,gqa,128.0,16,0.015136,6810.202,335.56,18.7255,20,True,,NVIDIA RTX PRO 6000 Blackwell Server Edition,cudnn_oss plan=sdpa_fwd_prefill_sm120[PACK_GQA=1; SCHED_POLICY=2; SPLIT_KV=1; TILE_CGA_M=1; TILE_M=128; TILE_N=128],
gpt_oss,gpt_oss_swa-tp8,generation,cudnn_oss,bfloat16,fp8_e4m3,128,3,131072,8,1,64,64,gqa,128.0,16,inf,0.0,0.0,,20,False,"  File ""/home/scratch.yanxu_gpu/fe-sites/computelab_trees/fe_develop_5567e2733/benchmark/attention_inference/benchmark_single_attention.py"", line 789, in main
    fn, detail = SETUPS[args.backend](args, dtype)
                 ^^^^^^^^^^^^^^^^^^^^^^^^^^^^^^^^^
  File ""/home/scratch.yanxu_gpu/fe-sites/computelab_trees/fe_develop_5567e2733/benchmark/attention_inference/benchmark_single_attention.py"", line 270, in setup_cudnn_oss
    return setup_cudnn(args, dtype, oss=True)
           ^^^^^^^^^^^^^^^^^^^^^^^^^^^^^^^^^^
  File ""/home/scratch.yanxu_gpu/fe-sites/computelab_trees/fe_develop_5567e2733/benchmark/attention_inference/benchmark_single_attention.py"", line 167, in setup_cudnn
    return setup_cudnn_fp8(args, cudnn, oss=oss)
           ^^^^^^^^^^^^^^^^^^^^^^^^^^^^^^^^^^^^^
  File ""/home/scratch.yanxu_gpu/fe-sites/computelab_trees/fe_develop_5567e2733/benchmark/attention_inference/benchmark_single_attention.py"", line 276, in setup_cudnn_fp8
    raise NotImplementedError(""sink tokens are not wired into the fp8 attention graph"")
NotImplementedError: sink tokens are not wired into the fp8 attention graph",,,
gpt_oss,gpt_oss_swa-tp8,generation,cudnn_oss,bfloat16,bfloat16,1,4,131072,8,1,64,64,gqa,128.0,16,0.007264,147.817,5.78,0.3225,20,True,,NVIDIA RTX PRO 6000 Blackwell Server Edition,cudnn_oss plan=sdpa_fwd_prefill_sm120[PACK_GQA=1; SCHED_POLICY=2; SPLIT_KV=1; TILE_CGA_M=1; TILE_M=128; TILE_N=128],
gpt_oss,gpt_oss_swa-tp8,generation,cudnn_oss,bfloat16,fp8_e4m3,1,4,131072,8,1,64,64,gqa,128.0,16,inf,0.0,0.0,,20,False,"  File ""/home/scratch.yanxu_gpu/fe-sites/computelab_trees/fe_develop_5567e2733/benchmark/attention_inference/benchmark_single_attention.py"", line 789, in main
    fn, detail = SETUPS[args.backend](args, dtype)
                 ^^^^^^^^^^^^^^^^^^^^^^^^^^^^^^^^^
  File ""/home/scratch.yanxu_gpu/fe-sites/computelab_trees/fe_develop_5567e2733/benchmark/attention_inference/benchmark_single_attention.py"", line 270, in setup_cudnn_oss
    return setup_cudnn(args, dtype, oss=True)
           ^^^^^^^^^^^^^^^^^^^^^^^^^^^^^^^^^^
  File ""/home/scratch.yanxu_gpu/fe-sites/computelab_trees/fe_develop_5567e2733/benchmark/attention_inference/benchmark_single_attention.py"", line 167, in setup_cudnn
    return setup_cudnn_fp8(args, cudnn, oss=oss)
           ^^^^^^^^^^^^^^^^^^^^^^^^^^^^^^^^^^^^^
  File ""/home/scratch.yanxu_gpu/fe-sites/computelab_trees/fe_develop_5567e2733/benchmark/attention_inference/benchmark_single_attention.py"", line 276, in setup_cudnn_fp8
    raise NotImplementedError(""sink tokens are not wired into the fp8 attention graph"")
NotImplementedError: sink tokens are not wired into the fp8 attention graph",,,
gpt_oss,gpt_oss_swa-tp8,generation,cudnn_oss,bfloat16,bfloat16,128,4,131072,8,1,64,64,gqa,128.0,16,0.015265,9003.534,352.044,19.6453,20,True,,NVIDIA RTX PRO 6000 Blackwell Server Edition,cudnn_oss plan=sdpa_fwd_prefill_sm120[PACK_GQA=1; SCHED_POLICY=2; SPLIT_KV=1; TILE_CGA_M=1; TILE_M=128; TILE_N=128],
gpt_oss,gpt_oss_swa-tp8,generation,cudnn_oss,bfloat16,fp8_e4m3,128,4,131072,8,1,64,64,gqa,128.0,16,inf,0.0,0.0,,20,False,"  File ""/home/scratch.yanxu_gpu/fe-sites/computelab_trees/fe_develop_5567e2733/benchmark/attention_inference/benchmark_single_attention.py"", line 789, in main
    fn, detail = SETUPS[args.backend](args, dtype)
                 ^^^^^^^^^^^^^^^^^^^^^^^^^^^^^^^^^
  File ""/home/scratch.yanxu_gpu/fe-sites/computelab_trees/fe_develop_5567e2733/benchmark/attention_inference/benchmark_single_attention.py"", line 270, in setup_cudnn_oss
    return setup_cudnn(args, dtype, oss=True)
           ^^^^^^^^^^^^^^^^^^^^^^^^^^^^^^^^^^
  File ""/home/scratch.yanxu_gpu/fe-sites/computelab_trees/fe_develop_5567e2733/benchmark/attention_inference/benchmark_single_attention.py"", line 167, in setup_cudnn
    return setup_cudnn_fp8(args, cudnn, oss=oss)
           ^^^^^^^^^^^^^^^^^^^^^^^^^^^^^^^^^^^^^
  File ""/home/scratch.yanxu_gpu/fe-sites/computelab_trees/fe_develop_5567e2733/benchmark/attention_inference/benchmark_single_attention.py"", line 276, in setup_cudnn_fp8
    raise NotImplementedError(""sink tokens are not wired into the fp8 attention graph"")
NotImplementedError: sink tokens are not wired into the fp8 attention graph",,,
gpt_oss,gpt_oss_full,context,cudnn,bfloat16,bfloat16,1,2048,2048,64,8,64,64,gqa,,16,0.157855,217.666,239.136,13.3446,20,True,,NVIDIA RTX PRO 6000 Blackwell Server Edition,cudnn 9.27.0,
gpt_oss,gpt_oss_full,context,cudnn,bfloat16,bfloat16,1,8192,8192,64,8,64,64,gqa,,16,1.75847,312.633,85.867,4.7917,20,True,,NVIDIA RTX PRO 6000 Blackwell Server Edition,cudnn 9.27.0,
gpt_oss,gpt_oss_full,context,cudnn,bfloat16,bfloat16,1,32768,32768,64,8,64,64,gqa,,16,24.705411,356.039,24.447,1.3642,20,True,,NVIDIA RTX PRO 6000 Blackwell Server Edition,cudnn 9.27.0,
gpt_oss,gpt_oss_full,context,cudnn,bfloat16,bfloat16,1,512,65536,64,8,64,64,gqa,,16,2.3267,236.281,61.291,3.4203,20,True,,NVIDIA RTX PRO 6000 Blackwell Server Edition,cudnn 9.27.0,
gpt_oss,gpt_oss_full,context,cudnn,bfloat16,bfloat16,1,512,131072,64,8,64,64,gqa,,16,4.639116,237.009,59.672,3.3299,20,True,,NVIDIA RTX PRO 6000 Blackwell Server Edition,cudnn 9.27.0,
gpt_oss,gpt_oss_full,context,cudnn,bfloat16,bfloat16,1,1024,65536,64,8,64,64,gqa,,16,4.62972,237.49,32.614,1.82,20,True,,NVIDIA RTX PRO 6000 Blackwell Server Edition,cudnn 9.27.0,
gpt_oss,gpt_oss_full,context,cudnn,bfloat16,bfloat16,1,1024,131072,64,8,64,64,gqa,,16,9.254351,237.62,30.819,1.7198,20,True,,NVIDIA RTX PRO 6000 Blackwell Server Edition,cudnn 9.27.0,
gpt_oss,gpt_oss_full,generation,cudnn,bfloat16,bfloat16,1,1,131072,64,8,64,64,gqa,,16,inf,0.0,0.0,,20,False,"  import pynvml  # type: ignore[import]
Traceback (most recent call last):
  File ""/home/scratch.yanxu_gpu/fe-sites/computelab_trees/fe_develop_5567e2733/benchmark/attention_inference/benchmark_single_attention.py"", line 824, in <module>
    main()
  File ""/home/scratch.yanxu_gpu/fe-sites/computelab_trees/fe_develop_5567e2733/benchmark/attention_inference/benchmark_single_attention.py"", line 789, in main
    fn, detail = SETUPS[args.backend](args, dtype)
                 ^^^^^^^^^^^^^^^^^^^^^^^^^^^^^^^^^
  File ""/home/scratch.yanxu_gpu/fe-sites/computelab_trees/fe_develop_5567e2733/benchmark/attention_inference/benchmark_single_attention.py"", line 224, in setup_cudnn
    graph.validate()
  File ""/home/scratch.yanxu_gpu/fe-sites/computelab_trees/fe_develop_5567e2733/python/cudnn/_pygraph.py"", line 891, in validate
    self._lowered_graph.validate()
cudnn._compiled_module.cudnnGraphNotSupportedError: decode only mode, i.e. s_q == 1, not supported with sink_token",,,
gpt_oss,gpt_oss_full,generation,cudnn,bfloat16,fp8_e4m3,1,1,131072,64,8,64,64,gqa,,16,inf,0.0,0.0,,20,False,"Traceback (most recent call last):
  File ""/home/scratch.yanxu_gpu/fe-sites/computelab_trees/fe_develop_5567e2733/benchmark/attention_inference/benchmark_single_attention.py"", line 824, in <module>
    main()
  File ""/home/scratch.yanxu_gpu/fe-sites/computelab_trees/fe_develop_5567e2733/benchmark/attention_inference/benchmark_single_attention.py"", line 789, in main
    fn, detail = SETUPS[args.backend](args, dtype)
                 ^^^^^^^^^^^^^^^^^^^^^^^^^^^^^^^^^
  File ""/home/scratch.yanxu_gpu/fe-sites/computelab_trees/fe_develop_5567e2733/benchmark/attention_inference/benchmark_single_attention.py"", line 167, in setup_cudnn
    return setup_cudnn_fp8(args, cudnn, oss=oss)
           ^^^^^^^^^^^^^^^^^^^^^^^^^^^^^^^^^^^^^
  File ""/home/scratch.yanxu_gpu/fe-sites/computelab_trees/fe_develop_5567e2733/benchmark/attention_inference/benchmark_single_attention.py"", line 276, in setup_cudnn_fp8
    raise NotImplementedError(""sink tokens are not wired into the fp8 attention graph"")
NotImplementedError: sink tokens are not wired into the fp8 attention graph",,,
gpt_oss,gpt_oss_full,generation,cudnn,bfloat16,bfloat16,128,1,131072,64,8,64,64,gqa,,16,inf,0.0,0.0,,20,False,"  import pynvml  # type: ignore[import]
Traceback (most recent call last):
  File ""/home/scratch.yanxu_gpu/fe-sites/computelab_trees/fe_develop_5567e2733/benchmark/attention_inference/benchmark_single_attention.py"", line 824, in <module>
    main()
  File ""/home/scratch.yanxu_gpu/fe-sites/computelab_trees/fe_develop_5567e2733/benchmark/attention_inference/benchmark_single_attention.py"", line 789, in main
    fn, detail = SETUPS[args.backend](args, dtype)
                 ^^^^^^^^^^^^^^^^^^^^^^^^^^^^^^^^^
  File ""/home/scratch.yanxu_gpu/fe-sites/computelab_trees/fe_develop_5567e2733/benchmark/attention_inference/benchmark_single_attention.py"", line 224, in setup_cudnn
    graph.validate()
  File ""/home/scratch.yanxu_gpu/fe-sites/computelab_trees/fe_develop_5567e2733/python/cudnn/_pygraph.py"", line 891, in validate
    self._lowered_graph.validate()
cudnn._compiled_module.cudnnGraphNotSupportedError: decode only mode, i.e. s_q == 1, not supported with sink_token",,,
gpt_oss,gpt_oss_full,generation,cudnn,bfloat16,fp8_e4m3,128,1,131072,64,8,64,64,gqa,,16,inf,0.0,0.0,,20,False,"Traceback (most recent call last):
  File ""/home/scratch.yanxu_gpu/fe-sites/computelab_trees/fe_develop_5567e2733/benchmark/attention_inference/benchmark_single_attention.py"", line 824, in <module>
    main()
  File ""/home/scratch.yanxu_gpu/fe-sites/computelab_trees/fe_develop_5567e2733/benchmark/attention_inference/benchmark_single_attention.py"", line 789, in main
    fn, detail = SETUPS[args.backend](args, dtype)
                 ^^^^^^^^^^^^^^^^^^^^^^^^^^^^^^^^^
  File ""/home/scratch.yanxu_gpu/fe-sites/computelab_trees/fe_develop_5567e2733/benchmark/attention_inference/benchmark_single_attention.py"", line 167, in setup_cudnn
    return setup_cudnn_fp8(args, cudnn, oss=oss)
           ^^^^^^^^^^^^^^^^^^^^^^^^^^^^^^^^^^^^^
  File ""/home/scratch.yanxu_gpu/fe-sites/computelab_trees/fe_develop_5567e2733/benchmark/attention_inference/benchmark_single_attention.py"", line 276, in setup_cudnn_fp8
    raise NotImplementedError(""sink tokens are not wired into the fp8 attention graph"")
NotImplementedError: sink tokens are not wired into the fp8 attention graph",,,
gpt_oss,gpt_oss_full,generation,cudnn,bfloat16,bfloat16,1,2,131072,64,8,64,64,gqa,,16,2.564986,1.674,104.667,5.8408,20,True,,NVIDIA RTX PRO 6000 Blackwell Server Edition,cudnn 9.27.0,
gpt_oss,gpt_oss_full,generation,cudnn,bfloat16,fp8_e4m3,1,2,131072,64,8,64,64,gqa,,16,inf,0.0,0.0,,20,False,"Traceback (most recent call last):
  File ""/home/scratch.yanxu_gpu/fe-sites/computelab_trees/fe_develop_5567e2733/benchmark/attention_inference/benchmark_single_attention.py"", line 824, in <module>
    main()
  File ""/home/scratch.yanxu_gpu/fe-sites/computelab_trees/fe_develop_5567e2733/benchmark/attention_inference/benchmark_single_attention.py"", line 789, in main
    fn, detail = SETUPS[args.backend](args, dtype)
                 ^^^^^^^^^^^^^^^^^^^^^^^^^^^^^^^^^
  File ""/home/scratch.yanxu_gpu/fe-sites/computelab_trees/fe_develop_5567e2733/benchmark/attention_inference/benchmark_single_attention.py"", line 167, in setup_cudnn
    return setup_cudnn_fp8(args, cudnn, oss=oss)
           ^^^^^^^^^^^^^^^^^^^^^^^^^^^^^^^^^^^^^
  File ""/home/scratch.yanxu_gpu/fe-sites/computelab_trees/fe_develop_5567e2733/benchmark/attention_inference/benchmark_single_attention.py"", line 276, in setup_cudnn_fp8
    raise NotImplementedError(""sink tokens are not wired into the fp8 attention graph"")
NotImplementedError: sink tokens are not wired into the fp8 attention graph",,,
gpt_oss,gpt_oss_full,generation,cudnn,bfloat16,bfloat16,128,2,131072,64,8,64,64,gqa,,16,98.09559,5.604,350.311,19.5486,20,True,,NVIDIA RTX PRO 6000 Blackwell Server Edition,cudnn 9.27.0,
gpt_oss,gpt_oss_full,generation,cudnn,bfloat16,fp8_e4m3,128,2,131072,64,8,64,64,gqa,,16,inf,0.0,0.0,,20,False,"Traceback (most recent call last):
  File ""/home/scratch.yanxu_gpu/fe-sites/computelab_trees/fe_develop_5567e2733/benchmark/attention_inference/benchmark_single_attention.py"", line 824, in <module>
    main()
  File ""/home/scratch.yanxu_gpu/fe-sites/computelab_trees/fe_develop_5567e2733/benchmark/attention_inference/benchmark_single_attention.py"", line 789, in main
    fn, detail = SETUPS[args.backend](args, dtype)
                 ^^^^^^^^^^^^^^^^^^^^^^^^^^^^^^^^^
  File ""/home/scratch.yanxu_gpu/fe-sites/computelab_trees/fe_develop_5567e2733/benchmark/attention_inference/benchmark_single_attention.py"", line 167, in setup_cudnn
    return setup_cudnn_fp8(args, cudnn, oss=oss)
           ^^^^^^^^^^^^^^^^^^^^^^^^^^^^^^^^^^^^^
  File ""/home/scratch.yanxu_gpu/fe-sites/computelab_trees/fe_develop_5567e2733/benchmark/attention_inference/benchmark_single_attention.py"", line 276, in setup_cudnn_fp8
    raise NotImplementedError(""sink tokens are not wired into the fp8 attention graph"")
NotImplementedError: sink tokens are not wired into the fp8 attention graph",,,
gpt_oss,gpt_oss_full,generation,cudnn,bfloat16,bfloat16,1,3,131072,64,8,64,64,gqa,,16,2.480895,2.597,108.221,6.0391,20,True,,NVIDIA RTX PRO 6000 Blackwell Server Edition,cudnn 9.27.0,
gpt_oss,gpt_oss_full,generation,cudnn,bfloat16,fp8_e4m3,1,3,131072,64,8,64,64,gqa,,16,inf,0.0,0.0,,20,False,"Traceback (most recent call last):
  File ""/home/scratch.yanxu_gpu/fe-sites/computelab_trees/fe_develop_5567e2733/benchmark/attention_inference/benchmark_single_attention.py"", line 824, in <module>
    main()
  File ""/home/scratch.yanxu_gpu/fe-sites/computelab_trees/fe_develop_5567e2733/benchmark/attention_inference/benchmark_single_attention.py"", line 789, in main
    fn, detail = SETUPS[args.backend](args, dtype)
                 ^^^^^^^^^^^^^^^^^^^^^^^^^^^^^^^^^
  File ""/home/scratch.yanxu_gpu/fe-sites/computelab_trees/fe_develop_5567e2733/benchmark/attention_inference/benchmark_single_attention.py"", line 167, in setup_cudnn
    return setup_cudnn_fp8(args, cudnn, oss=oss)
           ^^^^^^^^^^^^^^^^^^^^^^^^^^^^^^^^^^^^^
  File ""/home/scratch.yanxu_gpu/fe-sites/computelab_trees/fe_develop_5567e2733/benchmark/attention_inference/benchmark_single_attention.py"", line 276, in setup_cudnn_fp8
    raise NotImplementedError(""sink tokens are not wired into the fp8 attention graph"")
NotImplementedError: sink tokens are not wired into the fp8 attention graph",,,
gpt_oss,gpt_oss_full,generation,cudnn,bfloat16,bfloat16,128,3,131072,64,8,64,64,gqa,,16,98.101669,8.406,350.31,19.5486,20,True,,NVIDIA RTX PRO 6000 Blackwell Server Edition,cudnn 9.27.0,
gpt_oss,gpt_oss_full,generation,cudnn,bfloat16,fp8_e4m3,128,3,131072,64,8,64,64,gqa,,16,inf,0.0,0.0,,20,False,"Traceback (most recent call last):
  File ""/home/scratch.yanxu_gpu/fe-sites/computelab_trees/fe_develop_5567e2733/benchmark/attention_inference/benchmark_single_attention.py"", line 824, in <module>
    main()
  File ""/home/scratch.yanxu_gpu/fe-sites/computelab_trees/fe_develop_5567e2733/benchmark/attention_inference/benchmark_single_attention.py"", line 789, in main
    fn, detail = SETUPS[args.backend](args, dtype)
                 ^^^^^^^^^^^^^^^^^^^^^^^^^^^^^^^^^
  File ""/home/scratch.yanxu_gpu/fe-sites/computelab_trees/fe_develop_5567e2733/benchmark/attention_inference/benchmark_single_attention.py"", line 167, in setup_cudnn
    return setup_cudnn_fp8(args, cudnn, oss=oss)
           ^^^^^^^^^^^^^^^^^^^^^^^^^^^^^^^^^^^^^
  File ""/home/scratch.yanxu_gpu/fe-sites/computelab_trees/fe_develop_5567e2733/benchmark/attention_inference/benchmark_single_attention.py"", line 276, in setup_cudnn_fp8
    raise NotImplementedError(""sink tokens are not wired into the fp8 attention graph"")
NotImplementedError: sink tokens are not wired into the fp8 attention graph",,,
gpt_oss,gpt_oss_full,generation,cudnn,bfloat16,bfloat16,1,4,131072,64,8,64,64,gqa,,16,2.480348,3.463,108.251,6.0408,20,True,,NVIDIA RTX PRO 6000 Blackwell Server Edition,cudnn 9.27.0,
gpt_oss,gpt_oss_full,generation,cudnn,bfloat16,fp8_e4m3,1,4,131072,64,8,64,64,gqa,,16,inf,0.0,0.0,,20,False,"Traceback (most recent call last):
  File ""/home/scratch.yanxu_gpu/fe-sites/computelab_trees/fe_develop_5567e2733/benchmark/attention_inference/benchmark_single_attention.py"", line 824, in <module>
    main()
  File ""/home/scratch.yanxu_gpu/fe-sites/computelab_trees/fe_develop_5567e2733/benchmark/attention_inference/benchmark_single_attention.py"", line 789, in main
    fn, detail = SETUPS[args.backend](args, dtype)
                 ^^^^^^^^^^^^^^^^^^^^^^^^^^^^^^^^^
  File ""/home/scratch.yanxu_gpu/fe-sites/computelab_trees/fe_develop_5567e2733/benchmark/attention_inference/benchmark_single_attention.py"", line 167, in setup_cudnn
    return setup_cudnn_fp8(args, cudnn, oss=oss)
           ^^^^^^^^^^^^^^^^^^^^^^^^^^^^^^^^^^^^^
  File ""/home/scratch.yanxu_gpu/fe-sites/computelab_trees/fe_develop_5567e2733/benchmark/attention_inference/benchmark_single_attention.py"", line 276, in setup_cudnn_fp8
    raise NotImplementedError(""sink tokens are not wired into the fp8 attention graph"")
NotImplementedError: sink tokens are not wired into the fp8 attention graph",,,
gpt_oss,gpt_oss_full,generation,cudnn,bfloat16,bfloat16,128,4,131072,64,8,64,64,gqa,,16,98.108518,11.207,350.307,19.5484,20,True,,NVIDIA RTX PRO 6000 Blackwell Server Edition,cudnn 9.27.0,
gpt_oss,gpt_oss_full,generation,cudnn,bfloat16,fp8_e4m3,128,4,131072,64,8,64,64,gqa,,16,inf,0.0,0.0,,20,False,"Traceback (most recent call last):
  File ""/home/scratch.yanxu_gpu/fe-sites/computelab_trees/fe_develop_5567e2733/benchmark/attention_inference/benchmark_single_attention.py"", line 824, in <module>
    main()
  File ""/home/scratch.yanxu_gpu/fe-sites/computelab_trees/fe_develop_5567e2733/benchmark/attention_inference/benchmark_single_attention.py"", line 789, in main
    fn, detail = SETUPS[args.backend](args, dtype)
                 ^^^^^^^^^^^^^^^^^^^^^^^^^^^^^^^^^
  File ""/home/scratch.yanxu_gpu/fe-sites/computelab_trees/fe_develop_5567e2733/benchmark/attention_inference/benchmark_single_attention.py"", line 167, in setup_cudnn
    return setup_cudnn_fp8(args, cudnn, oss=oss)
           ^^^^^^^^^^^^^^^^^^^^^^^^^^^^^^^^^^^^^
  File ""/home/scratch.yanxu_gpu/fe-sites/computelab_trees/fe_develop_5567e2733/benchmark/attention_inference/benchmark_single_attention.py"", line 276, in setup_cudnn_fp8
    raise NotImplementedError(""sink tokens are not wired into the fp8 attention graph"")
NotImplementedError: sink tokens are not wired into the fp8 attention graph",,,
gpt_oss,gpt_oss_full,context,cudnn_oss,bfloat16,bfloat16,1,2048,2048,64,8,64,64,gqa,,16,0.12259,280.282,307.927,17.1834,20,True,,NVIDIA RTX PRO 6000 Blackwell Server Edition,cudnn_oss plan=sdpa_fwd_prefill_sm120[PACK_GQA=0; SCHED_POLICY=2; SPLIT_KV=1; TILE_CGA_M=1; TILE_M=128; TILE_N=128],
gpt_oss,gpt_oss_full,context,cudnn_oss,bfloat16,bfloat16,1,8192,8192,64,8,64,64,gqa,,16,1.455108,377.811,103.769,5.7907,20,True,,NVIDIA RTX PRO 6000 Blackwell Server Edition,cudnn_oss plan=sdpa_fwd_prefill_sm120[PACK_GQA=0; SCHED_POLICY=2; SPLIT_KV=1; TILE_CGA_M=1; TILE_M=128; TILE_N=128],
gpt_oss,gpt_oss_full,context,cudnn_oss,bfloat16,bfloat16,1,32768,32768,64,8,64,64,gqa,,16,21.812216,403.265,27.69,1.5452,20,True,,NVIDIA RTX PRO 6000 Blackwell Server Edition,cudnn_oss plan=sdpa_fwd_prefill_sm120[PACK_GQA=0; SCHED_POLICY=2; SPLIT_KV=1; TILE_CGA_M=1; TILE_M=128; TILE_N=128],
gpt_oss,gpt_oss_full,context,cudnn_oss,bfloat16,bfloat16,1,512,65536,64,8,64,64,gqa,,16,2.108285,260.76,67.641,3.7746,20,True,,NVIDIA RTX PRO 6000 Blackwell Server Edition,cudnn_oss plan=sdpa_fwd_prefill_sm120[PACK_GQA=0; SCHED_POLICY=2; SPLIT_KV=1; TILE_CGA_M=1; TILE_M=64; TILE_N=128],
gpt_oss,gpt_oss_full,context,cudnn_oss,bfloat16,bfloat16,1,512,131072,64,8,64,64,gqa,,16,3.75426,292.87,73.736,4.1147,20,True,,NVIDIA RTX PRO 6000 Blackwell Server Edition,cudnn_oss plan=sdpa_fwd_prefill_sm120[PACK_GQA=0; SCHED_POLICY=2; SPLIT_KV=1; TILE_CGA_M=1; TILE_M=64; TILE_N=128],
gpt_oss,gpt_oss_full,context,cudnn_oss,bfloat16,bfloat16,1,1024,65536,64,8,64,64,gqa,,16,3.848318,285.712,39.237,2.1895,20,True,,NVIDIA RTX PRO 6000 Blackwell Server Edition,cudnn_oss plan=sdpa_fwd_prefill_sm120[PACK_GQA=0; SCHED_POLICY=2; SPLIT_KV=1; TILE_CGA_M=1; TILE_M=64; TILE_N=128],
gpt_oss,gpt_oss_full,context,cudnn_oss,bfloat16,bfloat16,1,1024,131072,64,8,64,64,gqa,,16,7.218207,304.65,39.513,2.205,20,True,,NVIDIA RTX PRO 6000 Blackwell Server Edition,cudnn_oss plan=sdpa_fwd_prefill_sm120[PACK_GQA=0; SCHED_POLICY=2; SPLIT_KV=1; TILE_CGA_M=1; TILE_M=64; TILE_N=128],
gpt_oss,gpt_oss_full,generation,cudnn_oss,bfloat16,bfloat16,1,1,131072,64,8,64,64,gqa,,16,2.102437,1.021,127.686,7.1253,20,True,,NVIDIA RTX PRO 6000 Blackwell Server Edition,cudnn_oss plan=sdpa_fwd_prefill_sm120[PACK_GQA=1; SCHED_POLICY=0; SPLIT_KV=1; TILE_CGA_M=1; TILE_M=128; TILE_N=128],
gpt_oss,gpt_oss_full,generation,cudnn_oss,bfloat16,fp8_e4m3,1,1,131072,64,8,64,64,gqa,,16,inf,0.0,0.0,,20,False,"  File ""/home/scratch.yanxu_gpu/fe-sites/computelab_trees/fe_develop_5567e2733/benchmark/attention_inference/benchmark_single_attention.py"", line 789, in main
    fn, detail = SETUPS[args.backend](args, dtype)
                 ^^^^^^^^^^^^^^^^^^^^^^^^^^^^^^^^^
  File ""/home/scratch.yanxu_gpu/fe-sites/computelab_trees/fe_develop_5567e2733/benchmark/attention_inference/benchmark_single_attention.py"", line 270, in setup_cudnn_oss
    return setup_cudnn(args, dtype, oss=True)
           ^^^^^^^^^^^^^^^^^^^^^^^^^^^^^^^^^^
  File ""/home/scratch.yanxu_gpu/fe-sites/computelab_trees/fe_develop_5567e2733/benchmark/attention_inference/benchmark_single_attention.py"", line 167, in setup_cudnn
    return setup_cudnn_fp8(args, cudnn, oss=oss)
           ^^^^^^^^^^^^^^^^^^^^^^^^^^^^^^^^^^^^^
  File ""/home/scratch.yanxu_gpu/fe-sites/computelab_trees/fe_develop_5567e2733/benchmark/attention_inference/benchmark_single_attention.py"", line 276, in setup_cudnn_fp8
    raise NotImplementedError(""sink tokens are not wired into the fp8 attention graph"")
NotImplementedError: sink tokens are not wired into the fp8 attention graph",,,
gpt_oss,gpt_oss_full,generation,cudnn_oss,bfloat16,bfloat16,128,1,131072,64,8,64,64,gqa,,16,22.62427,12.15,1518.804,84.7547,20,True,,NVIDIA RTX PRO 6000 Blackwell Server Edition,cudnn_oss plan=sdpa_fwd_prefill_sm120[PACK_GQA=1; SCHED_POLICY=0; SPLIT_KV=1; TILE_CGA_M=1; TILE_M=128; TILE_N=128],
gpt_oss,gpt_oss_full,generation,cudnn_oss,bfloat16,fp8_e4m3,128,1,131072,64,8,64,64,gqa,,16,inf,0.0,0.0,,20,False,"  File ""/home/scratch.yanxu_gpu/fe-sites/computelab_trees/fe_develop_5567e2733/benchmark/attention_inference/benchmark_single_attention.py"", line 789, in main
    fn, detail = SETUPS[args.backend](args, dtype)
                 ^^^^^^^^^^^^^^^^^^^^^^^^^^^^^^^^^
  File ""/home/scratch.yanxu_gpu/fe-sites/computelab_trees/fe_develop_5567e2733/benchmark/attention_inference/benchmark_single_attention.py"", line 270, in setup_cudnn_oss
    return setup_cudnn(args, dtype, oss=True)
           ^^^^^^^^^^^^^^^^^^^^^^^^^^^^^^^^^^
  File ""/home/scratch.yanxu_gpu/fe-sites/computelab_trees/fe_develop_5567e2733/benchmark/attention_inference/benchmark_single_attention.py"", line 167, in setup_cudnn
    return setup_cudnn_fp8(args, cudnn, oss=oss)
           ^^^^^^^^^^^^^^^^^^^^^^^^^^^^^^^^^^^^^
  File ""/home/scratch.yanxu_gpu/fe-sites/computelab_trees/fe_develop_5567e2733/benchmark/attention_inference/benchmark_single_attention.py"", line 276, in setup_cudnn_fp8
    raise NotImplementedError(""sink tokens are not wired into the fp8 attention graph"")
NotImplementedError: sink tokens are not wired into the fp8 attention graph",,,
gpt_oss,gpt_oss_full,generation,cudnn_oss,bfloat16,bfloat16,1,2,131072,64,8,64,64,gqa,,16,2.160456,1.988,124.265,6.9344,20,True,,NVIDIA RTX PRO 6000 Blackwell Server Edition,cudnn_oss plan=sdpa_fwd_prefill_sm120[PACK_GQA=1; SCHED_POLICY=2; SPLIT_KV=1; TILE_CGA_M=1; TILE_M=128; TILE_N=128],
gpt_oss,gpt_oss_full,generation,cudnn_oss,bfloat16,fp8_e4m3,1,2,131072,64,8,64,64,gqa,,16,inf,0.0,0.0,,20,False,"  File ""/home/scratch.yanxu_gpu/fe-sites/computelab_trees/fe_develop_5567e2733/benchmark/attention_inference/benchmark_single_attention.py"", line 789, in main
    fn, detail = SETUPS[args.backend](args, dtype)
                 ^^^^^^^^^^^^^^^^^^^^^^^^^^^^^^^^^
  File ""/home/scratch.yanxu_gpu/fe-sites/computelab_trees/fe_develop_5567e2733/benchmark/attention_inference/benchmark_single_attention.py"", line 270, in setup_cudnn_oss
    return setup_cudnn(args, dtype, oss=True)
           ^^^^^^^^^^^^^^^^^^^^^^^^^^^^^^^^^^
  File ""/home/scratch.yanxu_gpu/fe-sites/computelab_trees/fe_develop_5567e2733/benchmark/attention_inference/benchmark_single_attention.py"", line 167, in setup_cudnn
    return setup_cudnn_fp8(args, cudnn, oss=oss)
           ^^^^^^^^^^^^^^^^^^^^^^^^^^^^^^^^^^^^^
  File ""/home/scratch.yanxu_gpu/fe-sites/computelab_trees/fe_develop_5567e2733/benchmark/attention_inference/benchmark_single_attention.py"", line 276, in setup_cudnn_fp8
    raise NotImplementedError(""sink tokens are not wired into the fp8 attention graph"")
NotImplementedError: sink tokens are not wired into the fp8 attention graph",,,
gpt_oss,gpt_oss_full,generation,cudnn_oss,bfloat16,bfloat16,128,2,131072,64,8,64,64,gqa,,16,22.668414,24.252,1515.939,84.5948,20,True,,NVIDIA RTX PRO 6000 Blackwell Server Edition,cudnn_oss plan=sdpa_fwd_prefill_sm120[PACK_GQA=1; SCHED_POLICY=2; SPLIT_KV=1; TILE_CGA_M=1; TILE_M=128; TILE_N=128],
gpt_oss,gpt_oss_full,generation,cudnn_oss,bfloat16,fp8_e4m3,128,2,131072,64,8,64,64,gqa,,16,inf,0.0,0.0,,20,False,"  File ""/home/scratch.yanxu_gpu/fe-sites/computelab_trees/fe_develop_5567e2733/benchmark/attention_inference/benchmark_single_attention.py"", line 789, in main
    fn, detail = SETUPS[args.backend](args, dtype)
                 ^^^^^^^^^^^^^^^^^^^^^^^^^^^^^^^^^
  File ""/home/scratch.yanxu_gpu/fe-sites/computelab_trees/fe_develop_5567e2733/benchmark/attention_inference/benchmark_single_attention.py"", line 270, in setup_cudnn_oss
    return setup_cudnn(args, dtype, oss=True)
           ^^^^^^^^^^^^^^^^^^^^^^^^^^^^^^^^^^
  File ""/home/scratch.yanxu_gpu/fe-sites/computelab_trees/fe_develop_5567e2733/benchmark/attention_inference/benchmark_single_attention.py"", line 167, in setup_cudnn
    return setup_cudnn_fp8(args, cudnn, oss=oss)
           ^^^^^^^^^^^^^^^^^^^^^^^^^^^^^^^^^^^^^
  File ""/home/scratch.yanxu_gpu/fe-sites/computelab_trees/fe_develop_5567e2733/benchmark/attention_inference/benchmark_single_attention.py"", line 276, in setup_cudnn_fp8
    raise NotImplementedError(""sink tokens are not wired into the fp8 attention graph"")
NotImplementedError: sink tokens are not wired into the fp8 attention graph",,,
gpt_oss,gpt_oss_full,generation,cudnn_oss,bfloat16,bfloat16,1,3,131072,64,8,64,64,gqa,,16,2.160064,2.983,124.295,6.9361,20,True,,NVIDIA RTX PRO 6000 Blackwell Server Edition,cudnn_oss plan=sdpa_fwd_prefill_sm120[PACK_GQA=1; SCHED_POLICY=2; SPLIT_KV=1; TILE_CGA_M=1; TILE_M=128; TILE_N=128],
gpt_oss,gpt_oss_full,generation,cudnn_oss,bfloat16,fp8_e4m3,1,3,131072,64,8,64,64,gqa,,16,inf,0.0,0.0,,20,False,"  File ""/home/scratch.yanxu_gpu/fe-sites/computelab_trees/fe_develop_5567e2733/benchmark/attention_inference/benchmark_single_attention.py"", line 789, in main
    fn, detail = SETUPS[args.backend](args, dtype)
                 ^^^^^^^^^^^^^^^^^^^^^^^^^^^^^^^^^
  File ""/home/scratch.yanxu_gpu/fe-sites/computelab_trees/fe_develop_5567e2733/benchmark/attention_inference/benchmark_single_attention.py"", line 270, in setup_cudnn_oss
    return setup_cudnn(args, dtype, oss=True)
           ^^^^^^^^^^^^^^^^^^^^^^^^^^^^^^^^^^
  File ""/home/scratch.yanxu_gpu/fe-sites/computelab_trees/fe_develop_5567e2733/benchmark/attention_inference/benchmark_single_attention.py"", line 167, in setup_cudnn
    return setup_cudnn_fp8(args, cudnn, oss=oss)
           ^^^^^^^^^^^^^^^^^^^^^^^^^^^^^^^^^^^^^
  File ""/home/scratch.yanxu_gpu/fe-sites/computelab_trees/fe_develop_5567e2733/benchmark/attention_inference/benchmark_single_attention.py"", line 276, in setup_cudnn_fp8
    raise NotImplementedError(""sink tokens are not wired into the fp8 attention graph"")
NotImplementedError: sink tokens are not wired into the fp8 attention graph",,,
gpt_oss,gpt_oss_full,generation,cudnn_oss,bfloat16,bfloat16,128,3,131072,64,8,64,64,gqa,,16,22.666057,36.382,1516.189,84.6088,20,True,,NVIDIA RTX PRO 6000 Blackwell Server Edition,cudnn_oss plan=sdpa_fwd_prefill_sm120[PACK_GQA=1; SCHED_POLICY=2; SPLIT_KV=1; TILE_CGA_M=1; TILE_M=128; TILE_N=128],
gpt_oss,gpt_oss_full,generation,cudnn_oss,bfloat16,fp8_e4m3,128,3,131072,64,8,64,64,gqa,,16,inf,0.0,0.0,,20,False,"  File ""/home/scratch.yanxu_gpu/fe-sites/computelab_trees/fe_develop_5567e2733/benchmark/attention_inference/benchmark_single_attention.py"", line 789, in main
    fn, detail = SETUPS[args.backend](args, dtype)
                 ^^^^^^^^^^^^^^^^^^^^^^^^^^^^^^^^^
  File ""/home/scratch.yanxu_gpu/fe-sites/computelab_trees/fe_develop_5567e2733/benchmark/attention_inference/benchmark_single_attention.py"", line 270, in setup_cudnn_oss
    return setup_cudnn(args, dtype, oss=True)
           ^^^^^^^^^^^^^^^^^^^^^^^^^^^^^^^^^^
  File ""/home/scratch.yanxu_gpu/fe-sites/computelab_trees/fe_develop_5567e2733/benchmark/attention_inference/benchmark_single_attention.py"", line 167, in setup_cudnn
    return setup_cudnn_fp8(args, cudnn, oss=oss)
           ^^^^^^^^^^^^^^^^^^^^^^^^^^^^^^^^^^^^^
  File ""/home/scratch.yanxu_gpu/fe-sites/computelab_trees/fe_develop_5567e2733/benchmark/attention_inference/benchmark_single_attention.py"", line 276, in setup_cudnn_fp8
    raise NotImplementedError(""sink tokens are not wired into the fp8 attention graph"")
NotImplementedError: sink tokens are not wired into the fp8 attention graph",,,
gpt_oss,gpt_oss_full,generation,cudnn_oss,bfloat16,bfloat16,1,4,131072,64,8,64,64,gqa,,16,2.160681,3.976,124.267,6.9345,20,True,,NVIDIA RTX PRO 6000 Blackwell Server Edition,cudnn_oss plan=sdpa_fwd_prefill_sm120[PACK_GQA=1; SCHED_POLICY=2; SPLIT_KV=1; TILE_CGA_M=1; TILE_M=128; TILE_N=128],
gpt_oss,gpt_oss_full,generation,cudnn_oss,bfloat16,fp8_e4m3,1,4,131072,64,8,64,64,gqa,,16,inf,0.0,0.0,,20,False,"  File ""/home/scratch.yanxu_gpu/fe-sites/computelab_trees/fe_develop_5567e2733/benchmark/attention_inference/benchmark_single_attention.py"", line 789, in main
    fn, detail = SETUPS[args.backend](args, dtype)
                 ^^^^^^^^^^^^^^^^^^^^^^^^^^^^^^^^^
  File ""/home/scratch.yanxu_gpu/fe-sites/computelab_trees/fe_develop_5567e2733/benchmark/attention_inference/benchmark_single_attention.py"", line 270, in setup_cudnn_oss
    return setup_cudnn(args, dtype, oss=True)
           ^^^^^^^^^^^^^^^^^^^^^^^^^^^^^^^^^^
  File ""/home/scratch.yanxu_gpu/fe-sites/computelab_trees/fe_develop_5567e2733/benchmark/attention_inference/benchmark_single_attention.py"", line 167, in setup_cudnn
    return setup_cudnn_fp8(args, cudnn, oss=oss)
           ^^^^^^^^^^^^^^^^^^^^^^^^^^^^^^^^^^^^^
  File ""/home/scratch.yanxu_gpu/fe-sites/computelab_trees/fe_develop_5567e2733/benchmark/attention_inference/benchmark_single_attention.py"", line 276, in setup_cudnn_fp8
    raise NotImplementedError(""sink tokens are not wired into the fp8 attention graph"")
NotImplementedError: sink tokens are not wired into the fp8 attention graph",,,
gpt_oss,gpt_oss_full,generation,cudnn_oss,bfloat16,bfloat16,128,4,131072,64,8,64,64,gqa,,16,22.667531,48.506,1516.183,84.6084,20,True,,NVIDIA RTX PRO 6000 Blackwell Server Edition,cudnn_oss plan=sdpa_fwd_prefill_sm120[PACK_GQA=1; SCHED_POLICY=2; SPLIT_KV=1; TILE_CGA_M=1; TILE_M=128; TILE_N=128],
gpt_oss,gpt_oss_full,generation,cudnn_oss,bfloat16,fp8_e4m3,128,4,131072,64,8,64,64,gqa,,16,inf,0.0,0.0,,20,False,"  File ""/home/scratch.yanxu_gpu/fe-sites/computelab_trees/fe_develop_5567e2733/benchmark/attention_inference/benchmark_single_attention.py"", line 789, in main
    fn, detail = SETUPS[args.backend](args, dtype)
                 ^^^^^^^^^^^^^^^^^^^^^^^^^^^^^^^^^
  File ""/home/scratch.yanxu_gpu/fe-sites/computelab_trees/fe_develop_5567e2733/benchmark/attention_inference/benchmark_single_attention.py"", line 270, in setup_cudnn_oss
    return setup_cudnn(args, dtype, oss=True)
           ^^^^^^^^^^^^^^^^^^^^^^^^^^^^^^^^^^
  File ""/home/scratch.yanxu_gpu/fe-sites/computelab_trees/fe_develop_5567e2733/benchmark/attention_inference/benchmark_single_attention.py"", line 167, in setup_cudnn
    return setup_cudnn_fp8(args, cudnn, oss=oss)
           ^^^^^^^^^^^^^^^^^^^^^^^^^^^^^^^^^^^^^
  File ""/home/scratch.yanxu_gpu/fe-sites/computelab_trees/fe_develop_5567e2733/benchmark/attention_inference/benchmark_single_attention.py"", line 276, in setup_cudnn_fp8
    raise NotImplementedError(""sink tokens are not wired into the fp8 attention graph"")
NotImplementedError: sink tokens are not wired into the fp8 attention graph",,,
gpt_oss,gpt_oss_full-tp2,context,cudnn,bfloat16,bfloat16,1,2048,2048,32,4,64,64,gqa,,16,0.0936,183.546,201.649,11.2527,20,True,,NVIDIA RTX PRO 6000 Blackwell Server Edition,cudnn 9.27.0,
gpt_oss,gpt_oss_full-tp2,context,cudnn,bfloat16,bfloat16,1,8192,8192,32,4,64,64,gqa,,16,0.891459,308.346,84.69,4.726,20,True,,NVIDIA RTX PRO 6000 Blackwell Server Edition,cudnn 9.27.0,
gpt_oss,gpt_oss_full-tp2,context,cudnn,bfloat16,bfloat16,1,32768,32768,32,4,64,64,gqa,,16,12.359385,355.847,24.434,1.3635,20,True,,NVIDIA RTX PRO 6000 Blackwell Server Edition,cudnn 9.27.0,
gpt_oss,gpt_oss_full-tp2,context,cudnn,bfloat16,bfloat16,1,512,65536,32,4,64,64,gqa,,16,2.398776,114.591,29.725,1.6588,20,True,,NVIDIA RTX PRO 6000 Blackwell Server Edition,cudnn 9.27.0,
gpt_oss,gpt_oss_full-tp2,context,cudnn,bfloat16,bfloat16,1,512,131072,32,4,64,64,gqa,,16,4.631686,118.695,29.884,1.6676,20,True,,NVIDIA RTX PRO 6000 Blackwell Server Edition,cudnn 9.27.0,
gpt_oss,gpt_oss_full-tp2,context,cudnn,bfloat16,bfloat16,1,1024,65536,32,4,64,64,gqa,,16,2.326003,236.352,32.458,1.8113,20,True,,NVIDIA RTX PRO 6000 Blackwell Server Edition,cudnn 9.27.0,
gpt_oss,gpt_oss_full-tp2,context,cudnn,bfloat16,bfloat16,1,1024,131072,32,4,64,64,gqa,,16,4.63823,237.054,30.746,1.7157,20,True,,NVIDIA RTX PRO 6000 Blackwell Server Edition,cudnn 9.27.0,
gpt_oss,gpt_oss_full-tp2,generation,cudnn,bfloat16,bfloat16,1,1,131072,32,4,64,64,gqa,,16,inf,0.0,0.0,,20,False,"  import pynvml  # type: ignore[import]
Traceback (most recent call last):
  File ""/home/scratch.yanxu_gpu/fe-sites/computelab_trees/fe_develop_5567e2733/benchmark/attention_inference/benchmark_single_attention.py"", line 824, in <module>
    main()
  File ""/home/scratch.yanxu_gpu/fe-sites/computelab_trees/fe_develop_5567e2733/benchmark/attention_inference/benchmark_single_attention.py"", line 789, in main
    fn, detail = SETUPS[args.backend](args, dtype)
                 ^^^^^^^^^^^^^^^^^^^^^^^^^^^^^^^^^
  File ""/home/scratch.yanxu_gpu/fe-sites/computelab_trees/fe_develop_5567e2733/benchmark/attention_inference/benchmark_single_attention.py"", line 224, in setup_cudnn
    graph.validate()
  File ""/home/scratch.yanxu_gpu/fe-sites/computelab_trees/fe_develop_5567e2733/python/cudnn/_pygraph.py"", line 891, in validate
    self._lowered_graph.validate()
cudnn._compiled_module.cudnnGraphNotSupportedError: decode only mode, i.e. s_q == 1, not supported with sink_token",,,
gpt_oss,gpt_oss_full-tp2,generation,cudnn,bfloat16,fp8_e4m3,1,1,131072,32,4,64,64,gqa,,16,inf,0.0,0.0,,20,False,"Traceback (most recent call last):
  File ""/home/scratch.yanxu_gpu/fe-sites/computelab_trees/fe_develop_5567e2733/benchmark/attention_inference/benchmark_single_attention.py"", line 824, in <module>
    main()
  File ""/home/scratch.yanxu_gpu/fe-sites/computelab_trees/fe_develop_5567e2733/benchmark/attention_inference/benchmark_single_attention.py"", line 789, in main
    fn, detail = SETUPS[args.backend](args, dtype)
                 ^^^^^^^^^^^^^^^^^^^^^^^^^^^^^^^^^
  File ""/home/scratch.yanxu_gpu/fe-sites/computelab_trees/fe_develop_5567e2733/benchmark/attention_inference/benchmark_single_attention.py"", line 167, in setup_cudnn
    return setup_cudnn_fp8(args, cudnn, oss=oss)
           ^^^^^^^^^^^^^^^^^^^^^^^^^^^^^^^^^^^^^
  File ""/home/scratch.yanxu_gpu/fe-sites/computelab_trees/fe_develop_5567e2733/benchmark/attention_inference/benchmark_single_attention.py"", line 276, in setup_cudnn_fp8
    raise NotImplementedError(""sink tokens are not wired into the fp8 attention graph"")
NotImplementedError: sink tokens are not wired into the fp8 attention graph",,,
gpt_oss,gpt_oss_full-tp2,generation,cudnn,bfloat16,bfloat16,128,1,131072,32,4,64,64,gqa,,16,inf,0.0,0.0,,20,False,"  import pynvml  # type: ignore[import]
Traceback (most recent call last):
  File ""/home/scratch.yanxu_gpu/fe-sites/computelab_trees/fe_develop_5567e2733/benchmark/attention_inference/benchmark_single_attention.py"", line 824, in <module>
    main()
  File ""/home/scratch.yanxu_gpu/fe-sites/computelab_trees/fe_develop_5567e2733/benchmark/attention_inference/benchmark_single_attention.py"", line 789, in main
    fn, detail = SETUPS[args.backend](args, dtype)
                 ^^^^^^^^^^^^^^^^^^^^^^^^^^^^^^^^^
  File ""/home/scratch.yanxu_gpu/fe-sites/computelab_trees/fe_develop_5567e2733/benchmark/attention_inference/benchmark_single_attention.py"", line 224, in setup_cudnn
    graph.validate()
  File ""/home/scratch.yanxu_gpu/fe-sites/computelab_trees/fe_develop_5567e2733/python/cudnn/_pygraph.py"", line 891, in validate
    self._lowered_graph.validate()
cudnn._compiled_module.cudnnGraphNotSupportedError: decode only mode, i.e. s_q == 1, not supported with sink_token",,,
gpt_oss,gpt_oss_full-tp2,generation,cudnn,bfloat16,fp8_e4m3,128,1,131072,32,4,64,64,gqa,,16,inf,0.0,0.0,,20,False,"Traceback (most recent call last):
  File ""/home/scratch.yanxu_gpu/fe-sites/computelab_trees/fe_develop_5567e2733/benchmark/attention_inference/benchmark_single_attention.py"", line 824, in <module>
    main()
  File ""/home/scratch.yanxu_gpu/fe-sites/computelab_trees/fe_develop_5567e2733/benchmark/attention_inference/benchmark_single_attention.py"", line 789, in main
    fn, detail = SETUPS[args.backend](args, dtype)
                 ^^^^^^^^^^^^^^^^^^^^^^^^^^^^^^^^^
  File ""/home/scratch.yanxu_gpu/fe-sites/computelab_trees/fe_develop_5567e2733/benchmark/attention_inference/benchmark_single_attention.py"", line 167, in setup_cudnn
    return setup_cudnn_fp8(args, cudnn, oss=oss)
           ^^^^^^^^^^^^^^^^^^^^^^^^^^^^^^^^^^^^^
  File ""/home/scratch.yanxu_gpu/fe-sites/computelab_trees/fe_develop_5567e2733/benchmark/attention_inference/benchmark_single_attention.py"", line 276, in setup_cudnn_fp8
    raise NotImplementedError(""sink tokens are not wired into the fp8 attention graph"")
NotImplementedError: sink tokens are not wired into the fp8 attention graph",,,
gpt_oss,gpt_oss_full-tp2,generation,cudnn,bfloat16,bfloat16,1,2,131072,32,4,64,64,gqa,,16,2.559307,0.839,52.449,2.9269,20,True,,NVIDIA RTX PRO 6000 Blackwell Server Edition,cudnn 9.27.0,
gpt_oss,gpt_oss_full-tp2,generation,cudnn,bfloat16,fp8_e4m3,1,2,131072,32,4,64,64,gqa,,16,inf,0.0,0.0,,20,False,"Traceback (most recent call last):
  File ""/home/scratch.yanxu_gpu/fe-sites/computelab_trees/fe_develop_5567e2733/benchmark/attention_inference/benchmark_single_attention.py"", line 824, in <module>
    main()
  File ""/home/scratch.yanxu_gpu/fe-sites/computelab_trees/fe_develop_5567e2733/benchmark/attention_inference/benchmark_single_attention.py"", line 789, in main
    fn, detail = SETUPS[args.backend](args, dtype)
                 ^^^^^^^^^^^^^^^^^^^^^^^^^^^^^^^^^
  File ""/home/scratch.yanxu_gpu/fe-sites/computelab_trees/fe_develop_5567e2733/benchmark/attention_inference/benchmark_single_attention.py"", line 167, in setup_cudnn
    return setup_cudnn_fp8(args, cudnn, oss=oss)
           ^^^^^^^^^^^^^^^^^^^^^^^^^^^^^^^^^^^^^
  File ""/home/scratch.yanxu_gpu/fe-sites/computelab_trees/fe_develop_5567e2733/benchmark/attention_inference/benchmark_single_attention.py"", line 276, in setup_cudnn_fp8
    raise NotImplementedError(""sink tokens are not wired into the fp8 attention graph"")
NotImplementedError: sink tokens are not wired into the fp8 attention graph",,,
gpt_oss,gpt_oss_full-tp2,generation,cudnn,bfloat16,bfloat16,128,2,131072,32,4,64,64,gqa,,16,49.139001,5.594,349.66,19.5123,20,True,,NVIDIA RTX PRO 6000 Blackwell Server Edition,cudnn 9.27.0,
gpt_oss,gpt_oss_full-tp2,generation,cudnn,bfloat16,fp8_e4m3,128,2,131072,32,4,64,64,gqa,,16,inf,0.0,0.0,,20,False,"Traceback (most recent call last):
  File ""/home/scratch.yanxu_gpu/fe-sites/computelab_trees/fe_develop_5567e2733/benchmark/attention_inference/benchmark_single_attention.py"", line 824, in <module>
    main()
  File ""/home/scratch.yanxu_gpu/fe-sites/computelab_trees/fe_develop_5567e2733/benchmark/attention_inference/benchmark_single_attention.py"", line 789, in main
    fn, detail = SETUPS[args.backend](args, dtype)
                 ^^^^^^^^^^^^^^^^^^^^^^^^^^^^^^^^^
  File ""/home/scratch.yanxu_gpu/fe-sites/computelab_trees/fe_develop_5567e2733/benchmark/attention_inference/benchmark_single_attention.py"", line 167, in setup_cudnn
    return setup_cudnn_fp8(args, cudnn, oss=oss)
           ^^^^^^^^^^^^^^^^^^^^^^^^^^^^^^^^^^^^^
  File ""/home/scratch.yanxu_gpu/fe-sites/computelab_trees/fe_develop_5567e2733/benchmark/attention_inference/benchmark_single_attention.py"", line 276, in setup_cudnn_fp8
    raise NotImplementedError(""sink tokens are not wired into the fp8 attention graph"")
NotImplementedError: sink tokens are not wired into the fp8 attention graph",,,
gpt_oss,gpt_oss_full-tp2,generation,cudnn,bfloat16,bfloat16,1,3,131072,32,4,64,64,gqa,,16,2.559647,1.258,52.446,2.9267,20,True,,NVIDIA RTX PRO 6000 Blackwell Server Edition,cudnn 9.27.0,
gpt_oss,gpt_oss_full-tp2,generation,cudnn,bfloat16,fp8_e4m3,1,3,131072,32,4,64,64,gqa,,16,inf,0.0,0.0,,20,False,"Traceback (most recent call last):
  File ""/home/scratch.yanxu_gpu/fe-sites/computelab_trees/fe_develop_5567e2733/benchmark/attention_inference/benchmark_single_attention.py"", line 824, in <module>
    main()
  File ""/home/scratch.yanxu_gpu/fe-sites/computelab_trees/fe_develop_5567e2733/benchmark/attention_inference/benchmark_single_attention.py"", line 789, in main
    fn, detail = SETUPS[args.backend](args, dtype)
                 ^^^^^^^^^^^^^^^^^^^^^^^^^^^^^^^^^
  File ""/home/scratch.yanxu_gpu/fe-sites/computelab_trees/fe_develop_5567e2733/benchmark/attention_inference/benchmark_single_attention.py"", line 167, in setup_cudnn
    return setup_cudnn_fp8(args, cudnn, oss=oss)
           ^^^^^^^^^^^^^^^^^^^^^^^^^^^^^^^^^^^^^
  File ""/home/scratch.yanxu_gpu/fe-sites/computelab_trees/fe_develop_5567e2733/benchmark/attention_inference/benchmark_single_attention.py"", line 276, in setup_cudnn_fp8
    raise NotImplementedError(""sink tokens are not wired into the fp8 attention graph"")
NotImplementedError: sink tokens are not wired into the fp8 attention graph",,,
gpt_oss,gpt_oss_full-tp2,generation,cudnn,bfloat16,bfloat16,128,3,131072,32,4,64,64,gqa,,16,49.152038,8.389,349.589,19.5083,20,True,,NVIDIA RTX PRO 6000 Blackwell Server Edition,cudnn 9.27.0,
gpt_oss,gpt_oss_full-tp2,generation,cudnn,bfloat16,fp8_e4m3,128,3,131072,32,4,64,64,gqa,,16,inf,0.0,0.0,,20,False,"Traceback (most recent call last):
  File ""/home/scratch.yanxu_gpu/fe-sites/computelab_trees/fe_develop_5567e2733/benchmark/attention_inference/benchmark_single_attention.py"", line 824, in <module>
    main()
  File ""/home/scratch.yanxu_gpu/fe-sites/computelab_trees/fe_develop_5567e2733/benchmark/attention_inference/benchmark_single_attention.py"", line 789, in main
    fn, detail = SETUPS[args.backend](args, dtype)
                 ^^^^^^^^^^^^^^^^^^^^^^^^^^^^^^^^^
  File ""/home/scratch.yanxu_gpu/fe-sites/computelab_trees/fe_develop_5567e2733/benchmark/attention_inference/benchmark_single_attention.py"", line 167, in setup_cudnn
    return setup_cudnn_fp8(args, cudnn, oss=oss)
           ^^^^^^^^^^^^^^^^^^^^^^^^^^^^^^^^^^^^^
  File ""/home/scratch.yanxu_gpu/fe-sites/computelab_trees/fe_develop_5567e2733/benchmark/attention_inference/benchmark_single_attention.py"", line 276, in setup_cudnn_fp8
    raise NotImplementedError(""sink tokens are not wired into the fp8 attention graph"")
NotImplementedError: sink tokens are not wired into the fp8 attention graph",,,
gpt_oss,gpt_oss_full-tp2,generation,cudnn,bfloat16,bfloat16,1,4,131072,32,4,64,64,gqa,,16,2.559514,1.678,52.452,2.927,20,True,,NVIDIA RTX PRO 6000 Blackwell Server Edition,cudnn 9.27.0,
gpt_oss,gpt_oss_full-tp2,generation,cudnn,bfloat16,fp8_e4m3,1,4,131072,32,4,64,64,gqa,,16,inf,0.0,0.0,,20,False,"Traceback (most recent call last):
  File ""/home/scratch.yanxu_gpu/fe-sites/computelab_trees/fe_develop_5567e2733/benchmark/attention_inference/benchmark_single_attention.py"", line 824, in <module>
    main()
  File ""/home/scratch.yanxu_gpu/fe-sites/computelab_trees/fe_develop_5567e2733/benchmark/attention_inference/benchmark_single_attention.py"", line 789, in main
    fn, detail = SETUPS[args.backend](args, dtype)
                 ^^^^^^^^^^^^^^^^^^^^^^^^^^^^^^^^^
  File ""/home/scratch.yanxu_gpu/fe-sites/computelab_trees/fe_develop_5567e2733/benchmark/attention_inference/benchmark_single_attention.py"", line 167, in setup_cudnn
    return setup_cudnn_fp8(args, cudnn, oss=oss)
           ^^^^^^^^^^^^^^^^^^^^^^^^^^^^^^^^^^^^^
  File ""/home/scratch.yanxu_gpu/fe-sites/computelab_trees/fe_develop_5567e2733/benchmark/attention_inference/benchmark_single_attention.py"", line 276, in setup_cudnn_fp8
    raise NotImplementedError(""sink tokens are not wired into the fp8 attention graph"")
NotImplementedError: sink tokens are not wired into the fp8 attention graph",,,
gpt_oss,gpt_oss_full-tp2,generation,cudnn,bfloat16,bfloat16,128,4,131072,32,4,64,64,gqa,,16,49.144477,11.187,349.664,19.5125,20,True,,NVIDIA RTX PRO 6000 Blackwell Server Edition,cudnn 9.27.0,
gpt_oss,gpt_oss_full-tp2,generation,cudnn,bfloat16,fp8_e4m3,128,4,131072,32,4,64,64,gqa,,16,inf,0.0,0.0,,20,False,"Traceback (most recent call last):
  File ""/home/scratch.yanxu_gpu/fe-sites/computelab_trees/fe_develop_5567e2733/benchmark/attention_inference/benchmark_single_attention.py"", line 824, in <module>
    main()
  File ""/home/scratch.yanxu_gpu/fe-sites/computelab_trees/fe_develop_5567e2733/benchmark/attention_inference/benchmark_single_attention.py"", line 789, in main
    fn, detail = SETUPS[args.backend](args, dtype)
                 ^^^^^^^^^^^^^^^^^^^^^^^^^^^^^^^^^
  File ""/home/scratch.yanxu_gpu/fe-sites/computelab_trees/fe_develop_5567e2733/benchmark/attention_inference/benchmark_single_attention.py"", line 167, in setup_cudnn
    return setup_cudnn_fp8(args, cudnn, oss=oss)
           ^^^^^^^^^^^^^^^^^^^^^^^^^^^^^^^^^^^^^
  File ""/home/scratch.yanxu_gpu/fe-sites/computelab_trees/fe_develop_5567e2733/benchmark/attention_inference/benchmark_single_attention.py"", line 276, in setup_cudnn_fp8
    raise NotImplementedError(""sink tokens are not wired into the fp8 attention graph"")
NotImplementedError: sink tokens are not wired into the fp8 attention graph",,,
gpt_oss,gpt_oss_full-tp2,context,cudnn_oss,bfloat16,bfloat16,1,2048,2048,32,4,64,64,gqa,,16,0.084257,203.898,224.009,12.5005,20,True,,NVIDIA RTX PRO 6000 Blackwell Server Edition,cudnn_oss plan=sdpa_fwd_prefill_sm120[PACK_GQA=0; SCHED_POLICY=2; SPLIT_KV=1; TILE_CGA_M=1; TILE_M=64; TILE_N=128],
gpt_oss,gpt_oss_full-tp2,context,cudnn_oss,bfloat16,bfloat16,1,8192,8192,32,4,64,64,gqa,,16,0.777511,353.536,97.101,5.4186,20,True,,NVIDIA RTX PRO 6000 Blackwell Server Edition,cudnn_oss plan=sdpa_fwd_prefill_sm120[PACK_GQA=0; SCHED_POLICY=2; SPLIT_KV=1; TILE_CGA_M=1; TILE_M=128; TILE_N=128],
gpt_oss,gpt_oss_full-tp2,context,cudnn_oss,bfloat16,bfloat16,1,32768,32768,32,4,64,64,gqa,,16,10.891655,403.8,27.727,1.5473,20,True,,NVIDIA RTX PRO 6000 Blackwell Server Edition,cudnn_oss plan=sdpa_fwd_prefill_sm120[PACK_GQA=0; SCHED_POLICY=2; SPLIT_KV=1; TILE_CGA_M=1; TILE_M=128; TILE_N=128],
gpt_oss,gpt_oss_full-tp2,context,cudnn_oss,bfloat16,bfloat16,1,512,65536,32,4,64,64,gqa,,16,1.295841,212.123,55.025,3.0706,20,True,,NVIDIA RTX PRO 6000 Blackwell Server Edition,cudnn_oss plan=sdpa_fwd_prefill_sm120[PACK_GQA=0; SCHED_POLICY=2; SPLIT_KV=1; TILE_CGA_M=1; TILE_M=64; TILE_N=128],
gpt_oss,gpt_oss_full-tp2,context,cudnn_oss,bfloat16,bfloat16,1,512,131072,32,4,64,64,gqa,,16,2.465762,222.956,56.134,3.1325,20,True,,NVIDIA RTX PRO 6000 Blackwell Server Edition,cudnn_oss plan=sdpa_fwd_prefill_sm120[PACK_GQA=0; SCHED_POLICY=2; SPLIT_KV=1; TILE_CGA_M=1; TILE_M=64; TILE_N=128],
gpt_oss,gpt_oss_full-tp2,context,cudnn_oss,bfloat16,bfloat16,1,1024,65536,32,4,64,64,gqa,,16,1.851045,296.998,40.786,2.276,20,True,,NVIDIA RTX PRO 6000 Blackwell Server Edition,cudnn_oss plan=sdpa_fwd_prefill_sm120[PACK_GQA=0; SCHED_POLICY=2; SPLIT_KV=1; TILE_CGA_M=1; TILE_M=64; TILE_N=128],
gpt_oss,gpt_oss_full-tp2,context,cudnn_oss,bfloat16,bfloat16,1,1024,131072,32,4,64,64,gqa,,16,3.67278,299.368,38.828,2.1667,20,True,,NVIDIA RTX PRO 6000 Blackwell Server Edition,cudnn_oss plan=sdpa_fwd_prefill_sm120[PACK_GQA=0; SCHED_POLICY=2; SPLIT_KV=1; TILE_CGA_M=1; TILE_M=64; TILE_N=128],
gpt_oss,gpt_oss_full-tp2,generation,cudnn_oss,bfloat16,bfloat16,1,1,131072,32,4,64,64,gqa,,16,2.099493,0.511,63.933,3.5677,20,True,,NVIDIA RTX PRO 6000 Blackwell Server Edition,cudnn_oss plan=sdpa_fwd_prefill_sm120[PACK_GQA=1; SCHED_POLICY=0; SPLIT_KV=1; TILE_CGA_M=1; TILE_M=128; TILE_N=128],
gpt_oss,gpt_oss_full-tp2,generation,cudnn_oss,bfloat16,fp8_e4m3,1,1,131072,32,4,64,64,gqa,,16,inf,0.0,0.0,,20,False,"  File ""/home/scratch.yanxu_gpu/fe-sites/computelab_trees/fe_develop_5567e2733/benchmark/attention_inference/benchmark_single_attention.py"", line 789, in main
    fn, detail = SETUPS[args.backend](args, dtype)
                 ^^^^^^^^^^^^^^^^^^^^^^^^^^^^^^^^^
  File ""/home/scratch.yanxu_gpu/fe-sites/computelab_trees/fe_develop_5567e2733/benchmark/attention_inference/benchmark_single_attention.py"", line 270, in setup_cudnn_oss
    return setup_cudnn(args, dtype, oss=True)
           ^^^^^^^^^^^^^^^^^^^^^^^^^^^^^^^^^^
  File ""/home/scratch.yanxu_gpu/fe-sites/computelab_trees/fe_develop_5567e2733/benchmark/attention_inference/benchmark_single_attention.py"", line 167, in setup_cudnn
    return setup_cudnn_fp8(args, cudnn, oss=oss)
           ^^^^^^^^^^^^^^^^^^^^^^^^^^^^^^^^^^^^^
  File ""/home/scratch.yanxu_gpu/fe-sites/computelab_trees/fe_develop_5567e2733/benchmark/attention_inference/benchmark_single_attention.py"", line 276, in setup_cudnn_fp8
    raise NotImplementedError(""sink tokens are not wired into the fp8 attention graph"")
NotImplementedError: sink tokens are not wired into the fp8 attention graph",,,
gpt_oss,gpt_oss_full-tp2,generation,cudnn_oss,bfloat16,bfloat16,128,1,131072,32,4,64,64,gqa,,16,11.207559,12.263,1532.976,85.5455,20,True,,NVIDIA RTX PRO 6000 Blackwell Server Edition,cudnn_oss plan=sdpa_fwd_prefill_sm120[PACK_GQA=1; SCHED_POLICY=0; SPLIT_KV=1; TILE_CGA_M=1; TILE_M=128; TILE_N=128],
gpt_oss,gpt_oss_full-tp2,generation,cudnn_oss,bfloat16,fp8_e4m3,128,1,131072,32,4,64,64,gqa,,16,inf,0.0,0.0,,20,False,"  File ""/home/scratch.yanxu_gpu/fe-sites/computelab_trees/fe_develop_5567e2733/benchmark/attention_inference/benchmark_single_attention.py"", line 789, in main
    fn, detail = SETUPS[args.backend](args, dtype)
                 ^^^^^^^^^^^^^^^^^^^^^^^^^^^^^^^^^
  File ""/home/scratch.yanxu_gpu/fe-sites/computelab_trees/fe_develop_5567e2733/benchmark/attention_inference/benchmark_single_attention.py"", line 270, in setup_cudnn_oss
    return setup_cudnn(args, dtype, oss=True)
           ^^^^^^^^^^^^^^^^^^^^^^^^^^^^^^^^^^
  File ""/home/scratch.yanxu_gpu/fe-sites/computelab_trees/fe_develop_5567e2733/benchmark/attention_inference/benchmark_single_attention.py"", line 167, in setup_cudnn
    return setup_cudnn_fp8(args, cudnn, oss=oss)
           ^^^^^^^^^^^^^^^^^^^^^^^^^^^^^^^^^^^^^
  File ""/home/scratch.yanxu_gpu/fe-sites/computelab_trees/fe_develop_5567e2733/benchmark/attention_inference/benchmark_single_attention.py"", line 276, in setup_cudnn_fp8
    raise NotImplementedError(""sink tokens are not wired into the fp8 attention graph"")
NotImplementedError: sink tokens are not wired into the fp8 attention graph",,,
gpt_oss,gpt_oss_full-tp2,generation,cudnn_oss,bfloat16,bfloat16,1,2,131072,32,4,64,64,gqa,,16,2.158502,0.995,62.189,3.4703,20,True,,NVIDIA RTX PRO 6000 Blackwell Server Edition,cudnn_oss plan=sdpa_fwd_prefill_sm120[PACK_GQA=1; SCHED_POLICY=2; SPLIT_KV=1; TILE_CGA_M=1; TILE_M=128; TILE_N=128],
gpt_oss,gpt_oss_full-tp2,generation,cudnn_oss,bfloat16,fp8_e4m3,1,2,131072,32,4,64,64,gqa,,16,inf,0.0,0.0,,20,False,"  File ""/home/scratch.yanxu_gpu/fe-sites/computelab_trees/fe_develop_5567e2733/benchmark/attention_inference/benchmark_single_attention.py"", line 789, in main
    fn, detail = SETUPS[args.backend](args, dtype)
                 ^^^^^^^^^^^^^^^^^^^^^^^^^^^^^^^^^
  File ""/home/scratch.yanxu_gpu/fe-sites/computelab_trees/fe_develop_5567e2733/benchmark/attention_inference/benchmark_single_attention.py"", line 270, in setup_cudnn_oss
    return setup_cudnn(args, dtype, oss=True)
           ^^^^^^^^^^^^^^^^^^^^^^^^^^^^^^^^^^
  File ""/home/scratch.yanxu_gpu/fe-sites/computelab_trees/fe_develop_5567e2733/benchmark/attention_inference/benchmark_single_attention.py"", line 167, in setup_cudnn
    return setup_cudnn_fp8(args, cudnn, oss=oss)
           ^^^^^^^^^^^^^^^^^^^^^^^^^^^^^^^^^^^^^
  File ""/home/scratch.yanxu_gpu/fe-sites/computelab_trees/fe_develop_5567e2733/benchmark/attention_inference/benchmark_single_attention.py"", line 276, in setup_cudnn_fp8
    raise NotImplementedError(""sink tokens are not wired into the fp8 attention graph"")
NotImplementedError: sink tokens are not wired into the fp8 attention graph",,,
gpt_oss,gpt_oss_full-tp2,generation,cudnn_oss,bfloat16,bfloat16,128,2,131072,32,4,64,64,gqa,,16,11.221153,24.496,1531.212,85.4471,20,True,,NVIDIA RTX PRO 6000 Blackwell Server Edition,cudnn_oss plan=sdpa_fwd_prefill_sm120[PACK_GQA=1; SCHED_POLICY=2; SPLIT_KV=1; TILE_CGA_M=1; TILE_M=128; TILE_N=128],
gpt_oss,gpt_oss_full-tp2,generation,cudnn_oss,bfloat16,fp8_e4m3,128,2,131072,32,4,64,64,gqa,,16,inf,0.0,0.0,,20,False,"  File ""/home/scratch.yanxu_gpu/fe-sites/computelab_trees/fe_develop_5567e2733/benchmark/attention_inference/benchmark_single_attention.py"", line 789, in main
    fn, detail = SETUPS[args.backend](args, dtype)
                 ^^^^^^^^^^^^^^^^^^^^^^^^^^^^^^^^^
  File ""/home/scratch.yanxu_gpu/fe-sites/computelab_trees/fe_develop_5567e2733/benchmark/attention_inference/benchmark_single_attention.py"", line 270, in setup_cudnn_oss
    return setup_cudnn(args, dtype, oss=True)
           ^^^^^^^^^^^^^^^^^^^^^^^^^^^^^^^^^^
  File ""/home/scratch.yanxu_gpu/fe-sites/computelab_trees/fe_develop_5567e2733/benchmark/attention_inference/benchmark_single_attention.py"", line 167, in setup_cudnn
    return setup_cudnn_fp8(args, cudnn, oss=oss)
           ^^^^^^^^^^^^^^^^^^^^^^^^^^^^^^^^^^^^^
  File ""/home/scratch.yanxu_gpu/fe-sites/computelab_trees/fe_develop_5567e2733/benchmark/attention_inference/benchmark_single_attention.py"", line 276, in setup_cudnn_fp8
    raise NotImplementedError(""sink tokens are not wired into the fp8 attention graph"")
NotImplementedError: sink tokens are not wired into the fp8 attention graph",,,
gpt_oss,gpt_oss_full-tp2,generation,cudnn_oss,bfloat16,bfloat16,1,3,131072,32,4,64,64,gqa,,16,2.159023,1.492,62.177,3.4697,20,True,,NVIDIA RTX PRO 6000 Blackwell Server Edition,cudnn_oss plan=sdpa_fwd_prefill_sm120[PACK_GQA=1; SCHED_POLICY=2; SPLIT_KV=1; TILE_CGA_M=1; TILE_M=128; TILE_N=128],
gpt_oss,gpt_oss_full-tp2,generation,cudnn_oss,bfloat16,fp8_e4m3,1,3,131072,32,4,64,64,gqa,,16,inf,0.0,0.0,,20,False,"  File ""/home/scratch.yanxu_gpu/fe-sites/computelab_trees/fe_develop_5567e2733/benchmark/attention_inference/benchmark_single_attention.py"", line 789, in main
    fn, detail = SETUPS[args.backend](args, dtype)
                 ^^^^^^^^^^^^^^^^^^^^^^^^^^^^^^^^^
  File ""/home/scratch.yanxu_gpu/fe-sites/computelab_trees/fe_develop_5567e2733/benchmark/attention_inference/benchmark_single_attention.py"", line 270, in setup_cudnn_oss
    return setup_cudnn(args, dtype, oss=True)
           ^^^^^^^^^^^^^^^^^^^^^^^^^^^^^^^^^^
  File ""/home/scratch.yanxu_gpu/fe-sites/computelab_trees/fe_develop_5567e2733/benchmark/attention_inference/benchmark_single_attention.py"", line 167, in setup_cudnn
    return setup_cudnn_fp8(args, cudnn, oss=oss)
           ^^^^^^^^^^^^^^^^^^^^^^^^^^^^^^^^^^^^^
  File ""/home/scratch.yanxu_gpu/fe-sites/computelab_trees/fe_develop_5567e2733/benchmark/attention_inference/benchmark_single_attention.py"", line 276, in setup_cudnn_fp8
    raise NotImplementedError(""sink tokens are not wired into the fp8 attention graph"")
NotImplementedError: sink tokens are not wired into the fp8 attention graph",,,
gpt_oss,gpt_oss_full-tp2,generation,cudnn_oss,bfloat16,bfloat16,128,3,131072,32,4,64,64,gqa,,16,11.219242,36.751,1531.566,85.4669,20,True,,NVIDIA RTX PRO 6000 Blackwell Server Edition,cudnn_oss plan=sdpa_fwd_prefill_sm120[PACK_GQA=1; SCHED_POLICY=2; SPLIT_KV=1; TILE_CGA_M=1; TILE_M=128; TILE_N=128],
gpt_oss,gpt_oss_full-tp2,generation,cudnn_oss,bfloat16,fp8_e4m3,128,3,131072,32,4,64,64,gqa,,16,inf,0.0,0.0,,20,False,"  File ""/home/scratch.yanxu_gpu/fe-sites/computelab_trees/fe_develop_5567e2733/benchmark/attention_inference/benchmark_single_attention.py"", line 789, in main
    fn, detail = SETUPS[args.backend](args, dtype)
                 ^^^^^^^^^^^^^^^^^^^^^^^^^^^^^^^^^
  File ""/home/scratch.yanxu_gpu/fe-sites/computelab_trees/fe_develop_5567e2733/benchmark/attention_inference/benchmark_single_attention.py"", line 270, in setup_cudnn_oss
    return setup_cudnn(args, dtype, oss=True)
           ^^^^^^^^^^^^^^^^^^^^^^^^^^^^^^^^^^
  File ""/home/scratch.yanxu_gpu/fe-sites/computelab_trees/fe_develop_5567e2733/benchmark/attention_inference/benchmark_single_attention.py"", line 167, in setup_cudnn
    return setup_cudnn_fp8(args, cudnn, oss=oss)
           ^^^^^^^^^^^^^^^^^^^^^^^^^^^^^^^^^^^^^
  File ""/home/scratch.yanxu_gpu/fe-sites/computelab_trees/fe_develop_5567e2733/benchmark/attention_inference/benchmark_single_attention.py"", line 276, in setup_cudnn_fp8
    raise NotImplementedError(""sink tokens are not wired into the fp8 attention graph"")
NotImplementedError: sink tokens are not wired into the fp8 attention graph",,,
gpt_oss,gpt_oss_full-tp2,generation,cudnn_oss,bfloat16,bfloat16,1,4,131072,32,4,64,64,gqa,,16,2.158573,1.99,62.194,3.4707,20,True,,NVIDIA RTX PRO 6000 Blackwell Server Edition,cudnn_oss plan=sdpa_fwd_prefill_sm120[PACK_GQA=1; SCHED_POLICY=2; SPLIT_KV=1; TILE_CGA_M=1; TILE_M=128; TILE_N=128],
gpt_oss,gpt_oss_full-tp2,generation,cudnn_oss,bfloat16,fp8_e4m3,1,4,131072,32,4,64,64,gqa,,16,inf,0.0,0.0,,20,False,"  File ""/home/scratch.yanxu_gpu/fe-sites/computelab_trees/fe_develop_5567e2733/benchmark/attention_inference/benchmark_single_attention.py"", line 789, in main
    fn, detail = SETUPS[args.backend](args, dtype)
                 ^^^^^^^^^^^^^^^^^^^^^^^^^^^^^^^^^
  File ""/home/scratch.yanxu_gpu/fe-sites/computelab_trees/fe_develop_5567e2733/benchmark/attention_inference/benchmark_single_attention.py"", line 270, in setup_cudnn_oss
    return setup_cudnn(args, dtype, oss=True)
           ^^^^^^^^^^^^^^^^^^^^^^^^^^^^^^^^^^
  File ""/home/scratch.yanxu_gpu/fe-sites/computelab_trees/fe_develop_5567e2733/benchmark/attention_inference/benchmark_single_attention.py"", line 167, in setup_cudnn
    return setup_cudnn_fp8(args, cudnn, oss=oss)
           ^^^^^^^^^^^^^^^^^^^^^^^^^^^^^^^^^^^^^
  File ""/home/scratch.yanxu_gpu/fe-sites/computelab_trees/fe_develop_5567e2733/benchmark/attention_inference/benchmark_single_attention.py"", line 276, in setup_cudnn_fp8
    raise NotImplementedError(""sink tokens are not wired into the fp8 attention graph"")
NotImplementedError: sink tokens are not wired into the fp8 attention graph",,,
gpt_oss,gpt_oss_full-tp2,generation,cudnn_oss,bfloat16,bfloat16,128,4,131072,32,4,64,64,gqa,,16,11.223314,48.983,1531.104,85.4411,20,True,,NVIDIA RTX PRO 6000 Blackwell Server Edition,cudnn_oss plan=sdpa_fwd_prefill_sm120[PACK_GQA=1; SCHED_POLICY=2; SPLIT_KV=1; TILE_CGA_M=1; TILE_M=128; TILE_N=128],
gpt_oss,gpt_oss_full-tp2,generation,cudnn_oss,bfloat16,fp8_e4m3,128,4,131072,32,4,64,64,gqa,,16,inf,0.0,0.0,,20,False,"  File ""/home/scratch.yanxu_gpu/fe-sites/computelab_trees/fe_develop_5567e2733/benchmark/attention_inference/benchmark_single_attention.py"", line 789, in main
    fn, detail = SETUPS[args.backend](args, dtype)
                 ^^^^^^^^^^^^^^^^^^^^^^^^^^^^^^^^^
  File ""/home/scratch.yanxu_gpu/fe-sites/computelab_trees/fe_develop_5567e2733/benchmark/attention_inference/benchmark_single_attention.py"", line 270, in setup_cudnn_oss
    return setup_cudnn(args, dtype, oss=True)
           ^^^^^^^^^^^^^^^^^^^^^^^^^^^^^^^^^^
  File ""/home/scratch.yanxu_gpu/fe-sites/computelab_trees/fe_develop_5567e2733/benchmark/attention_inference/benchmark_single_attention.py"", line 167, in setup_cudnn
    return setup_cudnn_fp8(args, cudnn, oss=oss)
           ^^^^^^^^^^^^^^^^^^^^^^^^^^^^^^^^^^^^^
  File ""/home/scratch.yanxu_gpu/fe-sites/computelab_trees/fe_develop_5567e2733/benchmark/attention_inference/benchmark_single_attention.py"", line 276, in setup_cudnn_fp8
    raise NotImplementedError(""sink tokens are not wired into the fp8 attention graph"")
NotImplementedError: sink tokens are not wired into the fp8 attention graph",,,
gpt_oss,gpt_oss_full-tp4,context,cudnn,bfloat16,bfloat16,1,2048,2048,16,2,64,64,gqa,,16,0.062271,137.944,151.55,8.457,20,True,,NVIDIA RTX PRO 6000 Blackwell Server Edition,cudnn 9.27.0,
gpt_oss,gpt_oss_full-tp4,context,cudnn,bfloat16,bfloat16,1,8192,8192,16,2,64,64,gqa,,16,0.527843,260.378,71.515,3.9908,20,True,,NVIDIA RTX PRO 6000 Blackwell Server Edition,cudnn 9.27.0,
gpt_oss,gpt_oss_full-tp4,context,cudnn,bfloat16,bfloat16,1,32768,32768,16,2,64,64,gqa,,16,6.351284,346.233,23.774,1.3267,20,True,,NVIDIA RTX PRO 6000 Blackwell Server Edition,cudnn 9.27.0,
gpt_oss,gpt_oss_full-tp4,context,cudnn,bfloat16,bfloat16,1,512,65536,16,2,64,64,gqa,,16,2.392465,57.447,14.902,0.8316,20,True,,NVIDIA RTX PRO 6000 Blackwell Server Edition,cudnn 9.27.0,
gpt_oss,gpt_oss_full-tp4,context,cudnn,bfloat16,bfloat16,1,512,131072,16,2,64,64,gqa,,16,4.77966,57.51,14.479,0.808,20,True,,NVIDIA RTX PRO 6000 Blackwell Server Edition,cudnn 9.27.0,
gpt_oss,gpt_oss_full-tp4,context,cudnn,bfloat16,bfloat16,1,1024,65536,16,2,64,64,gqa,,16,2.3994,114.561,15.733,0.8779,20,True,,NVIDIA RTX PRO 6000 Blackwell Server Edition,cudnn 9.27.0,
gpt_oss,gpt_oss_full-tp4,context,cudnn,bfloat16,bfloat16,1,1024,131072,16,2,64,64,gqa,,16,4.631903,118.689,15.394,0.859,20,True,,NVIDIA RTX PRO 6000 Blackwell Server Edition,cudnn 9.27.0,
gpt_oss,gpt_oss_full-tp4,generation,cudnn,bfloat16,bfloat16,1,1,131072,16,2,64,64,gqa,,16,inf,0.0,0.0,,20,False,"  import pynvml  # type: ignore[import]
Traceback (most recent call last):
  File ""/home/scratch.yanxu_gpu/fe-sites/computelab_trees/fe_develop_5567e2733/benchmark/attention_inference/benchmark_single_attention.py"", line 824, in <module>
    main()
  File ""/home/scratch.yanxu_gpu/fe-sites/computelab_trees/fe_develop_5567e2733/benchmark/attention_inference/benchmark_single_attention.py"", line 789, in main
    fn, detail = SETUPS[args.backend](args, dtype)
                 ^^^^^^^^^^^^^^^^^^^^^^^^^^^^^^^^^
  File ""/home/scratch.yanxu_gpu/fe-sites/computelab_trees/fe_develop_5567e2733/benchmark/attention_inference/benchmark_single_attention.py"", line 224, in setup_cudnn
    graph.validate()
  File ""/home/scratch.yanxu_gpu/fe-sites/computelab_trees/fe_develop_5567e2733/python/cudnn/_pygraph.py"", line 891, in validate
    self._lowered_graph.validate()
cudnn._compiled_module.cudnnGraphNotSupportedError: decode only mode, i.e. s_q == 1, not supported with sink_token",,,
gpt_oss,gpt_oss_full-tp4,generation,cudnn,bfloat16,fp8_e4m3,1,1,131072,16,2,64,64,gqa,,16,inf,0.0,0.0,,20,False,"Traceback (most recent call last):
  File ""/home/scratch.yanxu_gpu/fe-sites/computelab_trees/fe_develop_5567e2733/benchmark/attention_inference/benchmark_single_attention.py"", line 824, in <module>
    main()
  File ""/home/scratch.yanxu_gpu/fe-sites/computelab_trees/fe_develop_5567e2733/benchmark/attention_inference/benchmark_single_attention.py"", line 789, in main
    fn, detail = SETUPS[args.backend](args, dtype)
                 ^^^^^^^^^^^^^^^^^^^^^^^^^^^^^^^^^
  File ""/home/scratch.yanxu_gpu/fe-sites/computelab_trees/fe_develop_5567e2733/benchmark/attention_inference/benchmark_single_attention.py"", line 167, in setup_cudnn
    return setup_cudnn_fp8(args, cudnn, oss=oss)
           ^^^^^^^^^^^^^^^^^^^^^^^^^^^^^^^^^^^^^
  File ""/home/scratch.yanxu_gpu/fe-sites/computelab_trees/fe_develop_5567e2733/benchmark/attention_inference/benchmark_single_attention.py"", line 276, in setup_cudnn_fp8
    raise NotImplementedError(""sink tokens are not wired into the fp8 attention graph"")
NotImplementedError: sink tokens are not wired into the fp8 attention graph",,,
gpt_oss,gpt_oss_full-tp4,generation,cudnn,bfloat16,bfloat16,128,1,131072,16,2,64,64,gqa,,16,inf,0.0,0.0,,20,False,"  import pynvml  # type: ignore[import]
Traceback (most recent call last):
  File ""/home/scratch.yanxu_gpu/fe-sites/computelab_trees/fe_develop_5567e2733/benchmark/attention_inference/benchmark_single_attention.py"", line 824, in <module>
    main()
  File ""/home/scratch.yanxu_gpu/fe-sites/computelab_trees/fe_develop_5567e2733/benchmark/attention_inference/benchmark_single_attention.py"", line 789, in main
    fn, detail = SETUPS[args.backend](args, dtype)
                 ^^^^^^^^^^^^^^^^^^^^^^^^^^^^^^^^^
  File ""/home/scratch.yanxu_gpu/fe-sites/computelab_trees/fe_develop_5567e2733/benchmark/attention_inference/benchmark_single_attention.py"", line 224, in setup_cudnn
    graph.validate()
  File ""/home/scratch.yanxu_gpu/fe-sites/computelab_trees/fe_develop_5567e2733/python/cudnn/_pygraph.py"", line 891, in validate
    self._lowered_graph.validate()
cudnn._compiled_module.cudnnGraphNotSupportedError: decode only mode, i.e. s_q == 1, not supported with sink_token",,,
gpt_oss,gpt_oss_full-tp4,generation,cudnn,bfloat16,fp8_e4m3,128,1,131072,16,2,64,64,gqa,,16,inf,0.0,0.0,,20,False,"Traceback (most recent call last):
  File ""/home/scratch.yanxu_gpu/fe-sites/computelab_trees/fe_develop_5567e2733/benchmark/attention_inference/benchmark_single_attention.py"", line 824, in <module>
    main()
  File ""/home/scratch.yanxu_gpu/fe-sites/computelab_trees/fe_develop_5567e2733/benchmark/attention_inference/benchmark_single_attention.py"", line 789, in main
    fn, detail = SETUPS[args.backend](args, dtype)
                 ^^^^^^^^^^^^^^^^^^^^^^^^^^^^^^^^^
  File ""/home/scratch.yanxu_gpu/fe-sites/computelab_trees/fe_develop_5567e2733/benchmark/attention_inference/benchmark_single_attention.py"", line 167, in setup_cudnn
    return setup_cudnn_fp8(args, cudnn, oss=oss)
           ^^^^^^^^^^^^^^^^^^^^^^^^^^^^^^^^^^^^^
  File ""/home/scratch.yanxu_gpu/fe-sites/computelab_trees/fe_develop_5567e2733/benchmark/attention_inference/benchmark_single_attention.py"", line 276, in setup_cudnn_fp8
    raise NotImplementedError(""sink tokens are not wired into the fp8 attention graph"")
NotImplementedError: sink tokens are not wired into the fp8 attention graph",,,
gpt_oss,gpt_oss_full-tp4,generation,cudnn,bfloat16,bfloat16,1,2,131072,16,2,64,64,gqa,,16,2.559764,0.419,26.22,1.4632,20,True,,NVIDIA RTX PRO 6000 Blackwell Server Edition,cudnn 9.27.0,
gpt_oss,gpt_oss_full-tp4,generation,cudnn,bfloat16,fp8_e4m3,1,2,131072,16,2,64,64,gqa,,16,inf,0.0,0.0,,20,False,"Traceback (most recent call last):
  File ""/home/scratch.yanxu_gpu/fe-sites/computelab_trees/fe_develop_5567e2733/benchmark/attention_inference/benchmark_single_attention.py"", line 824, in <module>
    main()
  File ""/home/scratch.yanxu_gpu/fe-sites/computelab_trees/fe_develop_5567e2733/benchmark/attention_inference/benchmark_single_attention.py"", line 789, in main
    fn, detail = SETUPS[args.backend](args, dtype)
                 ^^^^^^^^^^^^^^^^^^^^^^^^^^^^^^^^^
  File ""/home/scratch.yanxu_gpu/fe-sites/computelab_trees/fe_develop_5567e2733/benchmark/attention_inference/benchmark_single_attention.py"", line 167, in setup_cudnn
    return setup_cudnn_fp8(args, cudnn, oss=oss)
           ^^^^^^^^^^^^^^^^^^^^^^^^^^^^^^^^^^^^^
  File ""/home/scratch.yanxu_gpu/fe-sites/computelab_trees/fe_develop_5567e2733/benchmark/attention_inference/benchmark_single_attention.py"", line 276, in setup_cudnn_fp8
    raise NotImplementedError(""sink tokens are not wired into the fp8 attention graph"")
NotImplementedError: sink tokens are not wired into the fp8 attention graph",,,
gpt_oss,gpt_oss_full-tp4,generation,cudnn,bfloat16,bfloat16,128,2,131072,16,2,64,64,gqa,,16,24.674199,5.57,348.177,19.4295,20,True,,NVIDIA RTX PRO 6000 Blackwell Server Edition,cudnn 9.27.0,
gpt_oss,gpt_oss_full-tp4,generation,cudnn,bfloat16,fp8_e4m3,128,2,131072,16,2,64,64,gqa,,16,inf,0.0,0.0,,20,False,"Traceback (most recent call last):
  File ""/home/scratch.yanxu_gpu/fe-sites/computelab_trees/fe_develop_5567e2733/benchmark/attention_inference/benchmark_single_attention.py"", line 824, in <module>
    main()
  File ""/home/scratch.yanxu_gpu/fe-sites/computelab_trees/fe_develop_5567e2733/benchmark/attention_inference/benchmark_single_attention.py"", line 789, in main
    fn, detail = SETUPS[args.backend](args, dtype)
                 ^^^^^^^^^^^^^^^^^^^^^^^^^^^^^^^^^
  File ""/home/scratch.yanxu_gpu/fe-sites/computelab_trees/fe_develop_5567e2733/benchmark/attention_inference/benchmark_single_attention.py"", line 167, in setup_cudnn
    return setup_cudnn_fp8(args, cudnn, oss=oss)
           ^^^^^^^^^^^^^^^^^^^^^^^^^^^^^^^^^^^^^
  File ""/home/scratch.yanxu_gpu/fe-sites/computelab_trees/fe_develop_5567e2733/benchmark/attention_inference/benchmark_single_attention.py"", line 276, in setup_cudnn_fp8
    raise NotImplementedError(""sink tokens are not wired into the fp8 attention graph"")
NotImplementedError: sink tokens are not wired into the fp8 attention graph",,,
gpt_oss,gpt_oss_full-tp4,generation,cudnn,bfloat16,bfloat16,1,3,131072,16,2,64,64,gqa,,16,2.560448,0.629,26.215,1.4629,20,True,,NVIDIA RTX PRO 6000 Blackwell Server Edition,cudnn 9.27.0,
gpt_oss,gpt_oss_full-tp4,generation,cudnn,bfloat16,fp8_e4m3,1,3,131072,16,2,64,64,gqa,,16,inf,0.0,0.0,,20,False,"Traceback (most recent call last):
  File ""/home/scratch.yanxu_gpu/fe-sites/computelab_trees/fe_develop_5567e2733/benchmark/attention_inference/benchmark_single_attention.py"", line 824, in <module>
    main()
  File ""/home/scratch.yanxu_gpu/fe-sites/computelab_trees/fe_develop_5567e2733/benchmark/attention_inference/benchmark_single_attention.py"", line 789, in main
    fn, detail = SETUPS[args.backend](args, dtype)
                 ^^^^^^^^^^^^^^^^^^^^^^^^^^^^^^^^^
  File ""/home/scratch.yanxu_gpu/fe-sites/computelab_trees/fe_develop_5567e2733/benchmark/attention_inference/benchmark_single_attention.py"", line 167, in setup_cudnn
    return setup_cudnn_fp8(args, cudnn, oss=oss)
           ^^^^^^^^^^^^^^^^^^^^^^^^^^^^^^^^^^^^^
  File ""/home/scratch.yanxu_gpu/fe-sites/computelab_trees/fe_develop_5567e2733/benchmark/attention_inference/benchmark_single_attention.py"", line 276, in setup_cudnn_fp8
    raise NotImplementedError(""sink tokens are not wired into the fp8 attention graph"")
NotImplementedError: sink tokens are not wired into the fp8 attention graph",,,
gpt_oss,gpt_oss_full-tp4,generation,cudnn,bfloat16,bfloat16,128,3,131072,16,2,64,64,gqa,,16,24.676047,8.355,348.172,19.4292,20,True,,NVIDIA RTX PRO 6000 Blackwell Server Edition,cudnn 9.27.0,
gpt_oss,gpt_oss_full-tp4,generation,cudnn,bfloat16,fp8_e4m3,128,3,131072,16,2,64,64,gqa,,16,inf,0.0,0.0,,20,False,"Traceback (most recent call last):
  File ""/home/scratch.yanxu_gpu/fe-sites/computelab_trees/fe_develop_5567e2733/benchmark/attention_inference/benchmark_single_attention.py"", line 824, in <module>
    main()
  File ""/home/scratch.yanxu_gpu/fe-sites/computelab_trees/fe_develop_5567e2733/benchmark/attention_inference/benchmark_single_attention.py"", line 789, in main
    fn, detail = SETUPS[args.backend](args, dtype)
                 ^^^^^^^^^^^^^^^^^^^^^^^^^^^^^^^^^
  File ""/home/scratch.yanxu_gpu/fe-sites/computelab_trees/fe_develop_5567e2733/benchmark/attention_inference/benchmark_single_attention.py"", line 167, in setup_cudnn
    return setup_cudnn_fp8(args, cudnn, oss=oss)
           ^^^^^^^^^^^^^^^^^^^^^^^^^^^^^^^^^^^^^
  File ""/home/scratch.yanxu_gpu/fe-sites/computelab_trees/fe_develop_5567e2733/benchmark/attention_inference/benchmark_single_attention.py"", line 276, in setup_cudnn_fp8
    raise NotImplementedError(""sink tokens are not wired into the fp8 attention graph"")
NotImplementedError: sink tokens are not wired into the fp8 attention graph",,,
gpt_oss,gpt_oss_full-tp4,generation,cudnn,bfloat16,bfloat16,1,4,131072,16,2,64,64,gqa,,16,2.559071,0.839,26.23,1.4637,20,True,,NVIDIA RTX PRO 6000 Blackwell Server Edition,cudnn 9.27.0,
gpt_oss,gpt_oss_full-tp4,generation,cudnn,bfloat16,fp8_e4m3,1,4,131072,16,2,64,64,gqa,,16,inf,0.0,0.0,,20,False,"Traceback (most recent call last):
  File ""/home/scratch.yanxu_gpu/fe-sites/computelab_trees/fe_develop_5567e2733/benchmark/attention_inference/benchmark_single_attention.py"", line 824, in <module>
    main()
  File ""/home/scratch.yanxu_gpu/fe-sites/computelab_trees/fe_develop_5567e2733/benchmark/attention_inference/benchmark_single_attention.py"", line 789, in main
    fn, detail = SETUPS[args.backend](args, dtype)
                 ^^^^^^^^^^^^^^^^^^^^^^^^^^^^^^^^^
  File ""/home/scratch.yanxu_gpu/fe-sites/computelab_trees/fe_develop_5567e2733/benchmark/attention_inference/benchmark_single_attention.py"", line 167, in setup_cudnn
    return setup_cudnn_fp8(args, cudnn, oss=oss)
           ^^^^^^^^^^^^^^^^^^^^^^^^^^^^^^^^^^^^^
  File ""/home/scratch.yanxu_gpu/fe-sites/computelab_trees/fe_develop_5567e2733/benchmark/attention_inference/benchmark_single_attention.py"", line 276, in setup_cudnn_fp8
    raise NotImplementedError(""sink tokens are not wired into the fp8 attention graph"")
NotImplementedError: sink tokens are not wired into the fp8 attention graph",,,
gpt_oss,gpt_oss_full-tp4,generation,cudnn,bfloat16,bfloat16,128,4,131072,16,2,64,64,gqa,,16,24.676006,11.139,348.194,19.4305,20,True,,NVIDIA RTX PRO 6000 Blackwell Server Edition,cudnn 9.27.0,
gpt_oss,gpt_oss_full-tp4,generation,cudnn,bfloat16,fp8_e4m3,128,4,131072,16,2,64,64,gqa,,16,inf,0.0,0.0,,20,False,"Traceback (most recent call last):
  File ""/home/scratch.yanxu_gpu/fe-sites/computelab_trees/fe_develop_5567e2733/benchmark/attention_inference/benchmark_single_attention.py"", line 824, in <module>
    main()
  File ""/home/scratch.yanxu_gpu/fe-sites/computelab_trees/fe_develop_5567e2733/benchmark/attention_inference/benchmark_single_attention.py"", line 789, in main
    fn, detail = SETUPS[args.backend](args, dtype)
                 ^^^^^^^^^^^^^^^^^^^^^^^^^^^^^^^^^
  File ""/home/scratch.yanxu_gpu/fe-sites/computelab_trees/fe_develop_5567e2733/benchmark/attention_inference/benchmark_single_attention.py"", line 167, in setup_cudnn
    return setup_cudnn_fp8(args, cudnn, oss=oss)
           ^^^^^^^^^^^^^^^^^^^^^^^^^^^^^^^^^^^^^
  File ""/home/scratch.yanxu_gpu/fe-sites/computelab_trees/fe_develop_5567e2733/benchmark/attention_inference/benchmark_single_attention.py"", line 276, in setup_cudnn_fp8
    raise NotImplementedError(""sink tokens are not wired into the fp8 attention graph"")
NotImplementedError: sink tokens are not wired into the fp8 attention graph",,,
gpt_oss,gpt_oss_full-tp4,context,cudnn_oss,bfloat16,bfloat16,1,2048,2048,16,2,64,64,gqa,,16,0.046592,184.365,202.549,11.303,20,True,,NVIDIA RTX PRO 6000 Blackwell Server Edition,cudnn_oss plan=sdpa_fwd_prefill_sm120[PACK_GQA=0; SCHED_POLICY=2; SPLIT_KV=1; TILE_CGA_M=1; TILE_M=64; TILE_N=128],
gpt_oss,gpt_oss_full-tp4,context,cudnn_oss,bfloat16,bfloat16,1,8192,8192,16,2,64,64,gqa,,16,0.403326,340.764,93.594,5.2229,20,True,,NVIDIA RTX PRO 6000 Blackwell Server Edition,cudnn_oss plan=sdpa_fwd_prefill_sm120[PACK_GQA=0; SCHED_POLICY=2; SPLIT_KV=1; TILE_CGA_M=1; TILE_M=128; TILE_N=128],
gpt_oss,gpt_oss_full-tp4,context,cudnn_oss,bfloat16,bfloat16,1,32768,32768,16,2,64,64,gqa,,16,5.463167,402.518,27.639,1.5423,20,True,,NVIDIA RTX PRO 6000 Blackwell Server Edition,cudnn_oss plan=sdpa_fwd_prefill_sm120[PACK_GQA=0; SCHED_POLICY=2; SPLIT_KV=1; TILE_CGA_M=1; TILE_M=128; TILE_N=128],
gpt_oss,gpt_oss_full-tp4,context,cudnn_oss,bfloat16,bfloat16,1,512,65536,16,2,64,64,gqa,,16,0.64477,213.16,55.293,3.0856,20,True,,NVIDIA RTX PRO 6000 Blackwell Server Edition,cudnn_oss plan=sdpa_fwd_prefill_sm120[PACK_GQA=0; SCHED_POLICY=2; SPLIT_KV=1; TILE_CGA_M=1; TILE_M=64; TILE_N=128],
gpt_oss,gpt_oss_full-tp4,context,cudnn_oss,bfloat16,bfloat16,1,512,131072,16,2,64,64,gqa,,16,1.236649,222.276,55.963,3.1229,20,True,,NVIDIA RTX PRO 6000 Blackwell Server Edition,cudnn_oss plan=sdpa_fwd_prefill_sm120[PACK_GQA=0; SCHED_POLICY=2; SPLIT_KV=1; TILE_CGA_M=1; TILE_M=64; TILE_N=128],
gpt_oss,gpt_oss_full-tp4,context,cudnn_oss,bfloat16,bfloat16,1,1024,65536,16,2,64,64,gqa,,16,1.202378,228.612,31.395,1.752,20,True,,NVIDIA RTX PRO 6000 Blackwell Server Edition,cudnn_oss plan=sdpa_fwd_prefill_sm120[PACK_GQA=0; SCHED_POLICY=2; SPLIT_KV=1; TILE_CGA_M=1; TILE_M=64; TILE_N=128],
gpt_oss,gpt_oss_full-tp4,context,cudnn_oss,bfloat16,bfloat16,1,1024,131072,16,2,64,64,gqa,,16,2.366827,232.275,30.126,1.6811,20,True,,NVIDIA RTX PRO 6000 Blackwell Server Edition,cudnn_oss plan=sdpa_fwd_prefill_sm120[PACK_GQA=0; SCHED_POLICY=2; SPLIT_KV=1; TILE_CGA_M=1; TILE_M=64; TILE_N=128],
gpt_oss,gpt_oss_full-tp4,generation,cudnn_oss,bfloat16,bfloat16,1,1,131072,16,2,64,64,gqa,,16,2.104532,0.255,31.89,1.7796,20,True,,NVIDIA RTX PRO 6000 Blackwell Server Edition,cudnn_oss plan=sdpa_fwd_prefill_sm120[PACK_GQA=1; SCHED_POLICY=0; SPLIT_KV=1; TILE_CGA_M=1; TILE_M=128; TILE_N=128],
gpt_oss,gpt_oss_full-tp4,generation,cudnn_oss,bfloat16,fp8_e4m3,1,1,131072,16,2,64,64,gqa,,16,inf,0.0,0.0,,20,False,"  File ""/home/scratch.yanxu_gpu/fe-sites/computelab_trees/fe_develop_5567e2733/benchmark/attention_inference/benchmark_single_attention.py"", line 789, in main
    fn, detail = SETUPS[args.backend](args, dtype)
                 ^^^^^^^^^^^^^^^^^^^^^^^^^^^^^^^^^
  File ""/home/scratch.yanxu_gpu/fe-sites/computelab_trees/fe_develop_5567e2733/benchmark/attention_inference/benchmark_single_attention.py"", line 270, in setup_cudnn_oss
    return setup_cudnn(args, dtype, oss=True)
           ^^^^^^^^^^^^^^^^^^^^^^^^^^^^^^^^^^
  File ""/home/scratch.yanxu_gpu/fe-sites/computelab_trees/fe_develop_5567e2733/benchmark/attention_inference/benchmark_single_attention.py"", line 167, in setup_cudnn
    return setup_cudnn_fp8(args, cudnn, oss=oss)
           ^^^^^^^^^^^^^^^^^^^^^^^^^^^^^^^^^^^^^
  File ""/home/scratch.yanxu_gpu/fe-sites/computelab_trees/fe_develop_5567e2733/benchmark/attention_inference/benchmark_single_attention.py"", line 276, in setup_cudnn_fp8
    raise NotImplementedError(""sink tokens are not wired into the fp8 attention graph"")
NotImplementedError: sink tokens are not wired into the fp8 attention graph",,,
gpt_oss,gpt_oss_full-tp4,generation,cudnn_oss,bfloat16,bfloat16,128,1,131072,16,2,64,64,gqa,,16,6.193277,11.096,1387.062,77.403,20,True,,NVIDIA RTX PRO 6000 Blackwell Server Edition,cudnn_oss plan=sdpa_fwd_prefill_sm120[PACK_GQA=1; SCHED_POLICY=0; SPLIT_KV=1; TILE_CGA_M=1; TILE_M=128; TILE_N=128],
gpt_oss,gpt_oss_full-tp4,generation,cudnn_oss,bfloat16,fp8_e4m3,128,1,131072,16,2,64,64,gqa,,16,inf,0.0,0.0,,20,False,"  File ""/home/scratch.yanxu_gpu/fe-sites/computelab_trees/fe_develop_5567e2733/benchmark/attention_inference/benchmark_single_attention.py"", line 789, in main
    fn, detail = SETUPS[args.backend](args, dtype)
                 ^^^^^^^^^^^^^^^^^^^^^^^^^^^^^^^^^
  File ""/home/scratch.yanxu_gpu/fe-sites/computelab_trees/fe_develop_5567e2733/benchmark/attention_inference/benchmark_single_attention.py"", line 270, in setup_cudnn_oss
    return setup_cudnn(args, dtype, oss=True)
           ^^^^^^^^^^^^^^^^^^^^^^^^^^^^^^^^^^
  File ""/home/scratch.yanxu_gpu/fe-sites/computelab_trees/fe_develop_5567e2733/benchmark/attention_inference/benchmark_single_attention.py"", line 167, in setup_cudnn
    return setup_cudnn_fp8(args, cudnn, oss=oss)
           ^^^^^^^^^^^^^^^^^^^^^^^^^^^^^^^^^^^^^
  File ""/home/scratch.yanxu_gpu/fe-sites/computelab_trees/fe_develop_5567e2733/benchmark/attention_inference/benchmark_single_attention.py"", line 276, in setup_cudnn_fp8
    raise NotImplementedError(""sink tokens are not wired into the fp8 attention graph"")
NotImplementedError: sink tokens are not wired into the fp8 attention graph",,,
gpt_oss,gpt_oss_full-tp4,generation,cudnn_oss,bfloat16,bfloat16,1,2,131072,16,2,64,64,gqa,,16,2.149455,0.5,31.225,1.7425,20,True,,NVIDIA RTX PRO 6000 Blackwell Server Edition,cudnn_oss plan=sdpa_fwd_prefill_sm120[PACK_GQA=1; SCHED_POLICY=2; SPLIT_KV=1; TILE_CGA_M=1; TILE_M=128; TILE_N=128],
gpt_oss,gpt_oss_full-tp4,generation,cudnn_oss,bfloat16,fp8_e4m3,1,2,131072,16,2,64,64,gqa,,16,inf,0.0,0.0,,20,False,"  File ""/home/scratch.yanxu_gpu/fe-sites/computelab_trees/fe_develop_5567e2733/benchmark/attention_inference/benchmark_single_attention.py"", line 789, in main
    fn, detail = SETUPS[args.backend](args, dtype)
                 ^^^^^^^^^^^^^^^^^^^^^^^^^^^^^^^^^
  File ""/home/scratch.yanxu_gpu/fe-sites/computelab_trees/fe_develop_5567e2733/benchmark/attention_inference/benchmark_single_attention.py"", line 270, in setup_cudnn_oss
    return setup_cudnn(args, dtype, oss=True)
           ^^^^^^^^^^^^^^^^^^^^^^^^^^^^^^^^^^
  File ""/home/scratch.yanxu_gpu/fe-sites/computelab_trees/fe_develop_5567e2733/benchmark/attention_inference/benchmark_single_attention.py"", line 167, in setup_cudnn
    return setup_cudnn_fp8(args, cudnn, oss=oss)
           ^^^^^^^^^^^^^^^^^^^^^^^^^^^^^^^^^^^^^
  File ""/home/scratch.yanxu_gpu/fe-sites/computelab_trees/fe_develop_5567e2733/benchmark/attention_inference/benchmark_single_attention.py"", line 276, in setup_cudnn_fp8
    raise NotImplementedError(""sink tokens are not wired into the fp8 attention graph"")
NotImplementedError: sink tokens are not wired into the fp8 attention graph",,,
gpt_oss,gpt_oss_full-tp4,generation,cudnn_oss,bfloat16,bfloat16,128,2,131072,16,2,64,64,gqa,,16,6.237609,22.034,1377.288,76.8576,20,True,,NVIDIA RTX PRO 6000 Blackwell Server Edition,cudnn_oss plan=sdpa_fwd_prefill_sm120[PACK_GQA=1; SCHED_POLICY=2; SPLIT_KV=1; TILE_CGA_M=1; TILE_M=128; TILE_N=128],
gpt_oss,gpt_oss_full-tp4,generation,cudnn_oss,bfloat16,fp8_e4m3,128,2,131072,16,2,64,64,gqa,,16,inf,0.0,0.0,,20,False,"  File ""/home/scratch.yanxu_gpu/fe-sites/computelab_trees/fe_develop_5567e2733/benchmark/attention_inference/benchmark_single_attention.py"", line 789, in main
    fn, detail = SETUPS[args.backend](args, dtype)
                 ^^^^^^^^^^^^^^^^^^^^^^^^^^^^^^^^^
  File ""/home/scratch.yanxu_gpu/fe-sites/computelab_trees/fe_develop_5567e2733/benchmark/attention_inference/benchmark_single_attention.py"", line 270, in setup_cudnn_oss
    return setup_cudnn(args, dtype, oss=True)
           ^^^^^^^^^^^^^^^^^^^^^^^^^^^^^^^^^^
  File ""/home/scratch.yanxu_gpu/fe-sites/computelab_trees/fe_develop_5567e2733/benchmark/attention_inference/benchmark_single_attention.py"", line 167, in setup_cudnn
    return setup_cudnn_fp8(args, cudnn, oss=oss)
           ^^^^^^^^^^^^^^^^^^^^^^^^^^^^^^^^^^^^^
  File ""/home/scratch.yanxu_gpu/fe-sites/computelab_trees/fe_develop_5567e2733/benchmark/attention_inference/benchmark_single_attention.py"", line 276, in setup_cudnn_fp8
    raise NotImplementedError(""sink tokens are not wired into the fp8 attention graph"")
NotImplementedError: sink tokens are not wired into the fp8 attention graph",,,
gpt_oss,gpt_oss_full-tp4,generation,cudnn_oss,bfloat16,bfloat16,1,3,131072,16,2,64,64,gqa,,16,2.148905,0.75,31.235,1.743,20,True,,NVIDIA RTX PRO 6000 Blackwell Server Edition,cudnn_oss plan=sdpa_fwd_prefill_sm120[PACK_GQA=1; SCHED_POLICY=2; SPLIT_KV=1; TILE_CGA_M=1; TILE_M=128; TILE_N=128],
gpt_oss,gpt_oss_full-tp4,generation,cudnn_oss,bfloat16,fp8_e4m3,1,3,131072,16,2,64,64,gqa,,16,inf,0.0,0.0,,20,False,"  File ""/home/scratch.yanxu_gpu/fe-sites/computelab_trees/fe_develop_5567e2733/benchmark/attention_inference/benchmark_single_attention.py"", line 789, in main
    fn, detail = SETUPS[args.backend](args, dtype)
                 ^^^^^^^^^^^^^^^^^^^^^^^^^^^^^^^^^
  File ""/home/scratch.yanxu_gpu/fe-sites/computelab_trees/fe_develop_5567e2733/benchmark/attention_inference/benchmark_single_attention.py"", line 270, in setup_cudnn_oss
    return setup_cudnn(args, dtype, oss=True)
           ^^^^^^^^^^^^^^^^^^^^^^^^^^^^^^^^^^
  File ""/home/scratch.yanxu_gpu/fe-sites/computelab_trees/fe_develop_5567e2733/benchmark/attention_inference/benchmark_single_attention.py"", line 167, in setup_cudnn
    return setup_cudnn_fp8(args, cudnn, oss=oss)
           ^^^^^^^^^^^^^^^^^^^^^^^^^^^^^^^^^^^^^
  File ""/home/scratch.yanxu_gpu/fe-sites/computelab_trees/fe_develop_5567e2733/benchmark/attention_inference/benchmark_single_attention.py"", line 276, in setup_cudnn_fp8
    raise NotImplementedError(""sink tokens are not wired into the fp8 attention graph"")
NotImplementedError: sink tokens are not wired into the fp8 attention graph",,,
gpt_oss,gpt_oss_full-tp4,generation,cudnn_oss,bfloat16,bfloat16,128,3,131072,16,2,64,64,gqa,,16,6.238399,33.047,1377.197,76.8525,20,True,,NVIDIA RTX PRO 6000 Blackwell Server Edition,cudnn_oss plan=sdpa_fwd_prefill_sm120[PACK_GQA=1; SCHED_POLICY=2; SPLIT_KV=1; TILE_CGA_M=1; TILE_M=128; TILE_N=128],
gpt_oss,gpt_oss_full-tp4,generation,cudnn_oss,bfloat16,fp8_e4m3,128,3,131072,16,2,64,64,gqa,,16,inf,0.0,0.0,,20,False,"  File ""/home/scratch.yanxu_gpu/fe-sites/computelab_trees/fe_develop_5567e2733/benchmark/attention_inference/benchmark_single_attention.py"", line 789, in main
    fn, detail = SETUPS[args.backend](args, dtype)
                 ^^^^^^^^^^^^^^^^^^^^^^^^^^^^^^^^^
  File ""/home/scratch.yanxu_gpu/fe-sites/computelab_trees/fe_develop_5567e2733/benchmark/attention_inference/benchmark_single_attention.py"", line 270, in setup_cudnn_oss
    return setup_cudnn(args, dtype, oss=True)
           ^^^^^^^^^^^^^^^^^^^^^^^^^^^^^^^^^^
  File ""/home/scratch.yanxu_gpu/fe-sites/computelab_trees/fe_develop_5567e2733/benchmark/attention_inference/benchmark_single_attention.py"", line 167, in setup_cudnn
    return setup_cudnn_fp8(args, cudnn, oss=oss)
           ^^^^^^^^^^^^^^^^^^^^^^^^^^^^^^^^^^^^^
  File ""/home/scratch.yanxu_gpu/fe-sites/computelab_trees/fe_develop_5567e2733/benchmark/attention_inference/benchmark_single_attention.py"", line 276, in setup_cudnn_fp8
    raise NotImplementedError(""sink tokens are not wired into the fp8 attention graph"")
NotImplementedError: sink tokens are not wired into the fp8 attention graph",,,
gpt_oss,gpt_oss_full-tp4,generation,cudnn_oss,bfloat16,bfloat16,1,4,131072,16,2,64,64,gqa,,16,2.149839,0.999,31.223,1.7424,20,True,,NVIDIA RTX PRO 6000 Blackwell Server Edition,cudnn_oss plan=sdpa_fwd_prefill_sm120[PACK_GQA=1; SCHED_POLICY=2; SPLIT_KV=1; TILE_CGA_M=1; TILE_M=128; TILE_N=128],
gpt_oss,gpt_oss_full-tp4,generation,cudnn_oss,bfloat16,fp8_e4m3,1,4,131072,16,2,64,64,gqa,,16,inf,0.0,0.0,,20,False,"  File ""/home/scratch.yanxu_gpu/fe-sites/computelab_trees/fe_develop_5567e2733/benchmark/attention_inference/benchmark_single_attention.py"", line 789, in main
    fn, detail = SETUPS[args.backend](args, dtype)
                 ^^^^^^^^^^^^^^^^^^^^^^^^^^^^^^^^^
  File ""/home/scratch.yanxu_gpu/fe-sites/computelab_trees/fe_develop_5567e2733/benchmark/attention_inference/benchmark_single_attention.py"", line 270, in setup_cudnn_oss
    return setup_cudnn(args, dtype, oss=True)
           ^^^^^^^^^^^^^^^^^^^^^^^^^^^^^^^^^^
  File ""/home/scratch.yanxu_gpu/fe-sites/computelab_trees/fe_develop_5567e2733/benchmark/attention_inference/benchmark_single_attention.py"", line 167, in setup_cudnn
    return setup_cudnn_fp8(args, cudnn, oss=oss)
           ^^^^^^^^^^^^^^^^^^^^^^^^^^^^^^^^^^^^^
  File ""/home/scratch.yanxu_gpu/fe-sites/computelab_trees/fe_develop_5567e2733/benchmark/attention_inference/benchmark_single_attention.py"", line 276, in setup_cudnn_fp8
    raise NotImplementedError(""sink tokens are not wired into the fp8 attention graph"")
NotImplementedError: sink tokens are not wired into the fp8 attention graph",,,
gpt_oss,gpt_oss_full-tp4,generation,cudnn_oss,bfloat16,bfloat16,128,4,131072,16,2,64,64,gqa,,16,6.239575,44.054,1377.022,76.8427,20,True,,NVIDIA RTX PRO 6000 Blackwell Server Edition,cudnn_oss plan=sdpa_fwd_prefill_sm120[PACK_GQA=1; SCHED_POLICY=2; SPLIT_KV=1; TILE_CGA_M=1; TILE_M=128; TILE_N=128],
gpt_oss,gpt_oss_full-tp4,generation,cudnn_oss,bfloat16,fp8_e4m3,128,4,131072,16,2,64,64,gqa,,16,inf,0.0,0.0,,20,False,"  File ""/home/scratch.yanxu_gpu/fe-sites/computelab_trees/fe_develop_5567e2733/benchmark/attention_inference/benchmark_single_attention.py"", line 789, in main
    fn, detail = SETUPS[args.backend](args, dtype)
                 ^^^^^^^^^^^^^^^^^^^^^^^^^^^^^^^^^
  File ""/home/scratch.yanxu_gpu/fe-sites/computelab_trees/fe_develop_5567e2733/benchmark/attention_inference/benchmark_single_attention.py"", line 270, in setup_cudnn_oss
    return setup_cudnn(args, dtype, oss=True)
           ^^^^^^^^^^^^^^^^^^^^^^^^^^^^^^^^^^
  File ""/home/scratch.yanxu_gpu/fe-sites/computelab_trees/fe_develop_5567e2733/benchmark/attention_inference/benchmark_single_attention.py"", line 167, in setup_cudnn
    return setup_cudnn_fp8(args, cudnn, oss=oss)
           ^^^^^^^^^^^^^^^^^^^^^^^^^^^^^^^^^^^^^
  File ""/home/scratch.yanxu_gpu/fe-sites/computelab_trees/fe_develop_5567e2733/benchmark/attention_inference/benchmark_single_attention.py"", line 276, in setup_cudnn_fp8
    raise NotImplementedError(""sink tokens are not wired into the fp8 attention graph"")
NotImplementedError: sink tokens are not wired into the fp8 attention graph",,,
gpt_oss,gpt_oss_full-tp8,context,cudnn,bfloat16,bfloat16,1,2048,2048,8,1,64,64,gqa,,16,0.042784,100.387,110.289,6.1545,20,True,,NVIDIA RTX PRO 6000 Blackwell Server Edition,cudnn 9.27.0,
gpt_oss,gpt_oss_full-tp8,context,cudnn,bfloat16,bfloat16,1,8192,8192,8,1,64,64,gqa,,16,0.311363,220.705,60.619,3.3827,20,True,,NVIDIA RTX PRO 6000 Blackwell Server Edition,cudnn 9.27.0,
gpt_oss,gpt_oss_full-tp8,context,cudnn,bfloat16,bfloat16,1,32768,32768,8,1,64,64,gqa,,16,3.347224,328.485,22.555,1.2587,20,True,,NVIDIA RTX PRO 6000 Blackwell Server Edition,cudnn 9.27.0,
gpt_oss,gpt_oss_full-tp8,context,cudnn,bfloat16,bfloat16,1,512,65536,8,1,64,64,gqa,,16,2.393289,28.713,7.448,0.4156,20,True,,NVIDIA RTX PRO 6000 Blackwell Server Edition,cudnn 9.27.0,
gpt_oss,gpt_oss_full-tp8,context,cudnn,bfloat16,bfloat16,1,512,131072,8,1,64,64,gqa,,16,4.78301,28.735,7.235,0.4037,20,True,,NVIDIA RTX PRO 6000 Blackwell Server Edition,cudnn 9.27.0,
gpt_oss,gpt_oss_full-tp8,context,cudnn,bfloat16,bfloat16,1,1024,65536,8,1,64,64,gqa,,16,2.392458,57.447,7.889,0.4402,20,True,,NVIDIA RTX PRO 6000 Blackwell Server Edition,cudnn 9.27.0,
gpt_oss,gpt_oss_full-tp8,context,cudnn,bfloat16,bfloat16,1,1024,131072,8,1,64,64,gqa,,16,4.779052,57.517,7.46,0.4163,20,True,,NVIDIA RTX PRO 6000 Blackwell Server Edition,cudnn 9.27.0,
gpt_oss,gpt_oss_full-tp8,generation,cudnn,bfloat16,bfloat16,1,1,131072,8,1,64,64,gqa,,16,inf,0.0,0.0,,20,False,"  import pynvml  # type: ignore[import]
Traceback (most recent call last):
  File ""/home/scratch.yanxu_gpu/fe-sites/computelab_trees/fe_develop_5567e2733/benchmark/attention_inference/benchmark_single_attention.py"", line 824, in <module>
    main()
  File ""/home/scratch.yanxu_gpu/fe-sites/computelab_trees/fe_develop_5567e2733/benchmark/attention_inference/benchmark_single_attention.py"", line 789, in main
    fn, detail = SETUPS[args.backend](args, dtype)
                 ^^^^^^^^^^^^^^^^^^^^^^^^^^^^^^^^^
  File ""/home/scratch.yanxu_gpu/fe-sites/computelab_trees/fe_develop_5567e2733/benchmark/attention_inference/benchmark_single_attention.py"", line 224, in setup_cudnn
    graph.validate()
  File ""/home/scratch.yanxu_gpu/fe-sites/computelab_trees/fe_develop_5567e2733/python/cudnn/_pygraph.py"", line 891, in validate
    self._lowered_graph.validate()
cudnn._compiled_module.cudnnGraphNotSupportedError: decode only mode, i.e. s_q == 1, not supported with sink_token",,,
gpt_oss,gpt_oss_full-tp8,generation,cudnn,bfloat16,fp8_e4m3,1,1,131072,8,1,64,64,gqa,,16,inf,0.0,0.0,,20,False,"Traceback (most recent call last):
  File ""/home/scratch.yanxu_gpu/fe-sites/computelab_trees/fe_develop_5567e2733/benchmark/attention_inference/benchmark_single_attention.py"", line 824, in <module>
    main()
  File ""/home/scratch.yanxu_gpu/fe-sites/computelab_trees/fe_develop_5567e2733/benchmark/attention_inference/benchmark_single_attention.py"", line 789, in main
    fn, detail = SETUPS[args.backend](args, dtype)
                 ^^^^^^^^^^^^^^^^^^^^^^^^^^^^^^^^^
  File ""/home/scratch.yanxu_gpu/fe-sites/computelab_trees/fe_develop_5567e2733/benchmark/attention_inference/benchmark_single_attention.py"", line 167, in setup_cudnn
    return setup_cudnn_fp8(args, cudnn, oss=oss)
           ^^^^^^^^^^^^^^^^^^^^^^^^^^^^^^^^^^^^^
  File ""/home/scratch.yanxu_gpu/fe-sites/computelab_trees/fe_develop_5567e2733/benchmark/attention_inference/benchmark_single_attention.py"", line 276, in setup_cudnn_fp8
    raise NotImplementedError(""sink tokens are not wired into the fp8 attention graph"")
NotImplementedError: sink tokens are not wired into the fp8 attention graph",,,
gpt_oss,gpt_oss_full-tp8,generation,cudnn,bfloat16,bfloat16,128,1,131072,8,1,64,64,gqa,,16,inf,0.0,0.0,,20,False,"  import pynvml  # type: ignore[import]
Traceback (most recent call last):
  File ""/home/scratch.yanxu_gpu/fe-sites/computelab_trees/fe_develop_5567e2733/benchmark/attention_inference/benchmark_single_attention.py"", line 824, in <module>
    main()
  File ""/home/scratch.yanxu_gpu/fe-sites/computelab_trees/fe_develop_5567e2733/benchmark/attention_inference/benchmark_single_attention.py"", line 789, in main
    fn, detail = SETUPS[args.backend](args, dtype)
                 ^^^^^^^^^^^^^^^^^^^^^^^^^^^^^^^^^
  File ""/home/scratch.yanxu_gpu/fe-sites/computelab_trees/fe_develop_5567e2733/benchmark/attention_inference/benchmark_single_attention.py"", line 224, in setup_cudnn
    graph.validate()
  File ""/home/scratch.yanxu_gpu/fe-sites/computelab_trees/fe_develop_5567e2733/python/cudnn/_pygraph.py"", line 891, in validate
    self._lowered_graph.validate()
cudnn._compiled_module.cudnnGraphNotSupportedError: decode only mode, i.e. s_q == 1, not supported with sink_token",,,
gpt_oss,gpt_oss_full-tp8,generation,cudnn,bfloat16,fp8_e4m3,128,1,131072,8,1,64,64,gqa,,16,inf,0.0,0.0,,20,False,"Traceback (most recent call last):
  File ""/home/scratch.yanxu_gpu/fe-sites/computelab_trees/fe_develop_5567e2733/benchmark/attention_inference/benchmark_single_attention.py"", line 824, in <module>
    main()
  File ""/home/scratch.yanxu_gpu/fe-sites/computelab_trees/fe_develop_5567e2733/benchmark/attention_inference/benchmark_single_attention.py"", line 789, in main
    fn, detail = SETUPS[args.backend](args, dtype)
                 ^^^^^^^^^^^^^^^^^^^^^^^^^^^^^^^^^
  File ""/home/scratch.yanxu_gpu/fe-sites/computelab_trees/fe_develop_5567e2733/benchmark/attention_inference/benchmark_single_attention.py"", line 167, in setup_cudnn
    return setup_cudnn_fp8(args, cudnn, oss=oss)
           ^^^^^^^^^^^^^^^^^^^^^^^^^^^^^^^^^^^^^
  File ""/home/scratch.yanxu_gpu/fe-sites/computelab_trees/fe_develop_5567e2733/benchmark/attention_inference/benchmark_single_attention.py"", line 276, in setup_cudnn_fp8
    raise NotImplementedError(""sink tokens are not wired into the fp8 attention graph"")
NotImplementedError: sink tokens are not wired into the fp8 attention graph",,,
gpt_oss,gpt_oss_full-tp8,generation,cudnn,bfloat16,bfloat16,1,2,131072,8,1,64,64,gqa,,16,2.5548,0.21,13.135,0.733,20,True,,NVIDIA RTX PRO 6000 Blackwell Server Edition,cudnn 9.27.0,
gpt_oss,gpt_oss_full-tp8,generation,cudnn,bfloat16,fp8_e4m3,1,2,131072,8,1,64,64,gqa,,16,inf,0.0,0.0,,20,False,"Traceback (most recent call last):
  File ""/home/scratch.yanxu_gpu/fe-sites/computelab_trees/fe_develop_5567e2733/benchmark/attention_inference/benchmark_single_attention.py"", line 824, in <module>
    main()
  File ""/home/scratch.yanxu_gpu/fe-sites/computelab_trees/fe_develop_5567e2733/benchmark/attention_inference/benchmark_single_attention.py"", line 789, in main
    fn, detail = SETUPS[args.backend](args, dtype)
                 ^^^^^^^^^^^^^^^^^^^^^^^^^^^^^^^^^
  File ""/home/scratch.yanxu_gpu/fe-sites/computelab_trees/fe_develop_5567e2733/benchmark/attention_inference/benchmark_single_attention.py"", line 167, in setup_cudnn
    return setup_cudnn_fp8(args, cudnn, oss=oss)
           ^^^^^^^^^^^^^^^^^^^^^^^^^^^^^^^^^^^^^
  File ""/home/scratch.yanxu_gpu/fe-sites/computelab_trees/fe_develop_5567e2733/benchmark/attention_inference/benchmark_single_attention.py"", line 276, in setup_cudnn_fp8
    raise NotImplementedError(""sink tokens are not wired into the fp8 attention graph"")
NotImplementedError: sink tokens are not wired into the fp8 attention graph",,,
gpt_oss,gpt_oss_full-tp8,generation,cudnn,bfloat16,bfloat16,128,2,131072,8,1,64,64,gqa,,16,13.514682,5.085,317.839,17.7365,20,True,,NVIDIA RTX PRO 6000 Blackwell Server Edition,cudnn 9.27.0,
gpt_oss,gpt_oss_full-tp8,generation,cudnn,bfloat16,fp8_e4m3,128,2,131072,8,1,64,64,gqa,,16,inf,0.0,0.0,,20,False,"Traceback (most recent call last):
  File ""/home/scratch.yanxu_gpu/fe-sites/computelab_trees/fe_develop_5567e2733/benchmark/attention_inference/benchmark_single_attention.py"", line 824, in <module>
    main()
  File ""/home/scratch.yanxu_gpu/fe-sites/computelab_trees/fe_develop_5567e2733/benchmark/attention_inference/benchmark_single_attention.py"", line 789, in main
    fn, detail = SETUPS[args.backend](args, dtype)
                 ^^^^^^^^^^^^^^^^^^^^^^^^^^^^^^^^^
  File ""/home/scratch.yanxu_gpu/fe-sites/computelab_trees/fe_develop_5567e2733/benchmark/attention_inference/benchmark_single_attention.py"", line 167, in setup_cudnn
    return setup_cudnn_fp8(args, cudnn, oss=oss)
           ^^^^^^^^^^^^^^^^^^^^^^^^^^^^^^^^^^^^^
  File ""/home/scratch.yanxu_gpu/fe-sites/computelab_trees/fe_develop_5567e2733/benchmark/attention_inference/benchmark_single_attention.py"", line 276, in setup_cudnn_fp8
    raise NotImplementedError(""sink tokens are not wired into the fp8 attention graph"")
NotImplementedError: sink tokens are not wired into the fp8 attention graph",,,
gpt_oss,gpt_oss_full-tp8,generation,cudnn,bfloat16,bfloat16,1,3,131072,8,1,64,64,gqa,,16,2.55451,0.315,13.138,0.7331,20,True,,NVIDIA RTX PRO 6000 Blackwell Server Edition,cudnn 9.27.0,
gpt_oss,gpt_oss_full-tp8,generation,cudnn,bfloat16,fp8_e4m3,1,3,131072,8,1,64,64,gqa,,16,inf,0.0,0.0,,20,False,"Traceback (most recent call last):
  File ""/home/scratch.yanxu_gpu/fe-sites/computelab_trees/fe_develop_5567e2733/benchmark/attention_inference/benchmark_single_attention.py"", line 824, in <module>
    main()
  File ""/home/scratch.yanxu_gpu/fe-sites/computelab_trees/fe_develop_5567e2733/benchmark/attention_inference/benchmark_single_attention.py"", line 789, in main
    fn, detail = SETUPS[args.backend](args, dtype)
                 ^^^^^^^^^^^^^^^^^^^^^^^^^^^^^^^^^
  File ""/home/scratch.yanxu_gpu/fe-sites/computelab_trees/fe_develop_5567e2733/benchmark/attention_inference/benchmark_single_attention.py"", line 167, in setup_cudnn
    return setup_cudnn_fp8(args, cudnn, oss=oss)
           ^^^^^^^^^^^^^^^^^^^^^^^^^^^^^^^^^^^^^
  File ""/home/scratch.yanxu_gpu/fe-sites/computelab_trees/fe_develop_5567e2733/benchmark/attention_inference/benchmark_single_attention.py"", line 276, in setup_cudnn_fp8
    raise NotImplementedError(""sink tokens are not wired into the fp8 attention graph"")
NotImplementedError: sink tokens are not wired into the fp8 attention graph",,,
gpt_oss,gpt_oss_full-tp8,generation,cudnn,bfloat16,bfloat16,128,3,131072,8,1,64,64,gqa,,16,13.515628,7.627,317.836,17.7364,20,True,,NVIDIA RTX PRO 6000 Blackwell Server Edition,cudnn 9.27.0,
gpt_oss,gpt_oss_full-tp8,generation,cudnn,bfloat16,fp8_e4m3,128,3,131072,8,1,64,64,gqa,,16,inf,0.0,0.0,,20,False,"Traceback (most recent call last):
  File ""/home/scratch.yanxu_gpu/fe-sites/computelab_trees/fe_develop_5567e2733/benchmark/attention_inference/benchmark_single_attention.py"", line 824, in <module>
    main()
  File ""/home/scratch.yanxu_gpu/fe-sites/computelab_trees/fe_develop_5567e2733/benchmark/attention_inference/benchmark_single_attention.py"", line 789, in main
    fn, detail = SETUPS[args.backend](args, dtype)
                 ^^^^^^^^^^^^^^^^^^^^^^^^^^^^^^^^^
  File ""/home/scratch.yanxu_gpu/fe-sites/computelab_trees/fe_develop_5567e2733/benchmark/attention_inference/benchmark_single_attention.py"", line 167, in setup_cudnn
    return setup_cudnn_fp8(args, cudnn, oss=oss)
           ^^^^^^^^^^^^^^^^^^^^^^^^^^^^^^^^^^^^^
  File ""/home/scratch.yanxu_gpu/fe-sites/computelab_trees/fe_develop_5567e2733/benchmark/attention_inference/benchmark_single_attention.py"", line 276, in setup_cudnn_fp8
    raise NotImplementedError(""sink tokens are not wired into the fp8 attention graph"")
NotImplementedError: sink tokens are not wired into the fp8 attention graph",,,
gpt_oss,gpt_oss_full-tp8,generation,cudnn,bfloat16,bfloat16,1,4,131072,8,1,64,64,gqa,,16,2.554736,0.42,13.137,0.7331,20,True,,NVIDIA RTX PRO 6000 Blackwell Server Edition,cudnn 9.27.0,
gpt_oss,gpt_oss_full-tp8,generation,cudnn,bfloat16,fp8_e4m3,1,4,131072,8,1,64,64,gqa,,16,inf,0.0,0.0,,20,False,"Traceback (most recent call last):
  File ""/home/scratch.yanxu_gpu/fe-sites/computelab_trees/fe_develop_5567e2733/benchmark/attention_inference/benchmark_single_attention.py"", line 824, in <module>
    main()
  File ""/home/scratch.yanxu_gpu/fe-sites/computelab_trees/fe_develop_5567e2733/benchmark/attention_inference/benchmark_single_attention.py"", line 789, in main
    fn, detail = SETUPS[args.backend](args, dtype)
                 ^^^^^^^^^^^^^^^^^^^^^^^^^^^^^^^^^
  File ""/home/scratch.yanxu_gpu/fe-sites/computelab_trees/fe_develop_5567e2733/benchmark/attention_inference/benchmark_single_attention.py"", line 167, in setup_cudnn
    return setup_cudnn_fp8(args, cudnn, oss=oss)
           ^^^^^^^^^^^^^^^^^^^^^^^^^^^^^^^^^^^^^
  File ""/home/scratch.yanxu_gpu/fe-sites/computelab_trees/fe_develop_5567e2733/benchmark/attention_inference/benchmark_single_attention.py"", line 276, in setup_cudnn_fp8
    raise NotImplementedError(""sink tokens are not wired into the fp8 attention graph"")
NotImplementedError: sink tokens are not wired into the fp8 attention graph",,,
gpt_oss,gpt_oss_full-tp8,generation,cudnn,bfloat16,bfloat16,128,4,131072,8,1,64,64,gqa,,16,13.514188,10.17,317.889,17.7394,20,True,,NVIDIA RTX PRO 6000 Blackwell Server Edition,cudnn 9.27.0,
gpt_oss,gpt_oss_full-tp8,generation,cudnn,bfloat16,fp8_e4m3,128,4,131072,8,1,64,64,gqa,,16,inf,0.0,0.0,,20,False,"Traceback (most recent call last):
  File ""/home/scratch.yanxu_gpu/fe-sites/computelab_trees/fe_develop_5567e2733/benchmark/attention_inference/benchmark_single_attention.py"", line 824, in <module>
    main()
  File ""/home/scratch.yanxu_gpu/fe-sites/computelab_trees/fe_develop_5567e2733/benchmark/attention_inference/benchmark_single_attention.py"", line 789, in main
    fn, detail = SETUPS[args.backend](args, dtype)
                 ^^^^^^^^^^^^^^^^^^^^^^^^^^^^^^^^^
  File ""/home/scratch.yanxu_gpu/fe-sites/computelab_trees/fe_develop_5567e2733/benchmark/attention_inference/benchmark_single_attention.py"", line 167, in setup_cudnn
    return setup_cudnn_fp8(args, cudnn, oss=oss)
           ^^^^^^^^^^^^^^^^^^^^^^^^^^^^^^^^^^^^^
  File ""/home/scratch.yanxu_gpu/fe-sites/computelab_trees/fe_develop_5567e2733/benchmark/attention_inference/benchmark_single_attention.py"", line 276, in setup_cudnn_fp8
    raise NotImplementedError(""sink tokens are not wired into the fp8 attention graph"")
NotImplementedError: sink tokens are not wired into the fp8 attention graph",,,
gpt_oss,gpt_oss_full-tp8,context,cudnn_oss,bfloat16,bfloat16,1,2048,2048,8,1,64,64,gqa,,16,0.02656,161.708,177.658,9.9139,20,True,,NVIDIA RTX PRO 6000 Blackwell Server Edition,cudnn_oss plan=sdpa_fwd_prefill_sm120[PACK_GQA=0; SCHED_POLICY=2; SPLIT_KV=1; TILE_CGA_M=1; TILE_M=64; TILE_N=128],
gpt_oss,gpt_oss_full-tp8,context,cudnn_oss,bfloat16,bfloat16,1,8192,8192,8,1,64,64,gqa,,16,0.243682,282.005,77.455,4.3223,20,True,,NVIDIA RTX PRO 6000 Blackwell Server Edition,cudnn_oss plan=sdpa_fwd_prefill_sm120[PACK_GQA=0; SCHED_POLICY=2; SPLIT_KV=1; TILE_CGA_M=1; TILE_M=64; TILE_N=128],
gpt_oss,gpt_oss_full-tp8,context,cudnn_oss,bfloat16,bfloat16,1,32768,32768,8,1,64,64,gqa,,16,2.760224,398.341,27.352,1.5263,20,True,,NVIDIA RTX PRO 6000 Blackwell Server Edition,cudnn_oss plan=sdpa_fwd_prefill_sm120[PACK_GQA=0; SCHED_POLICY=2; SPLIT_KV=1; TILE_CGA_M=1; TILE_M=128; TILE_N=128],
gpt_oss,gpt_oss_full-tp8,context,cudnn_oss,bfloat16,bfloat16,1,512,65536,8,1,64,64,gqa,,16,0.643934,106.718,27.683,1.5448,20,True,,NVIDIA RTX PRO 6000 Blackwell Server Edition,cudnn_oss plan=sdpa_fwd_prefill_sm120[PACK_GQA=0; SCHED_POLICY=2; SPLIT_KV=1; TILE_CGA_M=1; TILE_M=64; TILE_N=128],
gpt_oss,gpt_oss_full-tp8,context,cudnn_oss,bfloat16,bfloat16,1,512,131072,8,1,64,64,gqa,,16,1.282209,107.189,26.987,1.506,20,True,,NVIDIA RTX PRO 6000 Blackwell Server Edition,cudnn_oss plan=sdpa_fwd_prefill_sm120[PACK_GQA=0; SCHED_POLICY=2; SPLIT_KV=1; TILE_CGA_M=1; TILE_M=64; TILE_N=128],
gpt_oss,gpt_oss_full-tp8,context,cudnn_oss,bfloat16,bfloat16,1,1024,65536,8,1,64,64,gqa,,16,0.643716,213.509,29.321,1.6362,20,True,,NVIDIA RTX PRO 6000 Blackwell Server Edition,cudnn_oss plan=sdpa_fwd_prefill_sm120[PACK_GQA=0; SCHED_POLICY=2; SPLIT_KV=1; TILE_CGA_M=1; TILE_M=64; TILE_N=128],
gpt_oss,gpt_oss_full-tp8,context,cudnn_oss,bfloat16,bfloat16,1,1024,131072,8,1,64,64,gqa,,16,1.281142,214.557,27.828,1.5529,20,True,,NVIDIA RTX PRO 6000 Blackwell Server Edition,cudnn_oss plan=sdpa_fwd_prefill_sm120[PACK_GQA=0; SCHED_POLICY=2; SPLIT_KV=1; TILE_CGA_M=1; TILE_M=64; TILE_N=128],
gpt_oss,gpt_oss_full-tp8,generation,cudnn_oss,bfloat16,bfloat16,1,1,131072,8,1,64,64,gqa,,16,2.115206,0.127,15.864,0.8853,20,True,,NVIDIA RTX PRO 6000 Blackwell Server Edition,cudnn_oss plan=sdpa_fwd_prefill_sm120[PACK_GQA=1; SCHED_POLICY=0; SPLIT_KV=1; TILE_CGA_M=1; TILE_M=128; TILE_N=128],
gpt_oss,gpt_oss_full-tp8,generation,cudnn_oss,bfloat16,fp8_e4m3,1,1,131072,8,1,64,64,gqa,,16,inf,0.0,0.0,,20,False,"  File ""/home/scratch.yanxu_gpu/fe-sites/computelab_trees/fe_develop_5567e2733/benchmark/attention_inference/benchmark_single_attention.py"", line 789, in main
    fn, detail = SETUPS[args.backend](args, dtype)
                 ^^^^^^^^^^^^^^^^^^^^^^^^^^^^^^^^^
  File ""/home/scratch.yanxu_gpu/fe-sites/computelab_trees/fe_develop_5567e2733/benchmark/attention_inference/benchmark_single_attention.py"", line 270, in setup_cudnn_oss
    return setup_cudnn(args, dtype, oss=True)
           ^^^^^^^^^^^^^^^^^^^^^^^^^^^^^^^^^^
  File ""/home/scratch.yanxu_gpu/fe-sites/computelab_trees/fe_develop_5567e2733/benchmark/attention_inference/benchmark_single_attention.py"", line 167, in setup_cudnn
    return setup_cudnn_fp8(args, cudnn, oss=oss)
           ^^^^^^^^^^^^^^^^^^^^^^^^^^^^^^^^^^^^^
  File ""/home/scratch.yanxu_gpu/fe-sites/computelab_trees/fe_develop_5567e2733/benchmark/attention_inference/benchmark_single_attention.py"", line 276, in setup_cudnn_fp8
    raise NotImplementedError(""sink tokens are not wired into the fp8 attention graph"")
NotImplementedError: sink tokens are not wired into the fp8 attention graph",,,
gpt_oss,gpt_oss_full-tp8,generation,cudnn_oss,bfloat16,bfloat16,128,1,131072,8,1,64,64,gqa,,16,2.864245,11.996,1499.603,83.6832,20,True,,NVIDIA RTX PRO 6000 Blackwell Server Edition,cudnn_oss plan=sdpa_fwd_prefill_sm120[PACK_GQA=1; SCHED_POLICY=0; SPLIT_KV=1; TILE_CGA_M=1; TILE_M=128; TILE_N=128],
gpt_oss,gpt_oss_full-tp8,generation,cudnn_oss,bfloat16,fp8_e4m3,128,1,131072,8,1,64,64,gqa,,16,inf,0.0,0.0,,20,False,"  File ""/home/scratch.yanxu_gpu/fe-sites/computelab_trees/fe_develop_5567e2733/benchmark/attention_inference/benchmark_single_attention.py"", line 789, in main
    fn, detail = SETUPS[args.backend](args, dtype)
                 ^^^^^^^^^^^^^^^^^^^^^^^^^^^^^^^^^
  File ""/home/scratch.yanxu_gpu/fe-sites/computelab_trees/fe_develop_5567e2733/benchmark/attention_inference/benchmark_single_attention.py"", line 270, in setup_cudnn_oss
    return setup_cudnn(args, dtype, oss=True)
           ^^^^^^^^^^^^^^^^^^^^^^^^^^^^^^^^^^
  File ""/home/scratch.yanxu_gpu/fe-sites/computelab_trees/fe_develop_5567e2733/benchmark/attention_inference/benchmark_single_attention.py"", line 167, in setup_cudnn
    return setup_cudnn_fp8(args, cudnn, oss=oss)
           ^^^^^^^^^^^^^^^^^^^^^^^^^^^^^^^^^^^^^
  File ""/home/scratch.yanxu_gpu/fe-sites/computelab_trees/fe_develop_5567e2733/benchmark/attention_inference/benchmark_single_attention.py"", line 276, in setup_cudnn_fp8
    raise NotImplementedError(""sink tokens are not wired into the fp8 attention graph"")
NotImplementedError: sink tokens are not wired into the fp8 attention graph",,,
gpt_oss,gpt_oss_full-tp8,generation,cudnn_oss,bfloat16,bfloat16,1,2,131072,8,1,64,64,gqa,,16,2.177772,0.247,15.41,0.8599,20,True,,NVIDIA RTX PRO 6000 Blackwell Server Edition,cudnn_oss plan=sdpa_fwd_prefill_sm120[PACK_GQA=1; SCHED_POLICY=2; SPLIT_KV=1; TILE_CGA_M=1; TILE_M=128; TILE_N=128],
gpt_oss,gpt_oss_full-tp8,generation,cudnn_oss,bfloat16,fp8_e4m3,1,2,131072,8,1,64,64,gqa,,16,inf,0.0,0.0,,20,False,"  File ""/home/scratch.yanxu_gpu/fe-sites/computelab_trees/fe_develop_5567e2733/benchmark/attention_inference/benchmark_single_attention.py"", line 789, in main
    fn, detail = SETUPS[args.backend](args, dtype)
                 ^^^^^^^^^^^^^^^^^^^^^^^^^^^^^^^^^
  File ""/home/scratch.yanxu_gpu/fe-sites/computelab_trees/fe_develop_5567e2733/benchmark/attention_inference/benchmark_single_attention.py"", line 270, in setup_cudnn_oss
    return setup_cudnn(args, dtype, oss=True)
           ^^^^^^^^^^^^^^^^^^^^^^^^^^^^^^^^^^
  File ""/home/scratch.yanxu_gpu/fe-sites/computelab_trees/fe_develop_5567e2733/benchmark/attention_inference/benchmark_single_attention.py"", line 167, in setup_cudnn
    return setup_cudnn_fp8(args, cudnn, oss=oss)
           ^^^^^^^^^^^^^^^^^^^^^^^^^^^^^^^^^^^^^
  File ""/home/scratch.yanxu_gpu/fe-sites/computelab_trees/fe_develop_5567e2733/benchmark/attention_inference/benchmark_single_attention.py"", line 276, in setup_cudnn_fp8
    raise NotImplementedError(""sink tokens are not wired into the fp8 attention graph"")
NotImplementedError: sink tokens are not wired into the fp8 attention graph",,,
gpt_oss,gpt_oss_full-tp8,generation,cudnn_oss,bfloat16,bfloat16,128,2,131072,8,1,64,64,gqa,,16,2.867649,23.964,1497.914,83.589,20,True,,NVIDIA RTX PRO 6000 Blackwell Server Edition,cudnn_oss plan=sdpa_fwd_prefill_sm120[PACK_GQA=1; SCHED_POLICY=2; SPLIT_KV=1; TILE_CGA_M=1; TILE_M=128; TILE_N=128],
gpt_oss,gpt_oss_full-tp8,generation,cudnn_oss,bfloat16,fp8_e4m3,128,2,131072,8,1,64,64,gqa,,16,inf,0.0,0.0,,20,False,"  File ""/home/scratch.yanxu_gpu/fe-sites/computelab_trees/fe_develop_5567e2733/benchmark/attention_inference/benchmark_single_attention.py"", line 789, in main
    fn, detail = SETUPS[args.backend](args, dtype)
                 ^^^^^^^^^^^^^^^^^^^^^^^^^^^^^^^^^
  File ""/home/scratch.yanxu_gpu/fe-sites/computelab_trees/fe_develop_5567e2733/benchmark/attention_inference/benchmark_single_attention.py"", line 270, in setup_cudnn_oss
    return setup_cudnn(args, dtype, oss=True)
           ^^^^^^^^^^^^^^^^^^^^^^^^^^^^^^^^^^
  File ""/home/scratch.yanxu_gpu/fe-sites/computelab_trees/fe_develop_5567e2733/benchmark/attention_inference/benchmark_single_attention.py"", line 167, in setup_cudnn
    return setup_cudnn_fp8(args, cudnn, oss=oss)
           ^^^^^^^^^^^^^^^^^^^^^^^^^^^^^^^^^^^^^
  File ""/home/scratch.yanxu_gpu/fe-sites/computelab_trees/fe_develop_5567e2733/benchmark/attention_inference/benchmark_single_attention.py"", line 276, in setup_cudnn_fp8
    raise NotImplementedError(""sink tokens are not wired into the fp8 attention graph"")
NotImplementedError: sink tokens are not wired into the fp8 attention graph",,,
gpt_oss,gpt_oss_full-tp8,generation,cudnn_oss,bfloat16,bfloat16,1,3,131072,8,1,64,64,gqa,,16,2.17793,0.37,15.409,0.8599,20,True,,NVIDIA RTX PRO 6000 Blackwell Server Edition,cudnn_oss plan=sdpa_fwd_prefill_sm120[PACK_GQA=1; SCHED_POLICY=2; SPLIT_KV=1; TILE_CGA_M=1; TILE_M=128; TILE_N=128],
gpt_oss,gpt_oss_full-tp8,generation,cudnn_oss,bfloat16,fp8_e4m3,1,3,131072,8,1,64,64,gqa,,16,inf,0.0,0.0,,20,False,"  File ""/home/scratch.yanxu_gpu/fe-sites/computelab_trees/fe_develop_5567e2733/benchmark/attention_inference/benchmark_single_attention.py"", line 789, in main
    fn, detail = SETUPS[args.backend](args, dtype)
                 ^^^^^^^^^^^^^^^^^^^^^^^^^^^^^^^^^
  File ""/home/scratch.yanxu_gpu/fe-sites/computelab_trees/fe_develop_5567e2733/benchmark/attention_inference/benchmark_single_attention.py"", line 270, in setup_cudnn_oss
    return setup_cudnn(args, dtype, oss=True)
           ^^^^^^^^^^^^^^^^^^^^^^^^^^^^^^^^^^
  File ""/home/scratch.yanxu_gpu/fe-sites/computelab_trees/fe_develop_5567e2733/benchmark/attention_inference/benchmark_single_attention.py"", line 167, in setup_cudnn
    return setup_cudnn_fp8(args, cudnn, oss=oss)
           ^^^^^^^^^^^^^^^^^^^^^^^^^^^^^^^^^^^^^
  File ""/home/scratch.yanxu_gpu/fe-sites/computelab_trees/fe_develop_5567e2733/benchmark/attention_inference/benchmark_single_attention.py"", line 276, in setup_cudnn_fp8
    raise NotImplementedError(""sink tokens are not wired into the fp8 attention graph"")
NotImplementedError: sink tokens are not wired into the fp8 attention graph",,,
gpt_oss,gpt_oss_full-tp8,generation,cudnn_oss,bfloat16,bfloat16,128,3,131072,8,1,64,64,gqa,,16,2.866322,35.962,1498.699,83.6328,20,True,,NVIDIA RTX PRO 6000 Blackwell Server Edition,cudnn_oss plan=sdpa_fwd_prefill_sm120[PACK_GQA=1; SCHED_POLICY=2; SPLIT_KV=1; TILE_CGA_M=1; TILE_M=128; TILE_N=128],
gpt_oss,gpt_oss_full-tp8,generation,cudnn_oss,bfloat16,fp8_e4m3,128,3,131072,8,1,64,64,gqa,,16,inf,0.0,0.0,,20,False,"  File ""/home/scratch.yanxu_gpu/fe-sites/computelab_trees/fe_develop_5567e2733/benchmark/attention_inference/benchmark_single_attention.py"", line 789, in main
    fn, detail = SETUPS[args.backend](args, dtype)
                 ^^^^^^^^^^^^^^^^^^^^^^^^^^^^^^^^^
  File ""/home/scratch.yanxu_gpu/fe-sites/computelab_trees/fe_develop_5567e2733/benchmark/attention_inference/benchmark_single_attention.py"", line 270, in setup_cudnn_oss
    return setup_cudnn(args, dtype, oss=True)
           ^^^^^^^^^^^^^^^^^^^^^^^^^^^^^^^^^^
  File ""/home/scratch.yanxu_gpu/fe-sites/computelab_trees/fe_develop_5567e2733/benchmark/attention_inference/benchmark_single_attention.py"", line 167, in setup_cudnn
    return setup_cudnn_fp8(args, cudnn, oss=oss)
           ^^^^^^^^^^^^^^^^^^^^^^^^^^^^^^^^^^^^^
  File ""/home/scratch.yanxu_gpu/fe-sites/computelab_trees/fe_develop_5567e2733/benchmark/attention_inference/benchmark_single_attention.py"", line 276, in setup_cudnn_fp8
    raise NotImplementedError(""sink tokens are not wired into the fp8 attention graph"")
NotImplementedError: sink tokens are not wired into the fp8 attention graph",,,
gpt_oss,gpt_oss_full-tp8,generation,cudnn_oss,bfloat16,bfloat16,1,4,131072,8,1,64,64,gqa,,16,2.177581,0.493,15.413,0.8601,20,True,,NVIDIA RTX PRO 6000 Blackwell Server Edition,cudnn_oss plan=sdpa_fwd_prefill_sm120[PACK_GQA=1; SCHED_POLICY=2; SPLIT_KV=1; TILE_CGA_M=1; TILE_M=128; TILE_N=128],
gpt_oss,gpt_oss_full-tp8,generation,cudnn_oss,bfloat16,fp8_e4m3,1,4,131072,8,1,64,64,gqa,,16,inf,0.0,0.0,,20,False,"  File ""/home/scratch.yanxu_gpu/fe-sites/computelab_trees/fe_develop_5567e2733/benchmark/attention_inference/benchmark_single_attention.py"", line 789, in main
    fn, detail = SETUPS[args.backend](args, dtype)
                 ^^^^^^^^^^^^^^^^^^^^^^^^^^^^^^^^^
  File ""/home/scratch.yanxu_gpu/fe-sites/computelab_trees/fe_develop_5567e2733/benchmark/attention_inference/benchmark_single_attention.py"", line 270, in setup_cudnn_oss
    return setup_cudnn(args, dtype, oss=True)
           ^^^^^^^^^^^^^^^^^^^^^^^^^^^^^^^^^^
  File ""/home/scratch.yanxu_gpu/fe-sites/computelab_trees/fe_develop_5567e2733/benchmark/attention_inference/benchmark_single_attention.py"", line 167, in setup_cudnn
    return setup_cudnn_fp8(args, cudnn, oss=oss)
           ^^^^^^^^^^^^^^^^^^^^^^^^^^^^^^^^^^^^^
  File ""/home/scratch.yanxu_gpu/fe-sites/computelab_trees/fe_develop_5567e2733/benchmark/attention_inference/benchmark_single_attention.py"", line 276, in setup_cudnn_fp8
    raise NotImplementedError(""sink tokens are not wired into the fp8 attention graph"")
NotImplementedError: sink tokens are not wired into the fp8 attention graph",,,
gpt_oss,gpt_oss_full-tp8,generation,cudnn_oss,bfloat16,bfloat16,128,4,131072,8,1,64,64,gqa,,16,2.866381,47.949,1498.76,83.6361,20,True,,NVIDIA RTX PRO 6000 Blackwell Server Edition,cudnn_oss plan=sdpa_fwd_prefill_sm120[PACK_GQA=1; SCHED_POLICY=2; SPLIT_KV=1; TILE_CGA_M=1; TILE_M=128; TILE_N=128],
gpt_oss,gpt_oss_full-tp8,generation,cudnn_oss,bfloat16,fp8_e4m3,128,4,131072,8,1,64,64,gqa,,16,inf,0.0,0.0,,20,False,"  File ""/home/scratch.yanxu_gpu/fe-sites/computelab_trees/fe_develop_5567e2733/benchmark/attention_inference/benchmark_single_attention.py"", line 789, in main
    fn, detail = SETUPS[args.backend](args, dtype)
                 ^^^^^^^^^^^^^^^^^^^^^^^^^^^^^^^^^
  File ""/home/scratch.yanxu_gpu/fe-sites/computelab_trees/fe_develop_5567e2733/benchmark/attention_inference/benchmark_single_attention.py"", line 270, in setup_cudnn_oss
    return setup_cudnn(args, dtype, oss=True)
           ^^^^^^^^^^^^^^^^^^^^^^^^^^^^^^^^^^
  File ""/home/scratch.yanxu_gpu/fe-sites/computelab_trees/fe_develop_5567e2733/benchmark/attention_inference/benchmark_single_attention.py"", line 167, in setup_cudnn
    return setup_cudnn_fp8(args, cudnn, oss=oss)
           ^^^^^^^^^^^^^^^^^^^^^^^^^^^^^^^^^^^^^
  File ""/home/scratch.yanxu_gpu/fe-sites/computelab_trees/fe_develop_5567e2733/benchmark/attention_inference/benchmark_single_attention.py"", line 276, in setup_cudnn_fp8
    raise NotImplementedError(""sink tokens are not wired into the fp8 attention graph"")
NotImplementedError: sink tokens are not wired into the fp8 attention graph",,,
