config_name,model_name,phase,backend,data_type,kv_cache_dtype,batch_size,q_tokens,kv_len,num_q_heads,num_kv_heads,head_dim_qk,head_dim_vo,kind,sliding_window_size,page_size,time_ms,tflops,gbps,sol_pct,num_iterations,success,error_message,gpu_name,backend_detail,cudnn_backend_version
deepseek_v4,dsv4_flash,context,cudnn,bfloat16,bfloat16,1,2048,2048,64,1,512,512,mla_absorbed,,64,0.565172,486.362,478.673,5.9834,20,True,,NVIDIA B200,cudnn 9.27.0,
deepseek_v4,dsv4_flash,context,cudnn,bfloat16,bfloat16,1,8192,8192,64,1,512,512,mla_absorbed,,64,8.499384,517.455,127.319,1.5915,20,True,,NVIDIA B200,cudnn 9.27.0,
deepseek_v4,dsv4_flash,context,cudnn,bfloat16,bfloat16,1,512,65536,64,1,512,512,mla_absorbed,,64,8.915875,493.283,15.054,0.1882,20,True,,NVIDIA B200,cudnn 9.27.0,
deepseek_v4,dsv4_flash,context,cudnn,bfloat16,bfloat16,1,512,131072,64,1,512,512,mla_absorbed,,64,18.318625,480.172,10.99,0.1374,20,True,,NVIDIA B200,cudnn 9.27.0,
deepseek_v4,dsv4_flash,context,cudnn,bfloat16,bfloat16,1,1024,65536,64,1,512,512,mla_absorbed,,64,17.372058,506.336,11.589,0.1449,20,True,,NVIDIA B200,cudnn 9.27.0,
deepseek_v4,dsv4_flash,context,cudnn,bfloat16,bfloat16,1,1024,131072,64,1,512,512,mla_absorbed,,64,35.451655,496.23,7.572,0.0946,20,True,,NVIDIA B200,cudnn 9.27.0,
deepseek_v4,dsv4_flash,generation,cudnn,bfloat16,bfloat16,1,1,131072,64,1,512,512,mla_absorbed,,64,0.370203,46.407,362.906,4.5363,20,True,,NVIDIA B200,cudnn 9.27.0,
deepseek_v4,dsv4_flash,generation,cudnn,bfloat16,fp8_e4m3,1,1,131072,64,1,512,512,mla_absorbed,,64,inf,0.0,0.0,,20,False,"Warning: CUDNN_STATUS_NOT_SUPPORTED_GRAPH_PATTERN; Reason: process_knob_choices()
Warning: CUDNN_STATUS_NOT_SUPPORTED; Reason: (CUDNN_STATUS_NOT_INITIALIZED == status) || (CUDNN_STATUS_NOT_SUPPORTED == ((status) / 1000 * 1000))
Warning: CUDNN_STATUS_NOT_SUPPORTED; Reason: ptr->isSupported()
Warning: CUDNN_STATUS_NOT_SUPPORTED; Reason: finalize_internal()

{""engineId"":18,""smVersion"":1000,""knobChoices"":{""CUDNN_KNOB_TYPE_KERNEL_CFG"":-1,""CUDNN_KNOB_TYPE_TILE_CGA_M"":-1,""CUDNN_KNOB_TYPE_STREAM_K"":-1,""CUDNN_KNOB_TYPE_TILE_M"":-1,""CUDNN_KNOB_TYPE_TILE_N"":-1}}
Warning: CUDNN_STATUS_NOT_SUPPORTED_ARCH_MISMATCH; Reason: only Rubin is supported for this engine at: !(1070 <= deviceVer && deviceVer < 1100)
Warning: CUDNN_STATUS_NOT_SUPPORTED; Reason: (CUDNN_STATUS_NOT_INITIALIZED == status) || (CUDNN_STATUS_NOT_SUPPORTED == ((status) / 1000 * 1000))
Warning: CUDNN_STATUS_NOT_SUPPORTED; Reason: ptr->isSupported()
Warning: CUDNN_STATUS_NOT_SUPPORTED; Reason: finalize_internal()

)",,,
deepseek_v4,dsv4_flash,generation,cudnn,bfloat16,bfloat16,128,1,131072,64,1,512,512,mla_absorbed,,64,38.688437,56.839,444.491,5.5561,20,True,,NVIDIA B200,cudnn 9.27.0,
deepseek_v4,dsv4_flash,generation,cudnn,bfloat16,fp8_e4m3,128,1,131072,64,1,512,512,mla_absorbed,,64,inf,0.0,0.0,,20,False,"Warning: CUDNN_STATUS_NOT_SUPPORTED_GRAPH_PATTERN; Reason: process_knob_choices()
Warning: CUDNN_STATUS_NOT_SUPPORTED; Reason: (CUDNN_STATUS_NOT_INITIALIZED == status) || (CUDNN_STATUS_NOT_SUPPORTED == ((status) / 1000 * 1000))
Warning: CUDNN_STATUS_NOT_SUPPORTED; Reason: ptr->isSupported()
Warning: CUDNN_STATUS_NOT_SUPPORTED; Reason: finalize_internal()

{""engineId"":18,""smVersion"":1000,""knobChoices"":{""CUDNN_KNOB_TYPE_KERNEL_CFG"":-1,""CUDNN_KNOB_TYPE_TILE_CGA_M"":-1,""CUDNN_KNOB_TYPE_STREAM_K"":-1,""CUDNN_KNOB_TYPE_TILE_M"":-1,""CUDNN_KNOB_TYPE_TILE_N"":-1}}
Warning: CUDNN_STATUS_NOT_SUPPORTED_ARCH_MISMATCH; Reason: only Rubin is supported for this engine at: !(1070 <= deviceVer && deviceVer < 1100)
Warning: CUDNN_STATUS_NOT_SUPPORTED; Reason: (CUDNN_STATUS_NOT_INITIALIZED == status) || (CUDNN_STATUS_NOT_SUPPORTED == ((status) / 1000 * 1000))
Warning: CUDNN_STATUS_NOT_SUPPORTED; Reason: ptr->isSupported()
Warning: CUDNN_STATUS_NOT_SUPPORTED; Reason: finalize_internal()

)",,,
deepseek_v4,dsv4_flash,generation,cudnn,bfloat16,bfloat16,1,2,131072,64,1,512,512,mla_absorbed,,64,10.891293,3.155,12.347,0.1543,20,True,,NVIDIA B200,cudnn 9.27.0,
deepseek_v4,dsv4_flash,generation,cudnn,bfloat16,fp8_e4m3,1,2,131072,64,1,512,512,mla_absorbed,,64,6.445273,5.331,10.432,0.1304,20,True,,NVIDIA B200,cudnn fp8 9.27.0,
deepseek_v4,dsv4_flash,generation,cudnn,bfloat16,bfloat16,128,2,131072,64,1,512,512,mla_absorbed,,64,1369.822925,3.211,12.566,0.1571,20,True,,NVIDIA B200,cudnn 9.27.0,
deepseek_v4,dsv4_flash,generation,cudnn,bfloat16,fp8_e4m3,128,2,131072,64,1,512,512,mla_absorbed,,64,788.196676,5.58,10.919,0.1365,20,True,,NVIDIA B200,cudnn fp8 9.27.0,
deepseek_v4,dsv4_flash,generation,cudnn,bfloat16,bfloat16,1,3,131072,64,1,512,512,mla_absorbed,,64,10.88421,4.735,12.368,0.1546,20,True,,NVIDIA B200,cudnn 9.27.0,
deepseek_v4,dsv4_flash,generation,cudnn,bfloat16,fp8_e4m3,1,3,131072,64,1,512,512,mla_absorbed,,64,6.448595,7.992,10.437,0.1305,20,True,,NVIDIA B200,cudnn fp8 9.27.0,
deepseek_v4,dsv4_flash,generation,cudnn,bfloat16,bfloat16,128,3,131072,64,1,512,512,mla_absorbed,,64,1368.604834,4.82,12.59,0.1574,20,True,,NVIDIA B200,cudnn 9.27.0,
deepseek_v4,dsv4_flash,generation,cudnn,bfloat16,fp8_e4m3,128,3,131072,64,1,512,512,mla_absorbed,,64,784.989055,8.404,10.975,0.1372,20,True,,NVIDIA B200,cudnn fp8 9.27.0,
deepseek_v4,dsv4_flash,generation,cudnn,bfloat16,bfloat16,1,4,131072,64,1,512,512,mla_absorbed,,64,10.880288,6.316,12.384,0.1548,20,True,,NVIDIA B200,cudnn 9.27.0,
deepseek_v4,dsv4_flash,generation,cudnn,bfloat16,fp8_e4m3,1,4,131072,64,1,512,512,mla_absorbed,,64,7.372448,9.321,9.138,0.1142,20,True,,NVIDIA B200,cudnn fp8 9.27.0,
deepseek_v4,dsv4_flash,generation,cudnn,bfloat16,bfloat16,128,4,131072,64,1,512,512,mla_absorbed,,64,1367.860608,6.431,12.609,0.1576,20,True,,NVIDIA B200,cudnn 9.27.0,
deepseek_v4,dsv4_flash,generation,cudnn,bfloat16,fp8_e4m3,128,4,131072,64,1,512,512,mla_absorbed,,64,782.685021,11.238,11.018,0.1377,20,True,,NVIDIA B200,cudnn fp8 9.27.0,
deepseek_v4,dsv4_flash,context,cudnn_oss,bfloat16,bfloat16,1,2048,2048,64,1,512,512,mla_absorbed,,64,0.289665,948.951,933.95,11.6744,20,True,,NVIDIA B200,cudnn_oss plan=sdpa_fwd_prefill_sm100[PACK_GQA=0; SCHED_POLICY=2; SPLIT_KV=1; TILE_CGA_M=2; TILE_M=128; TILE_N=128],
deepseek_v4,dsv4_flash,context,cudnn_oss,bfloat16,bfloat16,1,8192,8192,64,1,512,512,mla_absorbed,,64,3.225859,1363.372,335.455,4.1932,20,True,,NVIDIA B200,cudnn_oss plan=sdpa_fwd_prefill_sm100[PACK_GQA=0; SCHED_POLICY=2; SPLIT_KV=1; TILE_CGA_M=2; TILE_M=128; TILE_N=128],
deepseek_v4,dsv4_flash,context,cudnn_oss,bfloat16,bfloat16,1,512,65536,64,1,512,512,mla_absorbed,,64,2.940661,1495.598,45.642,0.5705,20,True,,NVIDIA B200,cudnn_oss plan=sdpa_fwd_prefill_sm100[PACK_GQA=0; SCHED_POLICY=1; SPLIT_KV=1; TILE_CGA_M=2; TILE_M=128; TILE_N=128],
deepseek_v4,dsv4_flash,context,cudnn_oss,bfloat16,bfloat16,1,512,131072,64,1,512,512,mla_absorbed,,64,6.51826,1349.454,30.887,0.3861,20,True,,NVIDIA B200,cudnn_oss plan=sdpa_fwd_prefill_sm100[PACK_GQA=0; SCHED_POLICY=0; SPLIT_KV=4; TILE_CGA_M=2; TILE_M=128; TILE_N=128],
deepseek_v4,dsv4_flash,context,cudnn_oss,bfloat16,bfloat16,1,1024,65536,64,1,512,512,mla_absorbed,,64,6.478445,1357.748,31.076,0.3885,20,True,,NVIDIA B200,cudnn_oss plan=sdpa_fwd_prefill_sm100[PACK_GQA=0; SCHED_POLICY=0; SPLIT_KV=2; TILE_CGA_M=2; TILE_M=128; TILE_N=128],
deepseek_v4,dsv4_flash,context,cudnn_oss,bfloat16,bfloat16,1,1024,131072,64,1,512,512,mla_absorbed,,64,12.876231,1366.253,20.847,0.2606,20,True,,NVIDIA B200,cudnn_oss plan=sdpa_fwd_prefill_sm100[PACK_GQA=0; SCHED_POLICY=0; SPLIT_KV=2; TILE_CGA_M=2; TILE_M=128; TILE_N=128],
deepseek_v4,dsv4_flash,generation,cudnn_oss,bfloat16,bfloat16,1,1,131072,64,1,512,512,mla_absorbed,,64,0.191615,89.658,701.139,8.7642,20,True,,NVIDIA B200,cudnn_oss plan=sdpa_fwd_prefill_sm100[PACK_GQA=1; SCHED_POLICY=0; SPLIT_KV=64; TILE_CGA_M=2; TILE_M=128; TILE_N=128],
deepseek_v4,dsv4_flash,generation,cudnn_oss,bfloat16,fp8_e4m3,1,1,131072,64,1,512,512,mla_absorbed,,64,inf,0.0,0.0,,20,False,"                 ^^^^^^^^^^^^^^^^^^^^^^^^^^^^^^^^^
  File ""/home/scratch.yanxu_gpu/fe-sites/computelab_trees/fe_develop_5567e2733/benchmark/attention_inference/benchmark_single_attention.py"", line 270, in setup_cudnn_oss
    return setup_cudnn(args, dtype, oss=True)
           ^^^^^^^^^^^^^^^^^^^^^^^^^^^^^^^^^^
  File ""/home/scratch.yanxu_gpu/fe-sites/computelab_trees/fe_develop_5567e2733/benchmark/attention_inference/benchmark_single_attention.py"", line 167, in setup_cudnn
    return setup_cudnn_fp8(args, cudnn, oss=oss)
           ^^^^^^^^^^^^^^^^^^^^^^^^^^^^^^^^^^^^^
  File ""/home/scratch.yanxu_gpu/fe-sites/computelab_trees/fe_develop_5567e2733/benchmark/attention_inference/benchmark_single_attention.py"", line 336, in setup_cudnn_fp8
    graph.check_support()
  File ""/home/scratch.yanxu_gpu/fe-sites/computelab_trees/fe_develop_5567e2733/python/cudnn/_pygraph.py"", line 1547, in check_support
    self._lowered_graph.check_support()
cudnn._compiled_module.cudnnGraphNotSupportedError: [cudnn_frontend] Error: No execution plans support the graph.",,,
deepseek_v4,dsv4_flash,generation,cudnn_oss,bfloat16,bfloat16,128,1,131072,64,1,512,512,mla_absorbed,,64,6.346188,346.511,2709.76,33.872,20,True,,NVIDIA B200,cudnn_oss plan=sdpa_fwd_prefill_sm100[PACK_GQA=1; SCHED_POLICY=0; SPLIT_KV=4; TILE_CGA_M=2; TILE_M=128; TILE_N=128],
deepseek_v4,dsv4_flash,generation,cudnn_oss,bfloat16,fp8_e4m3,128,1,131072,64,1,512,512,mla_absorbed,,64,inf,0.0,0.0,,20,False,"                 ^^^^^^^^^^^^^^^^^^^^^^^^^^^^^^^^^
  File ""/home/scratch.yanxu_gpu/fe-sites/computelab_trees/fe_develop_5567e2733/benchmark/attention_inference/benchmark_single_attention.py"", line 270, in setup_cudnn_oss
    return setup_cudnn(args, dtype, oss=True)
           ^^^^^^^^^^^^^^^^^^^^^^^^^^^^^^^^^^
  File ""/home/scratch.yanxu_gpu/fe-sites/computelab_trees/fe_develop_5567e2733/benchmark/attention_inference/benchmark_single_attention.py"", line 167, in setup_cudnn
    return setup_cudnn_fp8(args, cudnn, oss=oss)
           ^^^^^^^^^^^^^^^^^^^^^^^^^^^^^^^^^^^^^
  File ""/home/scratch.yanxu_gpu/fe-sites/computelab_trees/fe_develop_5567e2733/benchmark/attention_inference/benchmark_single_attention.py"", line 336, in setup_cudnn_fp8
    graph.check_support()
  File ""/home/scratch.yanxu_gpu/fe-sites/computelab_trees/fe_develop_5567e2733/python/cudnn/_pygraph.py"", line 1547, in check_support
    self._lowered_graph.check_support()
cudnn._compiled_module.cudnnGraphNotSupportedError: [cudnn_frontend] Error: No execution plans support the graph.",,,
deepseek_v4,dsv4_flash,generation,cudnn_oss,bfloat16,bfloat16,1,2,131072,64,1,512,512,mla_absorbed,,64,0.232894,147.534,577.43,7.2179,20,True,,NVIDIA B200,cudnn_oss plan=sdpa_fwd_prefill_sm100[PACK_GQA=1; SCHED_POLICY=0; SPLIT_KV=64; TILE_CGA_M=2; TILE_M=128; TILE_N=128],
deepseek_v4,dsv4_flash,generation,cudnn_oss,bfloat16,fp8_e4m3,1,2,131072,64,1,512,512,mla_absorbed,,64,inf,0.0,0.0,,20,False,"                 ^^^^^^^^^^^^^^^^^^^^^^^^^^^^^^^^^
  File ""/home/scratch.yanxu_gpu/fe-sites/computelab_trees/fe_develop_5567e2733/benchmark/attention_inference/benchmark_single_attention.py"", line 270, in setup_cudnn_oss
    return setup_cudnn(args, dtype, oss=True)
           ^^^^^^^^^^^^^^^^^^^^^^^^^^^^^^^^^^
  File ""/home/scratch.yanxu_gpu/fe-sites/computelab_trees/fe_develop_5567e2733/benchmark/attention_inference/benchmark_single_attention.py"", line 167, in setup_cudnn
    return setup_cudnn_fp8(args, cudnn, oss=oss)
           ^^^^^^^^^^^^^^^^^^^^^^^^^^^^^^^^^^^^^
  File ""/home/scratch.yanxu_gpu/fe-sites/computelab_trees/fe_develop_5567e2733/benchmark/attention_inference/benchmark_single_attention.py"", line 336, in setup_cudnn_fp8
    graph.check_support()
  File ""/home/scratch.yanxu_gpu/fe-sites/computelab_trees/fe_develop_5567e2733/python/cudnn/_pygraph.py"", line 1547, in check_support
    self._lowered_graph.check_support()
cudnn._compiled_module.cudnnGraphNotSupportedError: [cudnn_frontend] Error: No execution plans support the graph.",,,
deepseek_v4,dsv4_flash,generation,cudnn_oss,bfloat16,bfloat16,128,2,131072,64,1,512,512,mla_absorbed,,64,6.734015,653.109,2556.19,31.9524,20,True,,NVIDIA B200,cudnn_oss plan=sdpa_fwd_prefill_sm100[PACK_GQA=1; SCHED_POLICY=0; SPLIT_KV=4; TILE_CGA_M=2; TILE_M=128; TILE_N=128],
deepseek_v4,dsv4_flash,generation,cudnn_oss,bfloat16,fp8_e4m3,128,2,131072,64,1,512,512,mla_absorbed,,64,inf,0.0,0.0,,20,False,"                 ^^^^^^^^^^^^^^^^^^^^^^^^^^^^^^^^^
  File ""/home/scratch.yanxu_gpu/fe-sites/computelab_trees/fe_develop_5567e2733/benchmark/attention_inference/benchmark_single_attention.py"", line 270, in setup_cudnn_oss
    return setup_cudnn(args, dtype, oss=True)
           ^^^^^^^^^^^^^^^^^^^^^^^^^^^^^^^^^^
  File ""/home/scratch.yanxu_gpu/fe-sites/computelab_trees/fe_develop_5567e2733/benchmark/attention_inference/benchmark_single_attention.py"", line 167, in setup_cudnn
    return setup_cudnn_fp8(args, cudnn, oss=oss)
           ^^^^^^^^^^^^^^^^^^^^^^^^^^^^^^^^^^^^^
  File ""/home/scratch.yanxu_gpu/fe-sites/computelab_trees/fe_develop_5567e2733/benchmark/attention_inference/benchmark_single_attention.py"", line 336, in setup_cudnn_fp8
    graph.check_support()
  File ""/home/scratch.yanxu_gpu/fe-sites/computelab_trees/fe_develop_5567e2733/python/cudnn/_pygraph.py"", line 1547, in check_support
    self._lowered_graph.check_support()
cudnn._compiled_module.cudnnGraphNotSupportedError: [cudnn_frontend] Error: No execution plans support the graph.",,,
deepseek_v4,dsv4_flash,generation,cudnn_oss,bfloat16,bfloat16,1,3,131072,64,1,512,512,mla_absorbed,,64,0.241563,213.359,557.25,6.9656,20,True,,NVIDIA B200,cudnn_oss plan=sdpa_fwd_prefill_sm100[PACK_GQA=1; SCHED_POLICY=0; SPLIT_KV=64; TILE_CGA_M=2; TILE_M=128; TILE_N=128],
deepseek_v4,dsv4_flash,generation,cudnn_oss,bfloat16,fp8_e4m3,1,3,131072,64,1,512,512,mla_absorbed,,64,inf,0.0,0.0,,20,False,"                 ^^^^^^^^^^^^^^^^^^^^^^^^^^^^^^^^^
  File ""/home/scratch.yanxu_gpu/fe-sites/computelab_trees/fe_develop_5567e2733/benchmark/attention_inference/benchmark_single_attention.py"", line 270, in setup_cudnn_oss
    return setup_cudnn(args, dtype, oss=True)
           ^^^^^^^^^^^^^^^^^^^^^^^^^^^^^^^^^^
  File ""/home/scratch.yanxu_gpu/fe-sites/computelab_trees/fe_develop_5567e2733/benchmark/attention_inference/benchmark_single_attention.py"", line 167, in setup_cudnn
    return setup_cudnn_fp8(args, cudnn, oss=oss)
           ^^^^^^^^^^^^^^^^^^^^^^^^^^^^^^^^^^^^^
  File ""/home/scratch.yanxu_gpu/fe-sites/computelab_trees/fe_develop_5567e2733/benchmark/attention_inference/benchmark_single_attention.py"", line 336, in setup_cudnn_fp8
    graph.check_support()
  File ""/home/scratch.yanxu_gpu/fe-sites/computelab_trees/fe_develop_5567e2733/python/cudnn/_pygraph.py"", line 1547, in check_support
    self._lowered_graph.check_support()
cudnn._compiled_module.cudnnGraphNotSupportedError: [cudnn_frontend] Error: No execution plans support the graph.",,,
deepseek_v4,dsv4_flash,generation,cudnn_oss,bfloat16,bfloat16,128,3,131072,64,1,512,512,mla_absorbed,,64,6.993452,943.321,2463.762,30.797,20,True,,NVIDIA B200,cudnn_oss plan=sdpa_fwd_prefill_sm100[PACK_GQA=1; SCHED_POLICY=0; SPLIT_KV=4; TILE_CGA_M=2; TILE_M=128; TILE_N=128],
deepseek_v4,dsv4_flash,generation,cudnn_oss,bfloat16,fp8_e4m3,128,3,131072,64,1,512,512,mla_absorbed,,64,inf,0.0,0.0,,20,False,"                 ^^^^^^^^^^^^^^^^^^^^^^^^^^^^^^^^^
  File ""/home/scratch.yanxu_gpu/fe-sites/computelab_trees/fe_develop_5567e2733/benchmark/attention_inference/benchmark_single_attention.py"", line 270, in setup_cudnn_oss
    return setup_cudnn(args, dtype, oss=True)
           ^^^^^^^^^^^^^^^^^^^^^^^^^^^^^^^^^^
  File ""/home/scratch.yanxu_gpu/fe-sites/computelab_trees/fe_develop_5567e2733/benchmark/attention_inference/benchmark_single_attention.py"", line 167, in setup_cudnn
    return setup_cudnn_fp8(args, cudnn, oss=oss)
           ^^^^^^^^^^^^^^^^^^^^^^^^^^^^^^^^^^^^^
  File ""/home/scratch.yanxu_gpu/fe-sites/computelab_trees/fe_develop_5567e2733/benchmark/attention_inference/benchmark_single_attention.py"", line 336, in setup_cudnn_fp8
    graph.check_support()
  File ""/home/scratch.yanxu_gpu/fe-sites/computelab_trees/fe_develop_5567e2733/python/cudnn/_pygraph.py"", line 1547, in check_support
    self._lowered_graph.check_support()
cudnn._compiled_module.cudnnGraphNotSupportedError: [cudnn_frontend] Error: No execution plans support the graph.",,,
deepseek_v4,dsv4_flash,generation,cudnn_oss,bfloat16,bfloat16,1,4,131072,64,1,512,512,mla_absorbed,,64,0.243683,282.004,552.94,6.9117,20,True,,NVIDIA B200,cudnn_oss plan=sdpa_fwd_prefill_sm100[PACK_GQA=1; SCHED_POLICY=0; SPLIT_KV=64; TILE_CGA_M=2; TILE_M=128; TILE_N=128],
deepseek_v4,dsv4_flash,generation,cudnn_oss,bfloat16,fp8_e4m3,1,4,131072,64,1,512,512,mla_absorbed,,64,inf,0.0,0.0,,20,False,"                 ^^^^^^^^^^^^^^^^^^^^^^^^^^^^^^^^^
  File ""/home/scratch.yanxu_gpu/fe-sites/computelab_trees/fe_develop_5567e2733/benchmark/attention_inference/benchmark_single_attention.py"", line 270, in setup_cudnn_oss
    return setup_cudnn(args, dtype, oss=True)
           ^^^^^^^^^^^^^^^^^^^^^^^^^^^^^^^^^^
  File ""/home/scratch.yanxu_gpu/fe-sites/computelab_trees/fe_develop_5567e2733/benchmark/attention_inference/benchmark_single_attention.py"", line 167, in setup_cudnn
    return setup_cudnn_fp8(args, cudnn, oss=oss)
           ^^^^^^^^^^^^^^^^^^^^^^^^^^^^^^^^^^^^^
  File ""/home/scratch.yanxu_gpu/fe-sites/computelab_trees/fe_develop_5567e2733/benchmark/attention_inference/benchmark_single_attention.py"", line 336, in setup_cudnn_fp8
    graph.check_support()
  File ""/home/scratch.yanxu_gpu/fe-sites/computelab_trees/fe_develop_5567e2733/python/cudnn/_pygraph.py"", line 1547, in check_support
    self._lowered_graph.check_support()
cudnn._compiled_module.cudnnGraphNotSupportedError: [cudnn_frontend] Error: No execution plans support the graph.",,,
deepseek_v4,dsv4_flash,generation,cudnn_oss,bfloat16,bfloat16,128,4,131072,64,1,512,512,mla_absorbed,,64,7.194481,1222.617,2397.251,29.9656,20,True,,NVIDIA B200,cudnn_oss plan=sdpa_fwd_prefill_sm100[PACK_GQA=1; SCHED_POLICY=0; SPLIT_KV=4; TILE_CGA_M=2; TILE_M=128; TILE_N=128],
deepseek_v4,dsv4_flash,generation,cudnn_oss,bfloat16,fp8_e4m3,128,4,131072,64,1,512,512,mla_absorbed,,64,inf,0.0,0.0,,20,False,"                 ^^^^^^^^^^^^^^^^^^^^^^^^^^^^^^^^^
  File ""/home/scratch.yanxu_gpu/fe-sites/computelab_trees/fe_develop_5567e2733/benchmark/attention_inference/benchmark_single_attention.py"", line 270, in setup_cudnn_oss
    return setup_cudnn(args, dtype, oss=True)
           ^^^^^^^^^^^^^^^^^^^^^^^^^^^^^^^^^^
  File ""/home/scratch.yanxu_gpu/fe-sites/computelab_trees/fe_develop_5567e2733/benchmark/attention_inference/benchmark_single_attention.py"", line 167, in setup_cudnn
    return setup_cudnn_fp8(args, cudnn, oss=oss)
           ^^^^^^^^^^^^^^^^^^^^^^^^^^^^^^^^^^^^^
  File ""/home/scratch.yanxu_gpu/fe-sites/computelab_trees/fe_develop_5567e2733/benchmark/attention_inference/benchmark_single_attention.py"", line 336, in setup_cudnn_fp8
    graph.check_support()
  File ""/home/scratch.yanxu_gpu/fe-sites/computelab_trees/fe_develop_5567e2733/python/cudnn/_pygraph.py"", line 1547, in check_support
    self._lowered_graph.check_support()
cudnn._compiled_module.cudnnGraphNotSupportedError: [cudnn_frontend] Error: No execution plans support the graph.",,,
deepseek_v4,dsv4_flash-tp2,context,cudnn,bfloat16,bfloat16,1,2048,2048,32,1,512,512,mla_absorbed,,64,0.275485,498.898,494.818,6.1852,20,True,,NVIDIA B200,cudnn 9.27.0,
deepseek_v4,dsv4_flash-tp2,context,cudnn,bfloat16,bfloat16,1,8192,8192,32,1,512,512,mla_absorbed,,64,4.059527,541.694,134.316,1.679,20,True,,NVIDIA B200,cudnn 9.27.0,
deepseek_v4,dsv4_flash-tp2,context,cudnn,bfloat16,bfloat16,1,512,65536,32,1,512,512,mla_absorbed,,64,4.222427,520.796,23.84,0.298,20,True,,NVIDIA B200,cudnn 9.27.0,
deepseek_v4,dsv4_flash-tp2,context,cudnn,bfloat16,bfloat16,1,512,131072,32,1,512,512,mla_absorbed,,64,8.717985,504.48,19.244,0.2406,20,True,,NVIDIA B200,cudnn 9.27.0,
deepseek_v4,dsv4_flash-tp2,context,cudnn,bfloat16,bfloat16,1,1024,65536,32,1,512,512,mla_absorbed,,64,8.826129,498.298,15.207,0.1901,20,True,,NVIDIA B200,cudnn 9.27.0,
deepseek_v4,dsv4_flash-tp2,context,cudnn,bfloat16,bfloat16,1,1024,131072,32,1,512,512,mla_absorbed,,64,18.348636,479.387,10.972,0.1372,20,True,,NVIDIA B200,cudnn 9.27.0,
deepseek_v4,dsv4_flash-tp2,generation,cudnn,bfloat16,bfloat16,1,1,131072,32,1,512,512,mla_absorbed,,64,0.199232,43.115,674.004,8.4251,20,True,,NVIDIA B200,cudnn 9.27.0,
deepseek_v4,dsv4_flash-tp2,generation,cudnn,bfloat16,fp8_e4m3,1,1,131072,32,1,512,512,mla_absorbed,,64,inf,0.0,0.0,,20,False,"Warning: CUDNN_STATUS_NOT_SUPPORTED_GRAPH_PATTERN; Reason: process_knob_choices()
Warning: CUDNN_STATUS_NOT_SUPPORTED; Reason: (CUDNN_STATUS_NOT_INITIALIZED == status) || (CUDNN_STATUS_NOT_SUPPORTED == ((status) / 1000 * 1000))
Warning: CUDNN_STATUS_NOT_SUPPORTED; Reason: ptr->isSupported()
Warning: CUDNN_STATUS_NOT_SUPPORTED; Reason: finalize_internal()

{""engineId"":18,""smVersion"":1000,""knobChoices"":{""CUDNN_KNOB_TYPE_KERNEL_CFG"":-1,""CUDNN_KNOB_TYPE_TILE_CGA_M"":-1,""CUDNN_KNOB_TYPE_STREAM_K"":-1,""CUDNN_KNOB_TYPE_TILE_M"":-1,""CUDNN_KNOB_TYPE_TILE_N"":-1}}
Warning: CUDNN_STATUS_NOT_SUPPORTED_ARCH_MISMATCH; Reason: only Rubin is supported for this engine at: !(1070 <= deviceVer && deviceVer < 1100)
Warning: CUDNN_STATUS_NOT_SUPPORTED; Reason: (CUDNN_STATUS_NOT_INITIALIZED == status) || (CUDNN_STATUS_NOT_SUPPORTED == ((status) / 1000 * 1000))
Warning: CUDNN_STATUS_NOT_SUPPORTED; Reason: ptr->isSupported()
Warning: CUDNN_STATUS_NOT_SUPPORTED; Reason: finalize_internal()

)",,,
deepseek_v4,dsv4_flash-tp2,generation,cudnn,bfloat16,bfloat16,128,1,131072,32,1,512,512,mla_absorbed,,64,22.623404,48.601,759.756,9.4969,20,True,,NVIDIA B200,cudnn 9.27.0,
deepseek_v4,dsv4_flash-tp2,generation,cudnn,bfloat16,fp8_e4m3,128,1,131072,32,1,512,512,mla_absorbed,,64,inf,0.0,0.0,,20,False,"Warning: CUDNN_STATUS_NOT_SUPPORTED_GRAPH_PATTERN; Reason: process_knob_choices()
Warning: CUDNN_STATUS_NOT_SUPPORTED; Reason: (CUDNN_STATUS_NOT_INITIALIZED == status) || (CUDNN_STATUS_NOT_SUPPORTED == ((status) / 1000 * 1000))
Warning: CUDNN_STATUS_NOT_SUPPORTED; Reason: ptr->isSupported()
Warning: CUDNN_STATUS_NOT_SUPPORTED; Reason: finalize_internal()

{""engineId"":18,""smVersion"":1000,""knobChoices"":{""CUDNN_KNOB_TYPE_KERNEL_CFG"":-1,""CUDNN_KNOB_TYPE_TILE_CGA_M"":-1,""CUDNN_KNOB_TYPE_STREAM_K"":-1,""CUDNN_KNOB_TYPE_TILE_M"":-1,""CUDNN_KNOB_TYPE_TILE_N"":-1}}
Warning: CUDNN_STATUS_NOT_SUPPORTED_ARCH_MISMATCH; Reason: only Rubin is supported for this engine at: !(1070 <= deviceVer && deviceVer < 1100)
Warning: CUDNN_STATUS_NOT_SUPPORTED; Reason: (CUDNN_STATUS_NOT_INITIALIZED == status) || (CUDNN_STATUS_NOT_SUPPORTED == ((status) / 1000 * 1000))
Warning: CUDNN_STATUS_NOT_SUPPORTED; Reason: ptr->isSupported()
Warning: CUDNN_STATUS_NOT_SUPPORTED; Reason: finalize_internal()

)",,,
deepseek_v4,dsv4_flash-tp2,generation,cudnn,bfloat16,bfloat16,1,2,131072,32,1,512,512,mla_absorbed,,64,10.906665,1.575,12.318,0.154,20,True,,NVIDIA B200,cudnn 9.27.0,
deepseek_v4,dsv4_flash-tp2,generation,cudnn,bfloat16,fp8_e4m3,1,2,131072,32,1,512,512,mla_absorbed,,64,3.144751,5.463,21.361,0.267,20,True,,NVIDIA B200,cudnn fp8 9.27.0,
deepseek_v4,dsv4_flash-tp2,generation,cudnn,bfloat16,bfloat16,128,2,131072,32,1,512,512,mla_absorbed,,64,667.627787,3.294,25.758,0.322,20,True,,NVIDIA B200,cudnn 9.27.0,
deepseek_v4,dsv4_flash-tp2,generation,cudnn,bfloat16,fp8_e4m3,128,2,131072,32,1,512,512,mla_absorbed,,64,379.208774,5.799,22.674,0.2834,20,True,,NVIDIA B200,cudnn fp8 9.27.0,
deepseek_v4,dsv4_flash-tp2,generation,cudnn,bfloat16,bfloat16,1,3,131072,32,1,512,512,mla_absorbed,,64,10.899795,2.364,12.332,0.1541,20,True,,NVIDIA B200,cudnn 9.27.0,
deepseek_v4,dsv4_flash-tp2,generation,cudnn,bfloat16,fp8_e4m3,1,3,131072,32,1,512,512,mla_absorbed,,64,3.157028,8.163,21.288,0.2661,20,True,,NVIDIA B200,cudnn fp8 9.27.0,
deepseek_v4,dsv4_flash-tp2,generation,cudnn,bfloat16,bfloat16,128,3,131072,32,1,512,512,mla_absorbed,,64,666.724429,4.947,25.805,0.3226,20,True,,NVIDIA B200,cudnn 9.27.0,
deepseek_v4,dsv4_flash-tp2,generation,cudnn,bfloat16,fp8_e4m3,128,3,131072,32,1,512,512,mla_absorbed,,64,382.742023,8.618,22.476,0.281,20,True,,NVIDIA B200,cudnn fp8 9.27.0,
deepseek_v4,dsv4_flash-tp2,generation,cudnn,bfloat16,bfloat16,1,4,131072,32,1,512,512,mla_absorbed,,64,10.896077,3.153,12.342,0.1543,20,True,,NVIDIA B200,cudnn 9.27.0,
deepseek_v4,dsv4_flash-tp2,generation,cudnn,bfloat16,fp8_e4m3,1,4,131072,32,1,512,512,mla_absorbed,,64,3.219663,10.672,20.884,0.2611,20,True,,NVIDIA B200,cudnn fp8 9.27.0,
deepseek_v4,dsv4_flash-tp2,generation,cudnn,bfloat16,bfloat16,128,4,131072,32,1,512,512,mla_absorbed,,64,666.487871,6.599,25.827,0.3228,20,True,,NVIDIA B200,cudnn 9.27.0,
deepseek_v4,dsv4_flash-tp2,generation,cudnn,bfloat16,fp8_e4m3,128,4,131072,32,1,512,512,mla_absorbed,,64,375.772952,11.704,22.904,0.2863,20,True,,NVIDIA B200,cudnn fp8 9.27.0,
deepseek_v4,dsv4_flash-tp2,context,cudnn_oss,bfloat16,bfloat16,1,2048,2048,32,1,512,512,mla_absorbed,,64,0.151647,906.308,898.896,11.2362,20,True,,NVIDIA B200,cudnn_oss plan=sdpa_fwd_prefill_sm100[PACK_GQA=0; SCHED_POLICY=2; SPLIT_KV=1; TILE_CGA_M=2; TILE_M=128; TILE_N=128],
deepseek_v4,dsv4_flash-tp2,context,cudnn_oss,bfloat16,bfloat16,1,8192,8192,32,1,512,512,mla_absorbed,,64,1.615001,1361.623,337.622,4.2203,20,True,,NVIDIA B200,cudnn_oss plan=sdpa_fwd_prefill_sm100[PACK_GQA=0; SCHED_POLICY=2; SPLIT_KV=1; TILE_CGA_M=2; TILE_M=128; TILE_N=128],
deepseek_v4,dsv4_flash-tp2,context,cudnn_oss,bfloat16,bfloat16,1,512,65536,32,1,512,512,mla_absorbed,,64,1.466525,1499.479,68.641,0.858,20,True,,NVIDIA B200,cudnn_oss plan=sdpa_fwd_prefill_sm100[PACK_GQA=0; SCHED_POLICY=1; SPLIT_KV=1; TILE_CGA_M=2; TILE_M=128; TILE_N=128],
deepseek_v4,dsv4_flash-tp2,context,cudnn_oss,bfloat16,bfloat16,1,512,131072,32,1,512,512,mla_absorbed,,64,2.92111,1505.608,57.434,0.7179,20,True,,NVIDIA B200,cudnn_oss plan=sdpa_fwd_prefill_sm100[PACK_GQA=0; SCHED_POLICY=1; SPLIT_KV=1; TILE_CGA_M=2; TILE_M=128; TILE_N=128],
deepseek_v4,dsv4_flash-tp2,context,cudnn_oss,bfloat16,bfloat16,1,1024,65536,32,1,512,512,mla_absorbed,,64,2.92315,1504.557,45.915,0.5739,20,True,,NVIDIA B200,cudnn_oss plan=sdpa_fwd_prefill_sm100[PACK_GQA=0; SCHED_POLICY=1; SPLIT_KV=1; TILE_CGA_M=2; TILE_M=128; TILE_N=128],
deepseek_v4,dsv4_flash-tp2,context,cudnn_oss,bfloat16,bfloat16,1,1024,131072,32,1,512,512,mla_absorbed,,64,6.473755,1358.731,31.099,0.3887,20,True,,NVIDIA B200,cudnn_oss plan=sdpa_fwd_prefill_sm100[PACK_GQA=0; SCHED_POLICY=0; SPLIT_KV=4; TILE_CGA_M=2; TILE_M=128; TILE_N=128],
deepseek_v4,dsv4_flash-tp2,generation,cudnn_oss,bfloat16,bfloat16,1,1,131072,32,1,512,512,mla_absorbed,,64,0.173471,49.518,774.096,9.6762,20,True,,NVIDIA B200,cudnn_oss plan=sdpa_fwd_prefill_sm100[PACK_GQA=1; SCHED_POLICY=0; SPLIT_KV=64; TILE_CGA_M=2; TILE_M=128; TILE_N=128],
deepseek_v4,dsv4_flash-tp2,generation,cudnn_oss,bfloat16,fp8_e4m3,1,1,131072,32,1,512,512,mla_absorbed,,64,inf,0.0,0.0,,20,False,"                 ^^^^^^^^^^^^^^^^^^^^^^^^^^^^^^^^^
  File ""/home/scratch.yanxu_gpu/fe-sites/computelab_trees/fe_develop_5567e2733/benchmark/attention_inference/benchmark_single_attention.py"", line 270, in setup_cudnn_oss
    return setup_cudnn(args, dtype, oss=True)
           ^^^^^^^^^^^^^^^^^^^^^^^^^^^^^^^^^^
  File ""/home/scratch.yanxu_gpu/fe-sites/computelab_trees/fe_develop_5567e2733/benchmark/attention_inference/benchmark_single_attention.py"", line 167, in setup_cudnn
    return setup_cudnn_fp8(args, cudnn, oss=oss)
           ^^^^^^^^^^^^^^^^^^^^^^^^^^^^^^^^^^^^^
  File ""/home/scratch.yanxu_gpu/fe-sites/computelab_trees/fe_develop_5567e2733/benchmark/attention_inference/benchmark_single_attention.py"", line 336, in setup_cudnn_fp8
    graph.check_support()
  File ""/home/scratch.yanxu_gpu/fe-sites/computelab_trees/fe_develop_5567e2733/python/cudnn/_pygraph.py"", line 1547, in check_support
    self._lowered_graph.check_support()
cudnn._compiled_module.cudnnGraphNotSupportedError: [cudnn_frontend] Error: No execution plans support the graph.",,,
deepseek_v4,dsv4_flash-tp2,generation,cudnn_oss,bfloat16,bfloat16,128,1,131072,32,1,512,512,mla_absorbed,,64,6.143312,178.977,2797.881,34.9735,20,True,,NVIDIA B200,cudnn_oss plan=sdpa_fwd_prefill_sm100[PACK_GQA=1; SCHED_POLICY=0; SPLIT_KV=4; TILE_CGA_M=2; TILE_M=128; TILE_N=128],
deepseek_v4,dsv4_flash-tp2,generation,cudnn_oss,bfloat16,fp8_e4m3,128,1,131072,32,1,512,512,mla_absorbed,,64,inf,0.0,0.0,,20,False,"                 ^^^^^^^^^^^^^^^^^^^^^^^^^^^^^^^^^
  File ""/home/scratch.yanxu_gpu/fe-sites/computelab_trees/fe_develop_5567e2733/benchmark/attention_inference/benchmark_single_attention.py"", line 270, in setup_cudnn_oss
    return setup_cudnn(args, dtype, oss=True)
           ^^^^^^^^^^^^^^^^^^^^^^^^^^^^^^^^^^
  File ""/home/scratch.yanxu_gpu/fe-sites/computelab_trees/fe_develop_5567e2733/benchmark/attention_inference/benchmark_single_attention.py"", line 167, in setup_cudnn
    return setup_cudnn_fp8(args, cudnn, oss=oss)
           ^^^^^^^^^^^^^^^^^^^^^^^^^^^^^^^^^^^^^
  File ""/home/scratch.yanxu_gpu/fe-sites/computelab_trees/fe_develop_5567e2733/benchmark/attention_inference/benchmark_single_attention.py"", line 336, in setup_cudnn_fp8
    graph.check_support()
  File ""/home/scratch.yanxu_gpu/fe-sites/computelab_trees/fe_develop_5567e2733/python/cudnn/_pygraph.py"", line 1547, in check_support
    self._lowered_graph.check_support()
cudnn._compiled_module.cudnnGraphNotSupportedError: [cudnn_frontend] Error: No execution plans support the graph.",,,
deepseek_v4,dsv4_flash-tp2,generation,cudnn_oss,bfloat16,bfloat16,1,2,131072,32,1,512,512,mla_absorbed,,64,0.194112,88.505,692.12,8.6515,20,True,,NVIDIA B200,cudnn_oss plan=sdpa_fwd_prefill_sm100[PACK_GQA=1; SCHED_POLICY=0; SPLIT_KV=64; TILE_CGA_M=2; TILE_M=128; TILE_N=128],
deepseek_v4,dsv4_flash-tp2,generation,cudnn_oss,bfloat16,fp8_e4m3,1,2,131072,32,1,512,512,mla_absorbed,,64,inf,0.0,0.0,,20,False,"                 ^^^^^^^^^^^^^^^^^^^^^^^^^^^^^^^^^
  File ""/home/scratch.yanxu_gpu/fe-sites/computelab_trees/fe_develop_5567e2733/benchmark/attention_inference/benchmark_single_attention.py"", line 270, in setup_cudnn_oss
    return setup_cudnn(args, dtype, oss=True)
           ^^^^^^^^^^^^^^^^^^^^^^^^^^^^^^^^^^
  File ""/home/scratch.yanxu_gpu/fe-sites/computelab_trees/fe_develop_5567e2733/benchmark/attention_inference/benchmark_single_attention.py"", line 167, in setup_cudnn
    return setup_cudnn_fp8(args, cudnn, oss=oss)
           ^^^^^^^^^^^^^^^^^^^^^^^^^^^^^^^^^^^^^
  File ""/home/scratch.yanxu_gpu/fe-sites/computelab_trees/fe_develop_5567e2733/benchmark/attention_inference/benchmark_single_attention.py"", line 336, in setup_cudnn_fp8
    graph.check_support()
  File ""/home/scratch.yanxu_gpu/fe-sites/computelab_trees/fe_develop_5567e2733/python/cudnn/_pygraph.py"", line 1547, in check_support
    self._lowered_graph.check_support()
cudnn._compiled_module.cudnnGraphNotSupportedError: [cudnn_frontend] Error: No execution plans support the graph.",,,
deepseek_v4,dsv4_flash-tp2,generation,cudnn_oss,bfloat16,bfloat16,128,2,131072,32,1,512,512,mla_absorbed,,64,6.329919,347.401,2716.725,33.9591,20,True,,NVIDIA B200,cudnn_oss plan=sdpa_fwd_prefill_sm100[PACK_GQA=1; SCHED_POLICY=0; SPLIT_KV=4; TILE_CGA_M=2; TILE_M=128; TILE_N=128],
deepseek_v4,dsv4_flash-tp2,generation,cudnn_oss,bfloat16,fp8_e4m3,128,2,131072,32,1,512,512,mla_absorbed,,64,inf,0.0,0.0,,20,False,"                 ^^^^^^^^^^^^^^^^^^^^^^^^^^^^^^^^^
  File ""/home/scratch.yanxu_gpu/fe-sites/computelab_trees/fe_develop_5567e2733/benchmark/attention_inference/benchmark_single_attention.py"", line 270, in setup_cudnn_oss
    return setup_cudnn(args, dtype, oss=True)
           ^^^^^^^^^^^^^^^^^^^^^^^^^^^^^^^^^^
  File ""/home/scratch.yanxu_gpu/fe-sites/computelab_trees/fe_develop_5567e2733/benchmark/attention_inference/benchmark_single_attention.py"", line 167, in setup_cudnn
    return setup_cudnn_fp8(args, cudnn, oss=oss)
           ^^^^^^^^^^^^^^^^^^^^^^^^^^^^^^^^^^^^^
  File ""/home/scratch.yanxu_gpu/fe-sites/computelab_trees/fe_develop_5567e2733/benchmark/attention_inference/benchmark_single_attention.py"", line 336, in setup_cudnn_fp8
    graph.check_support()
  File ""/home/scratch.yanxu_gpu/fe-sites/computelab_trees/fe_develop_5567e2733/python/cudnn/_pygraph.py"", line 1547, in check_support
    self._lowered_graph.check_support()
cudnn._compiled_module.cudnnGraphNotSupportedError: [cudnn_frontend] Error: No execution plans support the graph.",,,
deepseek_v4,dsv4_flash-tp2,generation,cudnn_oss,bfloat16,bfloat16,1,3,131072,32,1,512,512,mla_absorbed,,64,0.214236,120.287,627.412,7.8427,20,True,,NVIDIA B200,cudnn_oss plan=sdpa_fwd_prefill_sm100[PACK_GQA=1; SCHED_POLICY=0; SPLIT_KV=64; TILE_CGA_M=2; TILE_M=128; TILE_N=128],
deepseek_v4,dsv4_flash-tp2,generation,cudnn_oss,bfloat16,fp8_e4m3,1,3,131072,32,1,512,512,mla_absorbed,,64,inf,0.0,0.0,,20,False,"                 ^^^^^^^^^^^^^^^^^^^^^^^^^^^^^^^^^
  File ""/home/scratch.yanxu_gpu/fe-sites/computelab_trees/fe_develop_5567e2733/benchmark/attention_inference/benchmark_single_attention.py"", line 270, in setup_cudnn_oss
    return setup_cudnn(args, dtype, oss=True)
           ^^^^^^^^^^^^^^^^^^^^^^^^^^^^^^^^^^
  File ""/home/scratch.yanxu_gpu/fe-sites/computelab_trees/fe_develop_5567e2733/benchmark/attention_inference/benchmark_single_attention.py"", line 167, in setup_cudnn
    return setup_cudnn_fp8(args, cudnn, oss=oss)
           ^^^^^^^^^^^^^^^^^^^^^^^^^^^^^^^^^^^^^
  File ""/home/scratch.yanxu_gpu/fe-sites/computelab_trees/fe_develop_5567e2733/benchmark/attention_inference/benchmark_single_attention.py"", line 336, in setup_cudnn_fp8
    graph.check_support()
  File ""/home/scratch.yanxu_gpu/fe-sites/computelab_trees/fe_develop_5567e2733/python/cudnn/_pygraph.py"", line 1547, in check_support
    self._lowered_graph.check_support()
cudnn._compiled_module.cudnnGraphNotSupportedError: [cudnn_frontend] Error: No execution plans support the graph.",,,
deepseek_v4,dsv4_flash-tp2,generation,cudnn_oss,bfloat16,bfloat16,128,3,131072,32,1,512,512,mla_absorbed,,64,6.588761,500.631,2611.27,32.6409,20,True,,NVIDIA B200,cudnn_oss plan=sdpa_fwd_prefill_sm100[PACK_GQA=1; SCHED_POLICY=0; SPLIT_KV=4; TILE_CGA_M=2; TILE_M=128; TILE_N=128],
deepseek_v4,dsv4_flash-tp2,generation,cudnn_oss,bfloat16,fp8_e4m3,128,3,131072,32,1,512,512,mla_absorbed,,64,inf,0.0,0.0,,20,False,"                 ^^^^^^^^^^^^^^^^^^^^^^^^^^^^^^^^^
  File ""/home/scratch.yanxu_gpu/fe-sites/computelab_trees/fe_develop_5567e2733/benchmark/attention_inference/benchmark_single_attention.py"", line 270, in setup_cudnn_oss
    return setup_cudnn(args, dtype, oss=True)
           ^^^^^^^^^^^^^^^^^^^^^^^^^^^^^^^^^^
  File ""/home/scratch.yanxu_gpu/fe-sites/computelab_trees/fe_develop_5567e2733/benchmark/attention_inference/benchmark_single_attention.py"", line 167, in setup_cudnn
    return setup_cudnn_fp8(args, cudnn, oss=oss)
           ^^^^^^^^^^^^^^^^^^^^^^^^^^^^^^^^^^^^^
  File ""/home/scratch.yanxu_gpu/fe-sites/computelab_trees/fe_develop_5567e2733/benchmark/attention_inference/benchmark_single_attention.py"", line 336, in setup_cudnn_fp8
    graph.check_support()
  File ""/home/scratch.yanxu_gpu/fe-sites/computelab_trees/fe_develop_5567e2733/python/cudnn/_pygraph.py"", line 1547, in check_support
    self._lowered_graph.check_support()
cudnn._compiled_module.cudnnGraphNotSupportedError: [cudnn_frontend] Error: No execution plans support the graph.",,,
deepseek_v4,dsv4_flash-tp2,generation,cudnn_oss,bfloat16,bfloat16,1,4,131072,32,1,512,512,mla_absorbed,,64,0.234048,146.806,574.582,7.1823,20,True,,NVIDIA B200,cudnn_oss plan=sdpa_fwd_prefill_sm100[PACK_GQA=1; SCHED_POLICY=0; SPLIT_KV=64; TILE_CGA_M=2; TILE_M=128; TILE_N=128],
deepseek_v4,dsv4_flash-tp2,generation,cudnn_oss,bfloat16,fp8_e4m3,1,4,131072,32,1,512,512,mla_absorbed,,64,inf,0.0,0.0,,20,False,"                 ^^^^^^^^^^^^^^^^^^^^^^^^^^^^^^^^^
  File ""/home/scratch.yanxu_gpu/fe-sites/computelab_trees/fe_develop_5567e2733/benchmark/attention_inference/benchmark_single_attention.py"", line 270, in setup_cudnn_oss
    return setup_cudnn(args, dtype, oss=True)
           ^^^^^^^^^^^^^^^^^^^^^^^^^^^^^^^^^^
  File ""/home/scratch.yanxu_gpu/fe-sites/computelab_trees/fe_develop_5567e2733/benchmark/attention_inference/benchmark_single_attention.py"", line 167, in setup_cudnn
    return setup_cudnn_fp8(args, cudnn, oss=oss)
           ^^^^^^^^^^^^^^^^^^^^^^^^^^^^^^^^^^^^^
  File ""/home/scratch.yanxu_gpu/fe-sites/computelab_trees/fe_develop_5567e2733/benchmark/attention_inference/benchmark_single_attention.py"", line 336, in setup_cudnn_fp8
    graph.check_support()
  File ""/home/scratch.yanxu_gpu/fe-sites/computelab_trees/fe_develop_5567e2733/python/cudnn/_pygraph.py"", line 1547, in check_support
    self._lowered_graph.check_support()
cudnn._compiled_module.cudnnGraphNotSupportedError: [cudnn_frontend] Error: No execution plans support the graph.",,,
deepseek_v4,dsv4_flash-tp2,generation,cudnn_oss,bfloat16,bfloat16,128,4,131072,32,1,512,512,mla_absorbed,,64,6.752173,651.353,2549.316,31.8665,20,True,,NVIDIA B200,cudnn_oss plan=sdpa_fwd_prefill_sm100[PACK_GQA=1; SCHED_POLICY=0; SPLIT_KV=4; TILE_CGA_M=2; TILE_M=128; TILE_N=128],
deepseek_v4,dsv4_flash-tp2,generation,cudnn_oss,bfloat16,fp8_e4m3,128,4,131072,32,1,512,512,mla_absorbed,,64,inf,0.0,0.0,,20,False,"                 ^^^^^^^^^^^^^^^^^^^^^^^^^^^^^^^^^
  File ""/home/scratch.yanxu_gpu/fe-sites/computelab_trees/fe_develop_5567e2733/benchmark/attention_inference/benchmark_single_attention.py"", line 270, in setup_cudnn_oss
    return setup_cudnn(args, dtype, oss=True)
           ^^^^^^^^^^^^^^^^^^^^^^^^^^^^^^^^^^
  File ""/home/scratch.yanxu_gpu/fe-sites/computelab_trees/fe_develop_5567e2733/benchmark/attention_inference/benchmark_single_attention.py"", line 167, in setup_cudnn
    return setup_cudnn_fp8(args, cudnn, oss=oss)
           ^^^^^^^^^^^^^^^^^^^^^^^^^^^^^^^^^^^^^
  File ""/home/scratch.yanxu_gpu/fe-sites/computelab_trees/fe_develop_5567e2733/benchmark/attention_inference/benchmark_single_attention.py"", line 336, in setup_cudnn_fp8
    graph.check_support()
  File ""/home/scratch.yanxu_gpu/fe-sites/computelab_trees/fe_develop_5567e2733/python/cudnn/_pygraph.py"", line 1547, in check_support
    self._lowered_graph.check_support()
cudnn._compiled_module.cudnnGraphNotSupportedError: [cudnn_frontend] Error: No execution plans support the graph.",,,
deepseek_v4,dsv4_flash-tp4,context,cudnn,bfloat16,bfloat16,1,2048,2048,16,1,512,512,mla_absorbed,,64,0.137216,500.812,504.358,6.3045,20,True,,NVIDIA B200,cudnn 9.27.0,
deepseek_v4,dsv4_flash-tp4,context,cudnn,bfloat16,bfloat16,1,8192,8192,16,1,512,512,mla_absorbed,,64,2.003975,548.665,138.137,1.7267,20,True,,NVIDIA B200,cudnn 9.27.0,
deepseek_v4,dsv4_flash-tp4,context,cudnn,bfloat16,bfloat16,1,512,65536,16,1,512,512,mla_absorbed,,64,2.118823,518.926,39.591,0.4949,20,True,,NVIDIA B200,cudnn 9.27.0,
deepseek_v4,dsv4_flash-tp4,context,cudnn,bfloat16,bfloat16,1,512,131072,16,1,512,512,mla_absorbed,,64,4.226348,520.313,35.727,0.4466,20,True,,NVIDIA B200,cudnn 9.27.0,
deepseek_v4,dsv4_flash-tp4,context,cudnn,bfloat16,bfloat16,1,1024,65536,16,1,512,512,mla_absorbed,,64,4.218352,521.299,23.863,0.2983,20,True,,NVIDIA B200,cudnn 9.27.0,
deepseek_v4,dsv4_flash-tp4,context,cudnn,bfloat16,bfloat16,1,1024,131072,16,1,512,512,mla_absorbed,,64,8.67005,507.269,19.351,0.2419,20,True,,NVIDIA B200,cudnn 9.27.0,
deepseek_v4,dsv4_flash-tp4,generation,cudnn,bfloat16,bfloat16,1,1,131072,16,1,512,512,mla_absorbed,,64,0.109152,39.348,1229.941,15.3743,20,True,,NVIDIA B200,cudnn 9.27.0,
deepseek_v4,dsv4_flash-tp4,generation,cudnn,bfloat16,fp8_e4m3,1,1,131072,16,1,512,512,mla_absorbed,,64,inf,0.0,0.0,,20,False,"Warning: CUDNN_STATUS_NOT_SUPPORTED_GRAPH_PATTERN; Reason: process_knob_choices()
Warning: CUDNN_STATUS_NOT_SUPPORTED; Reason: (CUDNN_STATUS_NOT_INITIALIZED == status) || (CUDNN_STATUS_NOT_SUPPORTED == ((status) / 1000 * 1000))
Warning: CUDNN_STATUS_NOT_SUPPORTED; Reason: ptr->isSupported()
Warning: CUDNN_STATUS_NOT_SUPPORTED; Reason: finalize_internal()

{""engineId"":18,""smVersion"":1000,""knobChoices"":{""CUDNN_KNOB_TYPE_KERNEL_CFG"":-1,""CUDNN_KNOB_TYPE_TILE_CGA_M"":-1,""CUDNN_KNOB_TYPE_STREAM_K"":-1,""CUDNN_KNOB_TYPE_TILE_M"":-1,""CUDNN_KNOB_TYPE_TILE_N"":-1}}
Warning: CUDNN_STATUS_NOT_SUPPORTED_ARCH_MISMATCH; Reason: only Rubin is supported for this engine at: !(1070 <= deviceVer && deviceVer < 1100)
Warning: CUDNN_STATUS_NOT_SUPPORTED; Reason: (CUDNN_STATUS_NOT_INITIALIZED == status) || (CUDNN_STATUS_NOT_SUPPORTED == ((status) / 1000 * 1000))
Warning: CUDNN_STATUS_NOT_SUPPORTED; Reason: ptr->isSupported()
Warning: CUDNN_STATUS_NOT_SUPPORTED; Reason: finalize_internal()

)",,,
deepseek_v4,dsv4_flash-tp4,generation,cudnn,bfloat16,bfloat16,128,1,131072,16,1,512,512,mla_absorbed,,64,12.116259,45.373,1418.265,17.7283,20,True,,NVIDIA B200,cudnn 9.27.0,
deepseek_v4,dsv4_flash-tp4,generation,cudnn,bfloat16,fp8_e4m3,128,1,131072,16,1,512,512,mla_absorbed,,64,inf,0.0,0.0,,20,False,"Warning: CUDNN_STATUS_NOT_SUPPORTED_GRAPH_PATTERN; Reason: process_knob_choices()
Warning: CUDNN_STATUS_NOT_SUPPORTED; Reason: (CUDNN_STATUS_NOT_INITIALIZED == status) || (CUDNN_STATUS_NOT_SUPPORTED == ((status) / 1000 * 1000))
Warning: CUDNN_STATUS_NOT_SUPPORTED; Reason: ptr->isSupported()
Warning: CUDNN_STATUS_NOT_SUPPORTED; Reason: finalize_internal()

{""engineId"":18,""smVersion"":1000,""knobChoices"":{""CUDNN_KNOB_TYPE_KERNEL_CFG"":-1,""CUDNN_KNOB_TYPE_TILE_CGA_M"":-1,""CUDNN_KNOB_TYPE_STREAM_K"":-1,""CUDNN_KNOB_TYPE_TILE_M"":-1,""CUDNN_KNOB_TYPE_TILE_N"":-1}}
Warning: CUDNN_STATUS_NOT_SUPPORTED_ARCH_MISMATCH; Reason: only Rubin is supported for this engine at: !(1070 <= deviceVer && deviceVer < 1100)
Warning: CUDNN_STATUS_NOT_SUPPORTED; Reason: (CUDNN_STATUS_NOT_INITIALIZED == status) || (CUDNN_STATUS_NOT_SUPPORTED == ((status) / 1000 * 1000))
Warning: CUDNN_STATUS_NOT_SUPPORTED; Reason: ptr->isSupported()
Warning: CUDNN_STATUS_NOT_SUPPORTED; Reason: finalize_internal()

)",,,
deepseek_v4,dsv4_flash-tp4,generation,cudnn,bfloat16,bfloat16,1,2,131072,16,1,512,512,mla_absorbed,,64,10.874394,0.79,12.349,0.1544,20,True,,NVIDIA B200,cudnn 9.27.0,
deepseek_v4,dsv4_flash-tp4,generation,cudnn,bfloat16,fp8_e4m3,1,2,131072,16,1,512,512,mla_absorbed,,64,3.043046,2.823,22.064,0.2758,20,True,,NVIDIA B200,cudnn fp8 9.27.0,
deepseek_v4,dsv4_flash-tp4,generation,cudnn,bfloat16,bfloat16,128,2,131072,16,1,512,512,mla_absorbed,,64,330.080201,3.331,52.073,0.6509,20,True,,NVIDIA B200,cudnn 9.27.0,
deepseek_v4,dsv4_flash-tp4,generation,cudnn,bfloat16,fp8_e4m3,128,2,131072,16,1,512,512,mla_absorbed,,64,190.155084,5.782,45.195,0.5649,20,True,,NVIDIA B200,cudnn fp8 9.27.0,
deepseek_v4,dsv4_flash-tp4,generation,cudnn,bfloat16,bfloat16,1,3,131072,16,1,512,512,mla_absorbed,,64,10.866095,1.186,12.361,0.1545,20,True,,NVIDIA B200,cudnn 9.27.0,
deepseek_v4,dsv4_flash-tp4,generation,cudnn,bfloat16,fp8_e4m3,1,3,131072,16,1,512,512,mla_absorbed,,64,3.041658,4.236,22.079,0.276,20,True,,NVIDIA B200,cudnn fp8 9.27.0,
deepseek_v4,dsv4_flash-tp4,generation,cudnn,bfloat16,bfloat16,128,3,131072,16,1,512,512,mla_absorbed,,64,329.079862,5.012,52.244,0.6531,20,True,,NVIDIA B200,cudnn 9.27.0,
deepseek_v4,dsv4_flash-tp4,generation,cudnn,bfloat16,fp8_e4m3,128,3,131072,16,1,512,512,mla_absorbed,,64,191.50281,8.612,44.888,0.5611,20,True,,NVIDIA B200,cudnn fp8 9.27.0,
deepseek_v4,dsv4_flash-tp4,generation,cudnn,bfloat16,bfloat16,1,4,131072,16,1,512,512,mla_absorbed,,64,10.860363,1.582,12.371,0.1546,20,True,,NVIDIA B200,cudnn 9.27.0,
deepseek_v4,dsv4_flash-tp4,generation,cudnn,bfloat16,fp8_e4m3,1,4,131072,16,1,512,512,mla_absorbed,,64,3.042614,5.646,22.078,0.276,20,True,,NVIDIA B200,cudnn fp8 9.27.0,
deepseek_v4,dsv4_flash-tp4,generation,cudnn,bfloat16,bfloat16,128,4,131072,16,1,512,512,mla_absorbed,,64,329.344264,6.677,52.215,0.6527,20,True,,NVIDIA B200,cudnn 9.27.0,
deepseek_v4,dsv4_flash-tp4,generation,cudnn,bfloat16,fp8_e4m3,128,4,131072,16,1,512,512,mla_absorbed,,64,186.168029,11.812,46.186,0.5773,20,True,,NVIDIA B200,cudnn fp8 9.27.0,
deepseek_v4,dsv4_flash-tp4,context,cudnn_oss,bfloat16,bfloat16,1,2048,2048,16,1,512,512,mla_absorbed,,64,0.082272,835.272,841.186,10.5148,20,True,,NVIDIA B200,cudnn_oss plan=sdpa_fwd_prefill_sm100[PACK_GQA=0; SCHED_POLICY=2; SPLIT_KV=1; TILE_CGA_M=2; TILE_M=128; TILE_N=128],
deepseek_v4,dsv4_flash-tp4,context,cudnn_oss,bfloat16,bfloat16,1,8192,8192,16,1,512,512,mla_absorbed,,64,0.810588,1356.437,341.51,4.2689,20,True,,NVIDIA B200,cudnn_oss plan=sdpa_fwd_prefill_sm100[PACK_GQA=0; SCHED_POLICY=2; SPLIT_KV=1; TILE_CGA_M=2; TILE_M=128; TILE_N=128],
deepseek_v4,dsv4_flash-tp4,context,cudnn_oss,bfloat16,bfloat16,1,512,65536,16,1,512,512,mla_absorbed,,64,0.809414,1358.405,103.638,1.2955,20,True,,NVIDIA B200,cudnn_oss plan=sdpa_fwd_prefill_sm100[PACK_GQA=0; SCHED_POLICY=0; SPLIT_KV=2; TILE_CGA_M=2; TILE_M=128; TILE_N=128],
deepseek_v4,dsv4_flash-tp4,context,cudnn_oss,bfloat16,bfloat16,1,512,131072,16,1,512,512,mla_absorbed,,64,1.535769,1431.871,98.319,1.229,20,True,,NVIDIA B200,cudnn_oss plan=sdpa_fwd_prefill_sm100[PACK_GQA=0; SCHED_POLICY=0; SPLIT_KV=2; TILE_CGA_M=2; TILE_M=128; TILE_N=128],
deepseek_v4,dsv4_flash-tp4,context,cudnn_oss,bfloat16,bfloat16,1,1024,65536,16,1,512,512,mla_absorbed,,64,1.462637,1503.465,68.823,0.8603,20,True,,NVIDIA B200,cudnn_oss plan=sdpa_fwd_prefill_sm100[PACK_GQA=0; SCHED_POLICY=1; SPLIT_KV=1; TILE_CGA_M=2; TILE_M=128; TILE_N=128],
deepseek_v4,dsv4_flash-tp4,context,cudnn_oss,bfloat16,bfloat16,1,1024,131072,16,1,512,512,mla_absorbed,,64,2.91704,1507.709,57.515,0.7189,20,True,,NVIDIA B200,cudnn_oss plan=sdpa_fwd_prefill_sm100[PACK_GQA=0; SCHED_POLICY=1; SPLIT_KV=1; TILE_CGA_M=2; TILE_M=128; TILE_N=128],
deepseek_v4,dsv4_flash-tp4,generation,cudnn_oss,bfloat16,bfloat16,1,1,131072,16,1,512,512,mla_absorbed,,64,0.163808,26.22,819.56,10.2445,20,True,,NVIDIA B200,cudnn_oss plan=sdpa_fwd_prefill_sm100[PACK_GQA=1; SCHED_POLICY=0; SPLIT_KV=64; TILE_CGA_M=2; TILE_M=128; TILE_N=128],
deepseek_v4,dsv4_flash-tp4,generation,cudnn_oss,bfloat16,fp8_e4m3,1,1,131072,16,1,512,512,mla_absorbed,,64,inf,0.0,0.0,,20,False,"                 ^^^^^^^^^^^^^^^^^^^^^^^^^^^^^^^^^
  File ""/home/scratch.yanxu_gpu/fe-sites/computelab_trees/fe_develop_5567e2733/benchmark/attention_inference/benchmark_single_attention.py"", line 270, in setup_cudnn_oss
    return setup_cudnn(args, dtype, oss=True)
           ^^^^^^^^^^^^^^^^^^^^^^^^^^^^^^^^^^
  File ""/home/scratch.yanxu_gpu/fe-sites/computelab_trees/fe_develop_5567e2733/benchmark/attention_inference/benchmark_single_attention.py"", line 167, in setup_cudnn
    return setup_cudnn_fp8(args, cudnn, oss=oss)
           ^^^^^^^^^^^^^^^^^^^^^^^^^^^^^^^^^^^^^
  File ""/home/scratch.yanxu_gpu/fe-sites/computelab_trees/fe_develop_5567e2733/benchmark/attention_inference/benchmark_single_attention.py"", line 336, in setup_cudnn_fp8
    graph.check_support()
  File ""/home/scratch.yanxu_gpu/fe-sites/computelab_trees/fe_develop_5567e2733/python/cudnn/_pygraph.py"", line 1547, in check_support
    self._lowered_graph.check_support()
cudnn._compiled_module.cudnnGraphNotSupportedError: [cudnn_frontend] Error: No execution plans support the graph.",,,
deepseek_v4,dsv4_flash-tp4,generation,cudnn_oss,bfloat16,bfloat16,128,1,131072,16,1,512,512,mla_absorbed,,64,6.053798,90.812,2838.559,35.482,20,True,,NVIDIA B200,cudnn_oss plan=sdpa_fwd_prefill_sm100[PACK_GQA=1; SCHED_POLICY=0; SPLIT_KV=4; TILE_CGA_M=2; TILE_M=128; TILE_N=128],
deepseek_v4,dsv4_flash-tp4,generation,cudnn_oss,bfloat16,fp8_e4m3,128,1,131072,16,1,512,512,mla_absorbed,,64,inf,0.0,0.0,,20,False,"                 ^^^^^^^^^^^^^^^^^^^^^^^^^^^^^^^^^
  File ""/home/scratch.yanxu_gpu/fe-sites/computelab_trees/fe_develop_5567e2733/benchmark/attention_inference/benchmark_single_attention.py"", line 270, in setup_cudnn_oss
    return setup_cudnn(args, dtype, oss=True)
           ^^^^^^^^^^^^^^^^^^^^^^^^^^^^^^^^^^
  File ""/home/scratch.yanxu_gpu/fe-sites/computelab_trees/fe_develop_5567e2733/benchmark/attention_inference/benchmark_single_attention.py"", line 167, in setup_cudnn
    return setup_cudnn_fp8(args, cudnn, oss=oss)
           ^^^^^^^^^^^^^^^^^^^^^^^^^^^^^^^^^^^^^
  File ""/home/scratch.yanxu_gpu/fe-sites/computelab_trees/fe_develop_5567e2733/benchmark/attention_inference/benchmark_single_attention.py"", line 336, in setup_cudnn_fp8
    graph.check_support()
  File ""/home/scratch.yanxu_gpu/fe-sites/computelab_trees/fe_develop_5567e2733/python/cudnn/_pygraph.py"", line 1547, in check_support
    self._lowered_graph.check_support()
cudnn._compiled_module.cudnnGraphNotSupportedError: [cudnn_frontend] Error: No execution plans support the graph.",,,
deepseek_v4,dsv4_flash-tp4,generation,cudnn_oss,bfloat16,bfloat16,1,2,131072,16,1,512,512,mla_absorbed,,64,0.174272,49.29,770.538,9.6317,20,True,,NVIDIA B200,cudnn_oss plan=sdpa_fwd_prefill_sm100[PACK_GQA=1; SCHED_POLICY=0; SPLIT_KV=64; TILE_CGA_M=2; TILE_M=128; TILE_N=128],
deepseek_v4,dsv4_flash-tp4,generation,cudnn_oss,bfloat16,fp8_e4m3,1,2,131072,16,1,512,512,mla_absorbed,,64,inf,0.0,0.0,,20,False,"                 ^^^^^^^^^^^^^^^^^^^^^^^^^^^^^^^^^
  File ""/home/scratch.yanxu_gpu/fe-sites/computelab_trees/fe_develop_5567e2733/benchmark/attention_inference/benchmark_single_attention.py"", line 270, in setup_cudnn_oss
    return setup_cudnn(args, dtype, oss=True)
           ^^^^^^^^^^^^^^^^^^^^^^^^^^^^^^^^^^
  File ""/home/scratch.yanxu_gpu/fe-sites/computelab_trees/fe_develop_5567e2733/benchmark/attention_inference/benchmark_single_attention.py"", line 167, in setup_cudnn
    return setup_cudnn_fp8(args, cudnn, oss=oss)
           ^^^^^^^^^^^^^^^^^^^^^^^^^^^^^^^^^^^^^
  File ""/home/scratch.yanxu_gpu/fe-sites/computelab_trees/fe_develop_5567e2733/benchmark/attention_inference/benchmark_single_attention.py"", line 336, in setup_cudnn_fp8
    graph.check_support()
  File ""/home/scratch.yanxu_gpu/fe-sites/computelab_trees/fe_develop_5567e2733/python/cudnn/_pygraph.py"", line 1547, in check_support
    self._lowered_graph.check_support()
cudnn._compiled_module.cudnnGraphNotSupportedError: [cudnn_frontend] Error: No execution plans support the graph.",,,
deepseek_v4,dsv4_flash-tp4,generation,cudnn_oss,bfloat16,bfloat16,128,2,131072,16,1,512,512,mla_absorbed,,64,6.145861,178.903,2796.721,34.959,20,True,,NVIDIA B200,cudnn_oss plan=sdpa_fwd_prefill_sm100[PACK_GQA=1; SCHED_POLICY=0; SPLIT_KV=4; TILE_CGA_M=2; TILE_M=128; TILE_N=128],
deepseek_v4,dsv4_flash-tp4,generation,cudnn_oss,bfloat16,fp8_e4m3,128,2,131072,16,1,512,512,mla_absorbed,,64,inf,0.0,0.0,,20,False,"                 ^^^^^^^^^^^^^^^^^^^^^^^^^^^^^^^^^
  File ""/home/scratch.yanxu_gpu/fe-sites/computelab_trees/fe_develop_5567e2733/benchmark/attention_inference/benchmark_single_attention.py"", line 270, in setup_cudnn_oss
    return setup_cudnn(args, dtype, oss=True)
           ^^^^^^^^^^^^^^^^^^^^^^^^^^^^^^^^^^
  File ""/home/scratch.yanxu_gpu/fe-sites/computelab_trees/fe_develop_5567e2733/benchmark/attention_inference/benchmark_single_attention.py"", line 167, in setup_cudnn
    return setup_cudnn_fp8(args, cudnn, oss=oss)
           ^^^^^^^^^^^^^^^^^^^^^^^^^^^^^^^^^^^^^
  File ""/home/scratch.yanxu_gpu/fe-sites/computelab_trees/fe_develop_5567e2733/benchmark/attention_inference/benchmark_single_attention.py"", line 336, in setup_cudnn_fp8
    graph.check_support()
  File ""/home/scratch.yanxu_gpu/fe-sites/computelab_trees/fe_develop_5567e2733/python/cudnn/_pygraph.py"", line 1547, in check_support
    self._lowered_graph.check_support()
cudnn._compiled_module.cudnnGraphNotSupportedError: [cudnn_frontend] Error: No execution plans support the graph.",,,
deepseek_v4,dsv4_flash-tp4,generation,cudnn_oss,bfloat16,bfloat16,1,3,131072,16,1,512,512,mla_absorbed,,64,0.192543,66.92,697.59,8.7199,20,True,,NVIDIA B200,cudnn_oss plan=sdpa_fwd_prefill_sm100[PACK_GQA=1; SCHED_POLICY=0; SPLIT_KV=64; TILE_CGA_M=2; TILE_M=128; TILE_N=128],
deepseek_v4,dsv4_flash-tp4,generation,cudnn_oss,bfloat16,fp8_e4m3,1,3,131072,16,1,512,512,mla_absorbed,,64,inf,0.0,0.0,,20,False,"                 ^^^^^^^^^^^^^^^^^^^^^^^^^^^^^^^^^
  File ""/home/scratch.yanxu_gpu/fe-sites/computelab_trees/fe_develop_5567e2733/benchmark/attention_inference/benchmark_single_attention.py"", line 270, in setup_cudnn_oss
    return setup_cudnn(args, dtype, oss=True)
           ^^^^^^^^^^^^^^^^^^^^^^^^^^^^^^^^^^
  File ""/home/scratch.yanxu_gpu/fe-sites/computelab_trees/fe_develop_5567e2733/benchmark/attention_inference/benchmark_single_attention.py"", line 167, in setup_cudnn
    return setup_cudnn_fp8(args, cudnn, oss=oss)
           ^^^^^^^^^^^^^^^^^^^^^^^^^^^^^^^^^^^^^
  File ""/home/scratch.yanxu_gpu/fe-sites/computelab_trees/fe_develop_5567e2733/benchmark/attention_inference/benchmark_single_attention.py"", line 336, in setup_cudnn_fp8
    graph.check_support()
  File ""/home/scratch.yanxu_gpu/fe-sites/computelab_trees/fe_develop_5567e2733/python/cudnn/_pygraph.py"", line 1547, in check_support
    self._lowered_graph.check_support()
cudnn._compiled_module.cudnnGraphNotSupportedError: [cudnn_frontend] Error: No execution plans support the graph.",,,
deepseek_v4,dsv4_flash-tp4,generation,cudnn_oss,bfloat16,bfloat16,128,3,131072,16,1,512,512,mla_absorbed,,64,6.23437,264.544,2757.689,34.4711,20,True,,NVIDIA B200,cudnn_oss plan=sdpa_fwd_prefill_sm100[PACK_GQA=1; SCHED_POLICY=0; SPLIT_KV=4; TILE_CGA_M=2; TILE_M=128; TILE_N=128],
deepseek_v4,dsv4_flash-tp4,generation,cudnn_oss,bfloat16,fp8_e4m3,128,3,131072,16,1,512,512,mla_absorbed,,64,inf,0.0,0.0,,20,False,"                 ^^^^^^^^^^^^^^^^^^^^^^^^^^^^^^^^^
  File ""/home/scratch.yanxu_gpu/fe-sites/computelab_trees/fe_develop_5567e2733/benchmark/attention_inference/benchmark_single_attention.py"", line 270, in setup_cudnn_oss
    return setup_cudnn(args, dtype, oss=True)
           ^^^^^^^^^^^^^^^^^^^^^^^^^^^^^^^^^^
  File ""/home/scratch.yanxu_gpu/fe-sites/computelab_trees/fe_develop_5567e2733/benchmark/attention_inference/benchmark_single_attention.py"", line 167, in setup_cudnn
    return setup_cudnn_fp8(args, cudnn, oss=oss)
           ^^^^^^^^^^^^^^^^^^^^^^^^^^^^^^^^^^^^^
  File ""/home/scratch.yanxu_gpu/fe-sites/computelab_trees/fe_develop_5567e2733/benchmark/attention_inference/benchmark_single_attention.py"", line 336, in setup_cudnn_fp8
    graph.check_support()
  File ""/home/scratch.yanxu_gpu/fe-sites/computelab_trees/fe_develop_5567e2733/python/cudnn/_pygraph.py"", line 1547, in check_support
    self._lowered_graph.check_support()
cudnn._compiled_module.cudnnGraphNotSupportedError: [cudnn_frontend] Error: No execution plans support the graph.",,,
deepseek_v4,dsv4_flash-tp4,generation,cudnn_oss,bfloat16,bfloat16,1,4,131072,16,1,512,512,mla_absorbed,,64,0.194111,88.505,692.124,8.6515,20,True,,NVIDIA B200,cudnn_oss plan=sdpa_fwd_prefill_sm100[PACK_GQA=1; SCHED_POLICY=0; SPLIT_KV=64; TILE_CGA_M=2; TILE_M=128; TILE_N=128],
deepseek_v4,dsv4_flash-tp4,generation,cudnn_oss,bfloat16,fp8_e4m3,1,4,131072,16,1,512,512,mla_absorbed,,64,inf,0.0,0.0,,20,False,"                 ^^^^^^^^^^^^^^^^^^^^^^^^^^^^^^^^^
  File ""/home/scratch.yanxu_gpu/fe-sites/computelab_trees/fe_develop_5567e2733/benchmark/attention_inference/benchmark_single_attention.py"", line 270, in setup_cudnn_oss
    return setup_cudnn(args, dtype, oss=True)
           ^^^^^^^^^^^^^^^^^^^^^^^^^^^^^^^^^^
  File ""/home/scratch.yanxu_gpu/fe-sites/computelab_trees/fe_develop_5567e2733/benchmark/attention_inference/benchmark_single_attention.py"", line 167, in setup_cudnn
    return setup_cudnn_fp8(args, cudnn, oss=oss)
           ^^^^^^^^^^^^^^^^^^^^^^^^^^^^^^^^^^^^^
  File ""/home/scratch.yanxu_gpu/fe-sites/computelab_trees/fe_develop_5567e2733/benchmark/attention_inference/benchmark_single_attention.py"", line 336, in setup_cudnn_fp8
    graph.check_support()
  File ""/home/scratch.yanxu_gpu/fe-sites/computelab_trees/fe_develop_5567e2733/python/cudnn/_pygraph.py"", line 1547, in check_support
    self._lowered_graph.check_support()
cudnn._compiled_module.cudnnGraphNotSupportedError: [cudnn_frontend] Error: No execution plans support the graph.",,,
deepseek_v4,dsv4_flash-tp4,generation,cudnn_oss,bfloat16,bfloat16,128,4,131072,16,1,512,512,mla_absorbed,,64,6.345366,346.556,2710.111,33.8764,20,True,,NVIDIA B200,cudnn_oss plan=sdpa_fwd_prefill_sm100[PACK_GQA=1; SCHED_POLICY=0; SPLIT_KV=4; TILE_CGA_M=2; TILE_M=128; TILE_N=128],
deepseek_v4,dsv4_flash-tp4,generation,cudnn_oss,bfloat16,fp8_e4m3,128,4,131072,16,1,512,512,mla_absorbed,,64,inf,0.0,0.0,,20,False,"                 ^^^^^^^^^^^^^^^^^^^^^^^^^^^^^^^^^
  File ""/home/scratch.yanxu_gpu/fe-sites/computelab_trees/fe_develop_5567e2733/benchmark/attention_inference/benchmark_single_attention.py"", line 270, in setup_cudnn_oss
    return setup_cudnn(args, dtype, oss=True)
           ^^^^^^^^^^^^^^^^^^^^^^^^^^^^^^^^^^
  File ""/home/scratch.yanxu_gpu/fe-sites/computelab_trees/fe_develop_5567e2733/benchmark/attention_inference/benchmark_single_attention.py"", line 167, in setup_cudnn
    return setup_cudnn_fp8(args, cudnn, oss=oss)
           ^^^^^^^^^^^^^^^^^^^^^^^^^^^^^^^^^^^^^
  File ""/home/scratch.yanxu_gpu/fe-sites/computelab_trees/fe_develop_5567e2733/benchmark/attention_inference/benchmark_single_attention.py"", line 336, in setup_cudnn_fp8
    graph.check_support()
  File ""/home/scratch.yanxu_gpu/fe-sites/computelab_trees/fe_develop_5567e2733/python/cudnn/_pygraph.py"", line 1547, in check_support
    self._lowered_graph.check_support()
cudnn._compiled_module.cudnnGraphNotSupportedError: [cudnn_frontend] Error: No execution plans support the graph.",,,
deepseek_v4,dsv4_flash-tp8,context,cudnn,bfloat16,bfloat16,1,2048,2048,8,1,512,512,mla_absorbed,,64,0.071201,482.574,500.717,6.259,20,True,,NVIDIA B200,cudnn 9.27.0,
deepseek_v4,dsv4_flash-tp8,context,cudnn,bfloat16,bfloat16,1,8192,8192,8,1,512,512,mla_absorbed,,64,0.989626,555.519,144.101,1.8013,20,True,,NVIDIA B200,cudnn 9.27.0,
deepseek_v4,dsv4_flash-tp8,context,cudnn,bfloat16,bfloat16,1,512,65536,8,1,512,512,mla_absorbed,,64,1.963766,279.95,38.445,0.4806,20,True,,NVIDIA B200,cudnn 9.27.0,
deepseek_v4,dsv4_flash-tp8,context,cudnn,bfloat16,bfloat16,1,512,131072,8,1,512,512,mla_absorbed,,64,3.900364,281.9,36.562,0.457,20,True,,NVIDIA B200,cudnn 9.27.0,
deepseek_v4,dsv4_flash-tp8,context,cudnn,bfloat16,bfloat16,1,1024,65536,8,1,512,512,mla_absorbed,,64,2.083772,527.654,40.257,0.5032,20,True,,NVIDIA B200,cudnn 9.27.0,
deepseek_v4,dsv4_flash-tp8,context,cudnn,bfloat16,bfloat16,1,1024,131072,8,1,512,512,mla_absorbed,,64,4.16534,527.934,36.25,0.4531,20,True,,NVIDIA B200,cudnn 9.27.0,
deepseek_v4,dsv4_flash-tp8,generation,cudnn,bfloat16,bfloat16,1,1,131072,8,1,512,512,mla_absorbed,,64,0.109152,19.674,1229.791,15.3724,20,True,,NVIDIA B200,cudnn 9.27.0,
deepseek_v4,dsv4_flash-tp8,generation,cudnn,bfloat16,fp8_e4m3,1,1,131072,8,1,512,512,mla_absorbed,,64,inf,0.0,0.0,,20,False,"Warning: CUDNN_STATUS_NOT_SUPPORTED_GRAPH_PATTERN; Reason: process_knob_choices()
Warning: CUDNN_STATUS_NOT_SUPPORTED; Reason: (CUDNN_STATUS_NOT_INITIALIZED == status) || (CUDNN_STATUS_NOT_SUPPORTED == ((status) / 1000 * 1000))
Warning: CUDNN_STATUS_NOT_SUPPORTED; Reason: ptr->isSupported()
Warning: CUDNN_STATUS_NOT_SUPPORTED; Reason: finalize_internal()

{""engineId"":18,""smVersion"":1000,""knobChoices"":{""CUDNN_KNOB_TYPE_KERNEL_CFG"":-1,""CUDNN_KNOB_TYPE_TILE_CGA_M"":-1,""CUDNN_KNOB_TYPE_STREAM_K"":-1,""CUDNN_KNOB_TYPE_TILE_M"":-1,""CUDNN_KNOB_TYPE_TILE_N"":-1}}
Warning: CUDNN_STATUS_NOT_SUPPORTED_ARCH_MISMATCH; Reason: only Rubin is supported for this engine at: !(1070 <= deviceVer && deviceVer < 1100)
Warning: CUDNN_STATUS_NOT_SUPPORTED; Reason: (CUDNN_STATUS_NOT_INITIALIZED == status) || (CUDNN_STATUS_NOT_SUPPORTED == ((status) / 1000 * 1000))
Warning: CUDNN_STATUS_NOT_SUPPORTED; Reason: ptr->isSupported()
Warning: CUDNN_STATUS_NOT_SUPPORTED; Reason: finalize_internal()

)",,,
deepseek_v4,dsv4_flash-tp8,generation,cudnn,bfloat16,bfloat16,128,1,131072,8,1,512,512,mla_absorbed,,64,12.105578,22.707,1419.343,17.7418,20,True,,NVIDIA B200,cudnn 9.27.0,
deepseek_v4,dsv4_flash-tp8,generation,cudnn,bfloat16,fp8_e4m3,128,1,131072,8,1,512,512,mla_absorbed,,64,inf,0.0,0.0,,20,False,"Warning: CUDNN_STATUS_NOT_SUPPORTED_GRAPH_PATTERN; Reason: process_knob_choices()
Warning: CUDNN_STATUS_NOT_SUPPORTED; Reason: (CUDNN_STATUS_NOT_INITIALIZED == status) || (CUDNN_STATUS_NOT_SUPPORTED == ((status) / 1000 * 1000))
Warning: CUDNN_STATUS_NOT_SUPPORTED; Reason: ptr->isSupported()
Warning: CUDNN_STATUS_NOT_SUPPORTED; Reason: finalize_internal()

{""engineId"":18,""smVersion"":1000,""knobChoices"":{""CUDNN_KNOB_TYPE_KERNEL_CFG"":-1,""CUDNN_KNOB_TYPE_TILE_CGA_M"":-1,""CUDNN_KNOB_TYPE_STREAM_K"":-1,""CUDNN_KNOB_TYPE_TILE_M"":-1,""CUDNN_KNOB_TYPE_TILE_N"":-1}}
Warning: CUDNN_STATUS_NOT_SUPPORTED_ARCH_MISMATCH; Reason: only Rubin is supported for this engine at: !(1070 <= deviceVer && deviceVer < 1100)
Warning: CUDNN_STATUS_NOT_SUPPORTED; Reason: (CUDNN_STATUS_NOT_INITIALIZED == status) || (CUDNN_STATUS_NOT_SUPPORTED == ((status) / 1000 * 1000))
Warning: CUDNN_STATUS_NOT_SUPPORTED; Reason: ptr->isSupported()
Warning: CUDNN_STATUS_NOT_SUPPORTED; Reason: finalize_internal()

)",,,
deepseek_v4,dsv4_flash-tp8,generation,cudnn,bfloat16,bfloat16,1,2,131072,8,1,512,512,mla_absorbed,,64,10.864129,0.395,12.357,0.1545,20,True,,NVIDIA B200,cudnn 9.27.0,
deepseek_v4,dsv4_flash-tp8,generation,cudnn,bfloat16,fp8_e4m3,1,2,131072,8,1,512,512,mla_absorbed,,64,3.036385,1.415,22.107,0.2763,20,True,,NVIDIA B200,cudnn fp8 9.27.0,
deepseek_v4,dsv4_flash-tp8,generation,cudnn,bfloat16,bfloat16,128,2,131072,8,1,512,512,mla_absorbed,,64,165.434124,3.323,103.873,1.2984,20,True,,NVIDIA B200,cudnn 9.27.0,
deepseek_v4,dsv4_flash-tp8,generation,cudnn,bfloat16,fp8_e4m3,128,2,131072,8,1,512,512,mla_absorbed,,64,95.593702,5.751,89.881,1.1235,20,True,,NVIDIA B200,cudnn fp8 9.27.0,
deepseek_v4,dsv4_flash-tp8,generation,cudnn,bfloat16,bfloat16,1,3,131072,8,1,512,512,mla_absorbed,,64,10.858085,0.593,12.366,0.1546,20,True,,NVIDIA B200,cudnn 9.27.0,
deepseek_v4,dsv4_flash-tp8,generation,cudnn,bfloat16,fp8_e4m3,1,3,131072,8,1,512,512,mla_absorbed,,64,3.038092,2.121,22.097,0.2762,20,True,,NVIDIA B200,cudnn fp8 9.27.0,
deepseek_v4,dsv4_flash-tp8,generation,cudnn,bfloat16,bfloat16,128,3,131072,8,1,512,512,mla_absorbed,,64,165.172516,4.993,104.05,1.3006,20,True,,NVIDIA B200,cudnn 9.27.0,
deepseek_v4,dsv4_flash-tp8,generation,cudnn,bfloat16,fp8_e4m3,128,3,131072,8,1,512,512,mla_absorbed,,64,95.46631,8.638,90.012,1.1251,20,True,,NVIDIA B200,cudnn fp8 9.27.0,
deepseek_v4,dsv4_flash-tp8,generation,cudnn,bfloat16,bfloat16,1,4,131072,8,1,512,512,mla_absorbed,,64,10.852136,0.792,12.374,0.1547,20,True,,NVIDIA B200,cudnn 9.27.0,
deepseek_v4,dsv4_flash-tp8,generation,cudnn,bfloat16,fp8_e4m3,1,4,131072,8,1,512,512,mla_absorbed,,64,3.036765,2.829,22.11,0.2764,20,True,,NVIDIA B200,cudnn fp8 9.27.0,
deepseek_v4,dsv4_flash-tp8,generation,cudnn,bfloat16,bfloat16,128,4,131072,8,1,512,512,mla_absorbed,,64,165.665818,6.637,103.753,1.2969,20,True,,NVIDIA B200,cudnn 9.27.0,
deepseek_v4,dsv4_flash-tp8,generation,cudnn,bfloat16,fp8_e4m3,128,4,131072,8,1,512,512,mla_absorbed,,64,95.900531,11.465,89.615,1.1202,20,True,,NVIDIA B200,cudnn fp8 9.27.0,
deepseek_v4,dsv4_flash-tp8,context,cudnn_oss,bfloat16,bfloat16,1,2048,2048,8,1,512,512,mla_absorbed,,64,0.053632,640.657,664.745,8.3093,20,True,,NVIDIA B200,cudnn_oss plan=sdpa_fwd_prefill_sm100[PACK_GQA=0; SCHED_POLICY=2; SPLIT_KV=1; TILE_CGA_M=2; TILE_M=128; TILE_N=128],
deepseek_v4,dsv4_flash-tp8,context,cudnn_oss,bfloat16,bfloat16,1,8192,8192,8,1,512,512,mla_absorbed,,64,0.410173,1340.302,347.674,4.3459,20,True,,NVIDIA B200,cudnn_oss plan=sdpa_fwd_prefill_sm100[PACK_GQA=0; SCHED_POLICY=2; SPLIT_KV=1; TILE_CGA_M=2; TILE_M=128; TILE_N=128],
deepseek_v4,dsv4_flash-tp8,context,cudnn_oss,bfloat16,bfloat16,1,512,65536,8,1,512,512,mla_absorbed,,64,0.454265,1210.209,166.197,2.0775,20,True,,NVIDIA B200,cudnn_oss plan=sdpa_fwd_prefill_sm100[PACK_GQA=0; SCHED_POLICY=0; SPLIT_KV=4; TILE_CGA_M=2; TILE_M=128; TILE_N=128],
deepseek_v4,dsv4_flash-tp8,context,cudnn_oss,bfloat16,bfloat16,1,512,131072,8,1,512,512,mla_absorbed,,64,0.816945,1345.882,174.561,2.182,20,True,,NVIDIA B200,cudnn_oss plan=sdpa_fwd_prefill_sm100[PACK_GQA=0; SCHED_POLICY=0; SPLIT_KV=4; TILE_CGA_M=2; TILE_M=128; TILE_N=128],
deepseek_v4,dsv4_flash-tp8,context,cudnn_oss,bfloat16,bfloat16,1,1024,65536,8,1,512,512,mla_absorbed,,64,0.808631,1359.72,103.738,1.2967,20,True,,NVIDIA B200,cudnn_oss plan=sdpa_fwd_prefill_sm100[PACK_GQA=0; SCHED_POLICY=0; SPLIT_KV=2; TILE_CGA_M=2; TILE_M=128; TILE_N=128],
deepseek_v4,dsv4_flash-tp8,context,cudnn_oss,bfloat16,bfloat16,1,1024,131072,8,1,512,512,mla_absorbed,,64,1.538132,1429.671,98.168,1.2271,20,True,,NVIDIA B200,cudnn_oss plan=sdpa_fwd_prefill_sm100[PACK_GQA=0; SCHED_POLICY=0; SPLIT_KV=2; TILE_CGA_M=2; TILE_M=128; TILE_N=128],
deepseek_v4,dsv4_flash-tp8,generation,cudnn_oss,bfloat16,bfloat16,1,1,131072,8,1,512,512,mla_absorbed,,64,0.154655,13.886,867.958,10.8495,20,True,,NVIDIA B200,cudnn_oss plan=sdpa_fwd_prefill_sm100[PACK_GQA=1; SCHED_POLICY=0; SPLIT_KV=64; TILE_CGA_M=2; TILE_M=128; TILE_N=128],
deepseek_v4,dsv4_flash-tp8,generation,cudnn_oss,bfloat16,fp8_e4m3,1,1,131072,8,1,512,512,mla_absorbed,,64,inf,0.0,0.0,,20,False,"                 ^^^^^^^^^^^^^^^^^^^^^^^^^^^^^^^^^
  File ""/home/scratch.yanxu_gpu/fe-sites/computelab_trees/fe_develop_5567e2733/benchmark/attention_inference/benchmark_single_attention.py"", line 270, in setup_cudnn_oss
    return setup_cudnn(args, dtype, oss=True)
           ^^^^^^^^^^^^^^^^^^^^^^^^^^^^^^^^^^
  File ""/home/scratch.yanxu_gpu/fe-sites/computelab_trees/fe_develop_5567e2733/benchmark/attention_inference/benchmark_single_attention.py"", line 167, in setup_cudnn
    return setup_cudnn_fp8(args, cudnn, oss=oss)
           ^^^^^^^^^^^^^^^^^^^^^^^^^^^^^^^^^^^^^
  File ""/home/scratch.yanxu_gpu/fe-sites/computelab_trees/fe_develop_5567e2733/benchmark/attention_inference/benchmark_single_attention.py"", line 336, in setup_cudnn_fp8
    graph.check_support()
  File ""/home/scratch.yanxu_gpu/fe-sites/computelab_trees/fe_develop_5567e2733/python/cudnn/_pygraph.py"", line 1547, in check_support
    self._lowered_graph.check_support()
cudnn._compiled_module.cudnnGraphNotSupportedError: [cudnn_frontend] Error: No execution plans support the graph.",,,
deepseek_v4,dsv4_flash-tp8,generation,cudnn_oss,bfloat16,bfloat16,128,1,131072,8,1,512,512,mla_absorbed,,64,5.990697,45.884,2868.108,35.8514,20,True,,NVIDIA B200,cudnn_oss plan=sdpa_fwd_prefill_sm100[PACK_GQA=1; SCHED_POLICY=0; SPLIT_KV=4; TILE_CGA_M=2; TILE_M=128; TILE_N=128],
deepseek_v4,dsv4_flash-tp8,generation,cudnn_oss,bfloat16,fp8_e4m3,128,1,131072,8,1,512,512,mla_absorbed,,64,inf,0.0,0.0,,20,False,"                 ^^^^^^^^^^^^^^^^^^^^^^^^^^^^^^^^^
  File ""/home/scratch.yanxu_gpu/fe-sites/computelab_trees/fe_develop_5567e2733/benchmark/attention_inference/benchmark_single_attention.py"", line 270, in setup_cudnn_oss
    return setup_cudnn(args, dtype, oss=True)
           ^^^^^^^^^^^^^^^^^^^^^^^^^^^^^^^^^^
  File ""/home/scratch.yanxu_gpu/fe-sites/computelab_trees/fe_develop_5567e2733/benchmark/attention_inference/benchmark_single_attention.py"", line 167, in setup_cudnn
    return setup_cudnn_fp8(args, cudnn, oss=oss)
           ^^^^^^^^^^^^^^^^^^^^^^^^^^^^^^^^^^^^^
  File ""/home/scratch.yanxu_gpu/fe-sites/computelab_trees/fe_develop_5567e2733/benchmark/attention_inference/benchmark_single_attention.py"", line 336, in setup_cudnn_fp8
    graph.check_support()
  File ""/home/scratch.yanxu_gpu/fe-sites/computelab_trees/fe_develop_5567e2733/python/cudnn/_pygraph.py"", line 1547, in check_support
    self._lowered_graph.check_support()
cudnn._compiled_module.cudnnGraphNotSupportedError: [cudnn_frontend] Error: No execution plans support the graph.",,,
deepseek_v4,dsv4_flash-tp8,generation,cudnn_oss,bfloat16,bfloat16,1,2,131072,8,1,512,512,mla_absorbed,,64,0.164927,26.042,814.0,10.175,20,True,,NVIDIA B200,cudnn_oss plan=sdpa_fwd_prefill_sm100[PACK_GQA=1; SCHED_POLICY=0; SPLIT_KV=64; TILE_CGA_M=2; TILE_M=128; TILE_N=128],
deepseek_v4,dsv4_flash-tp8,generation,cudnn_oss,bfloat16,fp8_e4m3,1,2,131072,8,1,512,512,mla_absorbed,,64,inf,0.0,0.0,,20,False,"                 ^^^^^^^^^^^^^^^^^^^^^^^^^^^^^^^^^
  File ""/home/scratch.yanxu_gpu/fe-sites/computelab_trees/fe_develop_5567e2733/benchmark/attention_inference/benchmark_single_attention.py"", line 270, in setup_cudnn_oss
    return setup_cudnn(args, dtype, oss=True)
           ^^^^^^^^^^^^^^^^^^^^^^^^^^^^^^^^^^
  File ""/home/scratch.yanxu_gpu/fe-sites/computelab_trees/fe_develop_5567e2733/benchmark/attention_inference/benchmark_single_attention.py"", line 167, in setup_cudnn
    return setup_cudnn_fp8(args, cudnn, oss=oss)
           ^^^^^^^^^^^^^^^^^^^^^^^^^^^^^^^^^^^^^
  File ""/home/scratch.yanxu_gpu/fe-sites/computelab_trees/fe_develop_5567e2733/benchmark/attention_inference/benchmark_single_attention.py"", line 336, in setup_cudnn_fp8
    graph.check_support()
  File ""/home/scratch.yanxu_gpu/fe-sites/computelab_trees/fe_develop_5567e2733/python/cudnn/_pygraph.py"", line 1547, in check_support
    self._lowered_graph.check_support()
cudnn._compiled_module.cudnnGraphNotSupportedError: [cudnn_frontend] Error: No execution plans support the graph.",,,
deepseek_v4,dsv4_flash-tp8,generation,cudnn_oss,bfloat16,bfloat16,128,2,131072,8,1,512,512,mla_absorbed,,64,6.065629,90.635,2833.023,35.4128,20,True,,NVIDIA B200,cudnn_oss plan=sdpa_fwd_prefill_sm100[PACK_GQA=1; SCHED_POLICY=0; SPLIT_KV=4; TILE_CGA_M=2; TILE_M=128; TILE_N=128],
deepseek_v4,dsv4_flash-tp8,generation,cudnn_oss,bfloat16,fp8_e4m3,128,2,131072,8,1,512,512,mla_absorbed,,64,inf,0.0,0.0,,20,False,"                 ^^^^^^^^^^^^^^^^^^^^^^^^^^^^^^^^^
  File ""/home/scratch.yanxu_gpu/fe-sites/computelab_trees/fe_develop_5567e2733/benchmark/attention_inference/benchmark_single_attention.py"", line 270, in setup_cudnn_oss
    return setup_cudnn(args, dtype, oss=True)
           ^^^^^^^^^^^^^^^^^^^^^^^^^^^^^^^^^^
  File ""/home/scratch.yanxu_gpu/fe-sites/computelab_trees/fe_develop_5567e2733/benchmark/attention_inference/benchmark_single_attention.py"", line 167, in setup_cudnn
    return setup_cudnn_fp8(args, cudnn, oss=oss)
           ^^^^^^^^^^^^^^^^^^^^^^^^^^^^^^^^^^^^^
  File ""/home/scratch.yanxu_gpu/fe-sites/computelab_trees/fe_develop_5567e2733/benchmark/attention_inference/benchmark_single_attention.py"", line 336, in setup_cudnn_fp8
    graph.check_support()
  File ""/home/scratch.yanxu_gpu/fe-sites/computelab_trees/fe_develop_5567e2733/python/cudnn/_pygraph.py"", line 1547, in check_support
    self._lowered_graph.check_support()
cudnn._compiled_module.cudnnGraphNotSupportedError: [cudnn_frontend] Error: No execution plans support the graph.",,,
deepseek_v4,dsv4_flash-tp8,generation,cudnn_oss,bfloat16,bfloat16,1,3,131072,8,1,512,512,mla_absorbed,,64,0.172863,37.269,776.724,9.7091,20,True,,NVIDIA B200,cudnn_oss plan=sdpa_fwd_prefill_sm100[PACK_GQA=1; SCHED_POLICY=0; SPLIT_KV=64; TILE_CGA_M=2; TILE_M=128; TILE_N=128],
deepseek_v4,dsv4_flash-tp8,generation,cudnn_oss,bfloat16,fp8_e4m3,1,3,131072,8,1,512,512,mla_absorbed,,64,inf,0.0,0.0,,20,False,"                 ^^^^^^^^^^^^^^^^^^^^^^^^^^^^^^^^^
  File ""/home/scratch.yanxu_gpu/fe-sites/computelab_trees/fe_develop_5567e2733/benchmark/attention_inference/benchmark_single_attention.py"", line 270, in setup_cudnn_oss
    return setup_cudnn(args, dtype, oss=True)
           ^^^^^^^^^^^^^^^^^^^^^^^^^^^^^^^^^^
  File ""/home/scratch.yanxu_gpu/fe-sites/computelab_trees/fe_develop_5567e2733/benchmark/attention_inference/benchmark_single_attention.py"", line 167, in setup_cudnn
    return setup_cudnn_fp8(args, cudnn, oss=oss)
           ^^^^^^^^^^^^^^^^^^^^^^^^^^^^^^^^^^^^^
  File ""/home/scratch.yanxu_gpu/fe-sites/computelab_trees/fe_develop_5567e2733/benchmark/attention_inference/benchmark_single_attention.py"", line 336, in setup_cudnn_fp8
    graph.check_support()
  File ""/home/scratch.yanxu_gpu/fe-sites/computelab_trees/fe_develop_5567e2733/python/cudnn/_pygraph.py"", line 1547, in check_support
    self._lowered_graph.check_support()
cudnn._compiled_module.cudnnGraphNotSupportedError: [cudnn_frontend] Error: No execution plans support the graph.",,,
deepseek_v4,dsv4_flash-tp8,generation,cudnn_oss,bfloat16,bfloat16,128,3,131072,8,1,512,512,mla_absorbed,,64,6.120794,134.727,2807.832,35.0979,20,True,,NVIDIA B200,cudnn_oss plan=sdpa_fwd_prefill_sm100[PACK_GQA=1; SCHED_POLICY=0; SPLIT_KV=4; TILE_CGA_M=2; TILE_M=128; TILE_N=128],
deepseek_v4,dsv4_flash-tp8,generation,cudnn_oss,bfloat16,fp8_e4m3,128,3,131072,8,1,512,512,mla_absorbed,,64,inf,0.0,0.0,,20,False,"                 ^^^^^^^^^^^^^^^^^^^^^^^^^^^^^^^^^
  File ""/home/scratch.yanxu_gpu/fe-sites/computelab_trees/fe_develop_5567e2733/benchmark/attention_inference/benchmark_single_attention.py"", line 270, in setup_cudnn_oss
    return setup_cudnn(args, dtype, oss=True)
           ^^^^^^^^^^^^^^^^^^^^^^^^^^^^^^^^^^
  File ""/home/scratch.yanxu_gpu/fe-sites/computelab_trees/fe_develop_5567e2733/benchmark/attention_inference/benchmark_single_attention.py"", line 167, in setup_cudnn
    return setup_cudnn_fp8(args, cudnn, oss=oss)
           ^^^^^^^^^^^^^^^^^^^^^^^^^^^^^^^^^^^^^
  File ""/home/scratch.yanxu_gpu/fe-sites/computelab_trees/fe_develop_5567e2733/benchmark/attention_inference/benchmark_single_attention.py"", line 336, in setup_cudnn_fp8
    graph.check_support()
  File ""/home/scratch.yanxu_gpu/fe-sites/computelab_trees/fe_develop_5567e2733/python/cudnn/_pygraph.py"", line 1547, in check_support
    self._lowered_graph.check_support()
cudnn._compiled_module.cudnnGraphNotSupportedError: [cudnn_frontend] Error: No execution plans support the graph.",,,
deepseek_v4,dsv4_flash-tp8,generation,cudnn_oss,bfloat16,bfloat16,1,4,131072,8,1,512,512,mla_absorbed,,64,0.174526,49.219,769.417,9.6177,20,True,,NVIDIA B200,cudnn_oss plan=sdpa_fwd_prefill_sm100[PACK_GQA=1; SCHED_POLICY=0; SPLIT_KV=64; TILE_CGA_M=2; TILE_M=128; TILE_N=128],
deepseek_v4,dsv4_flash-tp8,generation,cudnn_oss,bfloat16,fp8_e4m3,1,4,131072,8,1,512,512,mla_absorbed,,64,inf,0.0,0.0,,20,False,"                 ^^^^^^^^^^^^^^^^^^^^^^^^^^^^^^^^^
  File ""/home/scratch.yanxu_gpu/fe-sites/computelab_trees/fe_develop_5567e2733/benchmark/attention_inference/benchmark_single_attention.py"", line 270, in setup_cudnn_oss
    return setup_cudnn(args, dtype, oss=True)
           ^^^^^^^^^^^^^^^^^^^^^^^^^^^^^^^^^^
  File ""/home/scratch.yanxu_gpu/fe-sites/computelab_trees/fe_develop_5567e2733/benchmark/attention_inference/benchmark_single_attention.py"", line 167, in setup_cudnn
    return setup_cudnn_fp8(args, cudnn, oss=oss)
           ^^^^^^^^^^^^^^^^^^^^^^^^^^^^^^^^^^^^^
  File ""/home/scratch.yanxu_gpu/fe-sites/computelab_trees/fe_develop_5567e2733/benchmark/attention_inference/benchmark_single_attention.py"", line 336, in setup_cudnn_fp8
    graph.check_support()
  File ""/home/scratch.yanxu_gpu/fe-sites/computelab_trees/fe_develop_5567e2733/python/cudnn/_pygraph.py"", line 1547, in check_support
    self._lowered_graph.check_support()
cudnn._compiled_module.cudnnGraphNotSupportedError: [cudnn_frontend] Error: No execution plans support the graph.",,,
deepseek_v4,dsv4_flash-tp8,generation,cudnn_oss,bfloat16,bfloat16,128,4,131072,8,1,512,512,mla_absorbed,,64,6.129998,179.366,2803.958,35.0495,20,True,,NVIDIA B200,cudnn_oss plan=sdpa_fwd_prefill_sm100[PACK_GQA=1; SCHED_POLICY=0; SPLIT_KV=4; TILE_CGA_M=2; TILE_M=128; TILE_N=128],
deepseek_v4,dsv4_flash-tp8,generation,cudnn_oss,bfloat16,fp8_e4m3,128,4,131072,8,1,512,512,mla_absorbed,,64,inf,0.0,0.0,,20,False,"                 ^^^^^^^^^^^^^^^^^^^^^^^^^^^^^^^^^
  File ""/home/scratch.yanxu_gpu/fe-sites/computelab_trees/fe_develop_5567e2733/benchmark/attention_inference/benchmark_single_attention.py"", line 270, in setup_cudnn_oss
    return setup_cudnn(args, dtype, oss=True)
           ^^^^^^^^^^^^^^^^^^^^^^^^^^^^^^^^^^
  File ""/home/scratch.yanxu_gpu/fe-sites/computelab_trees/fe_develop_5567e2733/benchmark/attention_inference/benchmark_single_attention.py"", line 167, in setup_cudnn
    return setup_cudnn_fp8(args, cudnn, oss=oss)
           ^^^^^^^^^^^^^^^^^^^^^^^^^^^^^^^^^^^^^
  File ""/home/scratch.yanxu_gpu/fe-sites/computelab_trees/fe_develop_5567e2733/benchmark/attention_inference/benchmark_single_attention.py"", line 336, in setup_cudnn_fp8
    graph.check_support()
  File ""/home/scratch.yanxu_gpu/fe-sites/computelab_trees/fe_develop_5567e2733/python/cudnn/_pygraph.py"", line 1547, in check_support
    self._lowered_graph.check_support()
cudnn._compiled_module.cudnnGraphNotSupportedError: [cudnn_frontend] Error: No execution plans support the graph.",,,
deepseek_v4,dsv4_pro,context,cudnn,bfloat16,bfloat16,1,2048,2048,128,1,512,512,mla_absorbed,,64,1.155807,475.647,466.313,5.8289,20,True,,NVIDIA B200,cudnn 9.27.0,
deepseek_v4,dsv4_pro,context,cudnn,bfloat16,bfloat16,1,8192,8192,128,1,512,512,mla_absorbed,,64,17.474037,503.381,123.376,1.5422,20,True,,NVIDIA B200,cudnn 9.27.0,
deepseek_v4,dsv4_pro,context,cudnn,bfloat16,bfloat16,1,512,65536,128,1,512,512,mla_absorbed,,64,16.71987,526.086,12.041,0.1505,20,True,,NVIDIA B200,cudnn 9.27.0,
deepseek_v4,dsv4_pro,context,cudnn,bfloat16,bfloat16,1,512,131072,128,1,512,512,mla_absorbed,,64,35.354444,497.595,7.593,0.0949,20,True,,NVIDIA B200,cudnn 9.27.0,
deepseek_v4,dsv4_pro,context,cudnn,bfloat16,bfloat16,1,1024,65536,128,1,512,512,mla_absorbed,,64,35.308454,498.243,9.503,0.1188,20,True,,NVIDIA B200,cudnn 9.27.0,
deepseek_v4,dsv4_pro,context,cudnn,bfloat16,bfloat16,1,1024,131072,128,1,512,512,mla_absorbed,,64,72.535897,485.062,5.551,0.0694,20,True,,NVIDIA B200,cudnn 9.27.0,
deepseek_v4,dsv4_pro,generation,cudnn,bfloat16,bfloat16,1,1,131072,128,1,512,512,mla_absorbed,,64,0.704033,48.804,191.014,2.3877,20,True,,NVIDIA B200,cudnn 9.27.0,
deepseek_v4,dsv4_pro,generation,cudnn,bfloat16,fp8_e4m3,1,1,131072,128,1,512,512,mla_absorbed,,64,inf,0.0,0.0,,20,False,"Warning: CUDNN_STATUS_NOT_SUPPORTED_GRAPH_PATTERN; Reason: process_knob_choices()
Warning: CUDNN_STATUS_NOT_SUPPORTED; Reason: (CUDNN_STATUS_NOT_INITIALIZED == status) || (CUDNN_STATUS_NOT_SUPPORTED == ((status) / 1000 * 1000))
Warning: CUDNN_STATUS_NOT_SUPPORTED; Reason: ptr->isSupported()
Warning: CUDNN_STATUS_NOT_SUPPORTED; Reason: finalize_internal()

{""engineId"":18,""smVersion"":1000,""knobChoices"":{""CUDNN_KNOB_TYPE_KERNEL_CFG"":-1,""CUDNN_KNOB_TYPE_TILE_CGA_M"":-1,""CUDNN_KNOB_TYPE_STREAM_K"":-1,""CUDNN_KNOB_TYPE_TILE_M"":-1,""CUDNN_KNOB_TYPE_TILE_N"":-1}}
Warning: CUDNN_STATUS_NOT_SUPPORTED_ARCH_MISMATCH; Reason: only Rubin is supported for this engine at: !(1070 <= deviceVer && deviceVer < 1100)
Warning: CUDNN_STATUS_NOT_SUPPORTED; Reason: (CUDNN_STATUS_NOT_INITIALIZED == status) || (CUDNN_STATUS_NOT_SUPPORTED == ((status) / 1000 * 1000))
Warning: CUDNN_STATUS_NOT_SUPPORTED; Reason: ptr->isSupported()
Warning: CUDNN_STATUS_NOT_SUPPORTED; Reason: finalize_internal()

)",,,
deepseek_v4,dsv4_pro,generation,cudnn,bfloat16,bfloat16,128,1,131072,128,1,512,512,mla_absorbed,,64,75.067848,58.588,229.305,2.8663,20,True,,NVIDIA B200,cudnn 9.27.0,
deepseek_v4,dsv4_pro,generation,cudnn,bfloat16,fp8_e4m3,128,1,131072,128,1,512,512,mla_absorbed,,64,inf,0.0,0.0,,20,False,"Warning: CUDNN_STATUS_NOT_SUPPORTED_GRAPH_PATTERN; Reason: process_knob_choices()
Warning: CUDNN_STATUS_NOT_SUPPORTED; Reason: (CUDNN_STATUS_NOT_INITIALIZED == status) || (CUDNN_STATUS_NOT_SUPPORTED == ((status) / 1000 * 1000))
Warning: CUDNN_STATUS_NOT_SUPPORTED; Reason: ptr->isSupported()
Warning: CUDNN_STATUS_NOT_SUPPORTED; Reason: finalize_internal()

{""engineId"":18,""smVersion"":1000,""knobChoices"":{""CUDNN_KNOB_TYPE_KERNEL_CFG"":-1,""CUDNN_KNOB_TYPE_TILE_CGA_M"":-1,""CUDNN_KNOB_TYPE_STREAM_K"":-1,""CUDNN_KNOB_TYPE_TILE_M"":-1,""CUDNN_KNOB_TYPE_TILE_N"":-1}}
Warning: CUDNN_STATUS_NOT_SUPPORTED_ARCH_MISMATCH; Reason: only Rubin is supported for this engine at: !(1070 <= deviceVer && deviceVer < 1100)
Warning: CUDNN_STATUS_NOT_SUPPORTED; Reason: (CUDNN_STATUS_NOT_INITIALIZED == status) || (CUDNN_STATUS_NOT_SUPPORTED == ((status) / 1000 * 1000))
Warning: CUDNN_STATUS_NOT_SUPPORTED; Reason: ptr->isSupported()
Warning: CUDNN_STATUS_NOT_SUPPORTED; Reason: finalize_internal()

)",,,
deepseek_v4,dsv4_pro,generation,cudnn,bfloat16,bfloat16,1,2,131072,128,1,512,512,mla_absorbed,,64,24.596882,2.794,5.478,0.0685,20,True,,NVIDIA B200,cudnn 9.27.0,
deepseek_v4,dsv4_pro,generation,cudnn,bfloat16,fp8_e4m3,1,2,131072,128,1,512,512,mla_absorbed,,64,13.102396,5.245,5.142,0.0643,20,True,,NVIDIA B200,cudnn fp8 9.27.0,
deepseek_v4,dsv4_pro,generation,cudnn,bfloat16,bfloat16,128,2,131072,128,1,512,512,mla_absorbed,,64,2870.753252,3.064,6.008,0.0751,20,True,,NVIDIA B200,cudnn 9.27.0,
deepseek_v4,dsv4_pro,generation,cudnn,bfloat16,fp8_e4m3,128,2,131072,128,1,512,512,mla_absorbed,,64,1619.865782,5.43,5.324,0.0665,20,True,,NVIDIA B200,cudnn fp8 9.27.0,
deepseek_v4,dsv4_pro,generation,cudnn,bfloat16,bfloat16,1,3,131072,128,1,512,512,mla_absorbed,,64,24.592216,4.192,5.49,0.0686,20,True,,NVIDIA B200,cudnn 9.27.0,
deepseek_v4,dsv4_pro,generation,cudnn,bfloat16,fp8_e4m3,1,3,131072,128,1,512,512,mla_absorbed,,64,12.059998,8.547,5.597,0.07,20,True,,NVIDIA B200,cudnn fp8 9.27.0,
deepseek_v4,dsv4_pro,generation,cudnn,bfloat16,bfloat16,128,3,131072,128,1,512,512,mla_absorbed,,64,2868.963784,4.599,6.023,0.0753,20,True,,NVIDIA B200,cudnn 9.27.0,
deepseek_v4,dsv4_pro,generation,cudnn,bfloat16,fp8_e4m3,128,3,131072,128,1,512,512,mla_absorbed,,64,1617.867657,8.155,5.341,0.0668,20,True,,NVIDIA B200,cudnn fp8 9.27.0,
deepseek_v4,dsv4_pro,generation,cudnn,bfloat16,bfloat16,1,4,131072,128,1,512,512,mla_absorbed,,64,24.589003,5.589,5.501,0.0688,20,True,,NVIDIA B200,cudnn 9.27.0,
deepseek_v4,dsv4_pro,generation,cudnn,bfloat16,fp8_e4m3,1,4,131072,128,1,512,512,mla_absorbed,,64,13.150845,10.451,5.143,0.0643,20,True,,NVIDIA B200,cudnn fp8 9.27.0,
deepseek_v4,dsv4_pro,generation,cudnn,bfloat16,bfloat16,128,4,131072,128,1,512,512,mla_absorbed,,64,2868.083976,6.134,6.037,0.0755,20,True,,NVIDIA B200,cudnn 9.27.0,
deepseek_v4,dsv4_pro,generation,cudnn,bfloat16,fp8_e4m3,128,4,131072,128,1,512,512,mla_absorbed,,64,1619.782952,10.861,5.345,0.0668,20,True,,NVIDIA B200,cudnn fp8 9.27.0,
deepseek_v4,dsv4_pro,context,cudnn_oss,bfloat16,bfloat16,1,2048,2048,128,1,512,512,mla_absorbed,,64,0.565306,972.492,953.409,11.9176,20,True,,NVIDIA B200,cudnn_oss plan=sdpa_fwd_prefill_sm100[PACK_GQA=0; SCHED_POLICY=2; SPLIT_KV=1; TILE_CGA_M=2; TILE_M=128; TILE_N=128],
deepseek_v4,dsv4_pro,context,cudnn_oss,bfloat16,bfloat16,1,8192,8192,128,1,512,512,mla_absorbed,,64,6.528563,1347.325,330.222,4.1278,20,True,,NVIDIA B200,cudnn_oss plan=sdpa_fwd_prefill_sm100[PACK_GQA=0; SCHED_POLICY=2; SPLIT_KV=1; TILE_CGA_M=2; TILE_M=128; TILE_N=128],
deepseek_v4,dsv4_pro,context,cudnn_oss,bfloat16,bfloat16,1,512,65536,128,1,512,512,mla_absorbed,,64,6.525642,1347.928,30.852,0.3856,20,True,,NVIDIA B200,cudnn_oss plan=sdpa_fwd_prefill_sm100[PACK_GQA=0; SCHED_POLICY=0; SPLIT_KV=2; TILE_CGA_M=2; TILE_M=128; TILE_N=128],
deepseek_v4,dsv4_pro,context,cudnn_oss,bfloat16,bfloat16,1,512,131072,128,1,512,512,mla_absorbed,,64,13.086409,1344.31,20.513,0.2564,20,True,,NVIDIA B200,cudnn_oss plan=sdpa_fwd_prefill_sm100[PACK_GQA=0; SCHED_POLICY=0; SPLIT_KV=2; TILE_CGA_M=2; TILE_M=128; TILE_N=128],
deepseek_v4,dsv4_pro,context,cudnn_oss,bfloat16,bfloat16,1,1024,65536,128,1,512,512,mla_absorbed,,64,12.336325,1426.048,27.2,0.34,20,True,,NVIDIA B200,cudnn_oss plan=sdpa_fwd_prefill_sm100[PACK_GQA=0; SCHED_POLICY=1; SPLIT_KV=1; TILE_CGA_M=2; TILE_M=128; TILE_N=128],
deepseek_v4,dsv4_pro,context,cudnn_oss,bfloat16,bfloat16,1,1024,131072,128,1,512,512,mla_absorbed,,64,26.085197,1348.825,15.436,0.193,20,True,,NVIDIA B200,cudnn_oss plan=sdpa_fwd_prefill_sm100[PACK_GQA=0; SCHED_POLICY=1; SPLIT_KV=1; TILE_CGA_M=2; TILE_M=128; TILE_N=128],
deepseek_v4,dsv4_pro,generation,cudnn_oss,bfloat16,bfloat16,1,1,131072,128,1,512,512,mla_absorbed,,64,0.230558,149.029,583.28,7.291,20,True,,NVIDIA B200,cudnn_oss plan=sdpa_fwd_prefill_sm100[PACK_GQA=1; SCHED_POLICY=0; SPLIT_KV=64; TILE_CGA_M=2; TILE_M=128; TILE_N=128],
deepseek_v4,dsv4_pro,generation,cudnn_oss,bfloat16,fp8_e4m3,1,1,131072,128,1,512,512,mla_absorbed,,64,inf,0.0,0.0,,20,False,"                 ^^^^^^^^^^^^^^^^^^^^^^^^^^^^^^^^^
  File ""/home/scratch.yanxu_gpu/fe-sites/computelab_trees/fe_develop_5567e2733/benchmark/attention_inference/benchmark_single_attention.py"", line 270, in setup_cudnn_oss
    return setup_cudnn(args, dtype, oss=True)
           ^^^^^^^^^^^^^^^^^^^^^^^^^^^^^^^^^^
  File ""/home/scratch.yanxu_gpu/fe-sites/computelab_trees/fe_develop_5567e2733/benchmark/attention_inference/benchmark_single_attention.py"", line 167, in setup_cudnn
    return setup_cudnn_fp8(args, cudnn, oss=oss)
           ^^^^^^^^^^^^^^^^^^^^^^^^^^^^^^^^^^^^^
  File ""/home/scratch.yanxu_gpu/fe-sites/computelab_trees/fe_develop_5567e2733/benchmark/attention_inference/benchmark_single_attention.py"", line 336, in setup_cudnn_fp8
    graph.check_support()
  File ""/home/scratch.yanxu_gpu/fe-sites/computelab_trees/fe_develop_5567e2733/python/cudnn/_pygraph.py"", line 1547, in check_support
    self._lowered_graph.check_support()
cudnn._compiled_module.cudnnGraphNotSupportedError: [cudnn_frontend] Error: No execution plans support the graph.",,,
deepseek_v4,dsv4_pro,generation,cudnn_oss,bfloat16,bfloat16,128,1,131072,128,1,512,512,mla_absorbed,,64,6.749521,651.609,2550.318,31.879,20,True,,NVIDIA B200,cudnn_oss plan=sdpa_fwd_prefill_sm100[PACK_GQA=1; SCHED_POLICY=0; SPLIT_KV=4; TILE_CGA_M=2; TILE_M=128; TILE_N=128],
deepseek_v4,dsv4_pro,generation,cudnn_oss,bfloat16,fp8_e4m3,128,1,131072,128,1,512,512,mla_absorbed,,64,inf,0.0,0.0,,20,False,"                 ^^^^^^^^^^^^^^^^^^^^^^^^^^^^^^^^^
  File ""/home/scratch.yanxu_gpu/fe-sites/computelab_trees/fe_develop_5567e2733/benchmark/attention_inference/benchmark_single_attention.py"", line 270, in setup_cudnn_oss
    return setup_cudnn(args, dtype, oss=True)
           ^^^^^^^^^^^^^^^^^^^^^^^^^^^^^^^^^^
  File ""/home/scratch.yanxu_gpu/fe-sites/computelab_trees/fe_develop_5567e2733/benchmark/attention_inference/benchmark_single_attention.py"", line 167, in setup_cudnn
    return setup_cudnn_fp8(args, cudnn, oss=oss)
           ^^^^^^^^^^^^^^^^^^^^^^^^^^^^^^^^^^^^^
  File ""/home/scratch.yanxu_gpu/fe-sites/computelab_trees/fe_develop_5567e2733/benchmark/attention_inference/benchmark_single_attention.py"", line 336, in setup_cudnn_fp8
    graph.check_support()
  File ""/home/scratch.yanxu_gpu/fe-sites/computelab_trees/fe_develop_5567e2733/python/cudnn/_pygraph.py"", line 1547, in check_support
    self._lowered_graph.check_support()
cudnn._compiled_module.cudnnGraphNotSupportedError: [cudnn_frontend] Error: No execution plans support the graph.",,,
deepseek_v4,dsv4_pro,generation,cudnn_oss,bfloat16,bfloat16,1,2,131072,128,1,512,512,mla_absorbed,,64,0.244288,281.305,551.57,6.8946,20,True,,NVIDIA B200,cudnn_oss plan=sdpa_fwd_prefill_sm100[PACK_GQA=1; SCHED_POLICY=0; SPLIT_KV=64; TILE_CGA_M=2; TILE_M=128; TILE_N=128],
deepseek_v4,dsv4_pro,generation,cudnn_oss,bfloat16,fp8_e4m3,1,2,131072,128,1,512,512,mla_absorbed,,64,inf,0.0,0.0,,20,False,"                 ^^^^^^^^^^^^^^^^^^^^^^^^^^^^^^^^^
  File ""/home/scratch.yanxu_gpu/fe-sites/computelab_trees/fe_develop_5567e2733/benchmark/attention_inference/benchmark_single_attention.py"", line 270, in setup_cudnn_oss
    return setup_cudnn(args, dtype, oss=True)
           ^^^^^^^^^^^^^^^^^^^^^^^^^^^^^^^^^^
  File ""/home/scratch.yanxu_gpu/fe-sites/computelab_trees/fe_develop_5567e2733/benchmark/attention_inference/benchmark_single_attention.py"", line 167, in setup_cudnn
    return setup_cudnn_fp8(args, cudnn, oss=oss)
           ^^^^^^^^^^^^^^^^^^^^^^^^^^^^^^^^^^^^^
  File ""/home/scratch.yanxu_gpu/fe-sites/computelab_trees/fe_develop_5567e2733/benchmark/attention_inference/benchmark_single_attention.py"", line 336, in setup_cudnn_fp8
    graph.check_support()
  File ""/home/scratch.yanxu_gpu/fe-sites/computelab_trees/fe_develop_5567e2733/python/cudnn/_pygraph.py"", line 1547, in check_support
    self._lowered_graph.check_support()
cudnn._compiled_module.cudnnGraphNotSupportedError: [cudnn_frontend] Error: No execution plans support the graph.",,,
deepseek_v4,dsv4_pro,generation,cudnn_oss,bfloat16,bfloat16,128,2,131072,128,1,512,512,mla_absorbed,,64,7.185133,1224.207,2400.37,30.0046,20,True,,NVIDIA B200,cudnn_oss plan=sdpa_fwd_prefill_sm100[PACK_GQA=1; SCHED_POLICY=0; SPLIT_KV=4; TILE_CGA_M=2; TILE_M=128; TILE_N=128],
deepseek_v4,dsv4_pro,generation,cudnn_oss,bfloat16,fp8_e4m3,128,2,131072,128,1,512,512,mla_absorbed,,64,inf,0.0,0.0,,20,False,"                 ^^^^^^^^^^^^^^^^^^^^^^^^^^^^^^^^^
  File ""/home/scratch.yanxu_gpu/fe-sites/computelab_trees/fe_develop_5567e2733/benchmark/attention_inference/benchmark_single_attention.py"", line 270, in setup_cudnn_oss
    return setup_cudnn(args, dtype, oss=True)
           ^^^^^^^^^^^^^^^^^^^^^^^^^^^^^^^^^^
  File ""/home/scratch.yanxu_gpu/fe-sites/computelab_trees/fe_develop_5567e2733/benchmark/attention_inference/benchmark_single_attention.py"", line 167, in setup_cudnn
    return setup_cudnn_fp8(args, cudnn, oss=oss)
           ^^^^^^^^^^^^^^^^^^^^^^^^^^^^^^^^^^^^^
  File ""/home/scratch.yanxu_gpu/fe-sites/computelab_trees/fe_develop_5567e2733/benchmark/attention_inference/benchmark_single_attention.py"", line 336, in setup_cudnn_fp8
    graph.check_support()
  File ""/home/scratch.yanxu_gpu/fe-sites/computelab_trees/fe_develop_5567e2733/python/cudnn/_pygraph.py"", line 1547, in check_support
    self._lowered_graph.check_support()
cudnn._compiled_module.cudnnGraphNotSupportedError: [cudnn_frontend] Error: No execution plans support the graph.",,,
deepseek_v4,dsv4_pro,generation,cudnn_oss,bfloat16,bfloat16,1,3,131072,128,1,512,512,mla_absorbed,,64,0.23664,435.595,570.504,7.1313,20,True,,NVIDIA B200,cudnn_oss plan=sdpa_fwd_prefill_sm100[PACK_GQA=1; SCHED_POLICY=0; SPLIT_KV=32; TILE_CGA_M=2; TILE_M=128; TILE_N=128],
deepseek_v4,dsv4_pro,generation,cudnn_oss,bfloat16,fp8_e4m3,1,3,131072,128,1,512,512,mla_absorbed,,64,inf,0.0,0.0,,20,False,"                 ^^^^^^^^^^^^^^^^^^^^^^^^^^^^^^^^^
  File ""/home/scratch.yanxu_gpu/fe-sites/computelab_trees/fe_develop_5567e2733/benchmark/attention_inference/benchmark_single_attention.py"", line 270, in setup_cudnn_oss
    return setup_cudnn(args, dtype, oss=True)
           ^^^^^^^^^^^^^^^^^^^^^^^^^^^^^^^^^^
  File ""/home/scratch.yanxu_gpu/fe-sites/computelab_trees/fe_develop_5567e2733/benchmark/attention_inference/benchmark_single_attention.py"", line 167, in setup_cudnn
    return setup_cudnn_fp8(args, cudnn, oss=oss)
           ^^^^^^^^^^^^^^^^^^^^^^^^^^^^^^^^^^^^^
  File ""/home/scratch.yanxu_gpu/fe-sites/computelab_trees/fe_develop_5567e2733/benchmark/attention_inference/benchmark_single_attention.py"", line 336, in setup_cudnn_fp8
    graph.check_support()
  File ""/home/scratch.yanxu_gpu/fe-sites/computelab_trees/fe_develop_5567e2733/python/cudnn/_pygraph.py"", line 1547, in check_support
    self._lowered_graph.check_support()
cudnn._compiled_module.cudnnGraphNotSupportedError: [cudnn_frontend] Error: No execution plans support the graph.",,,
deepseek_v4,dsv4_pro,generation,cudnn_oss,bfloat16,bfloat16,128,3,131072,128,1,512,512,mla_absorbed,,64,13.044333,1011.484,1324.754,16.5594,20,True,,NVIDIA B200,cudnn_oss plan=sdpa_fwd_prefill_sm100[PACK_GQA=1; SCHED_POLICY=0; SPLIT_KV=2; TILE_CGA_M=2; TILE_M=128; TILE_N=128],
deepseek_v4,dsv4_pro,generation,cudnn_oss,bfloat16,fp8_e4m3,128,3,131072,128,1,512,512,mla_absorbed,,64,inf,0.0,0.0,,20,False,"                 ^^^^^^^^^^^^^^^^^^^^^^^^^^^^^^^^^
  File ""/home/scratch.yanxu_gpu/fe-sites/computelab_trees/fe_develop_5567e2733/benchmark/attention_inference/benchmark_single_attention.py"", line 270, in setup_cudnn_oss
    return setup_cudnn(args, dtype, oss=True)
           ^^^^^^^^^^^^^^^^^^^^^^^^^^^^^^^^^^
  File ""/home/scratch.yanxu_gpu/fe-sites/computelab_trees/fe_develop_5567e2733/benchmark/attention_inference/benchmark_single_attention.py"", line 167, in setup_cudnn
    return setup_cudnn_fp8(args, cudnn, oss=oss)
           ^^^^^^^^^^^^^^^^^^^^^^^^^^^^^^^^^^^^^
  File ""/home/scratch.yanxu_gpu/fe-sites/computelab_trees/fe_develop_5567e2733/benchmark/attention_inference/benchmark_single_attention.py"", line 336, in setup_cudnn_fp8
    graph.check_support()
  File ""/home/scratch.yanxu_gpu/fe-sites/computelab_trees/fe_develop_5567e2733/python/cudnn/_pygraph.py"", line 1547, in check_support
    self._lowered_graph.check_support()
cudnn._compiled_module.cudnnGraphNotSupportedError: [cudnn_frontend] Error: No execution plans support the graph.",,,
deepseek_v4,dsv4_pro,generation,cudnn_oss,bfloat16,bfloat16,1,4,131072,128,1,512,512,mla_absorbed,,64,0.23859,576.047,566.94,7.0868,20,True,,NVIDIA B200,cudnn_oss plan=sdpa_fwd_prefill_sm100[PACK_GQA=1; SCHED_POLICY=0; SPLIT_KV=32; TILE_CGA_M=2; TILE_M=128; TILE_N=128],
deepseek_v4,dsv4_pro,generation,cudnn_oss,bfloat16,fp8_e4m3,1,4,131072,128,1,512,512,mla_absorbed,,64,inf,0.0,0.0,,20,False,"                 ^^^^^^^^^^^^^^^^^^^^^^^^^^^^^^^^^
  File ""/home/scratch.yanxu_gpu/fe-sites/computelab_trees/fe_develop_5567e2733/benchmark/attention_inference/benchmark_single_attention.py"", line 270, in setup_cudnn_oss
    return setup_cudnn(args, dtype, oss=True)
           ^^^^^^^^^^^^^^^^^^^^^^^^^^^^^^^^^^
  File ""/home/scratch.yanxu_gpu/fe-sites/computelab_trees/fe_develop_5567e2733/benchmark/attention_inference/benchmark_single_attention.py"", line 167, in setup_cudnn
    return setup_cudnn_fp8(args, cudnn, oss=oss)
           ^^^^^^^^^^^^^^^^^^^^^^^^^^^^^^^^^^^^^
  File ""/home/scratch.yanxu_gpu/fe-sites/computelab_trees/fe_develop_5567e2733/benchmark/attention_inference/benchmark_single_attention.py"", line 336, in setup_cudnn_fp8
    graph.check_support()
  File ""/home/scratch.yanxu_gpu/fe-sites/computelab_trees/fe_develop_5567e2733/python/cudnn/_pygraph.py"", line 1547, in check_support
    self._lowered_graph.check_support()
cudnn._compiled_module.cudnnGraphNotSupportedError: [cudnn_frontend] Error: No execution plans support the graph.",,,
deepseek_v4,dsv4_pro,generation,cudnn_oss,bfloat16,bfloat16,128,4,131072,128,1,512,512,mla_absorbed,,64,13.81928,1273.018,1252.894,15.6612,20,True,,NVIDIA B200,cudnn_oss plan=sdpa_fwd_prefill_sm100[PACK_GQA=1; SCHED_POLICY=0; SPLIT_KV=2; TILE_CGA_M=2; TILE_M=128; TILE_N=128],
deepseek_v4,dsv4_pro,generation,cudnn_oss,bfloat16,fp8_e4m3,128,4,131072,128,1,512,512,mla_absorbed,,64,inf,0.0,0.0,,20,False,"                 ^^^^^^^^^^^^^^^^^^^^^^^^^^^^^^^^^
  File ""/home/scratch.yanxu_gpu/fe-sites/computelab_trees/fe_develop_5567e2733/benchmark/attention_inference/benchmark_single_attention.py"", line 270, in setup_cudnn_oss
    return setup_cudnn(args, dtype, oss=True)
           ^^^^^^^^^^^^^^^^^^^^^^^^^^^^^^^^^^
  File ""/home/scratch.yanxu_gpu/fe-sites/computelab_trees/fe_develop_5567e2733/benchmark/attention_inference/benchmark_single_attention.py"", line 167, in setup_cudnn
    return setup_cudnn_fp8(args, cudnn, oss=oss)
           ^^^^^^^^^^^^^^^^^^^^^^^^^^^^^^^^^^^^^
  File ""/home/scratch.yanxu_gpu/fe-sites/computelab_trees/fe_develop_5567e2733/benchmark/attention_inference/benchmark_single_attention.py"", line 336, in setup_cudnn_fp8
    graph.check_support()
  File ""/home/scratch.yanxu_gpu/fe-sites/computelab_trees/fe_develop_5567e2733/python/cudnn/_pygraph.py"", line 1547, in check_support
    self._lowered_graph.check_support()
cudnn._compiled_module.cudnnGraphNotSupportedError: [cudnn_frontend] Error: No execution plans support the graph.",,,
deepseek_v4,dsv4_pro-tp2,context,cudnn,bfloat16,bfloat16,1,2048,2048,64,1,512,512,mla_absorbed,,64,0.565274,486.274,478.587,5.9823,20,True,,NVIDIA B200,cudnn 9.27.0,
deepseek_v4,dsv4_pro-tp2,context,cudnn,bfloat16,bfloat16,1,8192,8192,64,1,512,512,mla_absorbed,,64,8.445225,520.773,128.135,1.6017,20,True,,NVIDIA B200,cudnn 9.27.0,
deepseek_v4,dsv4_pro-tp2,context,cudnn,bfloat16,bfloat16,1,512,65536,64,1,512,512,mla_absorbed,,64,8.919696,493.071,15.047,0.1881,20,True,,NVIDIA B200,cudnn 9.27.0,
deepseek_v4,dsv4_pro-tp2,context,cudnn,bfloat16,bfloat16,1,512,131072,64,1,512,512,mla_absorbed,,64,17.495879,502.752,11.507,0.1438,20,True,,NVIDIA B200,cudnn 9.27.0,
deepseek_v4,dsv4_pro-tp2,context,cudnn,bfloat16,bfloat16,1,1024,65536,64,1,512,512,mla_absorbed,,64,15.969927,550.791,12.607,0.1576,20,True,,NVIDIA B200,cudnn 9.27.0,
deepseek_v4,dsv4_pro-tp2,context,cudnn,bfloat16,bfloat16,1,1024,131072,64,1,512,512,mla_absorbed,,64,35.429032,496.547,7.577,0.0947,20,True,,NVIDIA B200,cudnn 9.27.0,
deepseek_v4,dsv4_pro-tp2,generation,cudnn,bfloat16,bfloat16,1,1,131072,64,1,512,512,mla_absorbed,,64,0.370077,46.422,363.029,4.5379,20,True,,NVIDIA B200,cudnn 9.27.0,
deepseek_v4,dsv4_pro-tp2,generation,cudnn,bfloat16,fp8_e4m3,1,1,131072,64,1,512,512,mla_absorbed,,64,inf,0.0,0.0,,20,False,"Warning: CUDNN_STATUS_NOT_SUPPORTED_GRAPH_PATTERN; Reason: process_knob_choices()
Warning: CUDNN_STATUS_NOT_SUPPORTED; Reason: (CUDNN_STATUS_NOT_INITIALIZED == status) || (CUDNN_STATUS_NOT_SUPPORTED == ((status) / 1000 * 1000))
Warning: CUDNN_STATUS_NOT_SUPPORTED; Reason: ptr->isSupported()
Warning: CUDNN_STATUS_NOT_SUPPORTED; Reason: finalize_internal()

{""engineId"":18,""smVersion"":1000,""knobChoices"":{""CUDNN_KNOB_TYPE_KERNEL_CFG"":-1,""CUDNN_KNOB_TYPE_TILE_CGA_M"":-1,""CUDNN_KNOB_TYPE_STREAM_K"":-1,""CUDNN_KNOB_TYPE_TILE_M"":-1,""CUDNN_KNOB_TYPE_TILE_N"":-1}}
Warning: CUDNN_STATUS_NOT_SUPPORTED_ARCH_MISMATCH; Reason: only Rubin is supported for this engine at: !(1070 <= deviceVer && deviceVer < 1100)
Warning: CUDNN_STATUS_NOT_SUPPORTED; Reason: (CUDNN_STATUS_NOT_INITIALIZED == status) || (CUDNN_STATUS_NOT_SUPPORTED == ((status) / 1000 * 1000))
Warning: CUDNN_STATUS_NOT_SUPPORTED; Reason: ptr->isSupported()
Warning: CUDNN_STATUS_NOT_SUPPORTED; Reason: finalize_internal()

)",,,
deepseek_v4,dsv4_pro-tp2,generation,cudnn,bfloat16,bfloat16,128,1,131072,64,1,512,512,mla_absorbed,,64,38.807691,56.665,443.125,5.5391,20,True,,NVIDIA B200,cudnn 9.27.0,
deepseek_v4,dsv4_pro-tp2,generation,cudnn,bfloat16,fp8_e4m3,128,1,131072,64,1,512,512,mla_absorbed,,64,inf,0.0,0.0,,20,False,"Warning: CUDNN_STATUS_NOT_SUPPORTED_GRAPH_PATTERN; Reason: process_knob_choices()
Warning: CUDNN_STATUS_NOT_SUPPORTED; Reason: (CUDNN_STATUS_NOT_INITIALIZED == status) || (CUDNN_STATUS_NOT_SUPPORTED == ((status) / 1000 * 1000))
Warning: CUDNN_STATUS_NOT_SUPPORTED; Reason: ptr->isSupported()
Warning: CUDNN_STATUS_NOT_SUPPORTED; Reason: finalize_internal()

{""engineId"":18,""smVersion"":1000,""knobChoices"":{""CUDNN_KNOB_TYPE_KERNEL_CFG"":-1,""CUDNN_KNOB_TYPE_TILE_CGA_M"":-1,""CUDNN_KNOB_TYPE_STREAM_K"":-1,""CUDNN_KNOB_TYPE_TILE_M"":-1,""CUDNN_KNOB_TYPE_TILE_N"":-1}}
Warning: CUDNN_STATUS_NOT_SUPPORTED_ARCH_MISMATCH; Reason: only Rubin is supported for this engine at: !(1070 <= deviceVer && deviceVer < 1100)
Warning: CUDNN_STATUS_NOT_SUPPORTED; Reason: (CUDNN_STATUS_NOT_INITIALIZED == status) || (CUDNN_STATUS_NOT_SUPPORTED == ((status) / 1000 * 1000))
Warning: CUDNN_STATUS_NOT_SUPPORTED; Reason: ptr->isSupported()
Warning: CUDNN_STATUS_NOT_SUPPORTED; Reason: finalize_internal()

)",,,
deepseek_v4,dsv4_pro-tp2,generation,cudnn,bfloat16,bfloat16,1,2,131072,64,1,512,512,mla_absorbed,,64,10.891724,3.155,12.347,0.1543,20,True,,NVIDIA B200,cudnn 9.27.0,
deepseek_v4,dsv4_pro-tp2,generation,cudnn,bfloat16,fp8_e4m3,1,2,131072,64,1,512,512,mla_absorbed,,64,6.404703,5.365,10.499,0.1312,20,True,,NVIDIA B200,cudnn fp8 9.27.0,
deepseek_v4,dsv4_pro-tp2,generation,cudnn,bfloat16,bfloat16,128,2,131072,64,1,512,512,mla_absorbed,,64,1369.679997,3.211,12.567,0.1571,20,True,,NVIDIA B200,cudnn 9.27.0,
deepseek_v4,dsv4_pro-tp2,generation,cudnn,bfloat16,fp8_e4m3,128,2,131072,64,1,512,512,mla_absorbed,,64,787.470236,5.585,10.93,0.1366,20,True,,NVIDIA B200,cudnn fp8 9.27.0,
deepseek_v4,dsv4_pro-tp2,generation,cudnn,bfloat16,bfloat16,1,3,131072,64,1,512,512,mla_absorbed,,64,10.887584,4.734,12.364,0.1545,20,True,,NVIDIA B200,cudnn 9.27.0,
deepseek_v4,dsv4_pro-tp2,generation,cudnn,bfloat16,fp8_e4m3,1,3,131072,64,1,512,512,mla_absorbed,,64,6.48216,7.951,10.383,0.1298,20,True,,NVIDIA B200,cudnn fp8 9.27.0,
deepseek_v4,dsv4_pro-tp2,generation,cudnn,bfloat16,bfloat16,128,3,131072,64,1,512,512,mla_absorbed,,64,1368.570939,4.82,12.59,0.1574,20,True,,NVIDIA B200,cudnn 9.27.0,
deepseek_v4,dsv4_pro-tp2,generation,cudnn,bfloat16,fp8_e4m3,128,3,131072,64,1,512,512,mla_absorbed,,64,784.58345,8.408,10.98,0.1373,20,True,,NVIDIA B200,cudnn fp8 9.27.0,
deepseek_v4,dsv4_pro-tp2,generation,cudnn,bfloat16,bfloat16,1,4,131072,64,1,512,512,mla_absorbed,,64,10.878214,6.317,12.386,0.1548,20,True,,NVIDIA B200,cudnn 9.27.0,
deepseek_v4,dsv4_pro-tp2,generation,cudnn,bfloat16,fp8_e4m3,1,4,131072,64,1,512,512,mla_absorbed,,64,7.426344,9.253,9.072,0.1134,20,True,,NVIDIA B200,cudnn fp8 9.27.0,
deepseek_v4,dsv4_pro-tp2,generation,cudnn,bfloat16,bfloat16,128,4,131072,64,1,512,512,mla_absorbed,,64,1367.090245,6.434,12.616,0.1577,20,True,,NVIDIA B200,cudnn 9.27.0,
deepseek_v4,dsv4_pro-tp2,generation,cudnn,bfloat16,fp8_e4m3,128,4,131072,64,1,512,512,mla_absorbed,,64,788.197118,11.16,10.941,0.1368,20,True,,NVIDIA B200,cudnn fp8 9.27.0,
deepseek_v4,dsv4_pro-tp2,context,cudnn_oss,bfloat16,bfloat16,1,2048,2048,64,1,512,512,mla_absorbed,,64,0.289785,948.558,933.563,11.6695,20,True,,NVIDIA B200,cudnn_oss plan=sdpa_fwd_prefill_sm100[PACK_GQA=0; SCHED_POLICY=2; SPLIT_KV=1; TILE_CGA_M=2; TILE_M=128; TILE_N=128],
deepseek_v4,dsv4_pro-tp2,context,cudnn_oss,bfloat16,bfloat16,1,8192,8192,64,1,512,512,mla_absorbed,,64,3.232869,1360.416,334.728,4.1841,20,True,,NVIDIA B200,cudnn_oss plan=sdpa_fwd_prefill_sm100[PACK_GQA=0; SCHED_POLICY=2; SPLIT_KV=1; TILE_CGA_M=2; TILE_M=128; TILE_N=128],
deepseek_v4,dsv4_pro-tp2,context,cudnn_oss,bfloat16,bfloat16,1,512,65536,64,1,512,512,mla_absorbed,,64,2.944019,1493.892,45.59,0.5699,20,True,,NVIDIA B200,cudnn_oss plan=sdpa_fwd_prefill_sm100[PACK_GQA=0; SCHED_POLICY=1; SPLIT_KV=1; TILE_CGA_M=2; TILE_M=128; TILE_N=128],
deepseek_v4,dsv4_pro-tp2,context,cudnn_oss,bfloat16,bfloat16,1,512,131072,64,1,512,512,mla_absorbed,,64,6.517291,1349.655,30.891,0.3861,20,True,,NVIDIA B200,cudnn_oss plan=sdpa_fwd_prefill_sm100[PACK_GQA=0; SCHED_POLICY=0; SPLIT_KV=4; TILE_CGA_M=2; TILE_M=128; TILE_N=128],
deepseek_v4,dsv4_pro-tp2,context,cudnn_oss,bfloat16,bfloat16,1,1024,65536,64,1,512,512,mla_absorbed,,64,6.500075,1353.229,30.973,0.3872,20,True,,NVIDIA B200,cudnn_oss plan=sdpa_fwd_prefill_sm100[PACK_GQA=0; SCHED_POLICY=0; SPLIT_KV=2; TILE_CGA_M=2; TILE_M=128; TILE_N=128],
deepseek_v4,dsv4_pro-tp2,context,cudnn_oss,bfloat16,bfloat16,1,1024,131072,64,1,512,512,mla_absorbed,,64,12.894166,1364.352,20.818,0.2602,20,True,,NVIDIA B200,cudnn_oss plan=sdpa_fwd_prefill_sm100[PACK_GQA=0; SCHED_POLICY=0; SPLIT_KV=2; TILE_CGA_M=2; TILE_M=128; TILE_N=128],
deepseek_v4,dsv4_pro-tp2,generation,cudnn_oss,bfloat16,bfloat16,1,1,131072,64,1,512,512,mla_absorbed,,64,0.191326,89.794,702.198,8.7775,20,True,,NVIDIA B200,cudnn_oss plan=sdpa_fwd_prefill_sm100[PACK_GQA=1; SCHED_POLICY=0; SPLIT_KV=64; TILE_CGA_M=2; TILE_M=128; TILE_N=128],
deepseek_v4,dsv4_pro-tp2,generation,cudnn_oss,bfloat16,fp8_e4m3,1,1,131072,64,1,512,512,mla_absorbed,,64,inf,0.0,0.0,,20,False,"                 ^^^^^^^^^^^^^^^^^^^^^^^^^^^^^^^^^
  File ""/home/scratch.yanxu_gpu/fe-sites/computelab_trees/fe_develop_5567e2733/benchmark/attention_inference/benchmark_single_attention.py"", line 270, in setup_cudnn_oss
    return setup_cudnn(args, dtype, oss=True)
           ^^^^^^^^^^^^^^^^^^^^^^^^^^^^^^^^^^
  File ""/home/scratch.yanxu_gpu/fe-sites/computelab_trees/fe_develop_5567e2733/benchmark/attention_inference/benchmark_single_attention.py"", line 167, in setup_cudnn
    return setup_cudnn_fp8(args, cudnn, oss=oss)
           ^^^^^^^^^^^^^^^^^^^^^^^^^^^^^^^^^^^^^
  File ""/home/scratch.yanxu_gpu/fe-sites/computelab_trees/fe_develop_5567e2733/benchmark/attention_inference/benchmark_single_attention.py"", line 336, in setup_cudnn_fp8
    graph.check_support()
  File ""/home/scratch.yanxu_gpu/fe-sites/computelab_trees/fe_develop_5567e2733/python/cudnn/_pygraph.py"", line 1547, in check_support
    self._lowered_graph.check_support()
cudnn._compiled_module.cudnnGraphNotSupportedError: [cudnn_frontend] Error: No execution plans support the graph.",,,
deepseek_v4,dsv4_pro-tp2,generation,cudnn_oss,bfloat16,bfloat16,128,1,131072,64,1,512,512,mla_absorbed,,64,6.360672,345.722,2703.59,33.7949,20,True,,NVIDIA B200,cudnn_oss plan=sdpa_fwd_prefill_sm100[PACK_GQA=1; SCHED_POLICY=0; SPLIT_KV=4; TILE_CGA_M=2; TILE_M=128; TILE_N=128],
deepseek_v4,dsv4_pro-tp2,generation,cudnn_oss,bfloat16,fp8_e4m3,128,1,131072,64,1,512,512,mla_absorbed,,64,inf,0.0,0.0,,20,False,"                 ^^^^^^^^^^^^^^^^^^^^^^^^^^^^^^^^^
  File ""/home/scratch.yanxu_gpu/fe-sites/computelab_trees/fe_develop_5567e2733/benchmark/attention_inference/benchmark_single_attention.py"", line 270, in setup_cudnn_oss
    return setup_cudnn(args, dtype, oss=True)
           ^^^^^^^^^^^^^^^^^^^^^^^^^^^^^^^^^^
  File ""/home/scratch.yanxu_gpu/fe-sites/computelab_trees/fe_develop_5567e2733/benchmark/attention_inference/benchmark_single_attention.py"", line 167, in setup_cudnn
    return setup_cudnn_fp8(args, cudnn, oss=oss)
           ^^^^^^^^^^^^^^^^^^^^^^^^^^^^^^^^^^^^^
  File ""/home/scratch.yanxu_gpu/fe-sites/computelab_trees/fe_develop_5567e2733/benchmark/attention_inference/benchmark_single_attention.py"", line 336, in setup_cudnn_fp8
    graph.check_support()
  File ""/home/scratch.yanxu_gpu/fe-sites/computelab_trees/fe_develop_5567e2733/python/cudnn/_pygraph.py"", line 1547, in check_support
    self._lowered_graph.check_support()
cudnn._compiled_module.cudnnGraphNotSupportedError: [cudnn_frontend] Error: No execution plans support the graph.",,,
deepseek_v4,dsv4_pro-tp2,generation,cudnn_oss,bfloat16,bfloat16,1,2,131072,64,1,512,512,mla_absorbed,,64,0.2328,147.593,577.663,7.2208,20,True,,NVIDIA B200,cudnn_oss plan=sdpa_fwd_prefill_sm100[PACK_GQA=1; SCHED_POLICY=0; SPLIT_KV=64; TILE_CGA_M=2; TILE_M=128; TILE_N=128],
deepseek_v4,dsv4_pro-tp2,generation,cudnn_oss,bfloat16,fp8_e4m3,1,2,131072,64,1,512,512,mla_absorbed,,64,inf,0.0,0.0,,20,False,"                 ^^^^^^^^^^^^^^^^^^^^^^^^^^^^^^^^^
  File ""/home/scratch.yanxu_gpu/fe-sites/computelab_trees/fe_develop_5567e2733/benchmark/attention_inference/benchmark_single_attention.py"", line 270, in setup_cudnn_oss
    return setup_cudnn(args, dtype, oss=True)
           ^^^^^^^^^^^^^^^^^^^^^^^^^^^^^^^^^^
  File ""/home/scratch.yanxu_gpu/fe-sites/computelab_trees/fe_develop_5567e2733/benchmark/attention_inference/benchmark_single_attention.py"", line 167, in setup_cudnn
    return setup_cudnn_fp8(args, cudnn, oss=oss)
           ^^^^^^^^^^^^^^^^^^^^^^^^^^^^^^^^^^^^^
  File ""/home/scratch.yanxu_gpu/fe-sites/computelab_trees/fe_develop_5567e2733/benchmark/attention_inference/benchmark_single_attention.py"", line 336, in setup_cudnn_fp8
    graph.check_support()
  File ""/home/scratch.yanxu_gpu/fe-sites/computelab_trees/fe_develop_5567e2733/python/cudnn/_pygraph.py"", line 1547, in check_support
    self._lowered_graph.check_support()
cudnn._compiled_module.cudnnGraphNotSupportedError: [cudnn_frontend] Error: No execution plans support the graph.",,,
deepseek_v4,dsv4_pro-tp2,generation,cudnn_oss,bfloat16,bfloat16,128,2,131072,64,1,512,512,mla_absorbed,,64,6.752642,651.308,2549.139,31.8642,20,True,,NVIDIA B200,cudnn_oss plan=sdpa_fwd_prefill_sm100[PACK_GQA=1; SCHED_POLICY=0; SPLIT_KV=4; TILE_CGA_M=2; TILE_M=128; TILE_N=128],
deepseek_v4,dsv4_pro-tp2,generation,cudnn_oss,bfloat16,fp8_e4m3,128,2,131072,64,1,512,512,mla_absorbed,,64,inf,0.0,0.0,,20,False,"                 ^^^^^^^^^^^^^^^^^^^^^^^^^^^^^^^^^
  File ""/home/scratch.yanxu_gpu/fe-sites/computelab_trees/fe_develop_5567e2733/benchmark/attention_inference/benchmark_single_attention.py"", line 270, in setup_cudnn_oss
    return setup_cudnn(args, dtype, oss=True)
           ^^^^^^^^^^^^^^^^^^^^^^^^^^^^^^^^^^
  File ""/home/scratch.yanxu_gpu/fe-sites/computelab_trees/fe_develop_5567e2733/benchmark/attention_inference/benchmark_single_attention.py"", line 167, in setup_cudnn
    return setup_cudnn_fp8(args, cudnn, oss=oss)
           ^^^^^^^^^^^^^^^^^^^^^^^^^^^^^^^^^^^^^
  File ""/home/scratch.yanxu_gpu/fe-sites/computelab_trees/fe_develop_5567e2733/benchmark/attention_inference/benchmark_single_attention.py"", line 336, in setup_cudnn_fp8
    graph.check_support()
  File ""/home/scratch.yanxu_gpu/fe-sites/computelab_trees/fe_develop_5567e2733/python/cudnn/_pygraph.py"", line 1547, in check_support
    self._lowered_graph.check_support()
cudnn._compiled_module.cudnnGraphNotSupportedError: [cudnn_frontend] Error: No execution plans support the graph.",,,
deepseek_v4,dsv4_pro-tp2,generation,cudnn_oss,bfloat16,bfloat16,1,3,131072,64,1,512,512,mla_absorbed,,64,0.241789,213.159,556.729,6.9591,20,True,,NVIDIA B200,cudnn_oss plan=sdpa_fwd_prefill_sm100[PACK_GQA=1; SCHED_POLICY=0; SPLIT_KV=64; TILE_CGA_M=2; TILE_M=128; TILE_N=128],
deepseek_v4,dsv4_pro-tp2,generation,cudnn_oss,bfloat16,fp8_e4m3,1,3,131072,64,1,512,512,mla_absorbed,,64,inf,0.0,0.0,,20,False,"                 ^^^^^^^^^^^^^^^^^^^^^^^^^^^^^^^^^
  File ""/home/scratch.yanxu_gpu/fe-sites/computelab_trees/fe_develop_5567e2733/benchmark/attention_inference/benchmark_single_attention.py"", line 270, in setup_cudnn_oss
    return setup_cudnn(args, dtype, oss=True)
           ^^^^^^^^^^^^^^^^^^^^^^^^^^^^^^^^^^
  File ""/home/scratch.yanxu_gpu/fe-sites/computelab_trees/fe_develop_5567e2733/benchmark/attention_inference/benchmark_single_attention.py"", line 167, in setup_cudnn
    return setup_cudnn_fp8(args, cudnn, oss=oss)
           ^^^^^^^^^^^^^^^^^^^^^^^^^^^^^^^^^^^^^
  File ""/home/scratch.yanxu_gpu/fe-sites/computelab_trees/fe_develop_5567e2733/benchmark/attention_inference/benchmark_single_attention.py"", line 336, in setup_cudnn_fp8
    graph.check_support()
  File ""/home/scratch.yanxu_gpu/fe-sites/computelab_trees/fe_develop_5567e2733/python/cudnn/_pygraph.py"", line 1547, in check_support
    self._lowered_graph.check_support()
cudnn._compiled_module.cudnnGraphNotSupportedError: [cudnn_frontend] Error: No execution plans support the graph.",,,
deepseek_v4,dsv4_pro-tp2,generation,cudnn_oss,bfloat16,bfloat16,128,3,131072,64,1,512,512,mla_absorbed,,64,6.984795,944.49,2466.816,30.8352,20,True,,NVIDIA B200,cudnn_oss plan=sdpa_fwd_prefill_sm100[PACK_GQA=1; SCHED_POLICY=0; SPLIT_KV=4; TILE_CGA_M=2; TILE_M=128; TILE_N=128],
deepseek_v4,dsv4_pro-tp2,generation,cudnn_oss,bfloat16,fp8_e4m3,128,3,131072,64,1,512,512,mla_absorbed,,64,inf,0.0,0.0,,20,False,"                 ^^^^^^^^^^^^^^^^^^^^^^^^^^^^^^^^^
  File ""/home/scratch.yanxu_gpu/fe-sites/computelab_trees/fe_develop_5567e2733/benchmark/attention_inference/benchmark_single_attention.py"", line 270, in setup_cudnn_oss
    return setup_cudnn(args, dtype, oss=True)
           ^^^^^^^^^^^^^^^^^^^^^^^^^^^^^^^^^^
  File ""/home/scratch.yanxu_gpu/fe-sites/computelab_trees/fe_develop_5567e2733/benchmark/attention_inference/benchmark_single_attention.py"", line 167, in setup_cudnn
    return setup_cudnn_fp8(args, cudnn, oss=oss)
           ^^^^^^^^^^^^^^^^^^^^^^^^^^^^^^^^^^^^^
  File ""/home/scratch.yanxu_gpu/fe-sites/computelab_trees/fe_develop_5567e2733/benchmark/attention_inference/benchmark_single_attention.py"", line 336, in setup_cudnn_fp8
    graph.check_support()
  File ""/home/scratch.yanxu_gpu/fe-sites/computelab_trees/fe_develop_5567e2733/python/cudnn/_pygraph.py"", line 1547, in check_support
    self._lowered_graph.check_support()
cudnn._compiled_module.cudnnGraphNotSupportedError: [cudnn_frontend] Error: No execution plans support the graph.",,,
deepseek_v4,dsv4_pro-tp2,generation,cudnn_oss,bfloat16,bfloat16,1,4,131072,64,1,512,512,mla_absorbed,,64,0.244125,281.493,551.939,6.8992,20,True,,NVIDIA B200,cudnn_oss plan=sdpa_fwd_prefill_sm100[PACK_GQA=1; SCHED_POLICY=0; SPLIT_KV=64; TILE_CGA_M=2; TILE_M=128; TILE_N=128],
deepseek_v4,dsv4_pro-tp2,generation,cudnn_oss,bfloat16,fp8_e4m3,1,4,131072,64,1,512,512,mla_absorbed,,64,inf,0.0,0.0,,20,False,"                 ^^^^^^^^^^^^^^^^^^^^^^^^^^^^^^^^^
  File ""/home/scratch.yanxu_gpu/fe-sites/computelab_trees/fe_develop_5567e2733/benchmark/attention_inference/benchmark_single_attention.py"", line 270, in setup_cudnn_oss
    return setup_cudnn(args, dtype, oss=True)
           ^^^^^^^^^^^^^^^^^^^^^^^^^^^^^^^^^^
  File ""/home/scratch.yanxu_gpu/fe-sites/computelab_trees/fe_develop_5567e2733/benchmark/attention_inference/benchmark_single_attention.py"", line 167, in setup_cudnn
    return setup_cudnn_fp8(args, cudnn, oss=oss)
           ^^^^^^^^^^^^^^^^^^^^^^^^^^^^^^^^^^^^^
  File ""/home/scratch.yanxu_gpu/fe-sites/computelab_trees/fe_develop_5567e2733/benchmark/attention_inference/benchmark_single_attention.py"", line 336, in setup_cudnn_fp8
    graph.check_support()
  File ""/home/scratch.yanxu_gpu/fe-sites/computelab_trees/fe_develop_5567e2733/python/cudnn/_pygraph.py"", line 1547, in check_support
    self._lowered_graph.check_support()
cudnn._compiled_module.cudnnGraphNotSupportedError: [cudnn_frontend] Error: No execution plans support the graph.",,,
deepseek_v4,dsv4_pro-tp2,generation,cudnn_oss,bfloat16,bfloat16,128,4,131072,64,1,512,512,mla_absorbed,,64,7.203611,1221.067,2394.213,29.9277,20,True,,NVIDIA B200,cudnn_oss plan=sdpa_fwd_prefill_sm100[PACK_GQA=1; SCHED_POLICY=0; SPLIT_KV=4; TILE_CGA_M=2; TILE_M=128; TILE_N=128],
deepseek_v4,dsv4_pro-tp2,generation,cudnn_oss,bfloat16,fp8_e4m3,128,4,131072,64,1,512,512,mla_absorbed,,64,inf,0.0,0.0,,20,False,"                 ^^^^^^^^^^^^^^^^^^^^^^^^^^^^^^^^^
  File ""/home/scratch.yanxu_gpu/fe-sites/computelab_trees/fe_develop_5567e2733/benchmark/attention_inference/benchmark_single_attention.py"", line 270, in setup_cudnn_oss
    return setup_cudnn(args, dtype, oss=True)
           ^^^^^^^^^^^^^^^^^^^^^^^^^^^^^^^^^^
  File ""/home/scratch.yanxu_gpu/fe-sites/computelab_trees/fe_develop_5567e2733/benchmark/attention_inference/benchmark_single_attention.py"", line 167, in setup_cudnn
    return setup_cudnn_fp8(args, cudnn, oss=oss)
           ^^^^^^^^^^^^^^^^^^^^^^^^^^^^^^^^^^^^^
  File ""/home/scratch.yanxu_gpu/fe-sites/computelab_trees/fe_develop_5567e2733/benchmark/attention_inference/benchmark_single_attention.py"", line 336, in setup_cudnn_fp8
    graph.check_support()
  File ""/home/scratch.yanxu_gpu/fe-sites/computelab_trees/fe_develop_5567e2733/python/cudnn/_pygraph.py"", line 1547, in check_support
    self._lowered_graph.check_support()
cudnn._compiled_module.cudnnGraphNotSupportedError: [cudnn_frontend] Error: No execution plans support the graph.",,,
deepseek_v4,dsv4_pro-tp4,context,cudnn,bfloat16,bfloat16,1,2048,2048,32,1,512,512,mla_absorbed,,64,0.275648,498.603,494.525,6.1816,20,True,,NVIDIA B200,cudnn 9.27.0,
deepseek_v4,dsv4_pro-tp4,context,cudnn,bfloat16,bfloat16,1,8192,8192,32,1,512,512,mla_absorbed,,64,4.058323,541.855,134.356,1.6794,20,True,,NVIDIA B200,cudnn 9.27.0,
deepseek_v4,dsv4_pro-tp4,context,cudnn,bfloat16,bfloat16,1,512,65536,32,1,512,512,mla_absorbed,,64,4.223297,520.689,23.835,0.2979,20,True,,NVIDIA B200,cudnn 9.27.0,
deepseek_v4,dsv4_pro-tp4,context,cudnn,bfloat16,bfloat16,1,512,131072,32,1,512,512,mla_absorbed,,64,8.762611,501.911,19.146,0.2393,20,True,,NVIDIA B200,cudnn 9.27.0,
deepseek_v4,dsv4_pro-tp4,context,cudnn,bfloat16,bfloat16,1,1024,65536,32,1,512,512,mla_absorbed,,64,8.819907,498.65,15.218,0.1902,20,True,,NVIDIA B200,cudnn 9.27.0,
deepseek_v4,dsv4_pro-tp4,context,cudnn,bfloat16,bfloat16,1,1024,131072,32,1,512,512,mla_absorbed,,64,17.928608,490.618,11.229,0.1404,20,True,,NVIDIA B200,cudnn 9.27.0,
deepseek_v4,dsv4_pro-tp4,generation,cudnn,bfloat16,bfloat16,1,1,131072,32,1,512,512,mla_absorbed,,64,0.200894,42.759,668.428,8.3554,20,True,,NVIDIA B200,cudnn 9.27.0,
deepseek_v4,dsv4_pro-tp4,generation,cudnn,bfloat16,fp8_e4m3,1,1,131072,32,1,512,512,mla_absorbed,,64,inf,0.0,0.0,,20,False,"Warning: CUDNN_STATUS_NOT_SUPPORTED_GRAPH_PATTERN; Reason: process_knob_choices()
Warning: CUDNN_STATUS_NOT_SUPPORTED; Reason: (CUDNN_STATUS_NOT_INITIALIZED == status) || (CUDNN_STATUS_NOT_SUPPORTED == ((status) / 1000 * 1000))
Warning: CUDNN_STATUS_NOT_SUPPORTED; Reason: ptr->isSupported()
Warning: CUDNN_STATUS_NOT_SUPPORTED; Reason: finalize_internal()

{""engineId"":18,""smVersion"":1000,""knobChoices"":{""CUDNN_KNOB_TYPE_KERNEL_CFG"":-1,""CUDNN_KNOB_TYPE_TILE_CGA_M"":-1,""CUDNN_KNOB_TYPE_STREAM_K"":-1,""CUDNN_KNOB_TYPE_TILE_M"":-1,""CUDNN_KNOB_TYPE_TILE_N"":-1}}
Warning: CUDNN_STATUS_NOT_SUPPORTED_ARCH_MISMATCH; Reason: only Rubin is supported for this engine at: !(1070 <= deviceVer && deviceVer < 1100)
Warning: CUDNN_STATUS_NOT_SUPPORTED; Reason: (CUDNN_STATUS_NOT_INITIALIZED == status) || (CUDNN_STATUS_NOT_SUPPORTED == ((status) / 1000 * 1000))
Warning: CUDNN_STATUS_NOT_SUPPORTED; Reason: ptr->isSupported()
Warning: CUDNN_STATUS_NOT_SUPPORTED; Reason: finalize_internal()

)",,,
deepseek_v4,dsv4_pro-tp4,generation,cudnn,bfloat16,bfloat16,128,1,131072,32,1,512,512,mla_absorbed,,64,22.667176,48.507,758.288,9.4786,20,True,,NVIDIA B200,cudnn 9.27.0,
deepseek_v4,dsv4_pro-tp4,generation,cudnn,bfloat16,fp8_e4m3,128,1,131072,32,1,512,512,mla_absorbed,,64,inf,0.0,0.0,,20,False,"Warning: CUDNN_STATUS_NOT_SUPPORTED_GRAPH_PATTERN; Reason: process_knob_choices()
Warning: CUDNN_STATUS_NOT_SUPPORTED; Reason: (CUDNN_STATUS_NOT_INITIALIZED == status) || (CUDNN_STATUS_NOT_SUPPORTED == ((status) / 1000 * 1000))
Warning: CUDNN_STATUS_NOT_SUPPORTED; Reason: ptr->isSupported()
Warning: CUDNN_STATUS_NOT_SUPPORTED; Reason: finalize_internal()

{""engineId"":18,""smVersion"":1000,""knobChoices"":{""CUDNN_KNOB_TYPE_KERNEL_CFG"":-1,""CUDNN_KNOB_TYPE_TILE_CGA_M"":-1,""CUDNN_KNOB_TYPE_STREAM_K"":-1,""CUDNN_KNOB_TYPE_TILE_M"":-1,""CUDNN_KNOB_TYPE_TILE_N"":-1}}
Warning: CUDNN_STATUS_NOT_SUPPORTED_ARCH_MISMATCH; Reason: only Rubin is supported for this engine at: !(1070 <= deviceVer && deviceVer < 1100)
Warning: CUDNN_STATUS_NOT_SUPPORTED; Reason: (CUDNN_STATUS_NOT_INITIALIZED == status) || (CUDNN_STATUS_NOT_SUPPORTED == ((status) / 1000 * 1000))
Warning: CUDNN_STATUS_NOT_SUPPORTED; Reason: ptr->isSupported()
Warning: CUDNN_STATUS_NOT_SUPPORTED; Reason: finalize_internal()

)",,,
deepseek_v4,dsv4_pro-tp4,generation,cudnn,bfloat16,bfloat16,1,2,131072,32,1,512,512,mla_absorbed,,64,10.906557,1.575,12.318,0.154,20,True,,NVIDIA B200,cudnn 9.27.0,
deepseek_v4,dsv4_pro-tp4,generation,cudnn,bfloat16,fp8_e4m3,1,2,131072,32,1,512,512,mla_absorbed,,64,3.145418,5.462,21.356,0.267,20,True,,NVIDIA B200,cudnn fp8 9.27.0,
deepseek_v4,dsv4_pro-tp4,generation,cudnn,bfloat16,bfloat16,128,2,131072,32,1,512,512,mla_absorbed,,64,667.558141,3.294,25.761,0.322,20,True,,NVIDIA B200,cudnn 9.27.0,
deepseek_v4,dsv4_pro-tp4,generation,cudnn,bfloat16,fp8_e4m3,128,2,131072,32,1,512,512,mla_absorbed,,64,380.493307,5.779,22.598,0.2825,20,True,,NVIDIA B200,cudnn fp8 9.27.0,
deepseek_v4,dsv4_pro-tp4,generation,cudnn,bfloat16,bfloat16,1,3,131072,32,1,512,512,mla_absorbed,,64,10.901332,2.364,12.33,0.1541,20,True,,NVIDIA B200,cudnn 9.27.0,
deepseek_v4,dsv4_pro-tp4,generation,cudnn,bfloat16,fp8_e4m3,1,3,131072,32,1,512,512,mla_absorbed,,64,3.158605,8.159,21.277,0.266,20,True,,NVIDIA B200,cudnn fp8 9.27.0,
deepseek_v4,dsv4_pro-tp4,generation,cudnn,bfloat16,bfloat16,128,3,131072,32,1,512,512,mla_absorbed,,64,666.951699,4.946,25.797,0.3225,20,True,,NVIDIA B200,cudnn 9.27.0,
deepseek_v4,dsv4_pro-tp4,generation,cudnn,bfloat16,fp8_e4m3,128,3,131072,32,1,512,512,mla_absorbed,,64,384.070932,8.588,22.398,0.28,20,True,,NVIDIA B200,cudnn fp8 9.27.0,
deepseek_v4,dsv4_pro-tp4,generation,cudnn,bfloat16,bfloat16,1,4,131072,32,1,512,512,mla_absorbed,,64,10.894525,3.154,12.344,0.1543,20,True,,NVIDIA B200,cudnn 9.27.0,
deepseek_v4,dsv4_pro-tp4,generation,cudnn,bfloat16,fp8_e4m3,1,4,131072,32,1,512,512,mla_absorbed,,64,3.296569,10.423,20.397,0.255,20,True,,NVIDIA B200,cudnn fp8 9.27.0,
deepseek_v4,dsv4_pro-tp4,generation,cudnn,bfloat16,bfloat16,128,4,131072,32,1,512,512,mla_absorbed,,64,666.337083,6.6,25.833,0.3229,20,True,,NVIDIA B200,cudnn 9.27.0,
deepseek_v4,dsv4_pro-tp4,generation,cudnn,bfloat16,fp8_e4m3,128,4,131072,32,1,512,512,mla_absorbed,,64,379.131329,11.6,22.701,0.2838,20,True,,NVIDIA B200,cudnn fp8 9.27.0,
deepseek_v4,dsv4_pro-tp4,context,cudnn_oss,bfloat16,bfloat16,1,2048,2048,32,1,512,512,mla_absorbed,,64,0.151902,904.787,897.387,11.2173,20,True,,NVIDIA B200,cudnn_oss plan=sdpa_fwd_prefill_sm100[PACK_GQA=0; SCHED_POLICY=2; SPLIT_KV=1; TILE_CGA_M=2; TILE_M=128; TILE_N=128],
deepseek_v4,dsv4_pro-tp4,context,cudnn_oss,bfloat16,bfloat16,1,8192,8192,32,1,512,512,mla_absorbed,,64,1.616544,1360.324,337.3,4.2162,20,True,,NVIDIA B200,cudnn_oss plan=sdpa_fwd_prefill_sm100[PACK_GQA=0; SCHED_POLICY=2; SPLIT_KV=1; TILE_CGA_M=2; TILE_M=128; TILE_N=128],
deepseek_v4,dsv4_pro-tp4,context,cudnn_oss,bfloat16,bfloat16,1,512,65536,32,1,512,512,mla_absorbed,,64,1.468822,1497.134,68.533,0.8567,20,True,,NVIDIA B200,cudnn_oss plan=sdpa_fwd_prefill_sm100[PACK_GQA=0; SCHED_POLICY=1; SPLIT_KV=1; TILE_CGA_M=2; TILE_M=128; TILE_N=128],
deepseek_v4,dsv4_pro-tp4,context,cudnn_oss,bfloat16,bfloat16,1,512,131072,32,1,512,512,mla_absorbed,,64,2.929047,1501.528,57.279,0.716,20,True,,NVIDIA B200,cudnn_oss plan=sdpa_fwd_prefill_sm100[PACK_GQA=0; SCHED_POLICY=1; SPLIT_KV=1; TILE_CGA_M=2; TILE_M=128; TILE_N=128],
deepseek_v4,dsv4_pro-tp4,context,cudnn_oss,bfloat16,bfloat16,1,1024,65536,32,1,512,512,mla_absorbed,,64,2.931058,1500.498,45.792,0.5724,20,True,,NVIDIA B200,cudnn_oss plan=sdpa_fwd_prefill_sm100[PACK_GQA=0; SCHED_POLICY=1; SPLIT_KV=1; TILE_CGA_M=2; TILE_M=128; TILE_N=128],
deepseek_v4,dsv4_pro-tp4,context,cudnn_oss,bfloat16,bfloat16,1,1024,131072,32,1,512,512,mla_absorbed,,64,6.475323,1358.402,31.091,0.3886,20,True,,NVIDIA B200,cudnn_oss plan=sdpa_fwd_prefill_sm100[PACK_GQA=0; SCHED_POLICY=0; SPLIT_KV=4; TILE_CGA_M=2; TILE_M=128; TILE_N=128],
deepseek_v4,dsv4_pro-tp4,generation,cudnn_oss,bfloat16,bfloat16,1,1,131072,32,1,512,512,mla_absorbed,,64,0.173443,49.526,774.221,9.6778,20,True,,NVIDIA B200,cudnn_oss plan=sdpa_fwd_prefill_sm100[PACK_GQA=1; SCHED_POLICY=0; SPLIT_KV=64; TILE_CGA_M=2; TILE_M=128; TILE_N=128],
deepseek_v4,dsv4_pro-tp4,generation,cudnn_oss,bfloat16,fp8_e4m3,1,1,131072,32,1,512,512,mla_absorbed,,64,inf,0.0,0.0,,20,False,"                 ^^^^^^^^^^^^^^^^^^^^^^^^^^^^^^^^^
  File ""/home/scratch.yanxu_gpu/fe-sites/computelab_trees/fe_develop_5567e2733/benchmark/attention_inference/benchmark_single_attention.py"", line 270, in setup_cudnn_oss
    return setup_cudnn(args, dtype, oss=True)
           ^^^^^^^^^^^^^^^^^^^^^^^^^^^^^^^^^^
  File ""/home/scratch.yanxu_gpu/fe-sites/computelab_trees/fe_develop_5567e2733/benchmark/attention_inference/benchmark_single_attention.py"", line 167, in setup_cudnn
    return setup_cudnn_fp8(args, cudnn, oss=oss)
           ^^^^^^^^^^^^^^^^^^^^^^^^^^^^^^^^^^^^^
  File ""/home/scratch.yanxu_gpu/fe-sites/computelab_trees/fe_develop_5567e2733/benchmark/attention_inference/benchmark_single_attention.py"", line 336, in setup_cudnn_fp8
    graph.check_support()
  File ""/home/scratch.yanxu_gpu/fe-sites/computelab_trees/fe_develop_5567e2733/python/cudnn/_pygraph.py"", line 1547, in check_support
    self._lowered_graph.check_support()
cudnn._compiled_module.cudnnGraphNotSupportedError: [cudnn_frontend] Error: No execution plans support the graph.",,,
deepseek_v4,dsv4_pro-tp4,generation,cudnn_oss,bfloat16,bfloat16,128,1,131072,32,1,512,512,mla_absorbed,,64,6.147984,178.841,2795.755,34.9469,20,True,,NVIDIA B200,cudnn_oss plan=sdpa_fwd_prefill_sm100[PACK_GQA=1; SCHED_POLICY=0; SPLIT_KV=4; TILE_CGA_M=2; TILE_M=128; TILE_N=128],
deepseek_v4,dsv4_pro-tp4,generation,cudnn_oss,bfloat16,fp8_e4m3,128,1,131072,32,1,512,512,mla_absorbed,,64,inf,0.0,0.0,,20,False,"                 ^^^^^^^^^^^^^^^^^^^^^^^^^^^^^^^^^
  File ""/home/scratch.yanxu_gpu/fe-sites/computelab_trees/fe_develop_5567e2733/benchmark/attention_inference/benchmark_single_attention.py"", line 270, in setup_cudnn_oss
    return setup_cudnn(args, dtype, oss=True)
           ^^^^^^^^^^^^^^^^^^^^^^^^^^^^^^^^^^
  File ""/home/scratch.yanxu_gpu/fe-sites/computelab_trees/fe_develop_5567e2733/benchmark/attention_inference/benchmark_single_attention.py"", line 167, in setup_cudnn
    return setup_cudnn_fp8(args, cudnn, oss=oss)
           ^^^^^^^^^^^^^^^^^^^^^^^^^^^^^^^^^^^^^
  File ""/home/scratch.yanxu_gpu/fe-sites/computelab_trees/fe_develop_5567e2733/benchmark/attention_inference/benchmark_single_attention.py"", line 336, in setup_cudnn_fp8
    graph.check_support()
  File ""/home/scratch.yanxu_gpu/fe-sites/computelab_trees/fe_develop_5567e2733/python/cudnn/_pygraph.py"", line 1547, in check_support
    self._lowered_graph.check_support()
cudnn._compiled_module.cudnnGraphNotSupportedError: [cudnn_frontend] Error: No execution plans support the graph.",,,
deepseek_v4,dsv4_pro-tp4,generation,cudnn_oss,bfloat16,bfloat16,1,2,131072,32,1,512,512,mla_absorbed,,64,0.19392,88.593,692.805,8.6601,20,True,,NVIDIA B200,cudnn_oss plan=sdpa_fwd_prefill_sm100[PACK_GQA=1; SCHED_POLICY=0; SPLIT_KV=64; TILE_CGA_M=2; TILE_M=128; TILE_N=128],
deepseek_v4,dsv4_pro-tp4,generation,cudnn_oss,bfloat16,fp8_e4m3,1,2,131072,32,1,512,512,mla_absorbed,,64,inf,0.0,0.0,,20,False,"                 ^^^^^^^^^^^^^^^^^^^^^^^^^^^^^^^^^
  File ""/home/scratch.yanxu_gpu/fe-sites/computelab_trees/fe_develop_5567e2733/benchmark/attention_inference/benchmark_single_attention.py"", line 270, in setup_cudnn_oss
    return setup_cudnn(args, dtype, oss=True)
           ^^^^^^^^^^^^^^^^^^^^^^^^^^^^^^^^^^
  File ""/home/scratch.yanxu_gpu/fe-sites/computelab_trees/fe_develop_5567e2733/benchmark/attention_inference/benchmark_single_attention.py"", line 167, in setup_cudnn
    return setup_cudnn_fp8(args, cudnn, oss=oss)
           ^^^^^^^^^^^^^^^^^^^^^^^^^^^^^^^^^^^^^
  File ""/home/scratch.yanxu_gpu/fe-sites/computelab_trees/fe_develop_5567e2733/benchmark/attention_inference/benchmark_single_attention.py"", line 336, in setup_cudnn_fp8
    graph.check_support()
  File ""/home/scratch.yanxu_gpu/fe-sites/computelab_trees/fe_develop_5567e2733/python/cudnn/_pygraph.py"", line 1547, in check_support
    self._lowered_graph.check_support()
cudnn._compiled_module.cudnnGraphNotSupportedError: [cudnn_frontend] Error: No execution plans support the graph.",,,
deepseek_v4,dsv4_pro-tp4,generation,cudnn_oss,bfloat16,bfloat16,128,2,131072,32,1,512,512,mla_absorbed,,64,6.354731,346.045,2706.117,33.8265,20,True,,NVIDIA B200,cudnn_oss plan=sdpa_fwd_prefill_sm100[PACK_GQA=1; SCHED_POLICY=0; SPLIT_KV=4; TILE_CGA_M=2; TILE_M=128; TILE_N=128],
deepseek_v4,dsv4_pro-tp4,generation,cudnn_oss,bfloat16,fp8_e4m3,128,2,131072,32,1,512,512,mla_absorbed,,64,inf,0.0,0.0,,20,False,"                 ^^^^^^^^^^^^^^^^^^^^^^^^^^^^^^^^^
  File ""/home/scratch.yanxu_gpu/fe-sites/computelab_trees/fe_develop_5567e2733/benchmark/attention_inference/benchmark_single_attention.py"", line 270, in setup_cudnn_oss
    return setup_cudnn(args, dtype, oss=True)
           ^^^^^^^^^^^^^^^^^^^^^^^^^^^^^^^^^^
  File ""/home/scratch.yanxu_gpu/fe-sites/computelab_trees/fe_develop_5567e2733/benchmark/attention_inference/benchmark_single_attention.py"", line 167, in setup_cudnn
    return setup_cudnn_fp8(args, cudnn, oss=oss)
           ^^^^^^^^^^^^^^^^^^^^^^^^^^^^^^^^^^^^^
  File ""/home/scratch.yanxu_gpu/fe-sites/computelab_trees/fe_develop_5567e2733/benchmark/attention_inference/benchmark_single_attention.py"", line 336, in setup_cudnn_fp8
    graph.check_support()
  File ""/home/scratch.yanxu_gpu/fe-sites/computelab_trees/fe_develop_5567e2733/python/cudnn/_pygraph.py"", line 1547, in check_support
    self._lowered_graph.check_support()
cudnn._compiled_module.cudnnGraphNotSupportedError: [cudnn_frontend] Error: No execution plans support the graph.",,,
deepseek_v4,dsv4_pro-tp4,generation,cudnn_oss,bfloat16,bfloat16,1,3,131072,32,1,512,512,mla_absorbed,,64,0.213664,120.609,629.092,7.8637,20,True,,NVIDIA B200,cudnn_oss plan=sdpa_fwd_prefill_sm100[PACK_GQA=1; SCHED_POLICY=0; SPLIT_KV=64; TILE_CGA_M=2; TILE_M=128; TILE_N=128],
deepseek_v4,dsv4_pro-tp4,generation,cudnn_oss,bfloat16,fp8_e4m3,1,3,131072,32,1,512,512,mla_absorbed,,64,inf,0.0,0.0,,20,False,"                 ^^^^^^^^^^^^^^^^^^^^^^^^^^^^^^^^^
  File ""/home/scratch.yanxu_gpu/fe-sites/computelab_trees/fe_develop_5567e2733/benchmark/attention_inference/benchmark_single_attention.py"", line 270, in setup_cudnn_oss
    return setup_cudnn(args, dtype, oss=True)
           ^^^^^^^^^^^^^^^^^^^^^^^^^^^^^^^^^^
  File ""/home/scratch.yanxu_gpu/fe-sites/computelab_trees/fe_develop_5567e2733/benchmark/attention_inference/benchmark_single_attention.py"", line 167, in setup_cudnn
    return setup_cudnn_fp8(args, cudnn, oss=oss)
           ^^^^^^^^^^^^^^^^^^^^^^^^^^^^^^^^^^^^^
  File ""/home/scratch.yanxu_gpu/fe-sites/computelab_trees/fe_develop_5567e2733/benchmark/attention_inference/benchmark_single_attention.py"", line 336, in setup_cudnn_fp8
    graph.check_support()
  File ""/home/scratch.yanxu_gpu/fe-sites/computelab_trees/fe_develop_5567e2733/python/cudnn/_pygraph.py"", line 1547, in check_support
    self._lowered_graph.check_support()
cudnn._compiled_module.cudnnGraphNotSupportedError: [cudnn_frontend] Error: No execution plans support the graph.",,,
deepseek_v4,dsv4_pro-tp4,generation,cudnn_oss,bfloat16,bfloat16,128,3,131072,32,1,512,512,mla_absorbed,,64,6.537478,504.558,2631.754,32.8969,20,True,,NVIDIA B200,cudnn_oss plan=sdpa_fwd_prefill_sm100[PACK_GQA=1; SCHED_POLICY=0; SPLIT_KV=4; TILE_CGA_M=2; TILE_M=128; TILE_N=128],
deepseek_v4,dsv4_pro-tp4,generation,cudnn_oss,bfloat16,fp8_e4m3,128,3,131072,32,1,512,512,mla_absorbed,,64,inf,0.0,0.0,,20,False,"                 ^^^^^^^^^^^^^^^^^^^^^^^^^^^^^^^^^
  File ""/home/scratch.yanxu_gpu/fe-sites/computelab_trees/fe_develop_5567e2733/benchmark/attention_inference/benchmark_single_attention.py"", line 270, in setup_cudnn_oss
    return setup_cudnn(args, dtype, oss=True)
           ^^^^^^^^^^^^^^^^^^^^^^^^^^^^^^^^^^
  File ""/home/scratch.yanxu_gpu/fe-sites/computelab_trees/fe_develop_5567e2733/benchmark/attention_inference/benchmark_single_attention.py"", line 167, in setup_cudnn
    return setup_cudnn_fp8(args, cudnn, oss=oss)
           ^^^^^^^^^^^^^^^^^^^^^^^^^^^^^^^^^^^^^
  File ""/home/scratch.yanxu_gpu/fe-sites/computelab_trees/fe_develop_5567e2733/benchmark/attention_inference/benchmark_single_attention.py"", line 336, in setup_cudnn_fp8
    graph.check_support()
  File ""/home/scratch.yanxu_gpu/fe-sites/computelab_trees/fe_develop_5567e2733/python/cudnn/_pygraph.py"", line 1547, in check_support
    self._lowered_graph.check_support()
cudnn._compiled_module.cudnnGraphNotSupportedError: [cudnn_frontend] Error: No execution plans support the graph.",,,
deepseek_v4,dsv4_pro-tp4,generation,cudnn_oss,bfloat16,bfloat16,1,4,131072,32,1,512,512,mla_absorbed,,64,0.234749,146.368,572.867,7.1608,20,True,,NVIDIA B200,cudnn_oss plan=sdpa_fwd_prefill_sm100[PACK_GQA=1; SCHED_POLICY=0; SPLIT_KV=64; TILE_CGA_M=2; TILE_M=128; TILE_N=128],
deepseek_v4,dsv4_pro-tp4,generation,cudnn_oss,bfloat16,fp8_e4m3,1,4,131072,32,1,512,512,mla_absorbed,,64,inf,0.0,0.0,,20,False,"                 ^^^^^^^^^^^^^^^^^^^^^^^^^^^^^^^^^
  File ""/home/scratch.yanxu_gpu/fe-sites/computelab_trees/fe_develop_5567e2733/benchmark/attention_inference/benchmark_single_attention.py"", line 270, in setup_cudnn_oss
    return setup_cudnn(args, dtype, oss=True)
           ^^^^^^^^^^^^^^^^^^^^^^^^^^^^^^^^^^
  File ""/home/scratch.yanxu_gpu/fe-sites/computelab_trees/fe_develop_5567e2733/benchmark/attention_inference/benchmark_single_attention.py"", line 167, in setup_cudnn
    return setup_cudnn_fp8(args, cudnn, oss=oss)
           ^^^^^^^^^^^^^^^^^^^^^^^^^^^^^^^^^^^^^
  File ""/home/scratch.yanxu_gpu/fe-sites/computelab_trees/fe_develop_5567e2733/benchmark/attention_inference/benchmark_single_attention.py"", line 336, in setup_cudnn_fp8
    graph.check_support()
  File ""/home/scratch.yanxu_gpu/fe-sites/computelab_trees/fe_develop_5567e2733/python/cudnn/_pygraph.py"", line 1547, in check_support
    self._lowered_graph.check_support()
cudnn._compiled_module.cudnnGraphNotSupportedError: [cudnn_frontend] Error: No execution plans support the graph.",,,
deepseek_v4,dsv4_pro-tp4,generation,cudnn_oss,bfloat16,bfloat16,128,4,131072,32,1,512,512,mla_absorbed,,64,6.754214,651.156,2548.546,31.8568,20,True,,NVIDIA B200,cudnn_oss plan=sdpa_fwd_prefill_sm100[PACK_GQA=1; SCHED_POLICY=0; SPLIT_KV=4; TILE_CGA_M=2; TILE_M=128; TILE_N=128],
deepseek_v4,dsv4_pro-tp4,generation,cudnn_oss,bfloat16,fp8_e4m3,128,4,131072,32,1,512,512,mla_absorbed,,64,inf,0.0,0.0,,20,False,"                 ^^^^^^^^^^^^^^^^^^^^^^^^^^^^^^^^^
  File ""/home/scratch.yanxu_gpu/fe-sites/computelab_trees/fe_develop_5567e2733/benchmark/attention_inference/benchmark_single_attention.py"", line 270, in setup_cudnn_oss
    return setup_cudnn(args, dtype, oss=True)
           ^^^^^^^^^^^^^^^^^^^^^^^^^^^^^^^^^^
  File ""/home/scratch.yanxu_gpu/fe-sites/computelab_trees/fe_develop_5567e2733/benchmark/attention_inference/benchmark_single_attention.py"", line 167, in setup_cudnn
    return setup_cudnn_fp8(args, cudnn, oss=oss)
           ^^^^^^^^^^^^^^^^^^^^^^^^^^^^^^^^^^^^^
  File ""/home/scratch.yanxu_gpu/fe-sites/computelab_trees/fe_develop_5567e2733/benchmark/attention_inference/benchmark_single_attention.py"", line 336, in setup_cudnn_fp8
    graph.check_support()
  File ""/home/scratch.yanxu_gpu/fe-sites/computelab_trees/fe_develop_5567e2733/python/cudnn/_pygraph.py"", line 1547, in check_support
    self._lowered_graph.check_support()
cudnn._compiled_module.cudnnGraphNotSupportedError: [cudnn_frontend] Error: No execution plans support the graph.",,,
deepseek_v4,dsv4_pro-tp8,context,cudnn,bfloat16,bfloat16,1,2048,2048,16,1,512,512,mla_absorbed,,64,0.137088,501.28,504.829,6.3104,20,True,,NVIDIA B200,cudnn 9.27.0,
deepseek_v4,dsv4_pro-tp8,context,cudnn,bfloat16,bfloat16,1,8192,8192,16,1,512,512,mla_absorbed,,64,2.00851,547.427,137.826,1.7228,20,True,,NVIDIA B200,cudnn 9.27.0,
deepseek_v4,dsv4_pro-tp8,context,cudnn,bfloat16,bfloat16,1,512,65536,16,1,512,512,mla_absorbed,,64,2.12041,518.537,39.561,0.4945,20,True,,NVIDIA B200,cudnn 9.27.0,
deepseek_v4,dsv4_pro-tp8,context,cudnn,bfloat16,bfloat16,1,512,131072,16,1,512,512,mla_absorbed,,64,4.231716,519.653,35.682,0.446,20,True,,NVIDIA B200,cudnn 9.27.0,
deepseek_v4,dsv4_pro-tp8,context,cudnn,bfloat16,bfloat16,1,1024,65536,16,1,512,512,mla_absorbed,,64,4.211503,522.147,23.902,0.2988,20,True,,NVIDIA B200,cudnn 9.27.0,
deepseek_v4,dsv4_pro-tp8,context,cudnn,bfloat16,bfloat16,1,1024,131072,16,1,512,512,mla_absorbed,,64,8.747781,502.761,19.179,0.2397,20,True,,NVIDIA B200,cudnn 9.27.0,
deepseek_v4,dsv4_pro-tp8,generation,cudnn,bfloat16,bfloat16,1,1,131072,16,1,512,512,mla_absorbed,,64,0.108864,39.453,1233.195,15.4149,20,True,,NVIDIA B200,cudnn 9.27.0,
deepseek_v4,dsv4_pro-tp8,generation,cudnn,bfloat16,fp8_e4m3,1,1,131072,16,1,512,512,mla_absorbed,,64,inf,0.0,0.0,,20,False,"Warning: CUDNN_STATUS_NOT_SUPPORTED_GRAPH_PATTERN; Reason: process_knob_choices()
Warning: CUDNN_STATUS_NOT_SUPPORTED; Reason: (CUDNN_STATUS_NOT_INITIALIZED == status) || (CUDNN_STATUS_NOT_SUPPORTED == ((status) / 1000 * 1000))
Warning: CUDNN_STATUS_NOT_SUPPORTED; Reason: ptr->isSupported()
Warning: CUDNN_STATUS_NOT_SUPPORTED; Reason: finalize_internal()

{""engineId"":18,""smVersion"":1000,""knobChoices"":{""CUDNN_KNOB_TYPE_KERNEL_CFG"":-1,""CUDNN_KNOB_TYPE_TILE_CGA_M"":-1,""CUDNN_KNOB_TYPE_STREAM_K"":-1,""CUDNN_KNOB_TYPE_TILE_M"":-1,""CUDNN_KNOB_TYPE_TILE_N"":-1}}
Warning: CUDNN_STATUS_NOT_SUPPORTED_ARCH_MISMATCH; Reason: only Rubin is supported for this engine at: !(1070 <= deviceVer && deviceVer < 1100)
Warning: CUDNN_STATUS_NOT_SUPPORTED; Reason: (CUDNN_STATUS_NOT_INITIALIZED == status) || (CUDNN_STATUS_NOT_SUPPORTED == ((status) / 1000 * 1000))
Warning: CUDNN_STATUS_NOT_SUPPORTED; Reason: ptr->isSupported()
Warning: CUDNN_STATUS_NOT_SUPPORTED; Reason: finalize_internal()

)",,,
deepseek_v4,dsv4_pro-tp8,generation,cudnn,bfloat16,bfloat16,128,1,131072,16,1,512,512,mla_absorbed,,64,12.109407,45.399,1419.067,17.7383,20,True,,NVIDIA B200,cudnn 9.27.0,
deepseek_v4,dsv4_pro-tp8,generation,cudnn,bfloat16,fp8_e4m3,128,1,131072,16,1,512,512,mla_absorbed,,64,inf,0.0,0.0,,20,False,"Warning: CUDNN_STATUS_NOT_SUPPORTED_GRAPH_PATTERN; Reason: process_knob_choices()
Warning: CUDNN_STATUS_NOT_SUPPORTED; Reason: (CUDNN_STATUS_NOT_INITIALIZED == status) || (CUDNN_STATUS_NOT_SUPPORTED == ((status) / 1000 * 1000))
Warning: CUDNN_STATUS_NOT_SUPPORTED; Reason: ptr->isSupported()
Warning: CUDNN_STATUS_NOT_SUPPORTED; Reason: finalize_internal()

{""engineId"":18,""smVersion"":1000,""knobChoices"":{""CUDNN_KNOB_TYPE_KERNEL_CFG"":-1,""CUDNN_KNOB_TYPE_TILE_CGA_M"":-1,""CUDNN_KNOB_TYPE_STREAM_K"":-1,""CUDNN_KNOB_TYPE_TILE_M"":-1,""CUDNN_KNOB_TYPE_TILE_N"":-1}}
Warning: CUDNN_STATUS_NOT_SUPPORTED_ARCH_MISMATCH; Reason: only Rubin is supported for this engine at: !(1070 <= deviceVer && deviceVer < 1100)
Warning: CUDNN_STATUS_NOT_SUPPORTED; Reason: (CUDNN_STATUS_NOT_INITIALIZED == status) || (CUDNN_STATUS_NOT_SUPPORTED == ((status) / 1000 * 1000))
Warning: CUDNN_STATUS_NOT_SUPPORTED; Reason: ptr->isSupported()
Warning: CUDNN_STATUS_NOT_SUPPORTED; Reason: finalize_internal()

)",,,
deepseek_v4,dsv4_pro-tp8,generation,cudnn,bfloat16,bfloat16,1,2,131072,16,1,512,512,mla_absorbed,,64,10.874552,0.79,12.348,0.1544,20,True,,NVIDIA B200,cudnn 9.27.0,
deepseek_v4,dsv4_pro-tp8,generation,cudnn,bfloat16,fp8_e4m3,1,2,131072,16,1,512,512,mla_absorbed,,64,3.043504,2.822,22.061,0.2758,20,True,,NVIDIA B200,cudnn fp8 9.27.0,
deepseek_v4,dsv4_pro-tp8,generation,cudnn,bfloat16,bfloat16,128,2,131072,16,1,512,512,mla_absorbed,,64,329.998382,3.332,52.086,0.6511,20,True,,NVIDIA B200,cudnn 9.27.0,
deepseek_v4,dsv4_pro-tp8,generation,cudnn,bfloat16,fp8_e4m3,128,2,131072,16,1,512,512,mla_absorbed,,64,189.762624,5.794,45.289,0.5661,20,True,,NVIDIA B200,cudnn fp8 9.27.0,
deepseek_v4,dsv4_pro-tp8,generation,cudnn,bfloat16,bfloat16,1,3,131072,16,1,512,512,mla_absorbed,,64,10.862975,1.186,12.365,0.1546,20,True,,NVIDIA B200,cudnn 9.27.0,
deepseek_v4,dsv4_pro-tp8,generation,cudnn,bfloat16,fp8_e4m3,1,3,131072,16,1,512,512,mla_absorbed,,64,3.04321,4.234,22.068,0.2759,20,True,,NVIDIA B200,cudnn fp8 9.27.0,
deepseek_v4,dsv4_pro-tp8,generation,cudnn,bfloat16,bfloat16,128,3,131072,16,1,512,512,mla_absorbed,,64,330.364313,4.992,52.041,0.6505,20,True,,NVIDIA B200,cudnn 9.27.0,
deepseek_v4,dsv4_pro-tp8,generation,cudnn,bfloat16,fp8_e4m3,128,3,131072,16,1,512,512,mla_absorbed,,64,191.441486,8.615,44.903,0.5613,20,True,,NVIDIA B200,cudnn fp8 9.27.0,
deepseek_v4,dsv4_pro-tp8,generation,cudnn,bfloat16,bfloat16,1,4,131072,16,1,512,512,mla_absorbed,,64,10.858203,1.582,12.373,0.1547,20,True,,NVIDIA B200,cudnn 9.27.0,
deepseek_v4,dsv4_pro-tp8,generation,cudnn,bfloat16,fp8_e4m3,1,4,131072,16,1,512,512,mla_absorbed,,64,3.042422,5.647,22.079,0.276,20,True,,NVIDIA B200,cudnn fp8 9.27.0,
deepseek_v4,dsv4_pro-tp8,generation,cudnn,bfloat16,bfloat16,128,4,131072,16,1,512,512,mla_absorbed,,64,329.037259,6.683,52.264,0.6533,20,True,,NVIDIA B200,cudnn 9.27.0,
deepseek_v4,dsv4_pro-tp8,generation,cudnn,bfloat16,fp8_e4m3,128,4,131072,16,1,512,512,mla_absorbed,,64,187.865753,11.705,45.768,0.5721,20,True,,NVIDIA B200,cudnn fp8 9.27.0,
deepseek_v4,dsv4_pro-tp8,context,cudnn_oss,bfloat16,bfloat16,1,2048,2048,16,1,512,512,mla_absorbed,,64,0.082271,835.282,841.196,10.5149,20,True,,NVIDIA B200,cudnn_oss plan=sdpa_fwd_prefill_sm100[PACK_GQA=0; SCHED_POLICY=2; SPLIT_KV=1; TILE_CGA_M=2; TILE_M=128; TILE_N=128],
deepseek_v4,dsv4_pro-tp8,context,cudnn_oss,bfloat16,bfloat16,1,8192,8192,16,1,512,512,mla_absorbed,,64,0.810356,1356.825,341.608,4.2701,20,True,,NVIDIA B200,cudnn_oss plan=sdpa_fwd_prefill_sm100[PACK_GQA=0; SCHED_POLICY=2; SPLIT_KV=1; TILE_CGA_M=2; TILE_M=128; TILE_N=128],
deepseek_v4,dsv4_pro-tp8,context,cudnn_oss,bfloat16,bfloat16,1,512,65536,16,1,512,512,mla_absorbed,,64,0.809851,1357.672,103.582,1.2948,20,True,,NVIDIA B200,cudnn_oss plan=sdpa_fwd_prefill_sm100[PACK_GQA=0; SCHED_POLICY=0; SPLIT_KV=2; TILE_CGA_M=2; TILE_M=128; TILE_N=128],
deepseek_v4,dsv4_pro-tp8,context,cudnn_oss,bfloat16,bfloat16,1,512,131072,16,1,512,512,mla_absorbed,,64,1.53791,1429.878,98.182,1.2273,20,True,,NVIDIA B200,cudnn_oss plan=sdpa_fwd_prefill_sm100[PACK_GQA=0; SCHED_POLICY=0; SPLIT_KV=2; TILE_CGA_M=2; TILE_M=128; TILE_N=128],
deepseek_v4,dsv4_pro-tp8,context,cudnn_oss,bfloat16,bfloat16,1,1024,65536,16,1,512,512,mla_absorbed,,64,1.464534,1501.517,68.734,0.8592,20,True,,NVIDIA B200,cudnn_oss plan=sdpa_fwd_prefill_sm100[PACK_GQA=0; SCHED_POLICY=1; SPLIT_KV=1; TILE_CGA_M=2; TILE_M=128; TILE_N=128],
deepseek_v4,dsv4_pro-tp8,context,cudnn_oss,bfloat16,bfloat16,1,1024,131072,16,1,512,512,mla_absorbed,,64,2.924251,1503.991,57.373,0.7172,20,True,,NVIDIA B200,cudnn_oss plan=sdpa_fwd_prefill_sm100[PACK_GQA=0; SCHED_POLICY=1; SPLIT_KV=1; TILE_CGA_M=2; TILE_M=128; TILE_N=128],
deepseek_v4,dsv4_pro-tp8,generation,cudnn_oss,bfloat16,bfloat16,1,1,131072,16,1,512,512,mla_absorbed,,64,0.164608,26.092,815.577,10.1947,20,True,,NVIDIA B200,cudnn_oss plan=sdpa_fwd_prefill_sm100[PACK_GQA=1; SCHED_POLICY=0; SPLIT_KV=64; TILE_CGA_M=2; TILE_M=128; TILE_N=128],
deepseek_v4,dsv4_pro-tp8,generation,cudnn_oss,bfloat16,fp8_e4m3,1,1,131072,16,1,512,512,mla_absorbed,,64,inf,0.0,0.0,,20,False,"                 ^^^^^^^^^^^^^^^^^^^^^^^^^^^^^^^^^
  File ""/home/scratch.yanxu_gpu/fe-sites/computelab_trees/fe_develop_5567e2733/benchmark/attention_inference/benchmark_single_attention.py"", line 270, in setup_cudnn_oss
    return setup_cudnn(args, dtype, oss=True)
           ^^^^^^^^^^^^^^^^^^^^^^^^^^^^^^^^^^
  File ""/home/scratch.yanxu_gpu/fe-sites/computelab_trees/fe_develop_5567e2733/benchmark/attention_inference/benchmark_single_attention.py"", line 167, in setup_cudnn
    return setup_cudnn_fp8(args, cudnn, oss=oss)
           ^^^^^^^^^^^^^^^^^^^^^^^^^^^^^^^^^^^^^
  File ""/home/scratch.yanxu_gpu/fe-sites/computelab_trees/fe_develop_5567e2733/benchmark/attention_inference/benchmark_single_attention.py"", line 336, in setup_cudnn_fp8
    graph.check_support()
  File ""/home/scratch.yanxu_gpu/fe-sites/computelab_trees/fe_develop_5567e2733/python/cudnn/_pygraph.py"", line 1547, in check_support
    self._lowered_graph.check_support()
cudnn._compiled_module.cudnnGraphNotSupportedError: [cudnn_frontend] Error: No execution plans support the graph.",,,
deepseek_v4,dsv4_pro-tp8,generation,cudnn_oss,bfloat16,bfloat16,128,1,131072,16,1,512,512,mla_absorbed,,64,6.075577,90.486,2828.384,35.3548,20,True,,NVIDIA B200,cudnn_oss plan=sdpa_fwd_prefill_sm100[PACK_GQA=1; SCHED_POLICY=0; SPLIT_KV=4; TILE_CGA_M=2; TILE_M=128; TILE_N=128],
deepseek_v4,dsv4_pro-tp8,generation,cudnn_oss,bfloat16,fp8_e4m3,128,1,131072,16,1,512,512,mla_absorbed,,64,inf,0.0,0.0,,20,False,"                 ^^^^^^^^^^^^^^^^^^^^^^^^^^^^^^^^^
  File ""/home/scratch.yanxu_gpu/fe-sites/computelab_trees/fe_develop_5567e2733/benchmark/attention_inference/benchmark_single_attention.py"", line 270, in setup_cudnn_oss
    return setup_cudnn(args, dtype, oss=True)
           ^^^^^^^^^^^^^^^^^^^^^^^^^^^^^^^^^^
  File ""/home/scratch.yanxu_gpu/fe-sites/computelab_trees/fe_develop_5567e2733/benchmark/attention_inference/benchmark_single_attention.py"", line 167, in setup_cudnn
    return setup_cudnn_fp8(args, cudnn, oss=oss)
           ^^^^^^^^^^^^^^^^^^^^^^^^^^^^^^^^^^^^^
  File ""/home/scratch.yanxu_gpu/fe-sites/computelab_trees/fe_develop_5567e2733/benchmark/attention_inference/benchmark_single_attention.py"", line 336, in setup_cudnn_fp8
    graph.check_support()
  File ""/home/scratch.yanxu_gpu/fe-sites/computelab_trees/fe_develop_5567e2733/python/cudnn/_pygraph.py"", line 1547, in check_support
    self._lowered_graph.check_support()
cudnn._compiled_module.cudnnGraphNotSupportedError: [cudnn_frontend] Error: No execution plans support the graph.",,,
deepseek_v4,dsv4_pro-tp8,generation,cudnn_oss,bfloat16,bfloat16,1,2,131072,16,1,512,512,mla_absorbed,,64,0.174462,49.237,769.699,9.6212,20,True,,NVIDIA B200,cudnn_oss plan=sdpa_fwd_prefill_sm100[PACK_GQA=1; SCHED_POLICY=0; SPLIT_KV=64; TILE_CGA_M=2; TILE_M=128; TILE_N=128],
deepseek_v4,dsv4_pro-tp8,generation,cudnn_oss,bfloat16,fp8_e4m3,1,2,131072,16,1,512,512,mla_absorbed,,64,inf,0.0,0.0,,20,False,"                 ^^^^^^^^^^^^^^^^^^^^^^^^^^^^^^^^^
  File ""/home/scratch.yanxu_gpu/fe-sites/computelab_trees/fe_develop_5567e2733/benchmark/attention_inference/benchmark_single_attention.py"", line 270, in setup_cudnn_oss
    return setup_cudnn(args, dtype, oss=True)
           ^^^^^^^^^^^^^^^^^^^^^^^^^^^^^^^^^^
  File ""/home/scratch.yanxu_gpu/fe-sites/computelab_trees/fe_develop_5567e2733/benchmark/attention_inference/benchmark_single_attention.py"", line 167, in setup_cudnn
    return setup_cudnn_fp8(args, cudnn, oss=oss)
           ^^^^^^^^^^^^^^^^^^^^^^^^^^^^^^^^^^^^^
  File ""/home/scratch.yanxu_gpu/fe-sites/computelab_trees/fe_develop_5567e2733/benchmark/attention_inference/benchmark_single_attention.py"", line 336, in setup_cudnn_fp8
    graph.check_support()
  File ""/home/scratch.yanxu_gpu/fe-sites/computelab_trees/fe_develop_5567e2733/python/cudnn/_pygraph.py"", line 1547, in check_support
    self._lowered_graph.check_support()
cudnn._compiled_module.cudnnGraphNotSupportedError: [cudnn_frontend] Error: No execution plans support the graph.",,,
deepseek_v4,dsv4_pro-tp8,generation,cudnn_oss,bfloat16,bfloat16,128,2,131072,16,1,512,512,mla_absorbed,,64,6.154683,178.646,2792.712,34.9089,20,True,,NVIDIA B200,cudnn_oss plan=sdpa_fwd_prefill_sm100[PACK_GQA=1; SCHED_POLICY=0; SPLIT_KV=4; TILE_CGA_M=2; TILE_M=128; TILE_N=128],
deepseek_v4,dsv4_pro-tp8,generation,cudnn_oss,bfloat16,fp8_e4m3,128,2,131072,16,1,512,512,mla_absorbed,,64,inf,0.0,0.0,,20,False,"                 ^^^^^^^^^^^^^^^^^^^^^^^^^^^^^^^^^
  File ""/home/scratch.yanxu_gpu/fe-sites/computelab_trees/fe_develop_5567e2733/benchmark/attention_inference/benchmark_single_attention.py"", line 270, in setup_cudnn_oss
    return setup_cudnn(args, dtype, oss=True)
           ^^^^^^^^^^^^^^^^^^^^^^^^^^^^^^^^^^
  File ""/home/scratch.yanxu_gpu/fe-sites/computelab_trees/fe_develop_5567e2733/benchmark/attention_inference/benchmark_single_attention.py"", line 167, in setup_cudnn
    return setup_cudnn_fp8(args, cudnn, oss=oss)
           ^^^^^^^^^^^^^^^^^^^^^^^^^^^^^^^^^^^^^
  File ""/home/scratch.yanxu_gpu/fe-sites/computelab_trees/fe_develop_5567e2733/benchmark/attention_inference/benchmark_single_attention.py"", line 336, in setup_cudnn_fp8
    graph.check_support()
  File ""/home/scratch.yanxu_gpu/fe-sites/computelab_trees/fe_develop_5567e2733/python/cudnn/_pygraph.py"", line 1547, in check_support
    self._lowered_graph.check_support()
cudnn._compiled_module.cudnnGraphNotSupportedError: [cudnn_frontend] Error: No execution plans support the graph.",,,
deepseek_v4,dsv4_pro-tp8,generation,cudnn_oss,bfloat16,bfloat16,1,3,131072,16,1,512,512,mla_absorbed,,64,0.192383,66.975,698.17,8.7271,20,True,,NVIDIA B200,cudnn_oss plan=sdpa_fwd_prefill_sm100[PACK_GQA=1; SCHED_POLICY=0; SPLIT_KV=64; TILE_CGA_M=2; TILE_M=128; TILE_N=128],
deepseek_v4,dsv4_pro-tp8,generation,cudnn_oss,bfloat16,fp8_e4m3,1,3,131072,16,1,512,512,mla_absorbed,,64,inf,0.0,0.0,,20,False,"                 ^^^^^^^^^^^^^^^^^^^^^^^^^^^^^^^^^
  File ""/home/scratch.yanxu_gpu/fe-sites/computelab_trees/fe_develop_5567e2733/benchmark/attention_inference/benchmark_single_attention.py"", line 270, in setup_cudnn_oss
    return setup_cudnn(args, dtype, oss=True)
           ^^^^^^^^^^^^^^^^^^^^^^^^^^^^^^^^^^
  File ""/home/scratch.yanxu_gpu/fe-sites/computelab_trees/fe_develop_5567e2733/benchmark/attention_inference/benchmark_single_attention.py"", line 167, in setup_cudnn
    return setup_cudnn_fp8(args, cudnn, oss=oss)
           ^^^^^^^^^^^^^^^^^^^^^^^^^^^^^^^^^^^^^
  File ""/home/scratch.yanxu_gpu/fe-sites/computelab_trees/fe_develop_5567e2733/benchmark/attention_inference/benchmark_single_attention.py"", line 336, in setup_cudnn_fp8
    graph.check_support()
  File ""/home/scratch.yanxu_gpu/fe-sites/computelab_trees/fe_develop_5567e2733/python/cudnn/_pygraph.py"", line 1547, in check_support
    self._lowered_graph.check_support()
cudnn._compiled_module.cudnnGraphNotSupportedError: [cudnn_frontend] Error: No execution plans support the graph.",,,
deepseek_v4,dsv4_pro-tp8,generation,cudnn_oss,bfloat16,bfloat16,128,3,131072,16,1,512,512,mla_absorbed,,64,6.259732,263.473,2746.516,34.3314,20,True,,NVIDIA B200,cudnn_oss plan=sdpa_fwd_prefill_sm100[PACK_GQA=1; SCHED_POLICY=0; SPLIT_KV=4; TILE_CGA_M=2; TILE_M=128; TILE_N=128],
deepseek_v4,dsv4_pro-tp8,generation,cudnn_oss,bfloat16,fp8_e4m3,128,3,131072,16,1,512,512,mla_absorbed,,64,inf,0.0,0.0,,20,False,"                 ^^^^^^^^^^^^^^^^^^^^^^^^^^^^^^^^^
  File ""/home/scratch.yanxu_gpu/fe-sites/computelab_trees/fe_develop_5567e2733/benchmark/attention_inference/benchmark_single_attention.py"", line 270, in setup_cudnn_oss
    return setup_cudnn(args, dtype, oss=True)
           ^^^^^^^^^^^^^^^^^^^^^^^^^^^^^^^^^^
  File ""/home/scratch.yanxu_gpu/fe-sites/computelab_trees/fe_develop_5567e2733/benchmark/attention_inference/benchmark_single_attention.py"", line 167, in setup_cudnn
    return setup_cudnn_fp8(args, cudnn, oss=oss)
           ^^^^^^^^^^^^^^^^^^^^^^^^^^^^^^^^^^^^^
  File ""/home/scratch.yanxu_gpu/fe-sites/computelab_trees/fe_develop_5567e2733/benchmark/attention_inference/benchmark_single_attention.py"", line 336, in setup_cudnn_fp8
    graph.check_support()
  File ""/home/scratch.yanxu_gpu/fe-sites/computelab_trees/fe_develop_5567e2733/python/cudnn/_pygraph.py"", line 1547, in check_support
    self._lowered_graph.check_support()
cudnn._compiled_module.cudnnGraphNotSupportedError: [cudnn_frontend] Error: No execution plans support the graph.",,,
deepseek_v4,dsv4_pro-tp8,generation,cudnn_oss,bfloat16,bfloat16,1,4,131072,16,1,512,512,mla_absorbed,,64,0.193661,88.711,693.732,8.6716,20,True,,NVIDIA B200,cudnn_oss plan=sdpa_fwd_prefill_sm100[PACK_GQA=1; SCHED_POLICY=0; SPLIT_KV=64; TILE_CGA_M=2; TILE_M=128; TILE_N=128],
deepseek_v4,dsv4_pro-tp8,generation,cudnn_oss,bfloat16,fp8_e4m3,1,4,131072,16,1,512,512,mla_absorbed,,64,inf,0.0,0.0,,20,False,"                 ^^^^^^^^^^^^^^^^^^^^^^^^^^^^^^^^^
  File ""/home/scratch.yanxu_gpu/fe-sites/computelab_trees/fe_develop_5567e2733/benchmark/attention_inference/benchmark_single_attention.py"", line 270, in setup_cudnn_oss
    return setup_cudnn(args, dtype, oss=True)
           ^^^^^^^^^^^^^^^^^^^^^^^^^^^^^^^^^^
  File ""/home/scratch.yanxu_gpu/fe-sites/computelab_trees/fe_develop_5567e2733/benchmark/attention_inference/benchmark_single_attention.py"", line 167, in setup_cudnn
    return setup_cudnn_fp8(args, cudnn, oss=oss)
           ^^^^^^^^^^^^^^^^^^^^^^^^^^^^^^^^^^^^^
  File ""/home/scratch.yanxu_gpu/fe-sites/computelab_trees/fe_develop_5567e2733/benchmark/attention_inference/benchmark_single_attention.py"", line 336, in setup_cudnn_fp8
    graph.check_support()
  File ""/home/scratch.yanxu_gpu/fe-sites/computelab_trees/fe_develop_5567e2733/python/cudnn/_pygraph.py"", line 1547, in check_support
    self._lowered_graph.check_support()
cudnn._compiled_module.cudnnGraphNotSupportedError: [cudnn_frontend] Error: No execution plans support the graph.",,,
deepseek_v4,dsv4_pro-tp8,generation,cudnn_oss,bfloat16,bfloat16,128,4,131072,16,1,512,512,mla_absorbed,,64,6.355651,345.995,2705.725,33.8216,20,True,,NVIDIA B200,cudnn_oss plan=sdpa_fwd_prefill_sm100[PACK_GQA=1; SCHED_POLICY=0; SPLIT_KV=4; TILE_CGA_M=2; TILE_M=128; TILE_N=128],
deepseek_v4,dsv4_pro-tp8,generation,cudnn_oss,bfloat16,fp8_e4m3,128,4,131072,16,1,512,512,mla_absorbed,,64,inf,0.0,0.0,,20,False,"                 ^^^^^^^^^^^^^^^^^^^^^^^^^^^^^^^^^
  File ""/home/scratch.yanxu_gpu/fe-sites/computelab_trees/fe_develop_5567e2733/benchmark/attention_inference/benchmark_single_attention.py"", line 270, in setup_cudnn_oss
    return setup_cudnn(args, dtype, oss=True)
           ^^^^^^^^^^^^^^^^^^^^^^^^^^^^^^^^^^
  File ""/home/scratch.yanxu_gpu/fe-sites/computelab_trees/fe_develop_5567e2733/benchmark/attention_inference/benchmark_single_attention.py"", line 167, in setup_cudnn
    return setup_cudnn_fp8(args, cudnn, oss=oss)
           ^^^^^^^^^^^^^^^^^^^^^^^^^^^^^^^^^^^^^
  File ""/home/scratch.yanxu_gpu/fe-sites/computelab_trees/fe_develop_5567e2733/benchmark/attention_inference/benchmark_single_attention.py"", line 336, in setup_cudnn_fp8
    graph.check_support()
  File ""/home/scratch.yanxu_gpu/fe-sites/computelab_trees/fe_develop_5567e2733/python/cudnn/_pygraph.py"", line 1547, in check_support
    self._lowered_graph.check_support()
cudnn._compiled_module.cudnnGraphNotSupportedError: [cudnn_frontend] Error: No execution plans support the graph.",,,
