config_name,model_name,backend,data_type,attn_mask,batch_size,q_seqlen,kv_seqlen,num_q_heads,num_kv_heads,head_dim_qk,head_dim_vo,profile_pass,deterministic_bwd,time_ms,tflops,max_diff,num_iterations,sliding_window_size,success,error_message,gpu_name,cudnn_version,cudnn_backend_version
kimi_k3,kimi_k3,cudnn,bfloat16,top_left,2,32768,32768,96,96,192,128,fwd,False,291.756,226.000,0.000,10,,True,,NVIDIA RTX PRO 6000 Blackwell Server Edition,1.27.0,92400.000
kimi_k3,kimi_k3,cudnn,bfloat16,top_left,2,32768,32768,96,96,192,128,bwd,False,inf,0.000,0.000,10,,False,"Benchmark failed with return code 1.
stderr: Traceback (most recent call last):
  File ""/data/vagarwalla/rtx6000_bench/cudnn-frontend/benchmark/sdpa_benchmark_training/benchmark_single_sdpa.py"", line 971, in <module>
    graph_bwd.validate()
  File ""/data/vagarwalla/rtx6000_bench/venv/lib/python3.12/site-packages/cudnn/_pygraph.py"", line 776, in validate
    self._lowered_graph.validate()
cudnn._compiled_module.cudnnGraphNotSupportedError: Num hidden_dim should be less than or equal to 128 and hidden_dim should be multiple of 8

stdout: ",,,
kimi_k3,kimi_k3,cudnn,bfloat16,top_left,2,32768,32768,96,96,192,128,bwd,True,inf,0.000,0.000,10,,False,"Benchmark failed with return code 1.
stderr: Traceback (most recent call last):
  File ""/data/vagarwalla/rtx6000_bench/cudnn-frontend/benchmark/sdpa_benchmark_training/benchmark_single_sdpa.py"", line 971, in <module>
    graph_bwd.validate()
  File ""/data/vagarwalla/rtx6000_bench/venv/lib/python3.12/site-packages/cudnn/_pygraph.py"", line 776, in validate
    self._lowered_graph.validate()
cudnn._compiled_module.cudnnGraphNotSupportedError: Num hidden_dim should be less than or equal to 128 and hidden_dim should be multiple of 8

stdout: ",,,
kimi_k3,kimi_k3,cudnn,bfloat16,no_mask,2,32768,32768,96,96,192,128,fwd,False,575.196,229.000,0.000,10,,True,,NVIDIA RTX PRO 6000 Blackwell Server Edition,1.27.0,92400.000
kimi_k3,kimi_k3,cudnn,bfloat16,no_mask,2,32768,32768,96,96,192,128,bwd,False,inf,0.000,0.000,10,,False,"Benchmark failed with return code 1.
stderr: Traceback (most recent call last):
  File ""/data/vagarwalla/rtx6000_bench/cudnn-frontend/benchmark/sdpa_benchmark_training/benchmark_single_sdpa.py"", line 971, in <module>
    graph_bwd.validate()
  File ""/data/vagarwalla/rtx6000_bench/venv/lib/python3.12/site-packages/cudnn/_pygraph.py"", line 776, in validate
    self._lowered_graph.validate()
cudnn._compiled_module.cudnnGraphNotSupportedError: Num hidden_dim should be less than or equal to 128 and hidden_dim should be multiple of 8

stdout: ",,,
kimi_k3,kimi_k3,cudnn,bfloat16,no_mask,2,32768,32768,96,96,192,128,bwd,True,inf,0.000,0.000,10,,False,"Benchmark failed with return code 1.
stderr: Traceback (most recent call last):
  File ""/data/vagarwalla/rtx6000_bench/cudnn-frontend/benchmark/sdpa_benchmark_training/benchmark_single_sdpa.py"", line 971, in <module>
    graph_bwd.validate()
  File ""/data/vagarwalla/rtx6000_bench/venv/lib/python3.12/site-packages/cudnn/_pygraph.py"", line 776, in validate
    self._lowered_graph.validate()
cudnn._compiled_module.cudnnGraphNotSupportedError: Num hidden_dim should be less than or equal to 128 and hidden_dim should be multiple of 8

stdout: ",,,
kimi_k3,kimi_k3,cudnn,fp8,top_left,2,32768,32768,96,96,192,128,fwd,False,inf,0.000,0.000,10,,False,"Benchmark failed with return code 1.
stderr: Traceback (most recent call last):
  File ""/data/vagarwalla/rtx6000_bench/cudnn-frontend/benchmark/sdpa_benchmark_training/benchmark_single_sdpa.py"", line 749, in <module>
    graph_fwd.create_execution_plans([cudnn.heur_mode.A, cudnn.heur_mode.FALLBACK])
  File ""/data/vagarwalla/rtx6000_bench/venv/lib/python3.12/site-packages/cudnn/_pygraph.py"", line 882, in create_execution_plans
    raise cudnn_graph_not_supported(f""no engine — python or backend — proposed a plan for this graph{why}"")
cudnn._compiled_module.cudnnGraphNotSupportedError: no engine — python or backend — proposed a plan for this graph (the backend declined: No valid engine configs for ______________________
{""engineId"":0,""smVersion"":1200,""knobChoices"":{""CUDNN_KNOB_TYPE_KERNEL_CFG"":-1,""CUDNN_KNOB_TYPE_TILE_CGA_M"":-1,""CUDNN_KNOB_TYPE_STREAM_K"":-1,""CUDNN_KNOB_TYPE_TILE_M"":-1,""CUDNN_KNOB_TYPE_TILE_N"":-1}}
Warning: CUDNN_STATUS_NOT_SUPPORTED; Reason: The matmul should either be an entrance node or occur after the softmax and only allowed 2 at: true
Warning: CUDNN_STATUS_NOT_SUPPORTED; Reason: tag_mha_graph(graph, mha_mode, is_fp8)
Warning: CUDNN_STATUS_NOT_SUPPORTED; Reason: (CUDNN_STATUS_NOT_INITIALIZED == status) || (CUDNN_STATUS_NOT_SUPPORTED == ((status) / 1000 * 1000))
Warning: CUDNN_STATUS_NOT_SUPPORTED; Reason: ptr->isSupported()
Warning: CUDNN_STATUS_NOT_SUPPORTED; Reason: finalize_internal()

{""engineId"":1,""smVersion"":1200,""knobChoices"":{""CUDNN_KNOB_TYPE_KERNEL_CFG"":-1,""CUDNN_KNOB_TYPE_TILE_CGA_M"":-1,""CUDNN_KNOB_TYPE_STREAM_K"":-1,""CUDNN_KNOB_TYPE_TILE_M"":-1,""CUDNN_KNOB_TYPE_TILE_N"":-1}}
Warning: CUDNN_STATUS_NOT_SUPPORTED_GRAPH_PATTERN; Reason: KERNEL_CFG knob must be set at: kcfg_idx < 0
Warning: CUDNN_STATUS_NOT_SUPPORTED_GRAPH_PATTERN; Reason: resolveSDPAKernelConfig(getPerfKnobs(), opSet, *this->getDeviceProp(), getEngineName(), kcfg, chosen_knob)
Warning: CUDNN_STATUS_NOT_SUPPORTED_GRAPH_PATTERN; Reason: process_knob_choices()
Warning: CUDNN_STATUS_NOT_SUPPORTED; Reason: (CUDNN_STATUS_NOT_INITIALIZED == status) || (CUDNN_STATUS_NOT_SUPPORTED == ((status) / 1000 * 1000))
Warning: CUDNN_STATUS_NOT_SUPPORTED; Reason: ptr->isSupported()
Warning: CUDNN_STATUS_NOT_SUPPORTED; Reason: finalize_internal()

{""engineId"":2,""smVersion"":1200,""knobChoices"":{""CUDNN_KNOB_TYPE_KERNEL_CFG"":-1,""CUDNN_KNOB_TYPE_TILE_CGA_M"":-1,""CUDNN_KNOB_TYPE_STREAM_K"":-1,""CUDNN_KNOB_TYPE_TILE_M"":-1,""CUDNN_KNOB_TYPE_TILE_N"":-1}}
Warning: CUDNN_STATUS_NOT_SUPPORTED_ARCH_MISMATCH; Reason: only Hopper is supported for this engine at: !(900 <= deviceVer && deviceVer < 1000)
Warning: CUDNN_STATUS_NOT_SUPPORTED; Reason: (CUDNN_STATUS_NOT_INITIALIZED == status) || (CUDNN_STATUS_NOT_SUPPORTED == ((status) / 1000 * 1000))
Warning: CUDNN_STATUS_NOT_SUPPORTED; Reason: ptr->isSupported()
Warning: CUDNN_STATUS_NOT_SUPPORTED; Reason: finalize_internal()

{""engineId"":3,""smVersion"":1200,""knobChoices"":{""CUDNN_KNOB_TYPE_KERNEL_CFG"":-1,""CUDNN_KNOB_TYPE_TILE_CGA_M"":-1,""CUDNN_KNOB_TYPE_STREAM_K"":-1,""CUDNN_KNOB_TYPE_TILE_M"":-1,""CUDNN_KNOB_TYPE_TILE_N"":-1}}
Warning: CUDNN_STATUS_NOT_SUPPORTED_ARCH_MISMATCH; Reason: only Blackwell is supported for this engine at: !(1000 <= deviceVer && deviceVer < 1200)
Warning: CUDNN_STATUS_NOT_SUPPORTED; Reason: (CUDNN_STATUS_NOT_INITIALIZED == status) || (CUDNN_STATUS_NOT_SUPPORTED == ((status) / 1000 * 1000))
Warning: CUDNN_STATUS_NOT_SUPPORTED; Reason: ptr->isSupported()
Warning: CUDNN_STATUS_NOT_SUPPORTED; Reason: finalize_internal()

{""engineId"":4,""smVersion"":1200,""knobChoices"":{""CUDNN_KNOB_TYPE_KERNEL_CFG"":-1,""CUDNN_KNOB_TYPE_TILE_CGA_M"":-1,""CUDNN_KNOB_TYPE_STREAM_K"":-1,""CUDNN_KNOB_TYPE_TILE_M"":-1,""CUDNN_KNOB_TYPE_TILE_N"":-1}}
Warning: CUDNN_STATUS_NOT_SUPPORTED_GRAPH_PATTERN; Reason: KERNEL_CFG knob must be set at: kcfg_idx < 0
Warning: CUDNN_STATUS_NOT_SUPPORTED_GRAPH_PATTERN; Reason: resolveSDPAKernelConfig(getPerfKnobs(), opSet, *this->getDeviceProp(), getEngineName(), kcfg, chosen_knob)
Warning: CUDNN_STATUS_NOT_SUPPORTED_GRAPH_PATTERN; Reason: process_knob_choices()
Warning: CUDNN_STATUS_NOT_SUPPORTED; Reason: (CUDNN_STATUS_NOT_INITIALIZED == status) || (CUDNN_STATUS_NOT_SUPPORTED == ((status) / 1000 * 1000))
Warning: CUDNN_STATUS_NOT_SUPPORTED; Reason: ptr->isSupported()
Warning: CUDNN_STATUS_NOT_SUPPORTED; Reason: finalize_internal()

{""engineId"":5,""smVersion"":1200,""knobChoices"":{""CUDNN_KNOB_TYPE_STAGES"":-1,""CUDNN_KNOB_TYPE_KERNEL_CFG"":-1,""CUDNN_KNOB_TYPE_TILE_CGA_M"":-1,""CUDNN_KNOB_TYPE_STREAM_K"":-1,""CUDNN_KNOB_TYPE_TILE_M"":-1,""CUDNN_KNOB_TYPE_TILE_N"":-1}}
Warning: CUDNN_STATUS_NOT_SUPPORTED_ARCH_MISMATCH; Reason: only Blackwell is supported for this engine at: !(1000 <= deviceVer && deviceVer < 1200)
Warning: CUDNN_STATUS_NOT_SUPPORTED; Reason: (CUDNN_STATUS_NOT_INITIALIZED == status) || (CUDNN_STATUS_NOT_SUPPORTED == ((status) / 1000 * 1000))
Warning: CUDNN_STATUS_NOT_SUPPORTED; Reason: ptr->isSupported()
Warning: CUDNN_STATUS_NOT_SUPPORTED; Reason: finalize_internal()

{""engineId"":6,""smVersion"":1200,""knobChoices"":{""CUDNN_KNOB_TYPE_STAGES"":-1,""CUDNN_KNOB_TYPE_KERNEL_CFG"":-1,""CUDNN_KNOB_TYPE_TILE_CGA_M"":-1,""CUDNN_KNOB_TYPE_STREAM_K"":-1,""CUDNN_KNOB_TYPE_TILE_M"":-1,""CUDNN_KNOB_TYPE_TILE_N"":-1}}
Warning: CUDNN_STATUS_NOT_SUPPORTED_ARCH_MISMATCH; Reason: only Hopper is supported for this engine at: !(900 <= deviceVer && deviceVer < 1000)
Warning: CUDNN_STATUS_NOT_SUPPORTED; Reason: (CUDNN_STATUS_NOT_INITIALIZED == status) || (CUDNN_STATUS_NOT_SUPPORTED == ((status) / 1000 * 1000))
Warning: CUDNN_STATUS_NOT_SUPPORTED; Reason: ptr->isSupported()
Warning: CUDNN_STATUS_NOT_SUPPORTED; Reason: finalize_internal()

{""engineId"":7,""smVersion"":1200,""knobChoices"":{""CUDNN_KNOB_TYPE_STAGES"":-1,""CUDNN_KNOB_TYPE_KERNEL_CFG"":-1,""CUDNN_KNOB_TYPE_TILE_CGA_M"":-1,""CUDNN_KNOB_TYPE_STREAM_K"":-1,""CUDNN_KNOB_TYPE_TILE_M"":-1,""CUDNN_KNOB_TYPE_TILE_N"":-1}}
Warning: CUDNN_STATUS_NOT_SUPPORTED; Reason: The matmul should either be an entrance node or occur after the softmax and only allowed 2 at: true
Warning: CUDNN_STATUS_NOT_SUPPORTED; Reason: tag_mha_graph(graph, mha_mode, is_fp8)
Warning: CUDNN_STATUS_NOT_SUPPORTED; Reason: (CUDNN_STATUS_NOT_INITIALIZED == status) || (CUDNN_STATUS_NOT_SUPPORTED == ((status) / 1000 * 1000))
Warning: CUDNN_STATUS_NOT_SUPPORTED; Reason: ptr->isSupported()
Warning: CUDNN_STATUS_NOT_SUPPORTED; Reason: finalize_internal()

{""engineId"":20,""smVersion"":1200,""knobChoices"":{""CUDNN_KNOB_TYPE_STAGES"":-1,""CUDNN_KNOB_TYPE_KERNEL_CFG"":-1,""CUDNN_KNOB_TYPE_TILE_CGA_M"":-1,""CUDNN_KNOB_TYPE_STREAM_K"":-1,""CUDNN_KNOB_TYPE_TILE_M"":-1,""CUDNN_KNOB_TYPE_TILE_N"":-1}}
Warning: CUDNN_STATUS_NOT_SUPPORTED; Reason: The matmul should either be an entrance node or occur after the softmax and only allowed 2 at: true
Warning: CUDNN_STATUS_NOT_SUPPORTED; Reason: tag_mha_graph(graph, mha_mode, is_fp8)
Warning: CUDNN_STATUS_NOT_SUPPORTED; Reason: (CUDNN_STATUS_NOT_INITIALIZED == status) || (CUDNN_STATUS_NOT_SUPPORTED == ((status) / 1000 * 1000))
Warning: CUDNN_STATUS_NOT_SUPPORTED; Reason: ptr->isSupported()
Warning: CUDNN_STATUS_NOT_SUPPORTED; Reason: finalize_internal()

)

stdout: ",,,
kimi_k3,kimi_k3,cudnn,fp8,top_left,2,32768,32768,96,96,192,128,bwd,False,inf,0.000,0.000,10,,False,"Benchmark failed with return code 1.
stderr: Traceback (most recent call last):
  File ""/data/vagarwalla/rtx6000_bench/cudnn-frontend/benchmark/sdpa_benchmark_training/benchmark_single_sdpa.py"", line 749, in <module>
    graph_fwd.create_execution_plans([cudnn.heur_mode.A, cudnn.heur_mode.FALLBACK])
  File ""/data/vagarwalla/rtx6000_bench/venv/lib/python3.12/site-packages/cudnn/_pygraph.py"", line 882, in create_execution_plans
    raise cudnn_graph_not_supported(f""no engine — python or backend — proposed a plan for this graph{why}"")
cudnn._compiled_module.cudnnGraphNotSupportedError: no engine — python or backend — proposed a plan for this graph (the backend declined: No valid engine configs for ______________________
{""engineId"":0,""smVersion"":1200,""knobChoices"":{""CUDNN_KNOB_TYPE_KERNEL_CFG"":-1,""CUDNN_KNOB_TYPE_TILE_CGA_M"":-1,""CUDNN_KNOB_TYPE_STREAM_K"":-1,""CUDNN_KNOB_TYPE_TILE_M"":-1,""CUDNN_KNOB_TYPE_TILE_N"":-1}}
Warning: CUDNN_STATUS_NOT_SUPPORTED; Reason: The matmul should either be an entrance node or occur after the softmax and only allowed 2 at: true
Warning: CUDNN_STATUS_NOT_SUPPORTED; Reason: tag_mha_graph(graph, mha_mode, is_fp8)
Warning: CUDNN_STATUS_NOT_SUPPORTED; Reason: (CUDNN_STATUS_NOT_INITIALIZED == status) || (CUDNN_STATUS_NOT_SUPPORTED == ((status) / 1000 * 1000))
Warning: CUDNN_STATUS_NOT_SUPPORTED; Reason: ptr->isSupported()
Warning: CUDNN_STATUS_NOT_SUPPORTED; Reason: finalize_internal()

{""engineId"":1,""smVersion"":1200,""knobChoices"":{""CUDNN_KNOB_TYPE_KERNEL_CFG"":-1,""CUDNN_KNOB_TYPE_TILE_CGA_M"":-1,""CUDNN_KNOB_TYPE_STREAM_K"":-1,""CUDNN_KNOB_TYPE_TILE_M"":-1,""CUDNN_KNOB_TYPE_TILE_N"":-1}}
Warning: CUDNN_STATUS_NOT_SUPPORTED_GRAPH_PATTERN; Reason: KERNEL_CFG knob must be set at: kcfg_idx < 0
Warning: CUDNN_STATUS_NOT_SUPPORTED_GRAPH_PATTERN; Reason: resolveSDPAKernelConfig(getPerfKnobs(), opSet, *this->getDeviceProp(), getEngineName(), kcfg, chosen_knob)
Warning: CUDNN_STATUS_NOT_SUPPORTED_GRAPH_PATTERN; Reason: process_knob_choices()
Warning: CUDNN_STATUS_NOT_SUPPORTED; Reason: (CUDNN_STATUS_NOT_INITIALIZED == status) || (CUDNN_STATUS_NOT_SUPPORTED == ((status) / 1000 * 1000))
Warning: CUDNN_STATUS_NOT_SUPPORTED; Reason: ptr->isSupported()
Warning: CUDNN_STATUS_NOT_SUPPORTED; Reason: finalize_internal()

{""engineId"":2,""smVersion"":1200,""knobChoices"":{""CUDNN_KNOB_TYPE_KERNEL_CFG"":-1,""CUDNN_KNOB_TYPE_TILE_CGA_M"":-1,""CUDNN_KNOB_TYPE_STREAM_K"":-1,""CUDNN_KNOB_TYPE_TILE_M"":-1,""CUDNN_KNOB_TYPE_TILE_N"":-1}}
Warning: CUDNN_STATUS_NOT_SUPPORTED_ARCH_MISMATCH; Reason: only Hopper is supported for this engine at: !(900 <= deviceVer && deviceVer < 1000)
Warning: CUDNN_STATUS_NOT_SUPPORTED; Reason: (CUDNN_STATUS_NOT_INITIALIZED == status) || (CUDNN_STATUS_NOT_SUPPORTED == ((status) / 1000 * 1000))
Warning: CUDNN_STATUS_NOT_SUPPORTED; Reason: ptr->isSupported()
Warning: CUDNN_STATUS_NOT_SUPPORTED; Reason: finalize_internal()

{""engineId"":3,""smVersion"":1200,""knobChoices"":{""CUDNN_KNOB_TYPE_KERNEL_CFG"":-1,""CUDNN_KNOB_TYPE_TILE_CGA_M"":-1,""CUDNN_KNOB_TYPE_STREAM_K"":-1,""CUDNN_KNOB_TYPE_TILE_M"":-1,""CUDNN_KNOB_TYPE_TILE_N"":-1}}
Warning: CUDNN_STATUS_NOT_SUPPORTED_ARCH_MISMATCH; Reason: only Blackwell is supported for this engine at: !(1000 <= deviceVer && deviceVer < 1200)
Warning: CUDNN_STATUS_NOT_SUPPORTED; Reason: (CUDNN_STATUS_NOT_INITIALIZED == status) || (CUDNN_STATUS_NOT_SUPPORTED == ((status) / 1000 * 1000))
Warning: CUDNN_STATUS_NOT_SUPPORTED; Reason: ptr->isSupported()
Warning: CUDNN_STATUS_NOT_SUPPORTED; Reason: finalize_internal()

{""engineId"":4,""smVersion"":1200,""knobChoices"":{""CUDNN_KNOB_TYPE_KERNEL_CFG"":-1,""CUDNN_KNOB_TYPE_TILE_CGA_M"":-1,""CUDNN_KNOB_TYPE_STREAM_K"":-1,""CUDNN_KNOB_TYPE_TILE_M"":-1,""CUDNN_KNOB_TYPE_TILE_N"":-1}}
Warning: CUDNN_STATUS_NOT_SUPPORTED_GRAPH_PATTERN; Reason: KERNEL_CFG knob must be set at: kcfg_idx < 0
Warning: CUDNN_STATUS_NOT_SUPPORTED_GRAPH_PATTERN; Reason: resolveSDPAKernelConfig(getPerfKnobs(), opSet, *this->getDeviceProp(), getEngineName(), kcfg, chosen_knob)
Warning: CUDNN_STATUS_NOT_SUPPORTED_GRAPH_PATTERN; Reason: process_knob_choices()
Warning: CUDNN_STATUS_NOT_SUPPORTED; Reason: (CUDNN_STATUS_NOT_INITIALIZED == status) || (CUDNN_STATUS_NOT_SUPPORTED == ((status) / 1000 * 1000))
Warning: CUDNN_STATUS_NOT_SUPPORTED; Reason: ptr->isSupported()
Warning: CUDNN_STATUS_NOT_SUPPORTED; Reason: finalize_internal()

{""engineId"":5,""smVersion"":1200,""knobChoices"":{""CUDNN_KNOB_TYPE_STAGES"":-1,""CUDNN_KNOB_TYPE_KERNEL_CFG"":-1,""CUDNN_KNOB_TYPE_TILE_CGA_M"":-1,""CUDNN_KNOB_TYPE_STREAM_K"":-1,""CUDNN_KNOB_TYPE_TILE_M"":-1,""CUDNN_KNOB_TYPE_TILE_N"":-1}}
Warning: CUDNN_STATUS_NOT_SUPPORTED_ARCH_MISMATCH; Reason: only Blackwell is supported for this engine at: !(1000 <= deviceVer && deviceVer < 1200)
Warning: CUDNN_STATUS_NOT_SUPPORTED; Reason: (CUDNN_STATUS_NOT_INITIALIZED == status) || (CUDNN_STATUS_NOT_SUPPORTED == ((status) / 1000 * 1000))
Warning: CUDNN_STATUS_NOT_SUPPORTED; Reason: ptr->isSupported()
Warning: CUDNN_STATUS_NOT_SUPPORTED; Reason: finalize_internal()

{""engineId"":6,""smVersion"":1200,""knobChoices"":{""CUDNN_KNOB_TYPE_STAGES"":-1,""CUDNN_KNOB_TYPE_KERNEL_CFG"":-1,""CUDNN_KNOB_TYPE_TILE_CGA_M"":-1,""CUDNN_KNOB_TYPE_STREAM_K"":-1,""CUDNN_KNOB_TYPE_TILE_M"":-1,""CUDNN_KNOB_TYPE_TILE_N"":-1}}
Warning: CUDNN_STATUS_NOT_SUPPORTED_ARCH_MISMATCH; Reason: only Hopper is supported for this engine at: !(900 <= deviceVer && deviceVer < 1000)
Warning: CUDNN_STATUS_NOT_SUPPORTED; Reason: (CUDNN_STATUS_NOT_INITIALIZED == status) || (CUDNN_STATUS_NOT_SUPPORTED == ((status) / 1000 * 1000))
Warning: CUDNN_STATUS_NOT_SUPPORTED; Reason: ptr->isSupported()
Warning: CUDNN_STATUS_NOT_SUPPORTED; Reason: finalize_internal()

{""engineId"":7,""smVersion"":1200,""knobChoices"":{""CUDNN_KNOB_TYPE_STAGES"":-1,""CUDNN_KNOB_TYPE_KERNEL_CFG"":-1,""CUDNN_KNOB_TYPE_TILE_CGA_M"":-1,""CUDNN_KNOB_TYPE_STREAM_K"":-1,""CUDNN_KNOB_TYPE_TILE_M"":-1,""CUDNN_KNOB_TYPE_TILE_N"":-1}}
Warning: CUDNN_STATUS_NOT_SUPPORTED; Reason: The matmul should either be an entrance node or occur after the softmax and only allowed 2 at: true
Warning: CUDNN_STATUS_NOT_SUPPORTED; Reason: tag_mha_graph(graph, mha_mode, is_fp8)
Warning: CUDNN_STATUS_NOT_SUPPORTED; Reason: (CUDNN_STATUS_NOT_INITIALIZED == status) || (CUDNN_STATUS_NOT_SUPPORTED == ((status) / 1000 * 1000))
Warning: CUDNN_STATUS_NOT_SUPPORTED; Reason: ptr->isSupported()
Warning: CUDNN_STATUS_NOT_SUPPORTED; Reason: finalize_internal()

{""engineId"":20,""smVersion"":1200,""knobChoices"":{""CUDNN_KNOB_TYPE_STAGES"":-1,""CUDNN_KNOB_TYPE_KERNEL_CFG"":-1,""CUDNN_KNOB_TYPE_TILE_CGA_M"":-1,""CUDNN_KNOB_TYPE_STREAM_K"":-1,""CUDNN_KNOB_TYPE_TILE_M"":-1,""CUDNN_KNOB_TYPE_TILE_N"":-1}}
Warning: CUDNN_STATUS_NOT_SUPPORTED; Reason: The matmul should either be an entrance node or occur after the softmax and only allowed 2 at: true
Warning: CUDNN_STATUS_NOT_SUPPORTED; Reason: tag_mha_graph(graph, mha_mode, is_fp8)
Warning: CUDNN_STATUS_NOT_SUPPORTED; Reason: (CUDNN_STATUS_NOT_INITIALIZED == status) || (CUDNN_STATUS_NOT_SUPPORTED == ((status) / 1000 * 1000))
Warning: CUDNN_STATUS_NOT_SUPPORTED; Reason: ptr->isSupported()
Warning: CUDNN_STATUS_NOT_SUPPORTED; Reason: finalize_internal()

)

stdout: ",,,
kimi_k3,kimi_k3,cudnn,fp8,top_left,2,32768,32768,96,96,192,128,bwd,True,inf,0.000,0.000,10,,False,"Benchmark failed with return code 1.
stderr: Traceback (most recent call last):
  File ""/data/vagarwalla/rtx6000_bench/cudnn-frontend/benchmark/sdpa_benchmark_training/benchmark_single_sdpa.py"", line 749, in <module>
    graph_fwd.create_execution_plans([cudnn.heur_mode.A, cudnn.heur_mode.FALLBACK])
  File ""/data/vagarwalla/rtx6000_bench/venv/lib/python3.12/site-packages/cudnn/_pygraph.py"", line 882, in create_execution_plans
    raise cudnn_graph_not_supported(f""no engine — python or backend — proposed a plan for this graph{why}"")
cudnn._compiled_module.cudnnGraphNotSupportedError: no engine — python or backend — proposed a plan for this graph (the backend declined: No valid engine configs for ______________________
{""engineId"":0,""smVersion"":1200,""knobChoices"":{""CUDNN_KNOB_TYPE_KERNEL_CFG"":-1,""CUDNN_KNOB_TYPE_TILE_CGA_M"":-1,""CUDNN_KNOB_TYPE_STREAM_K"":-1,""CUDNN_KNOB_TYPE_TILE_M"":-1,""CUDNN_KNOB_TYPE_TILE_N"":-1}}
Warning: CUDNN_STATUS_NOT_SUPPORTED; Reason: The matmul should either be an entrance node or occur after the softmax and only allowed 2 at: true
Warning: CUDNN_STATUS_NOT_SUPPORTED; Reason: tag_mha_graph(graph, mha_mode, is_fp8)
Warning: CUDNN_STATUS_NOT_SUPPORTED; Reason: (CUDNN_STATUS_NOT_INITIALIZED == status) || (CUDNN_STATUS_NOT_SUPPORTED == ((status) / 1000 * 1000))
Warning: CUDNN_STATUS_NOT_SUPPORTED; Reason: ptr->isSupported()
Warning: CUDNN_STATUS_NOT_SUPPORTED; Reason: finalize_internal()

{""engineId"":1,""smVersion"":1200,""knobChoices"":{""CUDNN_KNOB_TYPE_KERNEL_CFG"":-1,""CUDNN_KNOB_TYPE_TILE_CGA_M"":-1,""CUDNN_KNOB_TYPE_STREAM_K"":-1,""CUDNN_KNOB_TYPE_TILE_M"":-1,""CUDNN_KNOB_TYPE_TILE_N"":-1}}
Warning: CUDNN_STATUS_NOT_SUPPORTED_GRAPH_PATTERN; Reason: KERNEL_CFG knob must be set at: kcfg_idx < 0
Warning: CUDNN_STATUS_NOT_SUPPORTED_GRAPH_PATTERN; Reason: resolveSDPAKernelConfig(getPerfKnobs(), opSet, *this->getDeviceProp(), getEngineName(), kcfg, chosen_knob)
Warning: CUDNN_STATUS_NOT_SUPPORTED_GRAPH_PATTERN; Reason: process_knob_choices()
Warning: CUDNN_STATUS_NOT_SUPPORTED; Reason: (CUDNN_STATUS_NOT_INITIALIZED == status) || (CUDNN_STATUS_NOT_SUPPORTED == ((status) / 1000 * 1000))
Warning: CUDNN_STATUS_NOT_SUPPORTED; Reason: ptr->isSupported()
Warning: CUDNN_STATUS_NOT_SUPPORTED; Reason: finalize_internal()

{""engineId"":2,""smVersion"":1200,""knobChoices"":{""CUDNN_KNOB_TYPE_KERNEL_CFG"":-1,""CUDNN_KNOB_TYPE_TILE_CGA_M"":-1,""CUDNN_KNOB_TYPE_STREAM_K"":-1,""CUDNN_KNOB_TYPE_TILE_M"":-1,""CUDNN_KNOB_TYPE_TILE_N"":-1}}
Warning: CUDNN_STATUS_NOT_SUPPORTED_ARCH_MISMATCH; Reason: only Hopper is supported for this engine at: !(900 <= deviceVer && deviceVer < 1000)
Warning: CUDNN_STATUS_NOT_SUPPORTED; Reason: (CUDNN_STATUS_NOT_INITIALIZED == status) || (CUDNN_STATUS_NOT_SUPPORTED == ((status) / 1000 * 1000))
Warning: CUDNN_STATUS_NOT_SUPPORTED; Reason: ptr->isSupported()
Warning: CUDNN_STATUS_NOT_SUPPORTED; Reason: finalize_internal()

{""engineId"":3,""smVersion"":1200,""knobChoices"":{""CUDNN_KNOB_TYPE_KERNEL_CFG"":-1,""CUDNN_KNOB_TYPE_TILE_CGA_M"":-1,""CUDNN_KNOB_TYPE_STREAM_K"":-1,""CUDNN_KNOB_TYPE_TILE_M"":-1,""CUDNN_KNOB_TYPE_TILE_N"":-1}}
Warning: CUDNN_STATUS_NOT_SUPPORTED_ARCH_MISMATCH; Reason: only Blackwell is supported for this engine at: !(1000 <= deviceVer && deviceVer < 1200)
Warning: CUDNN_STATUS_NOT_SUPPORTED; Reason: (CUDNN_STATUS_NOT_INITIALIZED == status) || (CUDNN_STATUS_NOT_SUPPORTED == ((status) / 1000 * 1000))
Warning: CUDNN_STATUS_NOT_SUPPORTED; Reason: ptr->isSupported()
Warning: CUDNN_STATUS_NOT_SUPPORTED; Reason: finalize_internal()

{""engineId"":4,""smVersion"":1200,""knobChoices"":{""CUDNN_KNOB_TYPE_KERNEL_CFG"":-1,""CUDNN_KNOB_TYPE_TILE_CGA_M"":-1,""CUDNN_KNOB_TYPE_STREAM_K"":-1,""CUDNN_KNOB_TYPE_TILE_M"":-1,""CUDNN_KNOB_TYPE_TILE_N"":-1}}
Warning: CUDNN_STATUS_NOT_SUPPORTED_GRAPH_PATTERN; Reason: KERNEL_CFG knob must be set at: kcfg_idx < 0
Warning: CUDNN_STATUS_NOT_SUPPORTED_GRAPH_PATTERN; Reason: resolveSDPAKernelConfig(getPerfKnobs(), opSet, *this->getDeviceProp(), getEngineName(), kcfg, chosen_knob)
Warning: CUDNN_STATUS_NOT_SUPPORTED_GRAPH_PATTERN; Reason: process_knob_choices()
Warning: CUDNN_STATUS_NOT_SUPPORTED; Reason: (CUDNN_STATUS_NOT_INITIALIZED == status) || (CUDNN_STATUS_NOT_SUPPORTED == ((status) / 1000 * 1000))
Warning: CUDNN_STATUS_NOT_SUPPORTED; Reason: ptr->isSupported()
Warning: CUDNN_STATUS_NOT_SUPPORTED; Reason: finalize_internal()

{""engineId"":5,""smVersion"":1200,""knobChoices"":{""CUDNN_KNOB_TYPE_STAGES"":-1,""CUDNN_KNOB_TYPE_KERNEL_CFG"":-1,""CUDNN_KNOB_TYPE_TILE_CGA_M"":-1,""CUDNN_KNOB_TYPE_STREAM_K"":-1,""CUDNN_KNOB_TYPE_TILE_M"":-1,""CUDNN_KNOB_TYPE_TILE_N"":-1}}
Warning: CUDNN_STATUS_NOT_SUPPORTED_ARCH_MISMATCH; Reason: only Blackwell is supported for this engine at: !(1000 <= deviceVer && deviceVer < 1200)
Warning: CUDNN_STATUS_NOT_SUPPORTED; Reason: (CUDNN_STATUS_NOT_INITIALIZED == status) || (CUDNN_STATUS_NOT_SUPPORTED == ((status) / 1000 * 1000))
Warning: CUDNN_STATUS_NOT_SUPPORTED; Reason: ptr->isSupported()
Warning: CUDNN_STATUS_NOT_SUPPORTED; Reason: finalize_internal()

{""engineId"":6,""smVersion"":1200,""knobChoices"":{""CUDNN_KNOB_TYPE_STAGES"":-1,""CUDNN_KNOB_TYPE_KERNEL_CFG"":-1,""CUDNN_KNOB_TYPE_TILE_CGA_M"":-1,""CUDNN_KNOB_TYPE_STREAM_K"":-1,""CUDNN_KNOB_TYPE_TILE_M"":-1,""CUDNN_KNOB_TYPE_TILE_N"":-1}}
Warning: CUDNN_STATUS_NOT_SUPPORTED_ARCH_MISMATCH; Reason: only Hopper is supported for this engine at: !(900 <= deviceVer && deviceVer < 1000)
Warning: CUDNN_STATUS_NOT_SUPPORTED; Reason: (CUDNN_STATUS_NOT_INITIALIZED == status) || (CUDNN_STATUS_NOT_SUPPORTED == ((status) / 1000 * 1000))
Warning: CUDNN_STATUS_NOT_SUPPORTED; Reason: ptr->isSupported()
Warning: CUDNN_STATUS_NOT_SUPPORTED; Reason: finalize_internal()

{""engineId"":7,""smVersion"":1200,""knobChoices"":{""CUDNN_KNOB_TYPE_STAGES"":-1,""CUDNN_KNOB_TYPE_KERNEL_CFG"":-1,""CUDNN_KNOB_TYPE_TILE_CGA_M"":-1,""CUDNN_KNOB_TYPE_STREAM_K"":-1,""CUDNN_KNOB_TYPE_TILE_M"":-1,""CUDNN_KNOB_TYPE_TILE_N"":-1}}
Warning: CUDNN_STATUS_NOT_SUPPORTED; Reason: The matmul should either be an entrance node or occur after the softmax and only allowed 2 at: true
Warning: CUDNN_STATUS_NOT_SUPPORTED; Reason: tag_mha_graph(graph, mha_mode, is_fp8)
Warning: CUDNN_STATUS_NOT_SUPPORTED; Reason: (CUDNN_STATUS_NOT_INITIALIZED == status) || (CUDNN_STATUS_NOT_SUPPORTED == ((status) / 1000 * 1000))
Warning: CUDNN_STATUS_NOT_SUPPORTED; Reason: ptr->isSupported()
Warning: CUDNN_STATUS_NOT_SUPPORTED; Reason: finalize_internal()

{""engineId"":20,""smVersion"":1200,""knobChoices"":{""CUDNN_KNOB_TYPE_STAGES"":-1,""CUDNN_KNOB_TYPE_KERNEL_CFG"":-1,""CUDNN_KNOB_TYPE_TILE_CGA_M"":-1,""CUDNN_KNOB_TYPE_STREAM_K"":-1,""CUDNN_KNOB_TYPE_TILE_M"":-1,""CUDNN_KNOB_TYPE_TILE_N"":-1}}
Warning: CUDNN_STATUS_NOT_SUPPORTED; Reason: The matmul should either be an entrance node or occur after the softmax and only allowed 2 at: true
Warning: CUDNN_STATUS_NOT_SUPPORTED; Reason: tag_mha_graph(graph, mha_mode, is_fp8)
Warning: CUDNN_STATUS_NOT_SUPPORTED; Reason: (CUDNN_STATUS_NOT_INITIALIZED == status) || (CUDNN_STATUS_NOT_SUPPORTED == ((status) / 1000 * 1000))
Warning: CUDNN_STATUS_NOT_SUPPORTED; Reason: ptr->isSupported()
Warning: CUDNN_STATUS_NOT_SUPPORTED; Reason: finalize_internal()

)

stdout: ",,,
kimi_k3,kimi_k3,cudnn,fp8,no_mask,2,32768,32768,96,96,192,128,fwd,False,inf,0.000,0.000,10,,False,"Benchmark failed with return code 1.
stderr: Traceback (most recent call last):
  File ""/data/vagarwalla/rtx6000_bench/cudnn-frontend/benchmark/sdpa_benchmark_training/benchmark_single_sdpa.py"", line 749, in <module>
    graph_fwd.create_execution_plans([cudnn.heur_mode.A, cudnn.heur_mode.FALLBACK])
  File ""/data/vagarwalla/rtx6000_bench/venv/lib/python3.12/site-packages/cudnn/_pygraph.py"", line 882, in create_execution_plans
    raise cudnn_graph_not_supported(f""no engine — python or backend — proposed a plan for this graph{why}"")
cudnn._compiled_module.cudnnGraphNotSupportedError: no engine — python or backend — proposed a plan for this graph (the backend declined: No valid engine configs for __________________
{""engineId"":0,""smVersion"":1200,""knobChoices"":{""CUDNN_KNOB_TYPE_KERNEL_CFG"":-1,""CUDNN_KNOB_TYPE_TILE_CGA_M"":-1,""CUDNN_KNOB_TYPE_STREAM_K"":-1,""CUDNN_KNOB_TYPE_TILE_M"":-1,""CUDNN_KNOB_TYPE_TILE_N"":-1}}
Warning: CUDNN_STATUS_NOT_SUPPORTED; Reason: The matmul should either be an entrance node or occur after the softmax and only allowed 2 at: true
Warning: CUDNN_STATUS_NOT_SUPPORTED; Reason: tag_mha_graph(graph, mha_mode, is_fp8)
Warning: CUDNN_STATUS_NOT_SUPPORTED; Reason: (CUDNN_STATUS_NOT_INITIALIZED == status) || (CUDNN_STATUS_NOT_SUPPORTED == ((status) / 1000 * 1000))
Warning: CUDNN_STATUS_NOT_SUPPORTED; Reason: ptr->isSupported()
Warning: CUDNN_STATUS_NOT_SUPPORTED; Reason: finalize_internal()

{""engineId"":1,""smVersion"":1200,""knobChoices"":{""CUDNN_KNOB_TYPE_KERNEL_CFG"":-1,""CUDNN_KNOB_TYPE_TILE_CGA_M"":-1,""CUDNN_KNOB_TYPE_STREAM_K"":-1,""CUDNN_KNOB_TYPE_TILE_M"":-1,""CUDNN_KNOB_TYPE_TILE_N"":-1}}
Warning: CUDNN_STATUS_NOT_SUPPORTED_GRAPH_PATTERN; Reason: KERNEL_CFG knob must be set at: kcfg_idx < 0
Warning: CUDNN_STATUS_NOT_SUPPORTED_GRAPH_PATTERN; Reason: resolveSDPAKernelConfig(getPerfKnobs(), opSet, *this->getDeviceProp(), getEngineName(), kcfg, chosen_knob)
Warning: CUDNN_STATUS_NOT_SUPPORTED_GRAPH_PATTERN; Reason: process_knob_choices()
Warning: CUDNN_STATUS_NOT_SUPPORTED; Reason: (CUDNN_STATUS_NOT_INITIALIZED == status) || (CUDNN_STATUS_NOT_SUPPORTED == ((status) / 1000 * 1000))
Warning: CUDNN_STATUS_NOT_SUPPORTED; Reason: ptr->isSupported()
Warning: CUDNN_STATUS_NOT_SUPPORTED; Reason: finalize_internal()

{""engineId"":2,""smVersion"":1200,""knobChoices"":{""CUDNN_KNOB_TYPE_KERNEL_CFG"":-1,""CUDNN_KNOB_TYPE_TILE_CGA_M"":-1,""CUDNN_KNOB_TYPE_STREAM_K"":-1,""CUDNN_KNOB_TYPE_TILE_M"":-1,""CUDNN_KNOB_TYPE_TILE_N"":-1}}
Warning: CUDNN_STATUS_NOT_SUPPORTED_ARCH_MISMATCH; Reason: only Hopper is supported for this engine at: !(900 <= deviceVer && deviceVer < 1000)
Warning: CUDNN_STATUS_NOT_SUPPORTED; Reason: (CUDNN_STATUS_NOT_INITIALIZED == status) || (CUDNN_STATUS_NOT_SUPPORTED == ((status) / 1000 * 1000))
Warning: CUDNN_STATUS_NOT_SUPPORTED; Reason: ptr->isSupported()
Warning: CUDNN_STATUS_NOT_SUPPORTED; Reason: finalize_internal()

{""engineId"":3,""smVersion"":1200,""knobChoices"":{""CUDNN_KNOB_TYPE_KERNEL_CFG"":-1,""CUDNN_KNOB_TYPE_TILE_CGA_M"":-1,""CUDNN_KNOB_TYPE_STREAM_K"":-1,""CUDNN_KNOB_TYPE_TILE_M"":-1,""CUDNN_KNOB_TYPE_TILE_N"":-1}}
Warning: CUDNN_STATUS_NOT_SUPPORTED_ARCH_MISMATCH; Reason: only Blackwell is supported for this engine at: !(1000 <= deviceVer && deviceVer < 1200)
Warning: CUDNN_STATUS_NOT_SUPPORTED; Reason: (CUDNN_STATUS_NOT_INITIALIZED == status) || (CUDNN_STATUS_NOT_SUPPORTED == ((status) / 1000 * 1000))
Warning: CUDNN_STATUS_NOT_SUPPORTED; Reason: ptr->isSupported()
Warning: CUDNN_STATUS_NOT_SUPPORTED; Reason: finalize_internal()

{""engineId"":4,""smVersion"":1200,""knobChoices"":{""CUDNN_KNOB_TYPE_KERNEL_CFG"":-1,""CUDNN_KNOB_TYPE_TILE_CGA_M"":-1,""CUDNN_KNOB_TYPE_STREAM_K"":-1,""CUDNN_KNOB_TYPE_TILE_M"":-1,""CUDNN_KNOB_TYPE_TILE_N"":-1}}
Warning: CUDNN_STATUS_NOT_SUPPORTED_GRAPH_PATTERN; Reason: KERNEL_CFG knob must be set at: kcfg_idx < 0
Warning: CUDNN_STATUS_NOT_SUPPORTED_GRAPH_PATTERN; Reason: resolveSDPAKernelConfig(getPerfKnobs(), opSet, *this->getDeviceProp(), getEngineName(), kcfg, chosen_knob)
Warning: CUDNN_STATUS_NOT_SUPPORTED_GRAPH_PATTERN; Reason: process_knob_choices()
Warning: CUDNN_STATUS_NOT_SUPPORTED; Reason: (CUDNN_STATUS_NOT_INITIALIZED == status) || (CUDNN_STATUS_NOT_SUPPORTED == ((status) / 1000 * 1000))
Warning: CUDNN_STATUS_NOT_SUPPORTED; Reason: ptr->isSupported()
Warning: CUDNN_STATUS_NOT_SUPPORTED; Reason: finalize_internal()

{""engineId"":5,""smVersion"":1200,""knobChoices"":{""CUDNN_KNOB_TYPE_STAGES"":-1,""CUDNN_KNOB_TYPE_KERNEL_CFG"":-1,""CUDNN_KNOB_TYPE_TILE_CGA_M"":-1,""CUDNN_KNOB_TYPE_STREAM_K"":-1,""CUDNN_KNOB_TYPE_TILE_M"":-1,""CUDNN_KNOB_TYPE_TILE_N"":-1}}
Warning: CUDNN_STATUS_NOT_SUPPORTED_ARCH_MISMATCH; Reason: only Blackwell is supported for this engine at: !(1000 <= deviceVer && deviceVer < 1200)
Warning: CUDNN_STATUS_NOT_SUPPORTED; Reason: (CUDNN_STATUS_NOT_INITIALIZED == status) || (CUDNN_STATUS_NOT_SUPPORTED == ((status) / 1000 * 1000))
Warning: CUDNN_STATUS_NOT_SUPPORTED; Reason: ptr->isSupported()
Warning: CUDNN_STATUS_NOT_SUPPORTED; Reason: finalize_internal()

{""engineId"":6,""smVersion"":1200,""knobChoices"":{""CUDNN_KNOB_TYPE_STAGES"":-1,""CUDNN_KNOB_TYPE_KERNEL_CFG"":-1,""CUDNN_KNOB_TYPE_TILE_CGA_M"":-1,""CUDNN_KNOB_TYPE_STREAM_K"":-1,""CUDNN_KNOB_TYPE_TILE_M"":-1,""CUDNN_KNOB_TYPE_TILE_N"":-1}}
Warning: CUDNN_STATUS_NOT_SUPPORTED_ARCH_MISMATCH; Reason: only Hopper is supported for this engine at: !(900 <= deviceVer && deviceVer < 1000)
Warning: CUDNN_STATUS_NOT_SUPPORTED; Reason: (CUDNN_STATUS_NOT_INITIALIZED == status) || (CUDNN_STATUS_NOT_SUPPORTED == ((status) / 1000 * 1000))
Warning: CUDNN_STATUS_NOT_SUPPORTED; Reason: ptr->isSupported()
Warning: CUDNN_STATUS_NOT_SUPPORTED; Reason: finalize_internal()

{""engineId"":7,""smVersion"":1200,""knobChoices"":{""CUDNN_KNOB_TYPE_STAGES"":-1,""CUDNN_KNOB_TYPE_KERNEL_CFG"":-1,""CUDNN_KNOB_TYPE_TILE_CGA_M"":-1,""CUDNN_KNOB_TYPE_STREAM_K"":-1,""CUDNN_KNOB_TYPE_TILE_M"":-1,""CUDNN_KNOB_TYPE_TILE_N"":-1}}
Warning: CUDNN_STATUS_NOT_SUPPORTED; Reason: The matmul should either be an entrance node or occur after the softmax and only allowed 2 at: true
Warning: CUDNN_STATUS_NOT_SUPPORTED; Reason: tag_mha_graph(graph, mha_mode, is_fp8)
Warning: CUDNN_STATUS_NOT_SUPPORTED; Reason: (CUDNN_STATUS_NOT_INITIALIZED == status) || (CUDNN_STATUS_NOT_SUPPORTED == ((status) / 1000 * 1000))
Warning: CUDNN_STATUS_NOT_SUPPORTED; Reason: ptr->isSupported()
Warning: CUDNN_STATUS_NOT_SUPPORTED; Reason: finalize_internal()

{""engineId"":20,""smVersion"":1200,""knobChoices"":{""CUDNN_KNOB_TYPE_STAGES"":-1,""CUDNN_KNOB_TYPE_KERNEL_CFG"":-1,""CUDNN_KNOB_TYPE_TILE_CGA_M"":-1,""CUDNN_KNOB_TYPE_STREAM_K"":-1,""CUDNN_KNOB_TYPE_TILE_M"":-1,""CUDNN_KNOB_TYPE_TILE_N"":-1}}
Warning: CUDNN_STATUS_NOT_SUPPORTED; Reason: The matmul should either be an entrance node or occur after the softmax and only allowed 2 at: true
Warning: CUDNN_STATUS_NOT_SUPPORTED; Reason: tag_mha_graph(graph, mha_mode, is_fp8)
Warning: CUDNN_STATUS_NOT_SUPPORTED; Reason: (CUDNN_STATUS_NOT_INITIALIZED == status) || (CUDNN_STATUS_NOT_SUPPORTED == ((status) / 1000 * 1000))
Warning: CUDNN_STATUS_NOT_SUPPORTED; Reason: ptr->isSupported()
Warning: CUDNN_STATUS_NOT_SUPPORTED; Reason: finalize_internal()

)

stdout: ",,,
kimi_k3,kimi_k3,cudnn,fp8,no_mask,2,32768,32768,96,96,192,128,bwd,False,inf,0.000,0.000,10,,False,"Benchmark failed with return code 1.
stderr: Traceback (most recent call last):
  File ""/data/vagarwalla/rtx6000_bench/cudnn-frontend/benchmark/sdpa_benchmark_training/benchmark_single_sdpa.py"", line 749, in <module>
    graph_fwd.create_execution_plans([cudnn.heur_mode.A, cudnn.heur_mode.FALLBACK])
  File ""/data/vagarwalla/rtx6000_bench/venv/lib/python3.12/site-packages/cudnn/_pygraph.py"", line 882, in create_execution_plans
    raise cudnn_graph_not_supported(f""no engine — python or backend — proposed a plan for this graph{why}"")
cudnn._compiled_module.cudnnGraphNotSupportedError: no engine — python or backend — proposed a plan for this graph (the backend declined: No valid engine configs for __________________
{""engineId"":0,""smVersion"":1200,""knobChoices"":{""CUDNN_KNOB_TYPE_KERNEL_CFG"":-1,""CUDNN_KNOB_TYPE_TILE_CGA_M"":-1,""CUDNN_KNOB_TYPE_STREAM_K"":-1,""CUDNN_KNOB_TYPE_TILE_M"":-1,""CUDNN_KNOB_TYPE_TILE_N"":-1}}
Warning: CUDNN_STATUS_NOT_SUPPORTED; Reason: The matmul should either be an entrance node or occur after the softmax and only allowed 2 at: true
Warning: CUDNN_STATUS_NOT_SUPPORTED; Reason: tag_mha_graph(graph, mha_mode, is_fp8)
Warning: CUDNN_STATUS_NOT_SUPPORTED; Reason: (CUDNN_STATUS_NOT_INITIALIZED == status) || (CUDNN_STATUS_NOT_SUPPORTED == ((status) / 1000 * 1000))
Warning: CUDNN_STATUS_NOT_SUPPORTED; Reason: ptr->isSupported()
Warning: CUDNN_STATUS_NOT_SUPPORTED; Reason: finalize_internal()

{""engineId"":1,""smVersion"":1200,""knobChoices"":{""CUDNN_KNOB_TYPE_KERNEL_CFG"":-1,""CUDNN_KNOB_TYPE_TILE_CGA_M"":-1,""CUDNN_KNOB_TYPE_STREAM_K"":-1,""CUDNN_KNOB_TYPE_TILE_M"":-1,""CUDNN_KNOB_TYPE_TILE_N"":-1}}
Warning: CUDNN_STATUS_NOT_SUPPORTED_GRAPH_PATTERN; Reason: KERNEL_CFG knob must be set at: kcfg_idx < 0
Warning: CUDNN_STATUS_NOT_SUPPORTED_GRAPH_PATTERN; Reason: resolveSDPAKernelConfig(getPerfKnobs(), opSet, *this->getDeviceProp(), getEngineName(), kcfg, chosen_knob)
Warning: CUDNN_STATUS_NOT_SUPPORTED_GRAPH_PATTERN; Reason: process_knob_choices()
Warning: CUDNN_STATUS_NOT_SUPPORTED; Reason: (CUDNN_STATUS_NOT_INITIALIZED == status) || (CUDNN_STATUS_NOT_SUPPORTED == ((status) / 1000 * 1000))
Warning: CUDNN_STATUS_NOT_SUPPORTED; Reason: ptr->isSupported()
Warning: CUDNN_STATUS_NOT_SUPPORTED; Reason: finalize_internal()

{""engineId"":2,""smVersion"":1200,""knobChoices"":{""CUDNN_KNOB_TYPE_KERNEL_CFG"":-1,""CUDNN_KNOB_TYPE_TILE_CGA_M"":-1,""CUDNN_KNOB_TYPE_STREAM_K"":-1,""CUDNN_KNOB_TYPE_TILE_M"":-1,""CUDNN_KNOB_TYPE_TILE_N"":-1}}
Warning: CUDNN_STATUS_NOT_SUPPORTED_ARCH_MISMATCH; Reason: only Hopper is supported for this engine at: !(900 <= deviceVer && deviceVer < 1000)
Warning: CUDNN_STATUS_NOT_SUPPORTED; Reason: (CUDNN_STATUS_NOT_INITIALIZED == status) || (CUDNN_STATUS_NOT_SUPPORTED == ((status) / 1000 * 1000))
Warning: CUDNN_STATUS_NOT_SUPPORTED; Reason: ptr->isSupported()
Warning: CUDNN_STATUS_NOT_SUPPORTED; Reason: finalize_internal()

{""engineId"":3,""smVersion"":1200,""knobChoices"":{""CUDNN_KNOB_TYPE_KERNEL_CFG"":-1,""CUDNN_KNOB_TYPE_TILE_CGA_M"":-1,""CUDNN_KNOB_TYPE_STREAM_K"":-1,""CUDNN_KNOB_TYPE_TILE_M"":-1,""CUDNN_KNOB_TYPE_TILE_N"":-1}}
Warning: CUDNN_STATUS_NOT_SUPPORTED_ARCH_MISMATCH; Reason: only Blackwell is supported for this engine at: !(1000 <= deviceVer && deviceVer < 1200)
Warning: CUDNN_STATUS_NOT_SUPPORTED; Reason: (CUDNN_STATUS_NOT_INITIALIZED == status) || (CUDNN_STATUS_NOT_SUPPORTED == ((status) / 1000 * 1000))
Warning: CUDNN_STATUS_NOT_SUPPORTED; Reason: ptr->isSupported()
Warning: CUDNN_STATUS_NOT_SUPPORTED; Reason: finalize_internal()

{""engineId"":4,""smVersion"":1200,""knobChoices"":{""CUDNN_KNOB_TYPE_KERNEL_CFG"":-1,""CUDNN_KNOB_TYPE_TILE_CGA_M"":-1,""CUDNN_KNOB_TYPE_STREAM_K"":-1,""CUDNN_KNOB_TYPE_TILE_M"":-1,""CUDNN_KNOB_TYPE_TILE_N"":-1}}
Warning: CUDNN_STATUS_NOT_SUPPORTED_GRAPH_PATTERN; Reason: KERNEL_CFG knob must be set at: kcfg_idx < 0
Warning: CUDNN_STATUS_NOT_SUPPORTED_GRAPH_PATTERN; Reason: resolveSDPAKernelConfig(getPerfKnobs(), opSet, *this->getDeviceProp(), getEngineName(), kcfg, chosen_knob)
Warning: CUDNN_STATUS_NOT_SUPPORTED_GRAPH_PATTERN; Reason: process_knob_choices()
Warning: CUDNN_STATUS_NOT_SUPPORTED; Reason: (CUDNN_STATUS_NOT_INITIALIZED == status) || (CUDNN_STATUS_NOT_SUPPORTED == ((status) / 1000 * 1000))
Warning: CUDNN_STATUS_NOT_SUPPORTED; Reason: ptr->isSupported()
Warning: CUDNN_STATUS_NOT_SUPPORTED; Reason: finalize_internal()

{""engineId"":5,""smVersion"":1200,""knobChoices"":{""CUDNN_KNOB_TYPE_STAGES"":-1,""CUDNN_KNOB_TYPE_KERNEL_CFG"":-1,""CUDNN_KNOB_TYPE_TILE_CGA_M"":-1,""CUDNN_KNOB_TYPE_STREAM_K"":-1,""CUDNN_KNOB_TYPE_TILE_M"":-1,""CUDNN_KNOB_TYPE_TILE_N"":-1}}
Warning: CUDNN_STATUS_NOT_SUPPORTED_ARCH_MISMATCH; Reason: only Blackwell is supported for this engine at: !(1000 <= deviceVer && deviceVer < 1200)
Warning: CUDNN_STATUS_NOT_SUPPORTED; Reason: (CUDNN_STATUS_NOT_INITIALIZED == status) || (CUDNN_STATUS_NOT_SUPPORTED == ((status) / 1000 * 1000))
Warning: CUDNN_STATUS_NOT_SUPPORTED; Reason: ptr->isSupported()
Warning: CUDNN_STATUS_NOT_SUPPORTED; Reason: finalize_internal()

{""engineId"":6,""smVersion"":1200,""knobChoices"":{""CUDNN_KNOB_TYPE_STAGES"":-1,""CUDNN_KNOB_TYPE_KERNEL_CFG"":-1,""CUDNN_KNOB_TYPE_TILE_CGA_M"":-1,""CUDNN_KNOB_TYPE_STREAM_K"":-1,""CUDNN_KNOB_TYPE_TILE_M"":-1,""CUDNN_KNOB_TYPE_TILE_N"":-1}}
Warning: CUDNN_STATUS_NOT_SUPPORTED_ARCH_MISMATCH; Reason: only Hopper is supported for this engine at: !(900 <= deviceVer && deviceVer < 1000)
Warning: CUDNN_STATUS_NOT_SUPPORTED; Reason: (CUDNN_STATUS_NOT_INITIALIZED == status) || (CUDNN_STATUS_NOT_SUPPORTED == ((status) / 1000 * 1000))
Warning: CUDNN_STATUS_NOT_SUPPORTED; Reason: ptr->isSupported()
Warning: CUDNN_STATUS_NOT_SUPPORTED; Reason: finalize_internal()

{""engineId"":7,""smVersion"":1200,""knobChoices"":{""CUDNN_KNOB_TYPE_STAGES"":-1,""CUDNN_KNOB_TYPE_KERNEL_CFG"":-1,""CUDNN_KNOB_TYPE_TILE_CGA_M"":-1,""CUDNN_KNOB_TYPE_STREAM_K"":-1,""CUDNN_KNOB_TYPE_TILE_M"":-1,""CUDNN_KNOB_TYPE_TILE_N"":-1}}
Warning: CUDNN_STATUS_NOT_SUPPORTED; Reason: The matmul should either be an entrance node or occur after the softmax and only allowed 2 at: true
Warning: CUDNN_STATUS_NOT_SUPPORTED; Reason: tag_mha_graph(graph, mha_mode, is_fp8)
Warning: CUDNN_STATUS_NOT_SUPPORTED; Reason: (CUDNN_STATUS_NOT_INITIALIZED == status) || (CUDNN_STATUS_NOT_SUPPORTED == ((status) / 1000 * 1000))
Warning: CUDNN_STATUS_NOT_SUPPORTED; Reason: ptr->isSupported()
Warning: CUDNN_STATUS_NOT_SUPPORTED; Reason: finalize_internal()

{""engineId"":20,""smVersion"":1200,""knobChoices"":{""CUDNN_KNOB_TYPE_STAGES"":-1,""CUDNN_KNOB_TYPE_KERNEL_CFG"":-1,""CUDNN_KNOB_TYPE_TILE_CGA_M"":-1,""CUDNN_KNOB_TYPE_STREAM_K"":-1,""CUDNN_KNOB_TYPE_TILE_M"":-1,""CUDNN_KNOB_TYPE_TILE_N"":-1}}
Warning: CUDNN_STATUS_NOT_SUPPORTED; Reason: The matmul should either be an entrance node or occur after the softmax and only allowed 2 at: true
Warning: CUDNN_STATUS_NOT_SUPPORTED; Reason: tag_mha_graph(graph, mha_mode, is_fp8)
Warning: CUDNN_STATUS_NOT_SUPPORTED; Reason: (CUDNN_STATUS_NOT_INITIALIZED == status) || (CUDNN_STATUS_NOT_SUPPORTED == ((status) / 1000 * 1000))
Warning: CUDNN_STATUS_NOT_SUPPORTED; Reason: ptr->isSupported()
Warning: CUDNN_STATUS_NOT_SUPPORTED; Reason: finalize_internal()

)

stdout: ",,,
kimi_k3,kimi_k3,cudnn,fp8,no_mask,2,32768,32768,96,96,192,128,bwd,True,inf,0.000,0.000,10,,False,"Benchmark failed with return code 1.
stderr: Traceback (most recent call last):
  File ""/data/vagarwalla/rtx6000_bench/cudnn-frontend/benchmark/sdpa_benchmark_training/benchmark_single_sdpa.py"", line 749, in <module>
    graph_fwd.create_execution_plans([cudnn.heur_mode.A, cudnn.heur_mode.FALLBACK])
  File ""/data/vagarwalla/rtx6000_bench/venv/lib/python3.12/site-packages/cudnn/_pygraph.py"", line 882, in create_execution_plans
    raise cudnn_graph_not_supported(f""no engine — python or backend — proposed a plan for this graph{why}"")
cudnn._compiled_module.cudnnGraphNotSupportedError: no engine — python or backend — proposed a plan for this graph (the backend declined: No valid engine configs for __________________
{""engineId"":0,""smVersion"":1200,""knobChoices"":{""CUDNN_KNOB_TYPE_KERNEL_CFG"":-1,""CUDNN_KNOB_TYPE_TILE_CGA_M"":-1,""CUDNN_KNOB_TYPE_STREAM_K"":-1,""CUDNN_KNOB_TYPE_TILE_M"":-1,""CUDNN_KNOB_TYPE_TILE_N"":-1}}
Warning: CUDNN_STATUS_NOT_SUPPORTED; Reason: The matmul should either be an entrance node or occur after the softmax and only allowed 2 at: true
Warning: CUDNN_STATUS_NOT_SUPPORTED; Reason: tag_mha_graph(graph, mha_mode, is_fp8)
Warning: CUDNN_STATUS_NOT_SUPPORTED; Reason: (CUDNN_STATUS_NOT_INITIALIZED == status) || (CUDNN_STATUS_NOT_SUPPORTED == ((status) / 1000 * 1000))
Warning: CUDNN_STATUS_NOT_SUPPORTED; Reason: ptr->isSupported()
Warning: CUDNN_STATUS_NOT_SUPPORTED; Reason: finalize_internal()

{""engineId"":1,""smVersion"":1200,""knobChoices"":{""CUDNN_KNOB_TYPE_KERNEL_CFG"":-1,""CUDNN_KNOB_TYPE_TILE_CGA_M"":-1,""CUDNN_KNOB_TYPE_STREAM_K"":-1,""CUDNN_KNOB_TYPE_TILE_M"":-1,""CUDNN_KNOB_TYPE_TILE_N"":-1}}
Warning: CUDNN_STATUS_NOT_SUPPORTED_GRAPH_PATTERN; Reason: KERNEL_CFG knob must be set at: kcfg_idx < 0
Warning: CUDNN_STATUS_NOT_SUPPORTED_GRAPH_PATTERN; Reason: resolveSDPAKernelConfig(getPerfKnobs(), opSet, *this->getDeviceProp(), getEngineName(), kcfg, chosen_knob)
Warning: CUDNN_STATUS_NOT_SUPPORTED_GRAPH_PATTERN; Reason: process_knob_choices()
Warning: CUDNN_STATUS_NOT_SUPPORTED; Reason: (CUDNN_STATUS_NOT_INITIALIZED == status) || (CUDNN_STATUS_NOT_SUPPORTED == ((status) / 1000 * 1000))
Warning: CUDNN_STATUS_NOT_SUPPORTED; Reason: ptr->isSupported()
Warning: CUDNN_STATUS_NOT_SUPPORTED; Reason: finalize_internal()

{""engineId"":2,""smVersion"":1200,""knobChoices"":{""CUDNN_KNOB_TYPE_KERNEL_CFG"":-1,""CUDNN_KNOB_TYPE_TILE_CGA_M"":-1,""CUDNN_KNOB_TYPE_STREAM_K"":-1,""CUDNN_KNOB_TYPE_TILE_M"":-1,""CUDNN_KNOB_TYPE_TILE_N"":-1}}
Warning: CUDNN_STATUS_NOT_SUPPORTED_ARCH_MISMATCH; Reason: only Hopper is supported for this engine at: !(900 <= deviceVer && deviceVer < 1000)
Warning: CUDNN_STATUS_NOT_SUPPORTED; Reason: (CUDNN_STATUS_NOT_INITIALIZED == status) || (CUDNN_STATUS_NOT_SUPPORTED == ((status) / 1000 * 1000))
Warning: CUDNN_STATUS_NOT_SUPPORTED; Reason: ptr->isSupported()
Warning: CUDNN_STATUS_NOT_SUPPORTED; Reason: finalize_internal()

{""engineId"":3,""smVersion"":1200,""knobChoices"":{""CUDNN_KNOB_TYPE_KERNEL_CFG"":-1,""CUDNN_KNOB_TYPE_TILE_CGA_M"":-1,""CUDNN_KNOB_TYPE_STREAM_K"":-1,""CUDNN_KNOB_TYPE_TILE_M"":-1,""CUDNN_KNOB_TYPE_TILE_N"":-1}}
Warning: CUDNN_STATUS_NOT_SUPPORTED_ARCH_MISMATCH; Reason: only Blackwell is supported for this engine at: !(1000 <= deviceVer && deviceVer < 1200)
Warning: CUDNN_STATUS_NOT_SUPPORTED; Reason: (CUDNN_STATUS_NOT_INITIALIZED == status) || (CUDNN_STATUS_NOT_SUPPORTED == ((status) / 1000 * 1000))
Warning: CUDNN_STATUS_NOT_SUPPORTED; Reason: ptr->isSupported()
Warning: CUDNN_STATUS_NOT_SUPPORTED; Reason: finalize_internal()

{""engineId"":4,""smVersion"":1200,""knobChoices"":{""CUDNN_KNOB_TYPE_KERNEL_CFG"":-1,""CUDNN_KNOB_TYPE_TILE_CGA_M"":-1,""CUDNN_KNOB_TYPE_STREAM_K"":-1,""CUDNN_KNOB_TYPE_TILE_M"":-1,""CUDNN_KNOB_TYPE_TILE_N"":-1}}
Warning: CUDNN_STATUS_NOT_SUPPORTED_GRAPH_PATTERN; Reason: KERNEL_CFG knob must be set at: kcfg_idx < 0
Warning: CUDNN_STATUS_NOT_SUPPORTED_GRAPH_PATTERN; Reason: resolveSDPAKernelConfig(getPerfKnobs(), opSet, *this->getDeviceProp(), getEngineName(), kcfg, chosen_knob)
Warning: CUDNN_STATUS_NOT_SUPPORTED_GRAPH_PATTERN; Reason: process_knob_choices()
Warning: CUDNN_STATUS_NOT_SUPPORTED; Reason: (CUDNN_STATUS_NOT_INITIALIZED == status) || (CUDNN_STATUS_NOT_SUPPORTED == ((status) / 1000 * 1000))
Warning: CUDNN_STATUS_NOT_SUPPORTED; Reason: ptr->isSupported()
Warning: CUDNN_STATUS_NOT_SUPPORTED; Reason: finalize_internal()

{""engineId"":5,""smVersion"":1200,""knobChoices"":{""CUDNN_KNOB_TYPE_STAGES"":-1,""CUDNN_KNOB_TYPE_KERNEL_CFG"":-1,""CUDNN_KNOB_TYPE_TILE_CGA_M"":-1,""CUDNN_KNOB_TYPE_STREAM_K"":-1,""CUDNN_KNOB_TYPE_TILE_M"":-1,""CUDNN_KNOB_TYPE_TILE_N"":-1}}
Warning: CUDNN_STATUS_NOT_SUPPORTED_ARCH_MISMATCH; Reason: only Blackwell is supported for this engine at: !(1000 <= deviceVer && deviceVer < 1200)
Warning: CUDNN_STATUS_NOT_SUPPORTED; Reason: (CUDNN_STATUS_NOT_INITIALIZED == status) || (CUDNN_STATUS_NOT_SUPPORTED == ((status) / 1000 * 1000))
Warning: CUDNN_STATUS_NOT_SUPPORTED; Reason: ptr->isSupported()
Warning: CUDNN_STATUS_NOT_SUPPORTED; Reason: finalize_internal()

{""engineId"":6,""smVersion"":1200,""knobChoices"":{""CUDNN_KNOB_TYPE_STAGES"":-1,""CUDNN_KNOB_TYPE_KERNEL_CFG"":-1,""CUDNN_KNOB_TYPE_TILE_CGA_M"":-1,""CUDNN_KNOB_TYPE_STREAM_K"":-1,""CUDNN_KNOB_TYPE_TILE_M"":-1,""CUDNN_KNOB_TYPE_TILE_N"":-1}}
Warning: CUDNN_STATUS_NOT_SUPPORTED_ARCH_MISMATCH; Reason: only Hopper is supported for this engine at: !(900 <= deviceVer && deviceVer < 1000)
Warning: CUDNN_STATUS_NOT_SUPPORTED; Reason: (CUDNN_STATUS_NOT_INITIALIZED == status) || (CUDNN_STATUS_NOT_SUPPORTED == ((status) / 1000 * 1000))
Warning: CUDNN_STATUS_NOT_SUPPORTED; Reason: ptr->isSupported()
Warning: CUDNN_STATUS_NOT_SUPPORTED; Reason: finalize_internal()

{""engineId"":7,""smVersion"":1200,""knobChoices"":{""CUDNN_KNOB_TYPE_STAGES"":-1,""CUDNN_KNOB_TYPE_KERNEL_CFG"":-1,""CUDNN_KNOB_TYPE_TILE_CGA_M"":-1,""CUDNN_KNOB_TYPE_STREAM_K"":-1,""CUDNN_KNOB_TYPE_TILE_M"":-1,""CUDNN_KNOB_TYPE_TILE_N"":-1}}
Warning: CUDNN_STATUS_NOT_SUPPORTED; Reason: The matmul should either be an entrance node or occur after the softmax and only allowed 2 at: true
Warning: CUDNN_STATUS_NOT_SUPPORTED; Reason: tag_mha_graph(graph, mha_mode, is_fp8)
Warning: CUDNN_STATUS_NOT_SUPPORTED; Reason: (CUDNN_STATUS_NOT_INITIALIZED == status) || (CUDNN_STATUS_NOT_SUPPORTED == ((status) / 1000 * 1000))
Warning: CUDNN_STATUS_NOT_SUPPORTED; Reason: ptr->isSupported()
Warning: CUDNN_STATUS_NOT_SUPPORTED; Reason: finalize_internal()

{""engineId"":20,""smVersion"":1200,""knobChoices"":{""CUDNN_KNOB_TYPE_STAGES"":-1,""CUDNN_KNOB_TYPE_KERNEL_CFG"":-1,""CUDNN_KNOB_TYPE_TILE_CGA_M"":-1,""CUDNN_KNOB_TYPE_STREAM_K"":-1,""CUDNN_KNOB_TYPE_TILE_M"":-1,""CUDNN_KNOB_TYPE_TILE_N"":-1}}
Warning: CUDNN_STATUS_NOT_SUPPORTED; Reason: The matmul should either be an entrance node or occur after the softmax and only allowed 2 at: true
Warning: CUDNN_STATUS_NOT_SUPPORTED; Reason: tag_mha_graph(graph, mha_mode, is_fp8)
Warning: CUDNN_STATUS_NOT_SUPPORTED; Reason: (CUDNN_STATUS_NOT_INITIALIZED == status) || (CUDNN_STATUS_NOT_SUPPORTED == ((status) / 1000 * 1000))
Warning: CUDNN_STATUS_NOT_SUPPORTED; Reason: ptr->isSupported()
Warning: CUDNN_STATUS_NOT_SUPPORTED; Reason: finalize_internal()

)

stdout: ",,,
kimi_k3,kimi_k3,cudnn,mxfp8,top_left,2,32768,32768,96,96,192,128,fwd,False,inf,0.000,0.000,10,,False,"Benchmark failed with return code 1.
stderr: Traceback (most recent call last):
  File ""/data/vagarwalla/rtx6000_bench/cudnn-frontend/benchmark/sdpa_benchmark_training/benchmark_single_sdpa.py"", line 747, in <module>
    graph_fwd.validate()
  File ""/data/vagarwalla/rtx6000_bench/venv/lib/python3.12/site-packages/cudnn/_pygraph.py"", line 776, in validate
    self._lowered_graph.validate()
cudnn._compiled_module.cudnnGraphNotSupportedError: MXFP8 SDPA is only supported on Blackwell Data Center architectures.

stdout: ",,,
kimi_k3,kimi_k3,cudnn,mxfp8,top_left,2,32768,32768,96,96,192,128,bwd,False,inf,0.000,0.000,10,,False,"Benchmark failed with return code 1.
stderr: Traceback (most recent call last):
  File ""/data/vagarwalla/rtx6000_bench/cudnn-frontend/benchmark/sdpa_benchmark_training/benchmark_single_sdpa.py"", line 747, in <module>
    graph_fwd.validate()
  File ""/data/vagarwalla/rtx6000_bench/venv/lib/python3.12/site-packages/cudnn/_pygraph.py"", line 776, in validate
    self._lowered_graph.validate()
cudnn._compiled_module.cudnnGraphNotSupportedError: MXFP8 SDPA is only supported on Blackwell Data Center architectures.

stdout: ",,,
kimi_k3,kimi_k3,cudnn,mxfp8,top_left,2,32768,32768,96,96,192,128,bwd,True,inf,0.000,0.000,10,,False,"Benchmark failed with return code 1.
stderr: Traceback (most recent call last):
  File ""/data/vagarwalla/rtx6000_bench/cudnn-frontend/benchmark/sdpa_benchmark_training/benchmark_single_sdpa.py"", line 747, in <module>
    graph_fwd.validate()
  File ""/data/vagarwalla/rtx6000_bench/venv/lib/python3.12/site-packages/cudnn/_pygraph.py"", line 776, in validate
    self._lowered_graph.validate()
cudnn._compiled_module.cudnnGraphNotSupportedError: MXFP8 SDPA is only supported on Blackwell Data Center architectures.

stdout: ",,,
kimi_k3,kimi_k3,cudnn,mxfp8,no_mask,2,32768,32768,96,96,192,128,fwd,False,inf,0.000,0.000,10,,False,"Benchmark failed with return code 1.
stderr: Traceback (most recent call last):
  File ""/data/vagarwalla/rtx6000_bench/cudnn-frontend/benchmark/sdpa_benchmark_training/benchmark_single_sdpa.py"", line 747, in <module>
    graph_fwd.validate()
  File ""/data/vagarwalla/rtx6000_bench/venv/lib/python3.12/site-packages/cudnn/_pygraph.py"", line 776, in validate
    self._lowered_graph.validate()
cudnn._compiled_module.cudnnGraphNotSupportedError: MXFP8 SDPA is only supported on Blackwell Data Center architectures.

stdout: ",,,
kimi_k3,kimi_k3,cudnn,mxfp8,no_mask,2,32768,32768,96,96,192,128,bwd,False,inf,0.000,0.000,10,,False,"Benchmark failed with return code 1.
stderr: Traceback (most recent call last):
  File ""/data/vagarwalla/rtx6000_bench/cudnn-frontend/benchmark/sdpa_benchmark_training/benchmark_single_sdpa.py"", line 747, in <module>
    graph_fwd.validate()
  File ""/data/vagarwalla/rtx6000_bench/venv/lib/python3.12/site-packages/cudnn/_pygraph.py"", line 776, in validate
    self._lowered_graph.validate()
cudnn._compiled_module.cudnnGraphNotSupportedError: MXFP8 SDPA is only supported on Blackwell Data Center architectures.

stdout: ",,,
kimi_k3,kimi_k3,cudnn,mxfp8,no_mask,2,32768,32768,96,96,192,128,bwd,True,inf,0.000,0.000,10,,False,"Benchmark failed with return code 1.
stderr: Traceback (most recent call last):
  File ""/data/vagarwalla/rtx6000_bench/cudnn-frontend/benchmark/sdpa_benchmark_training/benchmark_single_sdpa.py"", line 747, in <module>
    graph_fwd.validate()
  File ""/data/vagarwalla/rtx6000_bench/venv/lib/python3.12/site-packages/cudnn/_pygraph.py"", line 776, in validate
    self._lowered_graph.validate()
cudnn._compiled_module.cudnnGraphNotSupportedError: MXFP8 SDPA is only supported on Blackwell Data Center architectures.

stdout: ",,,
kimi_k3,kimi_k3,flash_attention_4,bfloat16,top_left,2,32768,32768,96,96,192,128,fwd,False,inf,0.000,0.000,10,,False,"Benchmark failed with return code 1.
stderr: Traceback (most recent call last):
  File ""/data/vagarwalla/rtx6000_bench/cudnn-frontend/benchmark/sdpa_benchmark_training/benchmark_single_sdpa.py"", line 1195, in <module>
    import flash_attn.cute.interface as flash_attn_interface
  File ""/data/vagarwalla/rtx6000_bench/venv/lib/python3.12/site-packages/flash_attn/cute/__init__.py"", line 3, in <module>
    from .interface import (
  File ""/data/vagarwalla/rtx6000_bench/venv/lib/python3.12/site-packages/flash_attn/cute/interface.py"", line 33, in <module>
    from flash_attn.cute import utils
  File ""/data/vagarwalla/rtx6000_bench/venv/lib/python3.12/site-packages/flash_attn/cute/utils.py"", line 44, in <module>
    smem: cute.Tensor, thr_mma: cute.core.ThrMma, swapAB: cutlass.Constexpr[bool] = False
                                ^^^^^^^^^^^^^^^^
AttributeError: module 'cutlass.cute.core' has no attribute 'ThrMma'

stdout: ",,,
kimi_k3,kimi_k3,flash_attention_4,bfloat16,top_left,2,32768,32768,96,96,192,128,bwd,False,inf,0.000,0.000,10,,False,"Benchmark failed with return code 1.
stderr: Traceback (most recent call last):
  File ""/data/vagarwalla/rtx6000_bench/cudnn-frontend/benchmark/sdpa_benchmark_training/benchmark_single_sdpa.py"", line 1195, in <module>
    import flash_attn.cute.interface as flash_attn_interface
  File ""/data/vagarwalla/rtx6000_bench/venv/lib/python3.12/site-packages/flash_attn/cute/__init__.py"", line 3, in <module>
    from .interface import (
  File ""/data/vagarwalla/rtx6000_bench/venv/lib/python3.12/site-packages/flash_attn/cute/interface.py"", line 33, in <module>
    from flash_attn.cute import utils
  File ""/data/vagarwalla/rtx6000_bench/venv/lib/python3.12/site-packages/flash_attn/cute/utils.py"", line 44, in <module>
    smem: cute.Tensor, thr_mma: cute.core.ThrMma, swapAB: cutlass.Constexpr[bool] = False
                                ^^^^^^^^^^^^^^^^
AttributeError: module 'cutlass.cute.core' has no attribute 'ThrMma'

stdout: ",,,
kimi_k3,kimi_k3,flash_attention_4,bfloat16,top_left,2,32768,32768,96,96,192,128,bwd,True,inf,0.000,0.000,10,,False,"Benchmark failed with return code 1.
stderr: Traceback (most recent call last):
  File ""/data/vagarwalla/rtx6000_bench/cudnn-frontend/benchmark/sdpa_benchmark_training/benchmark_single_sdpa.py"", line 1195, in <module>
    import flash_attn.cute.interface as flash_attn_interface
  File ""/data/vagarwalla/rtx6000_bench/venv/lib/python3.12/site-packages/flash_attn/cute/__init__.py"", line 3, in <module>
    from .interface import (
  File ""/data/vagarwalla/rtx6000_bench/venv/lib/python3.12/site-packages/flash_attn/cute/interface.py"", line 33, in <module>
    from flash_attn.cute import utils
  File ""/data/vagarwalla/rtx6000_bench/venv/lib/python3.12/site-packages/flash_attn/cute/utils.py"", line 44, in <module>
    smem: cute.Tensor, thr_mma: cute.core.ThrMma, swapAB: cutlass.Constexpr[bool] = False
                                ^^^^^^^^^^^^^^^^
AttributeError: module 'cutlass.cute.core' has no attribute 'ThrMma'

stdout: ",,,
kimi_k3,kimi_k3,flash_attention_4,bfloat16,no_mask,2,32768,32768,96,96,192,128,fwd,False,inf,0.000,0.000,10,,False,"Benchmark failed with return code 1.
stderr: Traceback (most recent call last):
  File ""/data/vagarwalla/rtx6000_bench/cudnn-frontend/benchmark/sdpa_benchmark_training/benchmark_single_sdpa.py"", line 1195, in <module>
    import flash_attn.cute.interface as flash_attn_interface
  File ""/data/vagarwalla/rtx6000_bench/venv/lib/python3.12/site-packages/flash_attn/cute/__init__.py"", line 3, in <module>
    from .interface import (
  File ""/data/vagarwalla/rtx6000_bench/venv/lib/python3.12/site-packages/flash_attn/cute/interface.py"", line 33, in <module>
    from flash_attn.cute import utils
  File ""/data/vagarwalla/rtx6000_bench/venv/lib/python3.12/site-packages/flash_attn/cute/utils.py"", line 44, in <module>
    smem: cute.Tensor, thr_mma: cute.core.ThrMma, swapAB: cutlass.Constexpr[bool] = False
                                ^^^^^^^^^^^^^^^^
AttributeError: module 'cutlass.cute.core' has no attribute 'ThrMma'

stdout: ",,,
kimi_k3,kimi_k3,flash_attention_4,bfloat16,no_mask,2,32768,32768,96,96,192,128,bwd,False,inf,0.000,0.000,10,,False,"Benchmark failed with return code 1.
stderr: Traceback (most recent call last):
  File ""/data/vagarwalla/rtx6000_bench/cudnn-frontend/benchmark/sdpa_benchmark_training/benchmark_single_sdpa.py"", line 1195, in <module>
    import flash_attn.cute.interface as flash_attn_interface
  File ""/data/vagarwalla/rtx6000_bench/venv/lib/python3.12/site-packages/flash_attn/cute/__init__.py"", line 3, in <module>
    from .interface import (
  File ""/data/vagarwalla/rtx6000_bench/venv/lib/python3.12/site-packages/flash_attn/cute/interface.py"", line 33, in <module>
    from flash_attn.cute import utils
  File ""/data/vagarwalla/rtx6000_bench/venv/lib/python3.12/site-packages/flash_attn/cute/utils.py"", line 44, in <module>
    smem: cute.Tensor, thr_mma: cute.core.ThrMma, swapAB: cutlass.Constexpr[bool] = False
                                ^^^^^^^^^^^^^^^^
AttributeError: module 'cutlass.cute.core' has no attribute 'ThrMma'

stdout: ",,,
kimi_k3,kimi_k3,flash_attention_4,bfloat16,no_mask,2,32768,32768,96,96,192,128,bwd,True,inf,0.000,0.000,10,,False,"Benchmark failed with return code 1.
stderr: Traceback (most recent call last):
  File ""/data/vagarwalla/rtx6000_bench/cudnn-frontend/benchmark/sdpa_benchmark_training/benchmark_single_sdpa.py"", line 1195, in <module>
    import flash_attn.cute.interface as flash_attn_interface
  File ""/data/vagarwalla/rtx6000_bench/venv/lib/python3.12/site-packages/flash_attn/cute/__init__.py"", line 3, in <module>
    from .interface import (
  File ""/data/vagarwalla/rtx6000_bench/venv/lib/python3.12/site-packages/flash_attn/cute/interface.py"", line 33, in <module>
    from flash_attn.cute import utils
  File ""/data/vagarwalla/rtx6000_bench/venv/lib/python3.12/site-packages/flash_attn/cute/utils.py"", line 44, in <module>
    smem: cute.Tensor, thr_mma: cute.core.ThrMma, swapAB: cutlass.Constexpr[bool] = False
                                ^^^^^^^^^^^^^^^^
AttributeError: module 'cutlass.cute.core' has no attribute 'ThrMma'

stdout: ",,,
kimi_k3,kimi_k3,cudnn,bfloat16,top_left,2,16384,16384,96,96,192,128,fwd,False,73.879,223.000,0.000,10,,True,,NVIDIA RTX PRO 6000 Blackwell Server Edition,1.27.0,92400.000
kimi_k3,kimi_k3,cudnn,bfloat16,top_left,2,16384,16384,96,96,192,128,bwd,False,inf,0.000,0.000,10,,False,"Benchmark failed with return code 1.
stderr: Traceback (most recent call last):
  File ""/data/vagarwalla/rtx6000_bench/cudnn-frontend/benchmark/sdpa_benchmark_training/benchmark_single_sdpa.py"", line 971, in <module>
    graph_bwd.validate()
  File ""/data/vagarwalla/rtx6000_bench/venv/lib/python3.12/site-packages/cudnn/_pygraph.py"", line 776, in validate
    self._lowered_graph.validate()
cudnn._compiled_module.cudnnGraphNotSupportedError: Num hidden_dim should be less than or equal to 128 and hidden_dim should be multiple of 8

stdout: ",,,
kimi_k3,kimi_k3,cudnn,bfloat16,top_left,2,16384,16384,96,96,192,128,bwd,True,inf,0.000,0.000,10,,False,"Benchmark failed with return code 1.
stderr: Traceback (most recent call last):
  File ""/data/vagarwalla/rtx6000_bench/cudnn-frontend/benchmark/sdpa_benchmark_training/benchmark_single_sdpa.py"", line 971, in <module>
    graph_bwd.validate()
  File ""/data/vagarwalla/rtx6000_bench/venv/lib/python3.12/site-packages/cudnn/_pygraph.py"", line 776, in validate
    self._lowered_graph.validate()
cudnn._compiled_module.cudnnGraphNotSupportedError: Num hidden_dim should be less than or equal to 128 and hidden_dim should be multiple of 8

stdout: ",,,
kimi_k3,kimi_k3,cudnn,bfloat16,no_mask,2,16384,16384,96,96,192,128,fwd,False,144.025,229.000,0.000,10,,True,,NVIDIA RTX PRO 6000 Blackwell Server Edition,1.27.0,92400.000
kimi_k3,kimi_k3,cudnn,bfloat16,no_mask,2,16384,16384,96,96,192,128,bwd,False,inf,0.000,0.000,10,,False,"Benchmark failed with return code 1.
stderr: Traceback (most recent call last):
  File ""/data/vagarwalla/rtx6000_bench/cudnn-frontend/benchmark/sdpa_benchmark_training/benchmark_single_sdpa.py"", line 971, in <module>
    graph_bwd.validate()
  File ""/data/vagarwalla/rtx6000_bench/venv/lib/python3.12/site-packages/cudnn/_pygraph.py"", line 776, in validate
    self._lowered_graph.validate()
cudnn._compiled_module.cudnnGraphNotSupportedError: Num hidden_dim should be less than or equal to 128 and hidden_dim should be multiple of 8

stdout: ",,,
kimi_k3,kimi_k3,cudnn,bfloat16,no_mask,2,16384,16384,96,96,192,128,bwd,True,inf,0.000,0.000,10,,False,"Benchmark failed with return code 1.
stderr: Traceback (most recent call last):
  File ""/data/vagarwalla/rtx6000_bench/cudnn-frontend/benchmark/sdpa_benchmark_training/benchmark_single_sdpa.py"", line 971, in <module>
    graph_bwd.validate()
  File ""/data/vagarwalla/rtx6000_bench/venv/lib/python3.12/site-packages/cudnn/_pygraph.py"", line 776, in validate
    self._lowered_graph.validate()
cudnn._compiled_module.cudnnGraphNotSupportedError: Num hidden_dim should be less than or equal to 128 and hidden_dim should be multiple of 8

stdout: ",,,
kimi_k3,kimi_k3,cudnn,fp8,top_left,2,16384,16384,96,96,192,128,fwd,False,inf,0.000,0.000,10,,False,"Benchmark failed with return code 1.
stderr: Traceback (most recent call last):
  File ""/data/vagarwalla/rtx6000_bench/cudnn-frontend/benchmark/sdpa_benchmark_training/benchmark_single_sdpa.py"", line 749, in <module>
    graph_fwd.create_execution_plans([cudnn.heur_mode.A, cudnn.heur_mode.FALLBACK])
  File ""/data/vagarwalla/rtx6000_bench/venv/lib/python3.12/site-packages/cudnn/_pygraph.py"", line 882, in create_execution_plans
    raise cudnn_graph_not_supported(f""no engine — python or backend — proposed a plan for this graph{why}"")
cudnn._compiled_module.cudnnGraphNotSupportedError: no engine — python or backend — proposed a plan for this graph (the backend declined: No valid engine configs for ______________________
{""engineId"":0,""smVersion"":1200,""knobChoices"":{""CUDNN_KNOB_TYPE_KERNEL_CFG"":-1,""CUDNN_KNOB_TYPE_TILE_CGA_M"":-1,""CUDNN_KNOB_TYPE_STREAM_K"":-1,""CUDNN_KNOB_TYPE_TILE_M"":-1,""CUDNN_KNOB_TYPE_TILE_N"":-1}}
Warning: CUDNN_STATUS_NOT_SUPPORTED; Reason: The matmul should either be an entrance node or occur after the softmax and only allowed 2 at: true
Warning: CUDNN_STATUS_NOT_SUPPORTED; Reason: tag_mha_graph(graph, mha_mode, is_fp8)
Warning: CUDNN_STATUS_NOT_SUPPORTED; Reason: (CUDNN_STATUS_NOT_INITIALIZED == status) || (CUDNN_STATUS_NOT_SUPPORTED == ((status) / 1000 * 1000))
Warning: CUDNN_STATUS_NOT_SUPPORTED; Reason: ptr->isSupported()
Warning: CUDNN_STATUS_NOT_SUPPORTED; Reason: finalize_internal()

{""engineId"":1,""smVersion"":1200,""knobChoices"":{""CUDNN_KNOB_TYPE_KERNEL_CFG"":-1,""CUDNN_KNOB_TYPE_TILE_CGA_M"":-1,""CUDNN_KNOB_TYPE_STREAM_K"":-1,""CUDNN_KNOB_TYPE_TILE_M"":-1,""CUDNN_KNOB_TYPE_TILE_N"":-1}}
Warning: CUDNN_STATUS_NOT_SUPPORTED_GRAPH_PATTERN; Reason: KERNEL_CFG knob must be set at: kcfg_idx < 0
Warning: CUDNN_STATUS_NOT_SUPPORTED_GRAPH_PATTERN; Reason: resolveSDPAKernelConfig(getPerfKnobs(), opSet, *this->getDeviceProp(), getEngineName(), kcfg, chosen_knob)
Warning: CUDNN_STATUS_NOT_SUPPORTED_GRAPH_PATTERN; Reason: process_knob_choices()
Warning: CUDNN_STATUS_NOT_SUPPORTED; Reason: (CUDNN_STATUS_NOT_INITIALIZED == status) || (CUDNN_STATUS_NOT_SUPPORTED == ((status) / 1000 * 1000))
Warning: CUDNN_STATUS_NOT_SUPPORTED; Reason: ptr->isSupported()
Warning: CUDNN_STATUS_NOT_SUPPORTED; Reason: finalize_internal()

{""engineId"":2,""smVersion"":1200,""knobChoices"":{""CUDNN_KNOB_TYPE_KERNEL_CFG"":-1,""CUDNN_KNOB_TYPE_TILE_CGA_M"":-1,""CUDNN_KNOB_TYPE_STREAM_K"":-1,""CUDNN_KNOB_TYPE_TILE_M"":-1,""CUDNN_KNOB_TYPE_TILE_N"":-1}}
Warning: CUDNN_STATUS_NOT_SUPPORTED_ARCH_MISMATCH; Reason: only Hopper is supported for this engine at: !(900 <= deviceVer && deviceVer < 1000)
Warning: CUDNN_STATUS_NOT_SUPPORTED; Reason: (CUDNN_STATUS_NOT_INITIALIZED == status) || (CUDNN_STATUS_NOT_SUPPORTED == ((status) / 1000 * 1000))
Warning: CUDNN_STATUS_NOT_SUPPORTED; Reason: ptr->isSupported()
Warning: CUDNN_STATUS_NOT_SUPPORTED; Reason: finalize_internal()

{""engineId"":3,""smVersion"":1200,""knobChoices"":{""CUDNN_KNOB_TYPE_KERNEL_CFG"":-1,""CUDNN_KNOB_TYPE_TILE_CGA_M"":-1,""CUDNN_KNOB_TYPE_STREAM_K"":-1,""CUDNN_KNOB_TYPE_TILE_M"":-1,""CUDNN_KNOB_TYPE_TILE_N"":-1}}
Warning: CUDNN_STATUS_NOT_SUPPORTED_ARCH_MISMATCH; Reason: only Blackwell is supported for this engine at: !(1000 <= deviceVer && deviceVer < 1200)
Warning: CUDNN_STATUS_NOT_SUPPORTED; Reason: (CUDNN_STATUS_NOT_INITIALIZED == status) || (CUDNN_STATUS_NOT_SUPPORTED == ((status) / 1000 * 1000))
Warning: CUDNN_STATUS_NOT_SUPPORTED; Reason: ptr->isSupported()
Warning: CUDNN_STATUS_NOT_SUPPORTED; Reason: finalize_internal()

{""engineId"":4,""smVersion"":1200,""knobChoices"":{""CUDNN_KNOB_TYPE_KERNEL_CFG"":-1,""CUDNN_KNOB_TYPE_TILE_CGA_M"":-1,""CUDNN_KNOB_TYPE_STREAM_K"":-1,""CUDNN_KNOB_TYPE_TILE_M"":-1,""CUDNN_KNOB_TYPE_TILE_N"":-1}}
Warning: CUDNN_STATUS_NOT_SUPPORTED_GRAPH_PATTERN; Reason: KERNEL_CFG knob must be set at: kcfg_idx < 0
Warning: CUDNN_STATUS_NOT_SUPPORTED_GRAPH_PATTERN; Reason: resolveSDPAKernelConfig(getPerfKnobs(), opSet, *this->getDeviceProp(), getEngineName(), kcfg, chosen_knob)
Warning: CUDNN_STATUS_NOT_SUPPORTED_GRAPH_PATTERN; Reason: process_knob_choices()
Warning: CUDNN_STATUS_NOT_SUPPORTED; Reason: (CUDNN_STATUS_NOT_INITIALIZED == status) || (CUDNN_STATUS_NOT_SUPPORTED == ((status) / 1000 * 1000))
Warning: CUDNN_STATUS_NOT_SUPPORTED; Reason: ptr->isSupported()
Warning: CUDNN_STATUS_NOT_SUPPORTED; Reason: finalize_internal()

{""engineId"":5,""smVersion"":1200,""knobChoices"":{""CUDNN_KNOB_TYPE_STAGES"":-1,""CUDNN_KNOB_TYPE_KERNEL_CFG"":-1,""CUDNN_KNOB_TYPE_TILE_CGA_M"":-1,""CUDNN_KNOB_TYPE_STREAM_K"":-1,""CUDNN_KNOB_TYPE_TILE_M"":-1,""CUDNN_KNOB_TYPE_TILE_N"":-1}}
Warning: CUDNN_STATUS_NOT_SUPPORTED_ARCH_MISMATCH; Reason: only Blackwell is supported for this engine at: !(1000 <= deviceVer && deviceVer < 1200)
Warning: CUDNN_STATUS_NOT_SUPPORTED; Reason: (CUDNN_STATUS_NOT_INITIALIZED == status) || (CUDNN_STATUS_NOT_SUPPORTED == ((status) / 1000 * 1000))
Warning: CUDNN_STATUS_NOT_SUPPORTED; Reason: ptr->isSupported()
Warning: CUDNN_STATUS_NOT_SUPPORTED; Reason: finalize_internal()

{""engineId"":6,""smVersion"":1200,""knobChoices"":{""CUDNN_KNOB_TYPE_STAGES"":-1,""CUDNN_KNOB_TYPE_KERNEL_CFG"":-1,""CUDNN_KNOB_TYPE_TILE_CGA_M"":-1,""CUDNN_KNOB_TYPE_STREAM_K"":-1,""CUDNN_KNOB_TYPE_TILE_M"":-1,""CUDNN_KNOB_TYPE_TILE_N"":-1}}
Warning: CUDNN_STATUS_NOT_SUPPORTED_ARCH_MISMATCH; Reason: only Hopper is supported for this engine at: !(900 <= deviceVer && deviceVer < 1000)
Warning: CUDNN_STATUS_NOT_SUPPORTED; Reason: (CUDNN_STATUS_NOT_INITIALIZED == status) || (CUDNN_STATUS_NOT_SUPPORTED == ((status) / 1000 * 1000))
Warning: CUDNN_STATUS_NOT_SUPPORTED; Reason: ptr->isSupported()
Warning: CUDNN_STATUS_NOT_SUPPORTED; Reason: finalize_internal()

{""engineId"":7,""smVersion"":1200,""knobChoices"":{""CUDNN_KNOB_TYPE_STAGES"":-1,""CUDNN_KNOB_TYPE_KERNEL_CFG"":-1,""CUDNN_KNOB_TYPE_TILE_CGA_M"":-1,""CUDNN_KNOB_TYPE_STREAM_K"":-1,""CUDNN_KNOB_TYPE_TILE_M"":-1,""CUDNN_KNOB_TYPE_TILE_N"":-1}}
Warning: CUDNN_STATUS_NOT_SUPPORTED; Reason: The matmul should either be an entrance node or occur after the softmax and only allowed 2 at: true
Warning: CUDNN_STATUS_NOT_SUPPORTED; Reason: tag_mha_graph(graph, mha_mode, is_fp8)
Warning: CUDNN_STATUS_NOT_SUPPORTED; Reason: (CUDNN_STATUS_NOT_INITIALIZED == status) || (CUDNN_STATUS_NOT_SUPPORTED == ((status) / 1000 * 1000))
Warning: CUDNN_STATUS_NOT_SUPPORTED; Reason: ptr->isSupported()
Warning: CUDNN_STATUS_NOT_SUPPORTED; Reason: finalize_internal()

{""engineId"":20,""smVersion"":1200,""knobChoices"":{""CUDNN_KNOB_TYPE_STAGES"":-1,""CUDNN_KNOB_TYPE_KERNEL_CFG"":-1,""CUDNN_KNOB_TYPE_TILE_CGA_M"":-1,""CUDNN_KNOB_TYPE_STREAM_K"":-1,""CUDNN_KNOB_TYPE_TILE_M"":-1,""CUDNN_KNOB_TYPE_TILE_N"":-1}}
Warning: CUDNN_STATUS_NOT_SUPPORTED; Reason: The matmul should either be an entrance node or occur after the softmax and only allowed 2 at: true
Warning: CUDNN_STATUS_NOT_SUPPORTED; Reason: tag_mha_graph(graph, mha_mode, is_fp8)
Warning: CUDNN_STATUS_NOT_SUPPORTED; Reason: (CUDNN_STATUS_NOT_INITIALIZED == status) || (CUDNN_STATUS_NOT_SUPPORTED == ((status) / 1000 * 1000))
Warning: CUDNN_STATUS_NOT_SUPPORTED; Reason: ptr->isSupported()
Warning: CUDNN_STATUS_NOT_SUPPORTED; Reason: finalize_internal()

)

stdout: ",,,
kimi_k3,kimi_k3,cudnn,fp8,top_left,2,16384,16384,96,96,192,128,bwd,False,inf,0.000,0.000,10,,False,"Benchmark failed with return code 1.
stderr: Traceback (most recent call last):
  File ""/data/vagarwalla/rtx6000_bench/cudnn-frontend/benchmark/sdpa_benchmark_training/benchmark_single_sdpa.py"", line 749, in <module>
    graph_fwd.create_execution_plans([cudnn.heur_mode.A, cudnn.heur_mode.FALLBACK])
  File ""/data/vagarwalla/rtx6000_bench/venv/lib/python3.12/site-packages/cudnn/_pygraph.py"", line 882, in create_execution_plans
    raise cudnn_graph_not_supported(f""no engine — python or backend — proposed a plan for this graph{why}"")
cudnn._compiled_module.cudnnGraphNotSupportedError: no engine — python or backend — proposed a plan for this graph (the backend declined: No valid engine configs for ______________________
{""engineId"":0,""smVersion"":1200,""knobChoices"":{""CUDNN_KNOB_TYPE_KERNEL_CFG"":-1,""CUDNN_KNOB_TYPE_TILE_CGA_M"":-1,""CUDNN_KNOB_TYPE_STREAM_K"":-1,""CUDNN_KNOB_TYPE_TILE_M"":-1,""CUDNN_KNOB_TYPE_TILE_N"":-1}}
Warning: CUDNN_STATUS_NOT_SUPPORTED; Reason: The matmul should either be an entrance node or occur after the softmax and only allowed 2 at: true
Warning: CUDNN_STATUS_NOT_SUPPORTED; Reason: tag_mha_graph(graph, mha_mode, is_fp8)
Warning: CUDNN_STATUS_NOT_SUPPORTED; Reason: (CUDNN_STATUS_NOT_INITIALIZED == status) || (CUDNN_STATUS_NOT_SUPPORTED == ((status) / 1000 * 1000))
Warning: CUDNN_STATUS_NOT_SUPPORTED; Reason: ptr->isSupported()
Warning: CUDNN_STATUS_NOT_SUPPORTED; Reason: finalize_internal()

{""engineId"":1,""smVersion"":1200,""knobChoices"":{""CUDNN_KNOB_TYPE_KERNEL_CFG"":-1,""CUDNN_KNOB_TYPE_TILE_CGA_M"":-1,""CUDNN_KNOB_TYPE_STREAM_K"":-1,""CUDNN_KNOB_TYPE_TILE_M"":-1,""CUDNN_KNOB_TYPE_TILE_N"":-1}}
Warning: CUDNN_STATUS_NOT_SUPPORTED_GRAPH_PATTERN; Reason: KERNEL_CFG knob must be set at: kcfg_idx < 0
Warning: CUDNN_STATUS_NOT_SUPPORTED_GRAPH_PATTERN; Reason: resolveSDPAKernelConfig(getPerfKnobs(), opSet, *this->getDeviceProp(), getEngineName(), kcfg, chosen_knob)
Warning: CUDNN_STATUS_NOT_SUPPORTED_GRAPH_PATTERN; Reason: process_knob_choices()
Warning: CUDNN_STATUS_NOT_SUPPORTED; Reason: (CUDNN_STATUS_NOT_INITIALIZED == status) || (CUDNN_STATUS_NOT_SUPPORTED == ((status) / 1000 * 1000))
Warning: CUDNN_STATUS_NOT_SUPPORTED; Reason: ptr->isSupported()
Warning: CUDNN_STATUS_NOT_SUPPORTED; Reason: finalize_internal()

{""engineId"":2,""smVersion"":1200,""knobChoices"":{""CUDNN_KNOB_TYPE_KERNEL_CFG"":-1,""CUDNN_KNOB_TYPE_TILE_CGA_M"":-1,""CUDNN_KNOB_TYPE_STREAM_K"":-1,""CUDNN_KNOB_TYPE_TILE_M"":-1,""CUDNN_KNOB_TYPE_TILE_N"":-1}}
Warning: CUDNN_STATUS_NOT_SUPPORTED_ARCH_MISMATCH; Reason: only Hopper is supported for this engine at: !(900 <= deviceVer && deviceVer < 1000)
Warning: CUDNN_STATUS_NOT_SUPPORTED; Reason: (CUDNN_STATUS_NOT_INITIALIZED == status) || (CUDNN_STATUS_NOT_SUPPORTED == ((status) / 1000 * 1000))
Warning: CUDNN_STATUS_NOT_SUPPORTED; Reason: ptr->isSupported()
Warning: CUDNN_STATUS_NOT_SUPPORTED; Reason: finalize_internal()

{""engineId"":3,""smVersion"":1200,""knobChoices"":{""CUDNN_KNOB_TYPE_KERNEL_CFG"":-1,""CUDNN_KNOB_TYPE_TILE_CGA_M"":-1,""CUDNN_KNOB_TYPE_STREAM_K"":-1,""CUDNN_KNOB_TYPE_TILE_M"":-1,""CUDNN_KNOB_TYPE_TILE_N"":-1}}
Warning: CUDNN_STATUS_NOT_SUPPORTED_ARCH_MISMATCH; Reason: only Blackwell is supported for this engine at: !(1000 <= deviceVer && deviceVer < 1200)
Warning: CUDNN_STATUS_NOT_SUPPORTED; Reason: (CUDNN_STATUS_NOT_INITIALIZED == status) || (CUDNN_STATUS_NOT_SUPPORTED == ((status) / 1000 * 1000))
Warning: CUDNN_STATUS_NOT_SUPPORTED; Reason: ptr->isSupported()
Warning: CUDNN_STATUS_NOT_SUPPORTED; Reason: finalize_internal()

{""engineId"":4,""smVersion"":1200,""knobChoices"":{""CUDNN_KNOB_TYPE_KERNEL_CFG"":-1,""CUDNN_KNOB_TYPE_TILE_CGA_M"":-1,""CUDNN_KNOB_TYPE_STREAM_K"":-1,""CUDNN_KNOB_TYPE_TILE_M"":-1,""CUDNN_KNOB_TYPE_TILE_N"":-1}}
Warning: CUDNN_STATUS_NOT_SUPPORTED_GRAPH_PATTERN; Reason: KERNEL_CFG knob must be set at: kcfg_idx < 0
Warning: CUDNN_STATUS_NOT_SUPPORTED_GRAPH_PATTERN; Reason: resolveSDPAKernelConfig(getPerfKnobs(), opSet, *this->getDeviceProp(), getEngineName(), kcfg, chosen_knob)
Warning: CUDNN_STATUS_NOT_SUPPORTED_GRAPH_PATTERN; Reason: process_knob_choices()
Warning: CUDNN_STATUS_NOT_SUPPORTED; Reason: (CUDNN_STATUS_NOT_INITIALIZED == status) || (CUDNN_STATUS_NOT_SUPPORTED == ((status) / 1000 * 1000))
Warning: CUDNN_STATUS_NOT_SUPPORTED; Reason: ptr->isSupported()
Warning: CUDNN_STATUS_NOT_SUPPORTED; Reason: finalize_internal()

{""engineId"":5,""smVersion"":1200,""knobChoices"":{""CUDNN_KNOB_TYPE_STAGES"":-1,""CUDNN_KNOB_TYPE_KERNEL_CFG"":-1,""CUDNN_KNOB_TYPE_TILE_CGA_M"":-1,""CUDNN_KNOB_TYPE_STREAM_K"":-1,""CUDNN_KNOB_TYPE_TILE_M"":-1,""CUDNN_KNOB_TYPE_TILE_N"":-1}}
Warning: CUDNN_STATUS_NOT_SUPPORTED_ARCH_MISMATCH; Reason: only Blackwell is supported for this engine at: !(1000 <= deviceVer && deviceVer < 1200)
Warning: CUDNN_STATUS_NOT_SUPPORTED; Reason: (CUDNN_STATUS_NOT_INITIALIZED == status) || (CUDNN_STATUS_NOT_SUPPORTED == ((status) / 1000 * 1000))
Warning: CUDNN_STATUS_NOT_SUPPORTED; Reason: ptr->isSupported()
Warning: CUDNN_STATUS_NOT_SUPPORTED; Reason: finalize_internal()

{""engineId"":6,""smVersion"":1200,""knobChoices"":{""CUDNN_KNOB_TYPE_STAGES"":-1,""CUDNN_KNOB_TYPE_KERNEL_CFG"":-1,""CUDNN_KNOB_TYPE_TILE_CGA_M"":-1,""CUDNN_KNOB_TYPE_STREAM_K"":-1,""CUDNN_KNOB_TYPE_TILE_M"":-1,""CUDNN_KNOB_TYPE_TILE_N"":-1}}
Warning: CUDNN_STATUS_NOT_SUPPORTED_ARCH_MISMATCH; Reason: only Hopper is supported for this engine at: !(900 <= deviceVer && deviceVer < 1000)
Warning: CUDNN_STATUS_NOT_SUPPORTED; Reason: (CUDNN_STATUS_NOT_INITIALIZED == status) || (CUDNN_STATUS_NOT_SUPPORTED == ((status) / 1000 * 1000))
Warning: CUDNN_STATUS_NOT_SUPPORTED; Reason: ptr->isSupported()
Warning: CUDNN_STATUS_NOT_SUPPORTED; Reason: finalize_internal()

{""engineId"":7,""smVersion"":1200,""knobChoices"":{""CUDNN_KNOB_TYPE_STAGES"":-1,""CUDNN_KNOB_TYPE_KERNEL_CFG"":-1,""CUDNN_KNOB_TYPE_TILE_CGA_M"":-1,""CUDNN_KNOB_TYPE_STREAM_K"":-1,""CUDNN_KNOB_TYPE_TILE_M"":-1,""CUDNN_KNOB_TYPE_TILE_N"":-1}}
Warning: CUDNN_STATUS_NOT_SUPPORTED; Reason: The matmul should either be an entrance node or occur after the softmax and only allowed 2 at: true
Warning: CUDNN_STATUS_NOT_SUPPORTED; Reason: tag_mha_graph(graph, mha_mode, is_fp8)
Warning: CUDNN_STATUS_NOT_SUPPORTED; Reason: (CUDNN_STATUS_NOT_INITIALIZED == status) || (CUDNN_STATUS_NOT_SUPPORTED == ((status) / 1000 * 1000))
Warning: CUDNN_STATUS_NOT_SUPPORTED; Reason: ptr->isSupported()
Warning: CUDNN_STATUS_NOT_SUPPORTED; Reason: finalize_internal()

{""engineId"":20,""smVersion"":1200,""knobChoices"":{""CUDNN_KNOB_TYPE_STAGES"":-1,""CUDNN_KNOB_TYPE_KERNEL_CFG"":-1,""CUDNN_KNOB_TYPE_TILE_CGA_M"":-1,""CUDNN_KNOB_TYPE_STREAM_K"":-1,""CUDNN_KNOB_TYPE_TILE_M"":-1,""CUDNN_KNOB_TYPE_TILE_N"":-1}}
Warning: CUDNN_STATUS_NOT_SUPPORTED; Reason: The matmul should either be an entrance node or occur after the softmax and only allowed 2 at: true
Warning: CUDNN_STATUS_NOT_SUPPORTED; Reason: tag_mha_graph(graph, mha_mode, is_fp8)
Warning: CUDNN_STATUS_NOT_SUPPORTED; Reason: (CUDNN_STATUS_NOT_INITIALIZED == status) || (CUDNN_STATUS_NOT_SUPPORTED == ((status) / 1000 * 1000))
Warning: CUDNN_STATUS_NOT_SUPPORTED; Reason: ptr->isSupported()
Warning: CUDNN_STATUS_NOT_SUPPORTED; Reason: finalize_internal()

)

stdout: ",,,
kimi_k3,kimi_k3,cudnn,fp8,top_left,2,16384,16384,96,96,192,128,bwd,True,inf,0.000,0.000,10,,False,"Benchmark failed with return code 1.
stderr: Traceback (most recent call last):
  File ""/data/vagarwalla/rtx6000_bench/cudnn-frontend/benchmark/sdpa_benchmark_training/benchmark_single_sdpa.py"", line 749, in <module>
    graph_fwd.create_execution_plans([cudnn.heur_mode.A, cudnn.heur_mode.FALLBACK])
  File ""/data/vagarwalla/rtx6000_bench/venv/lib/python3.12/site-packages/cudnn/_pygraph.py"", line 882, in create_execution_plans
    raise cudnn_graph_not_supported(f""no engine — python or backend — proposed a plan for this graph{why}"")
cudnn._compiled_module.cudnnGraphNotSupportedError: no engine — python or backend — proposed a plan for this graph (the backend declined: No valid engine configs for ______________________
{""engineId"":0,""smVersion"":1200,""knobChoices"":{""CUDNN_KNOB_TYPE_KERNEL_CFG"":-1,""CUDNN_KNOB_TYPE_TILE_CGA_M"":-1,""CUDNN_KNOB_TYPE_STREAM_K"":-1,""CUDNN_KNOB_TYPE_TILE_M"":-1,""CUDNN_KNOB_TYPE_TILE_N"":-1}}
Warning: CUDNN_STATUS_NOT_SUPPORTED; Reason: The matmul should either be an entrance node or occur after the softmax and only allowed 2 at: true
Warning: CUDNN_STATUS_NOT_SUPPORTED; Reason: tag_mha_graph(graph, mha_mode, is_fp8)
Warning: CUDNN_STATUS_NOT_SUPPORTED; Reason: (CUDNN_STATUS_NOT_INITIALIZED == status) || (CUDNN_STATUS_NOT_SUPPORTED == ((status) / 1000 * 1000))
Warning: CUDNN_STATUS_NOT_SUPPORTED; Reason: ptr->isSupported()
Warning: CUDNN_STATUS_NOT_SUPPORTED; Reason: finalize_internal()

{""engineId"":1,""smVersion"":1200,""knobChoices"":{""CUDNN_KNOB_TYPE_KERNEL_CFG"":-1,""CUDNN_KNOB_TYPE_TILE_CGA_M"":-1,""CUDNN_KNOB_TYPE_STREAM_K"":-1,""CUDNN_KNOB_TYPE_TILE_M"":-1,""CUDNN_KNOB_TYPE_TILE_N"":-1}}
Warning: CUDNN_STATUS_NOT_SUPPORTED_GRAPH_PATTERN; Reason: KERNEL_CFG knob must be set at: kcfg_idx < 0
Warning: CUDNN_STATUS_NOT_SUPPORTED_GRAPH_PATTERN; Reason: resolveSDPAKernelConfig(getPerfKnobs(), opSet, *this->getDeviceProp(), getEngineName(), kcfg, chosen_knob)
Warning: CUDNN_STATUS_NOT_SUPPORTED_GRAPH_PATTERN; Reason: process_knob_choices()
Warning: CUDNN_STATUS_NOT_SUPPORTED; Reason: (CUDNN_STATUS_NOT_INITIALIZED == status) || (CUDNN_STATUS_NOT_SUPPORTED == ((status) / 1000 * 1000))
Warning: CUDNN_STATUS_NOT_SUPPORTED; Reason: ptr->isSupported()
Warning: CUDNN_STATUS_NOT_SUPPORTED; Reason: finalize_internal()

{""engineId"":2,""smVersion"":1200,""knobChoices"":{""CUDNN_KNOB_TYPE_KERNEL_CFG"":-1,""CUDNN_KNOB_TYPE_TILE_CGA_M"":-1,""CUDNN_KNOB_TYPE_STREAM_K"":-1,""CUDNN_KNOB_TYPE_TILE_M"":-1,""CUDNN_KNOB_TYPE_TILE_N"":-1}}
Warning: CUDNN_STATUS_NOT_SUPPORTED_ARCH_MISMATCH; Reason: only Hopper is supported for this engine at: !(900 <= deviceVer && deviceVer < 1000)
Warning: CUDNN_STATUS_NOT_SUPPORTED; Reason: (CUDNN_STATUS_NOT_INITIALIZED == status) || (CUDNN_STATUS_NOT_SUPPORTED == ((status) / 1000 * 1000))
Warning: CUDNN_STATUS_NOT_SUPPORTED; Reason: ptr->isSupported()
Warning: CUDNN_STATUS_NOT_SUPPORTED; Reason: finalize_internal()

{""engineId"":3,""smVersion"":1200,""knobChoices"":{""CUDNN_KNOB_TYPE_KERNEL_CFG"":-1,""CUDNN_KNOB_TYPE_TILE_CGA_M"":-1,""CUDNN_KNOB_TYPE_STREAM_K"":-1,""CUDNN_KNOB_TYPE_TILE_M"":-1,""CUDNN_KNOB_TYPE_TILE_N"":-1}}
Warning: CUDNN_STATUS_NOT_SUPPORTED_ARCH_MISMATCH; Reason: only Blackwell is supported for this engine at: !(1000 <= deviceVer && deviceVer < 1200)
Warning: CUDNN_STATUS_NOT_SUPPORTED; Reason: (CUDNN_STATUS_NOT_INITIALIZED == status) || (CUDNN_STATUS_NOT_SUPPORTED == ((status) / 1000 * 1000))
Warning: CUDNN_STATUS_NOT_SUPPORTED; Reason: ptr->isSupported()
Warning: CUDNN_STATUS_NOT_SUPPORTED; Reason: finalize_internal()

{""engineId"":4,""smVersion"":1200,""knobChoices"":{""CUDNN_KNOB_TYPE_KERNEL_CFG"":-1,""CUDNN_KNOB_TYPE_TILE_CGA_M"":-1,""CUDNN_KNOB_TYPE_STREAM_K"":-1,""CUDNN_KNOB_TYPE_TILE_M"":-1,""CUDNN_KNOB_TYPE_TILE_N"":-1}}
Warning: CUDNN_STATUS_NOT_SUPPORTED_GRAPH_PATTERN; Reason: KERNEL_CFG knob must be set at: kcfg_idx < 0
Warning: CUDNN_STATUS_NOT_SUPPORTED_GRAPH_PATTERN; Reason: resolveSDPAKernelConfig(getPerfKnobs(), opSet, *this->getDeviceProp(), getEngineName(), kcfg, chosen_knob)
Warning: CUDNN_STATUS_NOT_SUPPORTED_GRAPH_PATTERN; Reason: process_knob_choices()
Warning: CUDNN_STATUS_NOT_SUPPORTED; Reason: (CUDNN_STATUS_NOT_INITIALIZED == status) || (CUDNN_STATUS_NOT_SUPPORTED == ((status) / 1000 * 1000))
Warning: CUDNN_STATUS_NOT_SUPPORTED; Reason: ptr->isSupported()
Warning: CUDNN_STATUS_NOT_SUPPORTED; Reason: finalize_internal()

{""engineId"":5,""smVersion"":1200,""knobChoices"":{""CUDNN_KNOB_TYPE_STAGES"":-1,""CUDNN_KNOB_TYPE_KERNEL_CFG"":-1,""CUDNN_KNOB_TYPE_TILE_CGA_M"":-1,""CUDNN_KNOB_TYPE_STREAM_K"":-1,""CUDNN_KNOB_TYPE_TILE_M"":-1,""CUDNN_KNOB_TYPE_TILE_N"":-1}}
Warning: CUDNN_STATUS_NOT_SUPPORTED_ARCH_MISMATCH; Reason: only Blackwell is supported for this engine at: !(1000 <= deviceVer && deviceVer < 1200)
Warning: CUDNN_STATUS_NOT_SUPPORTED; Reason: (CUDNN_STATUS_NOT_INITIALIZED == status) || (CUDNN_STATUS_NOT_SUPPORTED == ((status) / 1000 * 1000))
Warning: CUDNN_STATUS_NOT_SUPPORTED; Reason: ptr->isSupported()
Warning: CUDNN_STATUS_NOT_SUPPORTED; Reason: finalize_internal()

{""engineId"":6,""smVersion"":1200,""knobChoices"":{""CUDNN_KNOB_TYPE_STAGES"":-1,""CUDNN_KNOB_TYPE_KERNEL_CFG"":-1,""CUDNN_KNOB_TYPE_TILE_CGA_M"":-1,""CUDNN_KNOB_TYPE_STREAM_K"":-1,""CUDNN_KNOB_TYPE_TILE_M"":-1,""CUDNN_KNOB_TYPE_TILE_N"":-1}}
Warning: CUDNN_STATUS_NOT_SUPPORTED_ARCH_MISMATCH; Reason: only Hopper is supported for this engine at: !(900 <= deviceVer && deviceVer < 1000)
Warning: CUDNN_STATUS_NOT_SUPPORTED; Reason: (CUDNN_STATUS_NOT_INITIALIZED == status) || (CUDNN_STATUS_NOT_SUPPORTED == ((status) / 1000 * 1000))
Warning: CUDNN_STATUS_NOT_SUPPORTED; Reason: ptr->isSupported()
Warning: CUDNN_STATUS_NOT_SUPPORTED; Reason: finalize_internal()

{""engineId"":7,""smVersion"":1200,""knobChoices"":{""CUDNN_KNOB_TYPE_STAGES"":-1,""CUDNN_KNOB_TYPE_KERNEL_CFG"":-1,""CUDNN_KNOB_TYPE_TILE_CGA_M"":-1,""CUDNN_KNOB_TYPE_STREAM_K"":-1,""CUDNN_KNOB_TYPE_TILE_M"":-1,""CUDNN_KNOB_TYPE_TILE_N"":-1}}
Warning: CUDNN_STATUS_NOT_SUPPORTED; Reason: The matmul should either be an entrance node or occur after the softmax and only allowed 2 at: true
Warning: CUDNN_STATUS_NOT_SUPPORTED; Reason: tag_mha_graph(graph, mha_mode, is_fp8)
Warning: CUDNN_STATUS_NOT_SUPPORTED; Reason: (CUDNN_STATUS_NOT_INITIALIZED == status) || (CUDNN_STATUS_NOT_SUPPORTED == ((status) / 1000 * 1000))
Warning: CUDNN_STATUS_NOT_SUPPORTED; Reason: ptr->isSupported()
Warning: CUDNN_STATUS_NOT_SUPPORTED; Reason: finalize_internal()

{""engineId"":20,""smVersion"":1200,""knobChoices"":{""CUDNN_KNOB_TYPE_STAGES"":-1,""CUDNN_KNOB_TYPE_KERNEL_CFG"":-1,""CUDNN_KNOB_TYPE_TILE_CGA_M"":-1,""CUDNN_KNOB_TYPE_STREAM_K"":-1,""CUDNN_KNOB_TYPE_TILE_M"":-1,""CUDNN_KNOB_TYPE_TILE_N"":-1}}
Warning: CUDNN_STATUS_NOT_SUPPORTED; Reason: The matmul should either be an entrance node or occur after the softmax and only allowed 2 at: true
Warning: CUDNN_STATUS_NOT_SUPPORTED; Reason: tag_mha_graph(graph, mha_mode, is_fp8)
Warning: CUDNN_STATUS_NOT_SUPPORTED; Reason: (CUDNN_STATUS_NOT_INITIALIZED == status) || (CUDNN_STATUS_NOT_SUPPORTED == ((status) / 1000 * 1000))
Warning: CUDNN_STATUS_NOT_SUPPORTED; Reason: ptr->isSupported()
Warning: CUDNN_STATUS_NOT_SUPPORTED; Reason: finalize_internal()

)

stdout: ",,,
kimi_k3,kimi_k3,cudnn,fp8,no_mask,2,16384,16384,96,96,192,128,fwd,False,inf,0.000,0.000,10,,False,"Benchmark failed with return code 1.
stderr: Traceback (most recent call last):
  File ""/data/vagarwalla/rtx6000_bench/cudnn-frontend/benchmark/sdpa_benchmark_training/benchmark_single_sdpa.py"", line 749, in <module>
    graph_fwd.create_execution_plans([cudnn.heur_mode.A, cudnn.heur_mode.FALLBACK])
  File ""/data/vagarwalla/rtx6000_bench/venv/lib/python3.12/site-packages/cudnn/_pygraph.py"", line 882, in create_execution_plans
    raise cudnn_graph_not_supported(f""no engine — python or backend — proposed a plan for this graph{why}"")
cudnn._compiled_module.cudnnGraphNotSupportedError: no engine — python or backend — proposed a plan for this graph (the backend declined: No valid engine configs for __________________
{""engineId"":0,""smVersion"":1200,""knobChoices"":{""CUDNN_KNOB_TYPE_KERNEL_CFG"":-1,""CUDNN_KNOB_TYPE_TILE_CGA_M"":-1,""CUDNN_KNOB_TYPE_STREAM_K"":-1,""CUDNN_KNOB_TYPE_TILE_M"":-1,""CUDNN_KNOB_TYPE_TILE_N"":-1}}
Warning: CUDNN_STATUS_NOT_SUPPORTED; Reason: The matmul should either be an entrance node or occur after the softmax and only allowed 2 at: true
Warning: CUDNN_STATUS_NOT_SUPPORTED; Reason: tag_mha_graph(graph, mha_mode, is_fp8)
Warning: CUDNN_STATUS_NOT_SUPPORTED; Reason: (CUDNN_STATUS_NOT_INITIALIZED == status) || (CUDNN_STATUS_NOT_SUPPORTED == ((status) / 1000 * 1000))
Warning: CUDNN_STATUS_NOT_SUPPORTED; Reason: ptr->isSupported()
Warning: CUDNN_STATUS_NOT_SUPPORTED; Reason: finalize_internal()

{""engineId"":1,""smVersion"":1200,""knobChoices"":{""CUDNN_KNOB_TYPE_KERNEL_CFG"":-1,""CUDNN_KNOB_TYPE_TILE_CGA_M"":-1,""CUDNN_KNOB_TYPE_STREAM_K"":-1,""CUDNN_KNOB_TYPE_TILE_M"":-1,""CUDNN_KNOB_TYPE_TILE_N"":-1}}
Warning: CUDNN_STATUS_NOT_SUPPORTED_GRAPH_PATTERN; Reason: KERNEL_CFG knob must be set at: kcfg_idx < 0
Warning: CUDNN_STATUS_NOT_SUPPORTED_GRAPH_PATTERN; Reason: resolveSDPAKernelConfig(getPerfKnobs(), opSet, *this->getDeviceProp(), getEngineName(), kcfg, chosen_knob)
Warning: CUDNN_STATUS_NOT_SUPPORTED_GRAPH_PATTERN; Reason: process_knob_choices()
Warning: CUDNN_STATUS_NOT_SUPPORTED; Reason: (CUDNN_STATUS_NOT_INITIALIZED == status) || (CUDNN_STATUS_NOT_SUPPORTED == ((status) / 1000 * 1000))
Warning: CUDNN_STATUS_NOT_SUPPORTED; Reason: ptr->isSupported()
Warning: CUDNN_STATUS_NOT_SUPPORTED; Reason: finalize_internal()

{""engineId"":2,""smVersion"":1200,""knobChoices"":{""CUDNN_KNOB_TYPE_KERNEL_CFG"":-1,""CUDNN_KNOB_TYPE_TILE_CGA_M"":-1,""CUDNN_KNOB_TYPE_STREAM_K"":-1,""CUDNN_KNOB_TYPE_TILE_M"":-1,""CUDNN_KNOB_TYPE_TILE_N"":-1}}
Warning: CUDNN_STATUS_NOT_SUPPORTED_ARCH_MISMATCH; Reason: only Hopper is supported for this engine at: !(900 <= deviceVer && deviceVer < 1000)
Warning: CUDNN_STATUS_NOT_SUPPORTED; Reason: (CUDNN_STATUS_NOT_INITIALIZED == status) || (CUDNN_STATUS_NOT_SUPPORTED == ((status) / 1000 * 1000))
Warning: CUDNN_STATUS_NOT_SUPPORTED; Reason: ptr->isSupported()
Warning: CUDNN_STATUS_NOT_SUPPORTED; Reason: finalize_internal()

{""engineId"":3,""smVersion"":1200,""knobChoices"":{""CUDNN_KNOB_TYPE_KERNEL_CFG"":-1,""CUDNN_KNOB_TYPE_TILE_CGA_M"":-1,""CUDNN_KNOB_TYPE_STREAM_K"":-1,""CUDNN_KNOB_TYPE_TILE_M"":-1,""CUDNN_KNOB_TYPE_TILE_N"":-1}}
Warning: CUDNN_STATUS_NOT_SUPPORTED_ARCH_MISMATCH; Reason: only Blackwell is supported for this engine at: !(1000 <= deviceVer && deviceVer < 1200)
Warning: CUDNN_STATUS_NOT_SUPPORTED; Reason: (CUDNN_STATUS_NOT_INITIALIZED == status) || (CUDNN_STATUS_NOT_SUPPORTED == ((status) / 1000 * 1000))
Warning: CUDNN_STATUS_NOT_SUPPORTED; Reason: ptr->isSupported()
Warning: CUDNN_STATUS_NOT_SUPPORTED; Reason: finalize_internal()

{""engineId"":4,""smVersion"":1200,""knobChoices"":{""CUDNN_KNOB_TYPE_KERNEL_CFG"":-1,""CUDNN_KNOB_TYPE_TILE_CGA_M"":-1,""CUDNN_KNOB_TYPE_STREAM_K"":-1,""CUDNN_KNOB_TYPE_TILE_M"":-1,""CUDNN_KNOB_TYPE_TILE_N"":-1}}
Warning: CUDNN_STATUS_NOT_SUPPORTED_GRAPH_PATTERN; Reason: KERNEL_CFG knob must be set at: kcfg_idx < 0
Warning: CUDNN_STATUS_NOT_SUPPORTED_GRAPH_PATTERN; Reason: resolveSDPAKernelConfig(getPerfKnobs(), opSet, *this->getDeviceProp(), getEngineName(), kcfg, chosen_knob)
Warning: CUDNN_STATUS_NOT_SUPPORTED_GRAPH_PATTERN; Reason: process_knob_choices()
Warning: CUDNN_STATUS_NOT_SUPPORTED; Reason: (CUDNN_STATUS_NOT_INITIALIZED == status) || (CUDNN_STATUS_NOT_SUPPORTED == ((status) / 1000 * 1000))
Warning: CUDNN_STATUS_NOT_SUPPORTED; Reason: ptr->isSupported()
Warning: CUDNN_STATUS_NOT_SUPPORTED; Reason: finalize_internal()

{""engineId"":5,""smVersion"":1200,""knobChoices"":{""CUDNN_KNOB_TYPE_STAGES"":-1,""CUDNN_KNOB_TYPE_KERNEL_CFG"":-1,""CUDNN_KNOB_TYPE_TILE_CGA_M"":-1,""CUDNN_KNOB_TYPE_STREAM_K"":-1,""CUDNN_KNOB_TYPE_TILE_M"":-1,""CUDNN_KNOB_TYPE_TILE_N"":-1}}
Warning: CUDNN_STATUS_NOT_SUPPORTED_ARCH_MISMATCH; Reason: only Blackwell is supported for this engine at: !(1000 <= deviceVer && deviceVer < 1200)
Warning: CUDNN_STATUS_NOT_SUPPORTED; Reason: (CUDNN_STATUS_NOT_INITIALIZED == status) || (CUDNN_STATUS_NOT_SUPPORTED == ((status) / 1000 * 1000))
Warning: CUDNN_STATUS_NOT_SUPPORTED; Reason: ptr->isSupported()
Warning: CUDNN_STATUS_NOT_SUPPORTED; Reason: finalize_internal()

{""engineId"":6,""smVersion"":1200,""knobChoices"":{""CUDNN_KNOB_TYPE_STAGES"":-1,""CUDNN_KNOB_TYPE_KERNEL_CFG"":-1,""CUDNN_KNOB_TYPE_TILE_CGA_M"":-1,""CUDNN_KNOB_TYPE_STREAM_K"":-1,""CUDNN_KNOB_TYPE_TILE_M"":-1,""CUDNN_KNOB_TYPE_TILE_N"":-1}}
Warning: CUDNN_STATUS_NOT_SUPPORTED_ARCH_MISMATCH; Reason: only Hopper is supported for this engine at: !(900 <= deviceVer && deviceVer < 1000)
Warning: CUDNN_STATUS_NOT_SUPPORTED; Reason: (CUDNN_STATUS_NOT_INITIALIZED == status) || (CUDNN_STATUS_NOT_SUPPORTED == ((status) / 1000 * 1000))
Warning: CUDNN_STATUS_NOT_SUPPORTED; Reason: ptr->isSupported()
Warning: CUDNN_STATUS_NOT_SUPPORTED; Reason: finalize_internal()

{""engineId"":7,""smVersion"":1200,""knobChoices"":{""CUDNN_KNOB_TYPE_STAGES"":-1,""CUDNN_KNOB_TYPE_KERNEL_CFG"":-1,""CUDNN_KNOB_TYPE_TILE_CGA_M"":-1,""CUDNN_KNOB_TYPE_STREAM_K"":-1,""CUDNN_KNOB_TYPE_TILE_M"":-1,""CUDNN_KNOB_TYPE_TILE_N"":-1}}
Warning: CUDNN_STATUS_NOT_SUPPORTED; Reason: The matmul should either be an entrance node or occur after the softmax and only allowed 2 at: true
Warning: CUDNN_STATUS_NOT_SUPPORTED; Reason: tag_mha_graph(graph, mha_mode, is_fp8)
Warning: CUDNN_STATUS_NOT_SUPPORTED; Reason: (CUDNN_STATUS_NOT_INITIALIZED == status) || (CUDNN_STATUS_NOT_SUPPORTED == ((status) / 1000 * 1000))
Warning: CUDNN_STATUS_NOT_SUPPORTED; Reason: ptr->isSupported()
Warning: CUDNN_STATUS_NOT_SUPPORTED; Reason: finalize_internal()

{""engineId"":20,""smVersion"":1200,""knobChoices"":{""CUDNN_KNOB_TYPE_STAGES"":-1,""CUDNN_KNOB_TYPE_KERNEL_CFG"":-1,""CUDNN_KNOB_TYPE_TILE_CGA_M"":-1,""CUDNN_KNOB_TYPE_STREAM_K"":-1,""CUDNN_KNOB_TYPE_TILE_M"":-1,""CUDNN_KNOB_TYPE_TILE_N"":-1}}
Warning: CUDNN_STATUS_NOT_SUPPORTED; Reason: The matmul should either be an entrance node or occur after the softmax and only allowed 2 at: true
Warning: CUDNN_STATUS_NOT_SUPPORTED; Reason: tag_mha_graph(graph, mha_mode, is_fp8)
Warning: CUDNN_STATUS_NOT_SUPPORTED; Reason: (CUDNN_STATUS_NOT_INITIALIZED == status) || (CUDNN_STATUS_NOT_SUPPORTED == ((status) / 1000 * 1000))
Warning: CUDNN_STATUS_NOT_SUPPORTED; Reason: ptr->isSupported()
Warning: CUDNN_STATUS_NOT_SUPPORTED; Reason: finalize_internal()

)

stdout: ",,,
kimi_k3,kimi_k3,cudnn,fp8,no_mask,2,16384,16384,96,96,192,128,bwd,False,inf,0.000,0.000,10,,False,"Benchmark failed with return code 1.
stderr: Traceback (most recent call last):
  File ""/data/vagarwalla/rtx6000_bench/cudnn-frontend/benchmark/sdpa_benchmark_training/benchmark_single_sdpa.py"", line 749, in <module>
    graph_fwd.create_execution_plans([cudnn.heur_mode.A, cudnn.heur_mode.FALLBACK])
  File ""/data/vagarwalla/rtx6000_bench/venv/lib/python3.12/site-packages/cudnn/_pygraph.py"", line 882, in create_execution_plans
    raise cudnn_graph_not_supported(f""no engine — python or backend — proposed a plan for this graph{why}"")
cudnn._compiled_module.cudnnGraphNotSupportedError: no engine — python or backend — proposed a plan for this graph (the backend declined: No valid engine configs for __________________
{""engineId"":0,""smVersion"":1200,""knobChoices"":{""CUDNN_KNOB_TYPE_KERNEL_CFG"":-1,""CUDNN_KNOB_TYPE_TILE_CGA_M"":-1,""CUDNN_KNOB_TYPE_STREAM_K"":-1,""CUDNN_KNOB_TYPE_TILE_M"":-1,""CUDNN_KNOB_TYPE_TILE_N"":-1}}
Warning: CUDNN_STATUS_NOT_SUPPORTED; Reason: The matmul should either be an entrance node or occur after the softmax and only allowed 2 at: true
Warning: CUDNN_STATUS_NOT_SUPPORTED; Reason: tag_mha_graph(graph, mha_mode, is_fp8)
Warning: CUDNN_STATUS_NOT_SUPPORTED; Reason: (CUDNN_STATUS_NOT_INITIALIZED == status) || (CUDNN_STATUS_NOT_SUPPORTED == ((status) / 1000 * 1000))
Warning: CUDNN_STATUS_NOT_SUPPORTED; Reason: ptr->isSupported()
Warning: CUDNN_STATUS_NOT_SUPPORTED; Reason: finalize_internal()

{""engineId"":1,""smVersion"":1200,""knobChoices"":{""CUDNN_KNOB_TYPE_KERNEL_CFG"":-1,""CUDNN_KNOB_TYPE_TILE_CGA_M"":-1,""CUDNN_KNOB_TYPE_STREAM_K"":-1,""CUDNN_KNOB_TYPE_TILE_M"":-1,""CUDNN_KNOB_TYPE_TILE_N"":-1}}
Warning: CUDNN_STATUS_NOT_SUPPORTED_GRAPH_PATTERN; Reason: KERNEL_CFG knob must be set at: kcfg_idx < 0
Warning: CUDNN_STATUS_NOT_SUPPORTED_GRAPH_PATTERN; Reason: resolveSDPAKernelConfig(getPerfKnobs(), opSet, *this->getDeviceProp(), getEngineName(), kcfg, chosen_knob)
Warning: CUDNN_STATUS_NOT_SUPPORTED_GRAPH_PATTERN; Reason: process_knob_choices()
Warning: CUDNN_STATUS_NOT_SUPPORTED; Reason: (CUDNN_STATUS_NOT_INITIALIZED == status) || (CUDNN_STATUS_NOT_SUPPORTED == ((status) / 1000 * 1000))
Warning: CUDNN_STATUS_NOT_SUPPORTED; Reason: ptr->isSupported()
Warning: CUDNN_STATUS_NOT_SUPPORTED; Reason: finalize_internal()

{""engineId"":2,""smVersion"":1200,""knobChoices"":{""CUDNN_KNOB_TYPE_KERNEL_CFG"":-1,""CUDNN_KNOB_TYPE_TILE_CGA_M"":-1,""CUDNN_KNOB_TYPE_STREAM_K"":-1,""CUDNN_KNOB_TYPE_TILE_M"":-1,""CUDNN_KNOB_TYPE_TILE_N"":-1}}
Warning: CUDNN_STATUS_NOT_SUPPORTED_ARCH_MISMATCH; Reason: only Hopper is supported for this engine at: !(900 <= deviceVer && deviceVer < 1000)
Warning: CUDNN_STATUS_NOT_SUPPORTED; Reason: (CUDNN_STATUS_NOT_INITIALIZED == status) || (CUDNN_STATUS_NOT_SUPPORTED == ((status) / 1000 * 1000))
Warning: CUDNN_STATUS_NOT_SUPPORTED; Reason: ptr->isSupported()
Warning: CUDNN_STATUS_NOT_SUPPORTED; Reason: finalize_internal()

{""engineId"":3,""smVersion"":1200,""knobChoices"":{""CUDNN_KNOB_TYPE_KERNEL_CFG"":-1,""CUDNN_KNOB_TYPE_TILE_CGA_M"":-1,""CUDNN_KNOB_TYPE_STREAM_K"":-1,""CUDNN_KNOB_TYPE_TILE_M"":-1,""CUDNN_KNOB_TYPE_TILE_N"":-1}}
Warning: CUDNN_STATUS_NOT_SUPPORTED_ARCH_MISMATCH; Reason: only Blackwell is supported for this engine at: !(1000 <= deviceVer && deviceVer < 1200)
Warning: CUDNN_STATUS_NOT_SUPPORTED; Reason: (CUDNN_STATUS_NOT_INITIALIZED == status) || (CUDNN_STATUS_NOT_SUPPORTED == ((status) / 1000 * 1000))
Warning: CUDNN_STATUS_NOT_SUPPORTED; Reason: ptr->isSupported()
Warning: CUDNN_STATUS_NOT_SUPPORTED; Reason: finalize_internal()

{""engineId"":4,""smVersion"":1200,""knobChoices"":{""CUDNN_KNOB_TYPE_KERNEL_CFG"":-1,""CUDNN_KNOB_TYPE_TILE_CGA_M"":-1,""CUDNN_KNOB_TYPE_STREAM_K"":-1,""CUDNN_KNOB_TYPE_TILE_M"":-1,""CUDNN_KNOB_TYPE_TILE_N"":-1}}
Warning: CUDNN_STATUS_NOT_SUPPORTED_GRAPH_PATTERN; Reason: KERNEL_CFG knob must be set at: kcfg_idx < 0
Warning: CUDNN_STATUS_NOT_SUPPORTED_GRAPH_PATTERN; Reason: resolveSDPAKernelConfig(getPerfKnobs(), opSet, *this->getDeviceProp(), getEngineName(), kcfg, chosen_knob)
Warning: CUDNN_STATUS_NOT_SUPPORTED_GRAPH_PATTERN; Reason: process_knob_choices()
Warning: CUDNN_STATUS_NOT_SUPPORTED; Reason: (CUDNN_STATUS_NOT_INITIALIZED == status) || (CUDNN_STATUS_NOT_SUPPORTED == ((status) / 1000 * 1000))
Warning: CUDNN_STATUS_NOT_SUPPORTED; Reason: ptr->isSupported()
Warning: CUDNN_STATUS_NOT_SUPPORTED; Reason: finalize_internal()

{""engineId"":5,""smVersion"":1200,""knobChoices"":{""CUDNN_KNOB_TYPE_STAGES"":-1,""CUDNN_KNOB_TYPE_KERNEL_CFG"":-1,""CUDNN_KNOB_TYPE_TILE_CGA_M"":-1,""CUDNN_KNOB_TYPE_STREAM_K"":-1,""CUDNN_KNOB_TYPE_TILE_M"":-1,""CUDNN_KNOB_TYPE_TILE_N"":-1}}
Warning: CUDNN_STATUS_NOT_SUPPORTED_ARCH_MISMATCH; Reason: only Blackwell is supported for this engine at: !(1000 <= deviceVer && deviceVer < 1200)
Warning: CUDNN_STATUS_NOT_SUPPORTED; Reason: (CUDNN_STATUS_NOT_INITIALIZED == status) || (CUDNN_STATUS_NOT_SUPPORTED == ((status) / 1000 * 1000))
Warning: CUDNN_STATUS_NOT_SUPPORTED; Reason: ptr->isSupported()
Warning: CUDNN_STATUS_NOT_SUPPORTED; Reason: finalize_internal()

{""engineId"":6,""smVersion"":1200,""knobChoices"":{""CUDNN_KNOB_TYPE_STAGES"":-1,""CUDNN_KNOB_TYPE_KERNEL_CFG"":-1,""CUDNN_KNOB_TYPE_TILE_CGA_M"":-1,""CUDNN_KNOB_TYPE_STREAM_K"":-1,""CUDNN_KNOB_TYPE_TILE_M"":-1,""CUDNN_KNOB_TYPE_TILE_N"":-1}}
Warning: CUDNN_STATUS_NOT_SUPPORTED_ARCH_MISMATCH; Reason: only Hopper is supported for this engine at: !(900 <= deviceVer && deviceVer < 1000)
Warning: CUDNN_STATUS_NOT_SUPPORTED; Reason: (CUDNN_STATUS_NOT_INITIALIZED == status) || (CUDNN_STATUS_NOT_SUPPORTED == ((status) / 1000 * 1000))
Warning: CUDNN_STATUS_NOT_SUPPORTED; Reason: ptr->isSupported()
Warning: CUDNN_STATUS_NOT_SUPPORTED; Reason: finalize_internal()

{""engineId"":7,""smVersion"":1200,""knobChoices"":{""CUDNN_KNOB_TYPE_STAGES"":-1,""CUDNN_KNOB_TYPE_KERNEL_CFG"":-1,""CUDNN_KNOB_TYPE_TILE_CGA_M"":-1,""CUDNN_KNOB_TYPE_STREAM_K"":-1,""CUDNN_KNOB_TYPE_TILE_M"":-1,""CUDNN_KNOB_TYPE_TILE_N"":-1}}
Warning: CUDNN_STATUS_NOT_SUPPORTED; Reason: The matmul should either be an entrance node or occur after the softmax and only allowed 2 at: true
Warning: CUDNN_STATUS_NOT_SUPPORTED; Reason: tag_mha_graph(graph, mha_mode, is_fp8)
Warning: CUDNN_STATUS_NOT_SUPPORTED; Reason: (CUDNN_STATUS_NOT_INITIALIZED == status) || (CUDNN_STATUS_NOT_SUPPORTED == ((status) / 1000 * 1000))
Warning: CUDNN_STATUS_NOT_SUPPORTED; Reason: ptr->isSupported()
Warning: CUDNN_STATUS_NOT_SUPPORTED; Reason: finalize_internal()

{""engineId"":20,""smVersion"":1200,""knobChoices"":{""CUDNN_KNOB_TYPE_STAGES"":-1,""CUDNN_KNOB_TYPE_KERNEL_CFG"":-1,""CUDNN_KNOB_TYPE_TILE_CGA_M"":-1,""CUDNN_KNOB_TYPE_STREAM_K"":-1,""CUDNN_KNOB_TYPE_TILE_M"":-1,""CUDNN_KNOB_TYPE_TILE_N"":-1}}
Warning: CUDNN_STATUS_NOT_SUPPORTED; Reason: The matmul should either be an entrance node or occur after the softmax and only allowed 2 at: true
Warning: CUDNN_STATUS_NOT_SUPPORTED; Reason: tag_mha_graph(graph, mha_mode, is_fp8)
Warning: CUDNN_STATUS_NOT_SUPPORTED; Reason: (CUDNN_STATUS_NOT_INITIALIZED == status) || (CUDNN_STATUS_NOT_SUPPORTED == ((status) / 1000 * 1000))
Warning: CUDNN_STATUS_NOT_SUPPORTED; Reason: ptr->isSupported()
Warning: CUDNN_STATUS_NOT_SUPPORTED; Reason: finalize_internal()

)

stdout: ",,,
kimi_k3,kimi_k3,cudnn,fp8,no_mask,2,16384,16384,96,96,192,128,bwd,True,inf,0.000,0.000,10,,False,"Benchmark failed with return code 1.
stderr: Traceback (most recent call last):
  File ""/data/vagarwalla/rtx6000_bench/cudnn-frontend/benchmark/sdpa_benchmark_training/benchmark_single_sdpa.py"", line 749, in <module>
    graph_fwd.create_execution_plans([cudnn.heur_mode.A, cudnn.heur_mode.FALLBACK])
  File ""/data/vagarwalla/rtx6000_bench/venv/lib/python3.12/site-packages/cudnn/_pygraph.py"", line 882, in create_execution_plans
    raise cudnn_graph_not_supported(f""no engine — python or backend — proposed a plan for this graph{why}"")
cudnn._compiled_module.cudnnGraphNotSupportedError: no engine — python or backend — proposed a plan for this graph (the backend declined: No valid engine configs for __________________
{""engineId"":0,""smVersion"":1200,""knobChoices"":{""CUDNN_KNOB_TYPE_KERNEL_CFG"":-1,""CUDNN_KNOB_TYPE_TILE_CGA_M"":-1,""CUDNN_KNOB_TYPE_STREAM_K"":-1,""CUDNN_KNOB_TYPE_TILE_M"":-1,""CUDNN_KNOB_TYPE_TILE_N"":-1}}
Warning: CUDNN_STATUS_NOT_SUPPORTED; Reason: The matmul should either be an entrance node or occur after the softmax and only allowed 2 at: true
Warning: CUDNN_STATUS_NOT_SUPPORTED; Reason: tag_mha_graph(graph, mha_mode, is_fp8)
Warning: CUDNN_STATUS_NOT_SUPPORTED; Reason: (CUDNN_STATUS_NOT_INITIALIZED == status) || (CUDNN_STATUS_NOT_SUPPORTED == ((status) / 1000 * 1000))
Warning: CUDNN_STATUS_NOT_SUPPORTED; Reason: ptr->isSupported()
Warning: CUDNN_STATUS_NOT_SUPPORTED; Reason: finalize_internal()

{""engineId"":1,""smVersion"":1200,""knobChoices"":{""CUDNN_KNOB_TYPE_KERNEL_CFG"":-1,""CUDNN_KNOB_TYPE_TILE_CGA_M"":-1,""CUDNN_KNOB_TYPE_STREAM_K"":-1,""CUDNN_KNOB_TYPE_TILE_M"":-1,""CUDNN_KNOB_TYPE_TILE_N"":-1}}
Warning: CUDNN_STATUS_NOT_SUPPORTED_GRAPH_PATTERN; Reason: KERNEL_CFG knob must be set at: kcfg_idx < 0
Warning: CUDNN_STATUS_NOT_SUPPORTED_GRAPH_PATTERN; Reason: resolveSDPAKernelConfig(getPerfKnobs(), opSet, *this->getDeviceProp(), getEngineName(), kcfg, chosen_knob)
Warning: CUDNN_STATUS_NOT_SUPPORTED_GRAPH_PATTERN; Reason: process_knob_choices()
Warning: CUDNN_STATUS_NOT_SUPPORTED; Reason: (CUDNN_STATUS_NOT_INITIALIZED == status) || (CUDNN_STATUS_NOT_SUPPORTED == ((status) / 1000 * 1000))
Warning: CUDNN_STATUS_NOT_SUPPORTED; Reason: ptr->isSupported()
Warning: CUDNN_STATUS_NOT_SUPPORTED; Reason: finalize_internal()

{""engineId"":2,""smVersion"":1200,""knobChoices"":{""CUDNN_KNOB_TYPE_KERNEL_CFG"":-1,""CUDNN_KNOB_TYPE_TILE_CGA_M"":-1,""CUDNN_KNOB_TYPE_STREAM_K"":-1,""CUDNN_KNOB_TYPE_TILE_M"":-1,""CUDNN_KNOB_TYPE_TILE_N"":-1}}
Warning: CUDNN_STATUS_NOT_SUPPORTED_ARCH_MISMATCH; Reason: only Hopper is supported for this engine at: !(900 <= deviceVer && deviceVer < 1000)
Warning: CUDNN_STATUS_NOT_SUPPORTED; Reason: (CUDNN_STATUS_NOT_INITIALIZED == status) || (CUDNN_STATUS_NOT_SUPPORTED == ((status) / 1000 * 1000))
Warning: CUDNN_STATUS_NOT_SUPPORTED; Reason: ptr->isSupported()
Warning: CUDNN_STATUS_NOT_SUPPORTED; Reason: finalize_internal()

{""engineId"":3,""smVersion"":1200,""knobChoices"":{""CUDNN_KNOB_TYPE_KERNEL_CFG"":-1,""CUDNN_KNOB_TYPE_TILE_CGA_M"":-1,""CUDNN_KNOB_TYPE_STREAM_K"":-1,""CUDNN_KNOB_TYPE_TILE_M"":-1,""CUDNN_KNOB_TYPE_TILE_N"":-1}}
Warning: CUDNN_STATUS_NOT_SUPPORTED_ARCH_MISMATCH; Reason: only Blackwell is supported for this engine at: !(1000 <= deviceVer && deviceVer < 1200)
Warning: CUDNN_STATUS_NOT_SUPPORTED; Reason: (CUDNN_STATUS_NOT_INITIALIZED == status) || (CUDNN_STATUS_NOT_SUPPORTED == ((status) / 1000 * 1000))
Warning: CUDNN_STATUS_NOT_SUPPORTED; Reason: ptr->isSupported()
Warning: CUDNN_STATUS_NOT_SUPPORTED; Reason: finalize_internal()

{""engineId"":4,""smVersion"":1200,""knobChoices"":{""CUDNN_KNOB_TYPE_KERNEL_CFG"":-1,""CUDNN_KNOB_TYPE_TILE_CGA_M"":-1,""CUDNN_KNOB_TYPE_STREAM_K"":-1,""CUDNN_KNOB_TYPE_TILE_M"":-1,""CUDNN_KNOB_TYPE_TILE_N"":-1}}
Warning: CUDNN_STATUS_NOT_SUPPORTED_GRAPH_PATTERN; Reason: KERNEL_CFG knob must be set at: kcfg_idx < 0
Warning: CUDNN_STATUS_NOT_SUPPORTED_GRAPH_PATTERN; Reason: resolveSDPAKernelConfig(getPerfKnobs(), opSet, *this->getDeviceProp(), getEngineName(), kcfg, chosen_knob)
Warning: CUDNN_STATUS_NOT_SUPPORTED_GRAPH_PATTERN; Reason: process_knob_choices()
Warning: CUDNN_STATUS_NOT_SUPPORTED; Reason: (CUDNN_STATUS_NOT_INITIALIZED == status) || (CUDNN_STATUS_NOT_SUPPORTED == ((status) / 1000 * 1000))
Warning: CUDNN_STATUS_NOT_SUPPORTED; Reason: ptr->isSupported()
Warning: CUDNN_STATUS_NOT_SUPPORTED; Reason: finalize_internal()

{""engineId"":5,""smVersion"":1200,""knobChoices"":{""CUDNN_KNOB_TYPE_STAGES"":-1,""CUDNN_KNOB_TYPE_KERNEL_CFG"":-1,""CUDNN_KNOB_TYPE_TILE_CGA_M"":-1,""CUDNN_KNOB_TYPE_STREAM_K"":-1,""CUDNN_KNOB_TYPE_TILE_M"":-1,""CUDNN_KNOB_TYPE_TILE_N"":-1}}
Warning: CUDNN_STATUS_NOT_SUPPORTED_ARCH_MISMATCH; Reason: only Blackwell is supported for this engine at: !(1000 <= deviceVer && deviceVer < 1200)
Warning: CUDNN_STATUS_NOT_SUPPORTED; Reason: (CUDNN_STATUS_NOT_INITIALIZED == status) || (CUDNN_STATUS_NOT_SUPPORTED == ((status) / 1000 * 1000))
Warning: CUDNN_STATUS_NOT_SUPPORTED; Reason: ptr->isSupported()
Warning: CUDNN_STATUS_NOT_SUPPORTED; Reason: finalize_internal()

{""engineId"":6,""smVersion"":1200,""knobChoices"":{""CUDNN_KNOB_TYPE_STAGES"":-1,""CUDNN_KNOB_TYPE_KERNEL_CFG"":-1,""CUDNN_KNOB_TYPE_TILE_CGA_M"":-1,""CUDNN_KNOB_TYPE_STREAM_K"":-1,""CUDNN_KNOB_TYPE_TILE_M"":-1,""CUDNN_KNOB_TYPE_TILE_N"":-1}}
Warning: CUDNN_STATUS_NOT_SUPPORTED_ARCH_MISMATCH; Reason: only Hopper is supported for this engine at: !(900 <= deviceVer && deviceVer < 1000)
Warning: CUDNN_STATUS_NOT_SUPPORTED; Reason: (CUDNN_STATUS_NOT_INITIALIZED == status) || (CUDNN_STATUS_NOT_SUPPORTED == ((status) / 1000 * 1000))
Warning: CUDNN_STATUS_NOT_SUPPORTED; Reason: ptr->isSupported()
Warning: CUDNN_STATUS_NOT_SUPPORTED; Reason: finalize_internal()

{""engineId"":7,""smVersion"":1200,""knobChoices"":{""CUDNN_KNOB_TYPE_STAGES"":-1,""CUDNN_KNOB_TYPE_KERNEL_CFG"":-1,""CUDNN_KNOB_TYPE_TILE_CGA_M"":-1,""CUDNN_KNOB_TYPE_STREAM_K"":-1,""CUDNN_KNOB_TYPE_TILE_M"":-1,""CUDNN_KNOB_TYPE_TILE_N"":-1}}
Warning: CUDNN_STATUS_NOT_SUPPORTED; Reason: The matmul should either be an entrance node or occur after the softmax and only allowed 2 at: true
Warning: CUDNN_STATUS_NOT_SUPPORTED; Reason: tag_mha_graph(graph, mha_mode, is_fp8)
Warning: CUDNN_STATUS_NOT_SUPPORTED; Reason: (CUDNN_STATUS_NOT_INITIALIZED == status) || (CUDNN_STATUS_NOT_SUPPORTED == ((status) / 1000 * 1000))
Warning: CUDNN_STATUS_NOT_SUPPORTED; Reason: ptr->isSupported()
Warning: CUDNN_STATUS_NOT_SUPPORTED; Reason: finalize_internal()

{""engineId"":20,""smVersion"":1200,""knobChoices"":{""CUDNN_KNOB_TYPE_STAGES"":-1,""CUDNN_KNOB_TYPE_KERNEL_CFG"":-1,""CUDNN_KNOB_TYPE_TILE_CGA_M"":-1,""CUDNN_KNOB_TYPE_STREAM_K"":-1,""CUDNN_KNOB_TYPE_TILE_M"":-1,""CUDNN_KNOB_TYPE_TILE_N"":-1}}
Warning: CUDNN_STATUS_NOT_SUPPORTED; Reason: The matmul should either be an entrance node or occur after the softmax and only allowed 2 at: true
Warning: CUDNN_STATUS_NOT_SUPPORTED; Reason: tag_mha_graph(graph, mha_mode, is_fp8)
Warning: CUDNN_STATUS_NOT_SUPPORTED; Reason: (CUDNN_STATUS_NOT_INITIALIZED == status) || (CUDNN_STATUS_NOT_SUPPORTED == ((status) / 1000 * 1000))
Warning: CUDNN_STATUS_NOT_SUPPORTED; Reason: ptr->isSupported()
Warning: CUDNN_STATUS_NOT_SUPPORTED; Reason: finalize_internal()

)

stdout: ",,,
kimi_k3,kimi_k3,cudnn,mxfp8,top_left,2,16384,16384,96,96,192,128,fwd,False,inf,0.000,0.000,10,,False,"Benchmark failed with return code 1.
stderr: Traceback (most recent call last):
  File ""/data/vagarwalla/rtx6000_bench/cudnn-frontend/benchmark/sdpa_benchmark_training/benchmark_single_sdpa.py"", line 747, in <module>
    graph_fwd.validate()
  File ""/data/vagarwalla/rtx6000_bench/venv/lib/python3.12/site-packages/cudnn/_pygraph.py"", line 776, in validate
    self._lowered_graph.validate()
cudnn._compiled_module.cudnnGraphNotSupportedError: MXFP8 SDPA is only supported on Blackwell Data Center architectures.

stdout: ",,,
kimi_k3,kimi_k3,cudnn,mxfp8,top_left,2,16384,16384,96,96,192,128,bwd,False,inf,0.000,0.000,10,,False,"Benchmark failed with return code 1.
stderr: Traceback (most recent call last):
  File ""/data/vagarwalla/rtx6000_bench/cudnn-frontend/benchmark/sdpa_benchmark_training/benchmark_single_sdpa.py"", line 747, in <module>
    graph_fwd.validate()
  File ""/data/vagarwalla/rtx6000_bench/venv/lib/python3.12/site-packages/cudnn/_pygraph.py"", line 776, in validate
    self._lowered_graph.validate()
cudnn._compiled_module.cudnnGraphNotSupportedError: MXFP8 SDPA is only supported on Blackwell Data Center architectures.

stdout: ",,,
kimi_k3,kimi_k3,cudnn,mxfp8,top_left,2,16384,16384,96,96,192,128,bwd,True,inf,0.000,0.000,10,,False,"Benchmark failed with return code 1.
stderr: Traceback (most recent call last):
  File ""/data/vagarwalla/rtx6000_bench/cudnn-frontend/benchmark/sdpa_benchmark_training/benchmark_single_sdpa.py"", line 747, in <module>
    graph_fwd.validate()
  File ""/data/vagarwalla/rtx6000_bench/venv/lib/python3.12/site-packages/cudnn/_pygraph.py"", line 776, in validate
    self._lowered_graph.validate()
cudnn._compiled_module.cudnnGraphNotSupportedError: MXFP8 SDPA is only supported on Blackwell Data Center architectures.

stdout: ",,,
kimi_k3,kimi_k3,cudnn,mxfp8,no_mask,2,16384,16384,96,96,192,128,fwd,False,inf,0.000,0.000,10,,False,"Benchmark failed with return code 1.
stderr: Traceback (most recent call last):
  File ""/data/vagarwalla/rtx6000_bench/cudnn-frontend/benchmark/sdpa_benchmark_training/benchmark_single_sdpa.py"", line 747, in <module>
    graph_fwd.validate()
  File ""/data/vagarwalla/rtx6000_bench/venv/lib/python3.12/site-packages/cudnn/_pygraph.py"", line 776, in validate
    self._lowered_graph.validate()
cudnn._compiled_module.cudnnGraphNotSupportedError: MXFP8 SDPA is only supported on Blackwell Data Center architectures.

stdout: ",,,
kimi_k3,kimi_k3,cudnn,mxfp8,no_mask,2,16384,16384,96,96,192,128,bwd,False,inf,0.000,0.000,10,,False,"Benchmark failed with return code 1.
stderr: Traceback (most recent call last):
  File ""/data/vagarwalla/rtx6000_bench/cudnn-frontend/benchmark/sdpa_benchmark_training/benchmark_single_sdpa.py"", line 747, in <module>
    graph_fwd.validate()
  File ""/data/vagarwalla/rtx6000_bench/venv/lib/python3.12/site-packages/cudnn/_pygraph.py"", line 776, in validate
    self._lowered_graph.validate()
cudnn._compiled_module.cudnnGraphNotSupportedError: MXFP8 SDPA is only supported on Blackwell Data Center architectures.

stdout: ",,,
kimi_k3,kimi_k3,cudnn,mxfp8,no_mask,2,16384,16384,96,96,192,128,bwd,True,inf,0.000,0.000,10,,False,"Benchmark failed with return code 1.
stderr: Traceback (most recent call last):
  File ""/data/vagarwalla/rtx6000_bench/cudnn-frontend/benchmark/sdpa_benchmark_training/benchmark_single_sdpa.py"", line 747, in <module>
    graph_fwd.validate()
  File ""/data/vagarwalla/rtx6000_bench/venv/lib/python3.12/site-packages/cudnn/_pygraph.py"", line 776, in validate
    self._lowered_graph.validate()
cudnn._compiled_module.cudnnGraphNotSupportedError: MXFP8 SDPA is only supported on Blackwell Data Center architectures.

stdout: ",,,
kimi_k3,kimi_k3,flash_attention_4,bfloat16,top_left,2,16384,16384,96,96,192,128,fwd,False,inf,0.000,0.000,10,,False,"Benchmark failed with return code 1.
stderr: Traceback (most recent call last):
  File ""/data/vagarwalla/rtx6000_bench/cudnn-frontend/benchmark/sdpa_benchmark_training/benchmark_single_sdpa.py"", line 1195, in <module>
    import flash_attn.cute.interface as flash_attn_interface
  File ""/data/vagarwalla/rtx6000_bench/venv/lib/python3.12/site-packages/flash_attn/cute/__init__.py"", line 3, in <module>
    from .interface import (
  File ""/data/vagarwalla/rtx6000_bench/venv/lib/python3.12/site-packages/flash_attn/cute/interface.py"", line 33, in <module>
    from flash_attn.cute import utils
  File ""/data/vagarwalla/rtx6000_bench/venv/lib/python3.12/site-packages/flash_attn/cute/utils.py"", line 44, in <module>
    smem: cute.Tensor, thr_mma: cute.core.ThrMma, swapAB: cutlass.Constexpr[bool] = False
                                ^^^^^^^^^^^^^^^^
AttributeError: module 'cutlass.cute.core' has no attribute 'ThrMma'

stdout: ",,,
kimi_k3,kimi_k3,flash_attention_4,bfloat16,top_left,2,16384,16384,96,96,192,128,bwd,False,inf,0.000,0.000,10,,False,"Benchmark failed with return code 1.
stderr: Traceback (most recent call last):
  File ""/data/vagarwalla/rtx6000_bench/cudnn-frontend/benchmark/sdpa_benchmark_training/benchmark_single_sdpa.py"", line 1195, in <module>
    import flash_attn.cute.interface as flash_attn_interface
  File ""/data/vagarwalla/rtx6000_bench/venv/lib/python3.12/site-packages/flash_attn/cute/__init__.py"", line 3, in <module>
    from .interface import (
  File ""/data/vagarwalla/rtx6000_bench/venv/lib/python3.12/site-packages/flash_attn/cute/interface.py"", line 33, in <module>
    from flash_attn.cute import utils
  File ""/data/vagarwalla/rtx6000_bench/venv/lib/python3.12/site-packages/flash_attn/cute/utils.py"", line 44, in <module>
    smem: cute.Tensor, thr_mma: cute.core.ThrMma, swapAB: cutlass.Constexpr[bool] = False
                                ^^^^^^^^^^^^^^^^
AttributeError: module 'cutlass.cute.core' has no attribute 'ThrMma'

stdout: ",,,
kimi_k3,kimi_k3,flash_attention_4,bfloat16,top_left,2,16384,16384,96,96,192,128,bwd,True,inf,0.000,0.000,10,,False,"Benchmark failed with return code 1.
stderr: Traceback (most recent call last):
  File ""/data/vagarwalla/rtx6000_bench/cudnn-frontend/benchmark/sdpa_benchmark_training/benchmark_single_sdpa.py"", line 1195, in <module>
    import flash_attn.cute.interface as flash_attn_interface
  File ""/data/vagarwalla/rtx6000_bench/venv/lib/python3.12/site-packages/flash_attn/cute/__init__.py"", line 3, in <module>
    from .interface import (
  File ""/data/vagarwalla/rtx6000_bench/venv/lib/python3.12/site-packages/flash_attn/cute/interface.py"", line 33, in <module>
    from flash_attn.cute import utils
  File ""/data/vagarwalla/rtx6000_bench/venv/lib/python3.12/site-packages/flash_attn/cute/utils.py"", line 44, in <module>
    smem: cute.Tensor, thr_mma: cute.core.ThrMma, swapAB: cutlass.Constexpr[bool] = False
                                ^^^^^^^^^^^^^^^^
AttributeError: module 'cutlass.cute.core' has no attribute 'ThrMma'

stdout: ",,,
kimi_k3,kimi_k3,flash_attention_4,bfloat16,no_mask,2,16384,16384,96,96,192,128,fwd,False,inf,0.000,0.000,10,,False,"Benchmark failed with return code 1.
stderr: Traceback (most recent call last):
  File ""/data/vagarwalla/rtx6000_bench/cudnn-frontend/benchmark/sdpa_benchmark_training/benchmark_single_sdpa.py"", line 1195, in <module>
    import flash_attn.cute.interface as flash_attn_interface
  File ""/data/vagarwalla/rtx6000_bench/venv/lib/python3.12/site-packages/flash_attn/cute/__init__.py"", line 3, in <module>
    from .interface import (
  File ""/data/vagarwalla/rtx6000_bench/venv/lib/python3.12/site-packages/flash_attn/cute/interface.py"", line 33, in <module>
    from flash_attn.cute import utils
  File ""/data/vagarwalla/rtx6000_bench/venv/lib/python3.12/site-packages/flash_attn/cute/utils.py"", line 44, in <module>
    smem: cute.Tensor, thr_mma: cute.core.ThrMma, swapAB: cutlass.Constexpr[bool] = False
                                ^^^^^^^^^^^^^^^^
AttributeError: module 'cutlass.cute.core' has no attribute 'ThrMma'

stdout: ",,,
kimi_k3,kimi_k3,flash_attention_4,bfloat16,no_mask,2,16384,16384,96,96,192,128,bwd,False,inf,0.000,0.000,10,,False,"Benchmark failed with return code 1.
stderr: Traceback (most recent call last):
  File ""/data/vagarwalla/rtx6000_bench/cudnn-frontend/benchmark/sdpa_benchmark_training/benchmark_single_sdpa.py"", line 1195, in <module>
    import flash_attn.cute.interface as flash_attn_interface
  File ""/data/vagarwalla/rtx6000_bench/venv/lib/python3.12/site-packages/flash_attn/cute/__init__.py"", line 3, in <module>
    from .interface import (
  File ""/data/vagarwalla/rtx6000_bench/venv/lib/python3.12/site-packages/flash_attn/cute/interface.py"", line 33, in <module>
    from flash_attn.cute import utils
  File ""/data/vagarwalla/rtx6000_bench/venv/lib/python3.12/site-packages/flash_attn/cute/utils.py"", line 44, in <module>
    smem: cute.Tensor, thr_mma: cute.core.ThrMma, swapAB: cutlass.Constexpr[bool] = False
                                ^^^^^^^^^^^^^^^^
AttributeError: module 'cutlass.cute.core' has no attribute 'ThrMma'

stdout: ",,,
kimi_k3,kimi_k3,flash_attention_4,bfloat16,no_mask,2,16384,16384,96,96,192,128,bwd,True,inf,0.000,0.000,10,,False,"Benchmark failed with return code 1.
stderr: Traceback (most recent call last):
  File ""/data/vagarwalla/rtx6000_bench/cudnn-frontend/benchmark/sdpa_benchmark_training/benchmark_single_sdpa.py"", line 1195, in <module>
    import flash_attn.cute.interface as flash_attn_interface
  File ""/data/vagarwalla/rtx6000_bench/venv/lib/python3.12/site-packages/flash_attn/cute/__init__.py"", line 3, in <module>
    from .interface import (
  File ""/data/vagarwalla/rtx6000_bench/venv/lib/python3.12/site-packages/flash_attn/cute/interface.py"", line 33, in <module>
    from flash_attn.cute import utils
  File ""/data/vagarwalla/rtx6000_bench/venv/lib/python3.12/site-packages/flash_attn/cute/utils.py"", line 44, in <module>
    smem: cute.Tensor, thr_mma: cute.core.ThrMma, swapAB: cutlass.Constexpr[bool] = False
                                ^^^^^^^^^^^^^^^^
AttributeError: module 'cutlass.cute.core' has no attribute 'ThrMma'

stdout: ",,,
kimi_k3,kimi_k3,cudnn,bfloat16,top_left,2,8192,8192,96,96,192,128,fwd,False,18.148,227.000,0.000,10,,True,,NVIDIA RTX PRO 6000 Blackwell Server Edition,1.27.0,92400.000
kimi_k3,kimi_k3,cudnn,bfloat16,top_left,2,8192,8192,96,96,192,128,bwd,False,inf,0.000,0.000,10,,False,"Benchmark failed with return code 1.
stderr: Traceback (most recent call last):
  File ""/data/vagarwalla/rtx6000_bench/cudnn-frontend/benchmark/sdpa_benchmark_training/benchmark_single_sdpa.py"", line 971, in <module>
    graph_bwd.validate()
  File ""/data/vagarwalla/rtx6000_bench/venv/lib/python3.12/site-packages/cudnn/_pygraph.py"", line 776, in validate
    self._lowered_graph.validate()
cudnn._compiled_module.cudnnGraphNotSupportedError: Num hidden_dim should be less than or equal to 128 and hidden_dim should be multiple of 8

stdout: ",,,
kimi_k3,kimi_k3,cudnn,bfloat16,top_left,2,8192,8192,96,96,192,128,bwd,True,inf,0.000,0.000,10,,False,"Benchmark failed with return code 1.
stderr: Traceback (most recent call last):
  File ""/data/vagarwalla/rtx6000_bench/cudnn-frontend/benchmark/sdpa_benchmark_training/benchmark_single_sdpa.py"", line 971, in <module>
    graph_bwd.validate()
  File ""/data/vagarwalla/rtx6000_bench/venv/lib/python3.12/site-packages/cudnn/_pygraph.py"", line 776, in validate
    self._lowered_graph.validate()
cudnn._compiled_module.cudnnGraphNotSupportedError: Num hidden_dim should be less than or equal to 128 and hidden_dim should be multiple of 8

stdout: ",,,
kimi_k3,kimi_k3,cudnn,bfloat16,no_mask,2,8192,8192,96,96,192,128,fwd,False,35.705,231.000,0.000,10,,True,,NVIDIA RTX PRO 6000 Blackwell Server Edition,1.27.0,92400.000
kimi_k3,kimi_k3,cudnn,bfloat16,no_mask,2,8192,8192,96,96,192,128,bwd,False,inf,0.000,0.000,10,,False,"Benchmark failed with return code 1.
stderr: Traceback (most recent call last):
  File ""/data/vagarwalla/rtx6000_bench/cudnn-frontend/benchmark/sdpa_benchmark_training/benchmark_single_sdpa.py"", line 971, in <module>
    graph_bwd.validate()
  File ""/data/vagarwalla/rtx6000_bench/venv/lib/python3.12/site-packages/cudnn/_pygraph.py"", line 776, in validate
    self._lowered_graph.validate()
cudnn._compiled_module.cudnnGraphNotSupportedError: Num hidden_dim should be less than or equal to 128 and hidden_dim should be multiple of 8

stdout: ",,,
kimi_k3,kimi_k3,cudnn,bfloat16,no_mask,2,8192,8192,96,96,192,128,bwd,True,inf,0.000,0.000,10,,False,"Benchmark failed with return code 1.
stderr: Traceback (most recent call last):
  File ""/data/vagarwalla/rtx6000_bench/cudnn-frontend/benchmark/sdpa_benchmark_training/benchmark_single_sdpa.py"", line 971, in <module>
    graph_bwd.validate()
  File ""/data/vagarwalla/rtx6000_bench/venv/lib/python3.12/site-packages/cudnn/_pygraph.py"", line 776, in validate
    self._lowered_graph.validate()
cudnn._compiled_module.cudnnGraphNotSupportedError: Num hidden_dim should be less than or equal to 128 and hidden_dim should be multiple of 8

stdout: ",,,
kimi_k3,kimi_k3,cudnn,fp8,top_left,2,8192,8192,96,96,192,128,fwd,False,inf,0.000,0.000,10,,False,"Benchmark failed with return code 1.
stderr: Traceback (most recent call last):
  File ""/data/vagarwalla/rtx6000_bench/cudnn-frontend/benchmark/sdpa_benchmark_training/benchmark_single_sdpa.py"", line 749, in <module>
    graph_fwd.create_execution_plans([cudnn.heur_mode.A, cudnn.heur_mode.FALLBACK])
  File ""/data/vagarwalla/rtx6000_bench/venv/lib/python3.12/site-packages/cudnn/_pygraph.py"", line 882, in create_execution_plans
    raise cudnn_graph_not_supported(f""no engine — python or backend — proposed a plan for this graph{why}"")
cudnn._compiled_module.cudnnGraphNotSupportedError: no engine — python or backend — proposed a plan for this graph (the backend declined: No valid engine configs for ______________________
{""engineId"":0,""smVersion"":1200,""knobChoices"":{""CUDNN_KNOB_TYPE_KERNEL_CFG"":-1,""CUDNN_KNOB_TYPE_TILE_CGA_M"":-1,""CUDNN_KNOB_TYPE_STREAM_K"":-1,""CUDNN_KNOB_TYPE_TILE_M"":-1,""CUDNN_KNOB_TYPE_TILE_N"":-1}}
Warning: CUDNN_STATUS_NOT_SUPPORTED; Reason: The matmul should either be an entrance node or occur after the softmax and only allowed 2 at: true
Warning: CUDNN_STATUS_NOT_SUPPORTED; Reason: tag_mha_graph(graph, mha_mode, is_fp8)
Warning: CUDNN_STATUS_NOT_SUPPORTED; Reason: (CUDNN_STATUS_NOT_INITIALIZED == status) || (CUDNN_STATUS_NOT_SUPPORTED == ((status) / 1000 * 1000))
Warning: CUDNN_STATUS_NOT_SUPPORTED; Reason: ptr->isSupported()
Warning: CUDNN_STATUS_NOT_SUPPORTED; Reason: finalize_internal()

{""engineId"":1,""smVersion"":1200,""knobChoices"":{""CUDNN_KNOB_TYPE_KERNEL_CFG"":-1,""CUDNN_KNOB_TYPE_TILE_CGA_M"":-1,""CUDNN_KNOB_TYPE_STREAM_K"":-1,""CUDNN_KNOB_TYPE_TILE_M"":-1,""CUDNN_KNOB_TYPE_TILE_N"":-1}}
Warning: CUDNN_STATUS_NOT_SUPPORTED_GRAPH_PATTERN; Reason: KERNEL_CFG knob must be set at: kcfg_idx < 0
Warning: CUDNN_STATUS_NOT_SUPPORTED_GRAPH_PATTERN; Reason: resolveSDPAKernelConfig(getPerfKnobs(), opSet, *this->getDeviceProp(), getEngineName(), kcfg, chosen_knob)
Warning: CUDNN_STATUS_NOT_SUPPORTED_GRAPH_PATTERN; Reason: process_knob_choices()
Warning: CUDNN_STATUS_NOT_SUPPORTED; Reason: (CUDNN_STATUS_NOT_INITIALIZED == status) || (CUDNN_STATUS_NOT_SUPPORTED == ((status) / 1000 * 1000))
Warning: CUDNN_STATUS_NOT_SUPPORTED; Reason: ptr->isSupported()
Warning: CUDNN_STATUS_NOT_SUPPORTED; Reason: finalize_internal()

{""engineId"":2,""smVersion"":1200,""knobChoices"":{""CUDNN_KNOB_TYPE_KERNEL_CFG"":-1,""CUDNN_KNOB_TYPE_TILE_CGA_M"":-1,""CUDNN_KNOB_TYPE_STREAM_K"":-1,""CUDNN_KNOB_TYPE_TILE_M"":-1,""CUDNN_KNOB_TYPE_TILE_N"":-1}}
Warning: CUDNN_STATUS_NOT_SUPPORTED_ARCH_MISMATCH; Reason: only Hopper is supported for this engine at: !(900 <= deviceVer && deviceVer < 1000)
Warning: CUDNN_STATUS_NOT_SUPPORTED; Reason: (CUDNN_STATUS_NOT_INITIALIZED == status) || (CUDNN_STATUS_NOT_SUPPORTED == ((status) / 1000 * 1000))
Warning: CUDNN_STATUS_NOT_SUPPORTED; Reason: ptr->isSupported()
Warning: CUDNN_STATUS_NOT_SUPPORTED; Reason: finalize_internal()

{""engineId"":3,""smVersion"":1200,""knobChoices"":{""CUDNN_KNOB_TYPE_KERNEL_CFG"":-1,""CUDNN_KNOB_TYPE_TILE_CGA_M"":-1,""CUDNN_KNOB_TYPE_STREAM_K"":-1,""CUDNN_KNOB_TYPE_TILE_M"":-1,""CUDNN_KNOB_TYPE_TILE_N"":-1}}
Warning: CUDNN_STATUS_NOT_SUPPORTED_ARCH_MISMATCH; Reason: only Blackwell is supported for this engine at: !(1000 <= deviceVer && deviceVer < 1200)
Warning: CUDNN_STATUS_NOT_SUPPORTED; Reason: (CUDNN_STATUS_NOT_INITIALIZED == status) || (CUDNN_STATUS_NOT_SUPPORTED == ((status) / 1000 * 1000))
Warning: CUDNN_STATUS_NOT_SUPPORTED; Reason: ptr->isSupported()
Warning: CUDNN_STATUS_NOT_SUPPORTED; Reason: finalize_internal()

{""engineId"":4,""smVersion"":1200,""knobChoices"":{""CUDNN_KNOB_TYPE_KERNEL_CFG"":-1,""CUDNN_KNOB_TYPE_TILE_CGA_M"":-1,""CUDNN_KNOB_TYPE_STREAM_K"":-1,""CUDNN_KNOB_TYPE_TILE_M"":-1,""CUDNN_KNOB_TYPE_TILE_N"":-1}}
Warning: CUDNN_STATUS_NOT_SUPPORTED_GRAPH_PATTERN; Reason: KERNEL_CFG knob must be set at: kcfg_idx < 0
Warning: CUDNN_STATUS_NOT_SUPPORTED_GRAPH_PATTERN; Reason: resolveSDPAKernelConfig(getPerfKnobs(), opSet, *this->getDeviceProp(), getEngineName(), kcfg, chosen_knob)
Warning: CUDNN_STATUS_NOT_SUPPORTED_GRAPH_PATTERN; Reason: process_knob_choices()
Warning: CUDNN_STATUS_NOT_SUPPORTED; Reason: (CUDNN_STATUS_NOT_INITIALIZED == status) || (CUDNN_STATUS_NOT_SUPPORTED == ((status) / 1000 * 1000))
Warning: CUDNN_STATUS_NOT_SUPPORTED; Reason: ptr->isSupported()
Warning: CUDNN_STATUS_NOT_SUPPORTED; Reason: finalize_internal()

{""engineId"":5,""smVersion"":1200,""knobChoices"":{""CUDNN_KNOB_TYPE_STAGES"":-1,""CUDNN_KNOB_TYPE_KERNEL_CFG"":-1,""CUDNN_KNOB_TYPE_TILE_CGA_M"":-1,""CUDNN_KNOB_TYPE_STREAM_K"":-1,""CUDNN_KNOB_TYPE_TILE_M"":-1,""CUDNN_KNOB_TYPE_TILE_N"":-1}}
Warning: CUDNN_STATUS_NOT_SUPPORTED_ARCH_MISMATCH; Reason: only Blackwell is supported for this engine at: !(1000 <= deviceVer && deviceVer < 1200)
Warning: CUDNN_STATUS_NOT_SUPPORTED; Reason: (CUDNN_STATUS_NOT_INITIALIZED == status) || (CUDNN_STATUS_NOT_SUPPORTED == ((status) / 1000 * 1000))
Warning: CUDNN_STATUS_NOT_SUPPORTED; Reason: ptr->isSupported()
Warning: CUDNN_STATUS_NOT_SUPPORTED; Reason: finalize_internal()

{""engineId"":6,""smVersion"":1200,""knobChoices"":{""CUDNN_KNOB_TYPE_STAGES"":-1,""CUDNN_KNOB_TYPE_KERNEL_CFG"":-1,""CUDNN_KNOB_TYPE_TILE_CGA_M"":-1,""CUDNN_KNOB_TYPE_STREAM_K"":-1,""CUDNN_KNOB_TYPE_TILE_M"":-1,""CUDNN_KNOB_TYPE_TILE_N"":-1}}
Warning: CUDNN_STATUS_NOT_SUPPORTED_ARCH_MISMATCH; Reason: only Hopper is supported for this engine at: !(900 <= deviceVer && deviceVer < 1000)
Warning: CUDNN_STATUS_NOT_SUPPORTED; Reason: (CUDNN_STATUS_NOT_INITIALIZED == status) || (CUDNN_STATUS_NOT_SUPPORTED == ((status) / 1000 * 1000))
Warning: CUDNN_STATUS_NOT_SUPPORTED; Reason: ptr->isSupported()
Warning: CUDNN_STATUS_NOT_SUPPORTED; Reason: finalize_internal()

{""engineId"":7,""smVersion"":1200,""knobChoices"":{""CUDNN_KNOB_TYPE_STAGES"":-1,""CUDNN_KNOB_TYPE_KERNEL_CFG"":-1,""CUDNN_KNOB_TYPE_TILE_CGA_M"":-1,""CUDNN_KNOB_TYPE_STREAM_K"":-1,""CUDNN_KNOB_TYPE_TILE_M"":-1,""CUDNN_KNOB_TYPE_TILE_N"":-1}}
Warning: CUDNN_STATUS_NOT_SUPPORTED; Reason: The matmul should either be an entrance node or occur after the softmax and only allowed 2 at: true
Warning: CUDNN_STATUS_NOT_SUPPORTED; Reason: tag_mha_graph(graph, mha_mode, is_fp8)
Warning: CUDNN_STATUS_NOT_SUPPORTED; Reason: (CUDNN_STATUS_NOT_INITIALIZED == status) || (CUDNN_STATUS_NOT_SUPPORTED == ((status) / 1000 * 1000))
Warning: CUDNN_STATUS_NOT_SUPPORTED; Reason: ptr->isSupported()
Warning: CUDNN_STATUS_NOT_SUPPORTED; Reason: finalize_internal()

{""engineId"":20,""smVersion"":1200,""knobChoices"":{""CUDNN_KNOB_TYPE_STAGES"":-1,""CUDNN_KNOB_TYPE_KERNEL_CFG"":-1,""CUDNN_KNOB_TYPE_TILE_CGA_M"":-1,""CUDNN_KNOB_TYPE_STREAM_K"":-1,""CUDNN_KNOB_TYPE_TILE_M"":-1,""CUDNN_KNOB_TYPE_TILE_N"":-1}}
Warning: CUDNN_STATUS_NOT_SUPPORTED; Reason: The matmul should either be an entrance node or occur after the softmax and only allowed 2 at: true
Warning: CUDNN_STATUS_NOT_SUPPORTED; Reason: tag_mha_graph(graph, mha_mode, is_fp8)
Warning: CUDNN_STATUS_NOT_SUPPORTED; Reason: (CUDNN_STATUS_NOT_INITIALIZED == status) || (CUDNN_STATUS_NOT_SUPPORTED == ((status) / 1000 * 1000))
Warning: CUDNN_STATUS_NOT_SUPPORTED; Reason: ptr->isSupported()
Warning: CUDNN_STATUS_NOT_SUPPORTED; Reason: finalize_internal()

)

stdout: ",,,
kimi_k3,kimi_k3,cudnn,fp8,top_left,2,8192,8192,96,96,192,128,bwd,False,inf,0.000,0.000,10,,False,"Benchmark failed with return code 1.
stderr: Traceback (most recent call last):
  File ""/data/vagarwalla/rtx6000_bench/cudnn-frontend/benchmark/sdpa_benchmark_training/benchmark_single_sdpa.py"", line 749, in <module>
    graph_fwd.create_execution_plans([cudnn.heur_mode.A, cudnn.heur_mode.FALLBACK])
  File ""/data/vagarwalla/rtx6000_bench/venv/lib/python3.12/site-packages/cudnn/_pygraph.py"", line 882, in create_execution_plans
    raise cudnn_graph_not_supported(f""no engine — python or backend — proposed a plan for this graph{why}"")
cudnn._compiled_module.cudnnGraphNotSupportedError: no engine — python or backend — proposed a plan for this graph (the backend declined: No valid engine configs for ______________________
{""engineId"":0,""smVersion"":1200,""knobChoices"":{""CUDNN_KNOB_TYPE_KERNEL_CFG"":-1,""CUDNN_KNOB_TYPE_TILE_CGA_M"":-1,""CUDNN_KNOB_TYPE_STREAM_K"":-1,""CUDNN_KNOB_TYPE_TILE_M"":-1,""CUDNN_KNOB_TYPE_TILE_N"":-1}}
Warning: CUDNN_STATUS_NOT_SUPPORTED; Reason: The matmul should either be an entrance node or occur after the softmax and only allowed 2 at: true
Warning: CUDNN_STATUS_NOT_SUPPORTED; Reason: tag_mha_graph(graph, mha_mode, is_fp8)
Warning: CUDNN_STATUS_NOT_SUPPORTED; Reason: (CUDNN_STATUS_NOT_INITIALIZED == status) || (CUDNN_STATUS_NOT_SUPPORTED == ((status) / 1000 * 1000))
Warning: CUDNN_STATUS_NOT_SUPPORTED; Reason: ptr->isSupported()
Warning: CUDNN_STATUS_NOT_SUPPORTED; Reason: finalize_internal()

{""engineId"":1,""smVersion"":1200,""knobChoices"":{""CUDNN_KNOB_TYPE_KERNEL_CFG"":-1,""CUDNN_KNOB_TYPE_TILE_CGA_M"":-1,""CUDNN_KNOB_TYPE_STREAM_K"":-1,""CUDNN_KNOB_TYPE_TILE_M"":-1,""CUDNN_KNOB_TYPE_TILE_N"":-1}}
Warning: CUDNN_STATUS_NOT_SUPPORTED_GRAPH_PATTERN; Reason: KERNEL_CFG knob must be set at: kcfg_idx < 0
Warning: CUDNN_STATUS_NOT_SUPPORTED_GRAPH_PATTERN; Reason: resolveSDPAKernelConfig(getPerfKnobs(), opSet, *this->getDeviceProp(), getEngineName(), kcfg, chosen_knob)
Warning: CUDNN_STATUS_NOT_SUPPORTED_GRAPH_PATTERN; Reason: process_knob_choices()
Warning: CUDNN_STATUS_NOT_SUPPORTED; Reason: (CUDNN_STATUS_NOT_INITIALIZED == status) || (CUDNN_STATUS_NOT_SUPPORTED == ((status) / 1000 * 1000))
Warning: CUDNN_STATUS_NOT_SUPPORTED; Reason: ptr->isSupported()
Warning: CUDNN_STATUS_NOT_SUPPORTED; Reason: finalize_internal()

{""engineId"":2,""smVersion"":1200,""knobChoices"":{""CUDNN_KNOB_TYPE_KERNEL_CFG"":-1,""CUDNN_KNOB_TYPE_TILE_CGA_M"":-1,""CUDNN_KNOB_TYPE_STREAM_K"":-1,""CUDNN_KNOB_TYPE_TILE_M"":-1,""CUDNN_KNOB_TYPE_TILE_N"":-1}}
Warning: CUDNN_STATUS_NOT_SUPPORTED_ARCH_MISMATCH; Reason: only Hopper is supported for this engine at: !(900 <= deviceVer && deviceVer < 1000)
Warning: CUDNN_STATUS_NOT_SUPPORTED; Reason: (CUDNN_STATUS_NOT_INITIALIZED == status) || (CUDNN_STATUS_NOT_SUPPORTED == ((status) / 1000 * 1000))
Warning: CUDNN_STATUS_NOT_SUPPORTED; Reason: ptr->isSupported()
Warning: CUDNN_STATUS_NOT_SUPPORTED; Reason: finalize_internal()

{""engineId"":3,""smVersion"":1200,""knobChoices"":{""CUDNN_KNOB_TYPE_KERNEL_CFG"":-1,""CUDNN_KNOB_TYPE_TILE_CGA_M"":-1,""CUDNN_KNOB_TYPE_STREAM_K"":-1,""CUDNN_KNOB_TYPE_TILE_M"":-1,""CUDNN_KNOB_TYPE_TILE_N"":-1}}
Warning: CUDNN_STATUS_NOT_SUPPORTED_ARCH_MISMATCH; Reason: only Blackwell is supported for this engine at: !(1000 <= deviceVer && deviceVer < 1200)
Warning: CUDNN_STATUS_NOT_SUPPORTED; Reason: (CUDNN_STATUS_NOT_INITIALIZED == status) || (CUDNN_STATUS_NOT_SUPPORTED == ((status) / 1000 * 1000))
Warning: CUDNN_STATUS_NOT_SUPPORTED; Reason: ptr->isSupported()
Warning: CUDNN_STATUS_NOT_SUPPORTED; Reason: finalize_internal()

{""engineId"":4,""smVersion"":1200,""knobChoices"":{""CUDNN_KNOB_TYPE_KERNEL_CFG"":-1,""CUDNN_KNOB_TYPE_TILE_CGA_M"":-1,""CUDNN_KNOB_TYPE_STREAM_K"":-1,""CUDNN_KNOB_TYPE_TILE_M"":-1,""CUDNN_KNOB_TYPE_TILE_N"":-1}}
Warning: CUDNN_STATUS_NOT_SUPPORTED_GRAPH_PATTERN; Reason: KERNEL_CFG knob must be set at: kcfg_idx < 0
Warning: CUDNN_STATUS_NOT_SUPPORTED_GRAPH_PATTERN; Reason: resolveSDPAKernelConfig(getPerfKnobs(), opSet, *this->getDeviceProp(), getEngineName(), kcfg, chosen_knob)
Warning: CUDNN_STATUS_NOT_SUPPORTED_GRAPH_PATTERN; Reason: process_knob_choices()
Warning: CUDNN_STATUS_NOT_SUPPORTED; Reason: (CUDNN_STATUS_NOT_INITIALIZED == status) || (CUDNN_STATUS_NOT_SUPPORTED == ((status) / 1000 * 1000))
Warning: CUDNN_STATUS_NOT_SUPPORTED; Reason: ptr->isSupported()
Warning: CUDNN_STATUS_NOT_SUPPORTED; Reason: finalize_internal()

{""engineId"":5,""smVersion"":1200,""knobChoices"":{""CUDNN_KNOB_TYPE_STAGES"":-1,""CUDNN_KNOB_TYPE_KERNEL_CFG"":-1,""CUDNN_KNOB_TYPE_TILE_CGA_M"":-1,""CUDNN_KNOB_TYPE_STREAM_K"":-1,""CUDNN_KNOB_TYPE_TILE_M"":-1,""CUDNN_KNOB_TYPE_TILE_N"":-1}}
Warning: CUDNN_STATUS_NOT_SUPPORTED_ARCH_MISMATCH; Reason: only Blackwell is supported for this engine at: !(1000 <= deviceVer && deviceVer < 1200)
Warning: CUDNN_STATUS_NOT_SUPPORTED; Reason: (CUDNN_STATUS_NOT_INITIALIZED == status) || (CUDNN_STATUS_NOT_SUPPORTED == ((status) / 1000 * 1000))
Warning: CUDNN_STATUS_NOT_SUPPORTED; Reason: ptr->isSupported()
Warning: CUDNN_STATUS_NOT_SUPPORTED; Reason: finalize_internal()

{""engineId"":6,""smVersion"":1200,""knobChoices"":{""CUDNN_KNOB_TYPE_STAGES"":-1,""CUDNN_KNOB_TYPE_KERNEL_CFG"":-1,""CUDNN_KNOB_TYPE_TILE_CGA_M"":-1,""CUDNN_KNOB_TYPE_STREAM_K"":-1,""CUDNN_KNOB_TYPE_TILE_M"":-1,""CUDNN_KNOB_TYPE_TILE_N"":-1}}
Warning: CUDNN_STATUS_NOT_SUPPORTED_ARCH_MISMATCH; Reason: only Hopper is supported for this engine at: !(900 <= deviceVer && deviceVer < 1000)
Warning: CUDNN_STATUS_NOT_SUPPORTED; Reason: (CUDNN_STATUS_NOT_INITIALIZED == status) || (CUDNN_STATUS_NOT_SUPPORTED == ((status) / 1000 * 1000))
Warning: CUDNN_STATUS_NOT_SUPPORTED; Reason: ptr->isSupported()
Warning: CUDNN_STATUS_NOT_SUPPORTED; Reason: finalize_internal()

{""engineId"":7,""smVersion"":1200,""knobChoices"":{""CUDNN_KNOB_TYPE_STAGES"":-1,""CUDNN_KNOB_TYPE_KERNEL_CFG"":-1,""CUDNN_KNOB_TYPE_TILE_CGA_M"":-1,""CUDNN_KNOB_TYPE_STREAM_K"":-1,""CUDNN_KNOB_TYPE_TILE_M"":-1,""CUDNN_KNOB_TYPE_TILE_N"":-1}}
Warning: CUDNN_STATUS_NOT_SUPPORTED; Reason: The matmul should either be an entrance node or occur after the softmax and only allowed 2 at: true
Warning: CUDNN_STATUS_NOT_SUPPORTED; Reason: tag_mha_graph(graph, mha_mode, is_fp8)
Warning: CUDNN_STATUS_NOT_SUPPORTED; Reason: (CUDNN_STATUS_NOT_INITIALIZED == status) || (CUDNN_STATUS_NOT_SUPPORTED == ((status) / 1000 * 1000))
Warning: CUDNN_STATUS_NOT_SUPPORTED; Reason: ptr->isSupported()
Warning: CUDNN_STATUS_NOT_SUPPORTED; Reason: finalize_internal()

{""engineId"":20,""smVersion"":1200,""knobChoices"":{""CUDNN_KNOB_TYPE_STAGES"":-1,""CUDNN_KNOB_TYPE_KERNEL_CFG"":-1,""CUDNN_KNOB_TYPE_TILE_CGA_M"":-1,""CUDNN_KNOB_TYPE_STREAM_K"":-1,""CUDNN_KNOB_TYPE_TILE_M"":-1,""CUDNN_KNOB_TYPE_TILE_N"":-1}}
Warning: CUDNN_STATUS_NOT_SUPPORTED; Reason: The matmul should either be an entrance node or occur after the softmax and only allowed 2 at: true
Warning: CUDNN_STATUS_NOT_SUPPORTED; Reason: tag_mha_graph(graph, mha_mode, is_fp8)
Warning: CUDNN_STATUS_NOT_SUPPORTED; Reason: (CUDNN_STATUS_NOT_INITIALIZED == status) || (CUDNN_STATUS_NOT_SUPPORTED == ((status) / 1000 * 1000))
Warning: CUDNN_STATUS_NOT_SUPPORTED; Reason: ptr->isSupported()
Warning: CUDNN_STATUS_NOT_SUPPORTED; Reason: finalize_internal()

)

stdout: ",,,
kimi_k3,kimi_k3,cudnn,fp8,top_left,2,8192,8192,96,96,192,128,bwd,True,inf,0.000,0.000,10,,False,"Benchmark failed with return code 1.
stderr: Traceback (most recent call last):
  File ""/data/vagarwalla/rtx6000_bench/cudnn-frontend/benchmark/sdpa_benchmark_training/benchmark_single_sdpa.py"", line 749, in <module>
    graph_fwd.create_execution_plans([cudnn.heur_mode.A, cudnn.heur_mode.FALLBACK])
  File ""/data/vagarwalla/rtx6000_bench/venv/lib/python3.12/site-packages/cudnn/_pygraph.py"", line 882, in create_execution_plans
    raise cudnn_graph_not_supported(f""no engine — python or backend — proposed a plan for this graph{why}"")
cudnn._compiled_module.cudnnGraphNotSupportedError: no engine — python or backend — proposed a plan for this graph (the backend declined: No valid engine configs for ______________________
{""engineId"":0,""smVersion"":1200,""knobChoices"":{""CUDNN_KNOB_TYPE_KERNEL_CFG"":-1,""CUDNN_KNOB_TYPE_TILE_CGA_M"":-1,""CUDNN_KNOB_TYPE_STREAM_K"":-1,""CUDNN_KNOB_TYPE_TILE_M"":-1,""CUDNN_KNOB_TYPE_TILE_N"":-1}}
Warning: CUDNN_STATUS_NOT_SUPPORTED; Reason: The matmul should either be an entrance node or occur after the softmax and only allowed 2 at: true
Warning: CUDNN_STATUS_NOT_SUPPORTED; Reason: tag_mha_graph(graph, mha_mode, is_fp8)
Warning: CUDNN_STATUS_NOT_SUPPORTED; Reason: (CUDNN_STATUS_NOT_INITIALIZED == status) || (CUDNN_STATUS_NOT_SUPPORTED == ((status) / 1000 * 1000))
Warning: CUDNN_STATUS_NOT_SUPPORTED; Reason: ptr->isSupported()
Warning: CUDNN_STATUS_NOT_SUPPORTED; Reason: finalize_internal()

{""engineId"":1,""smVersion"":1200,""knobChoices"":{""CUDNN_KNOB_TYPE_KERNEL_CFG"":-1,""CUDNN_KNOB_TYPE_TILE_CGA_M"":-1,""CUDNN_KNOB_TYPE_STREAM_K"":-1,""CUDNN_KNOB_TYPE_TILE_M"":-1,""CUDNN_KNOB_TYPE_TILE_N"":-1}}
Warning: CUDNN_STATUS_NOT_SUPPORTED_GRAPH_PATTERN; Reason: KERNEL_CFG knob must be set at: kcfg_idx < 0
Warning: CUDNN_STATUS_NOT_SUPPORTED_GRAPH_PATTERN; Reason: resolveSDPAKernelConfig(getPerfKnobs(), opSet, *this->getDeviceProp(), getEngineName(), kcfg, chosen_knob)
Warning: CUDNN_STATUS_NOT_SUPPORTED_GRAPH_PATTERN; Reason: process_knob_choices()
Warning: CUDNN_STATUS_NOT_SUPPORTED; Reason: (CUDNN_STATUS_NOT_INITIALIZED == status) || (CUDNN_STATUS_NOT_SUPPORTED == ((status) / 1000 * 1000))
Warning: CUDNN_STATUS_NOT_SUPPORTED; Reason: ptr->isSupported()
Warning: CUDNN_STATUS_NOT_SUPPORTED; Reason: finalize_internal()

{""engineId"":2,""smVersion"":1200,""knobChoices"":{""CUDNN_KNOB_TYPE_KERNEL_CFG"":-1,""CUDNN_KNOB_TYPE_TILE_CGA_M"":-1,""CUDNN_KNOB_TYPE_STREAM_K"":-1,""CUDNN_KNOB_TYPE_TILE_M"":-1,""CUDNN_KNOB_TYPE_TILE_N"":-1}}
Warning: CUDNN_STATUS_NOT_SUPPORTED_ARCH_MISMATCH; Reason: only Hopper is supported for this engine at: !(900 <= deviceVer && deviceVer < 1000)
Warning: CUDNN_STATUS_NOT_SUPPORTED; Reason: (CUDNN_STATUS_NOT_INITIALIZED == status) || (CUDNN_STATUS_NOT_SUPPORTED == ((status) / 1000 * 1000))
Warning: CUDNN_STATUS_NOT_SUPPORTED; Reason: ptr->isSupported()
Warning: CUDNN_STATUS_NOT_SUPPORTED; Reason: finalize_internal()

{""engineId"":3,""smVersion"":1200,""knobChoices"":{""CUDNN_KNOB_TYPE_KERNEL_CFG"":-1,""CUDNN_KNOB_TYPE_TILE_CGA_M"":-1,""CUDNN_KNOB_TYPE_STREAM_K"":-1,""CUDNN_KNOB_TYPE_TILE_M"":-1,""CUDNN_KNOB_TYPE_TILE_N"":-1}}
Warning: CUDNN_STATUS_NOT_SUPPORTED_ARCH_MISMATCH; Reason: only Blackwell is supported for this engine at: !(1000 <= deviceVer && deviceVer < 1200)
Warning: CUDNN_STATUS_NOT_SUPPORTED; Reason: (CUDNN_STATUS_NOT_INITIALIZED == status) || (CUDNN_STATUS_NOT_SUPPORTED == ((status) / 1000 * 1000))
Warning: CUDNN_STATUS_NOT_SUPPORTED; Reason: ptr->isSupported()
Warning: CUDNN_STATUS_NOT_SUPPORTED; Reason: finalize_internal()

{""engineId"":4,""smVersion"":1200,""knobChoices"":{""CUDNN_KNOB_TYPE_KERNEL_CFG"":-1,""CUDNN_KNOB_TYPE_TILE_CGA_M"":-1,""CUDNN_KNOB_TYPE_STREAM_K"":-1,""CUDNN_KNOB_TYPE_TILE_M"":-1,""CUDNN_KNOB_TYPE_TILE_N"":-1}}
Warning: CUDNN_STATUS_NOT_SUPPORTED_GRAPH_PATTERN; Reason: KERNEL_CFG knob must be set at: kcfg_idx < 0
Warning: CUDNN_STATUS_NOT_SUPPORTED_GRAPH_PATTERN; Reason: resolveSDPAKernelConfig(getPerfKnobs(), opSet, *this->getDeviceProp(), getEngineName(), kcfg, chosen_knob)
Warning: CUDNN_STATUS_NOT_SUPPORTED_GRAPH_PATTERN; Reason: process_knob_choices()
Warning: CUDNN_STATUS_NOT_SUPPORTED; Reason: (CUDNN_STATUS_NOT_INITIALIZED == status) || (CUDNN_STATUS_NOT_SUPPORTED == ((status) / 1000 * 1000))
Warning: CUDNN_STATUS_NOT_SUPPORTED; Reason: ptr->isSupported()
Warning: CUDNN_STATUS_NOT_SUPPORTED; Reason: finalize_internal()

{""engineId"":5,""smVersion"":1200,""knobChoices"":{""CUDNN_KNOB_TYPE_STAGES"":-1,""CUDNN_KNOB_TYPE_KERNEL_CFG"":-1,""CUDNN_KNOB_TYPE_TILE_CGA_M"":-1,""CUDNN_KNOB_TYPE_STREAM_K"":-1,""CUDNN_KNOB_TYPE_TILE_M"":-1,""CUDNN_KNOB_TYPE_TILE_N"":-1}}
Warning: CUDNN_STATUS_NOT_SUPPORTED_ARCH_MISMATCH; Reason: only Blackwell is supported for this engine at: !(1000 <= deviceVer && deviceVer < 1200)
Warning: CUDNN_STATUS_NOT_SUPPORTED; Reason: (CUDNN_STATUS_NOT_INITIALIZED == status) || (CUDNN_STATUS_NOT_SUPPORTED == ((status) / 1000 * 1000))
Warning: CUDNN_STATUS_NOT_SUPPORTED; Reason: ptr->isSupported()
Warning: CUDNN_STATUS_NOT_SUPPORTED; Reason: finalize_internal()

{""engineId"":6,""smVersion"":1200,""knobChoices"":{""CUDNN_KNOB_TYPE_STAGES"":-1,""CUDNN_KNOB_TYPE_KERNEL_CFG"":-1,""CUDNN_KNOB_TYPE_TILE_CGA_M"":-1,""CUDNN_KNOB_TYPE_STREAM_K"":-1,""CUDNN_KNOB_TYPE_TILE_M"":-1,""CUDNN_KNOB_TYPE_TILE_N"":-1}}
Warning: CUDNN_STATUS_NOT_SUPPORTED_ARCH_MISMATCH; Reason: only Hopper is supported for this engine at: !(900 <= deviceVer && deviceVer < 1000)
Warning: CUDNN_STATUS_NOT_SUPPORTED; Reason: (CUDNN_STATUS_NOT_INITIALIZED == status) || (CUDNN_STATUS_NOT_SUPPORTED == ((status) / 1000 * 1000))
Warning: CUDNN_STATUS_NOT_SUPPORTED; Reason: ptr->isSupported()
Warning: CUDNN_STATUS_NOT_SUPPORTED; Reason: finalize_internal()

{""engineId"":7,""smVersion"":1200,""knobChoices"":{""CUDNN_KNOB_TYPE_STAGES"":-1,""CUDNN_KNOB_TYPE_KERNEL_CFG"":-1,""CUDNN_KNOB_TYPE_TILE_CGA_M"":-1,""CUDNN_KNOB_TYPE_STREAM_K"":-1,""CUDNN_KNOB_TYPE_TILE_M"":-1,""CUDNN_KNOB_TYPE_TILE_N"":-1}}
Warning: CUDNN_STATUS_NOT_SUPPORTED; Reason: The matmul should either be an entrance node or occur after the softmax and only allowed 2 at: true
Warning: CUDNN_STATUS_NOT_SUPPORTED; Reason: tag_mha_graph(graph, mha_mode, is_fp8)
Warning: CUDNN_STATUS_NOT_SUPPORTED; Reason: (CUDNN_STATUS_NOT_INITIALIZED == status) || (CUDNN_STATUS_NOT_SUPPORTED == ((status) / 1000 * 1000))
Warning: CUDNN_STATUS_NOT_SUPPORTED; Reason: ptr->isSupported()
Warning: CUDNN_STATUS_NOT_SUPPORTED; Reason: finalize_internal()

{""engineId"":20,""smVersion"":1200,""knobChoices"":{""CUDNN_KNOB_TYPE_STAGES"":-1,""CUDNN_KNOB_TYPE_KERNEL_CFG"":-1,""CUDNN_KNOB_TYPE_TILE_CGA_M"":-1,""CUDNN_KNOB_TYPE_STREAM_K"":-1,""CUDNN_KNOB_TYPE_TILE_M"":-1,""CUDNN_KNOB_TYPE_TILE_N"":-1}}
Warning: CUDNN_STATUS_NOT_SUPPORTED; Reason: The matmul should either be an entrance node or occur after the softmax and only allowed 2 at: true
Warning: CUDNN_STATUS_NOT_SUPPORTED; Reason: tag_mha_graph(graph, mha_mode, is_fp8)
Warning: CUDNN_STATUS_NOT_SUPPORTED; Reason: (CUDNN_STATUS_NOT_INITIALIZED == status) || (CUDNN_STATUS_NOT_SUPPORTED == ((status) / 1000 * 1000))
Warning: CUDNN_STATUS_NOT_SUPPORTED; Reason: ptr->isSupported()
Warning: CUDNN_STATUS_NOT_SUPPORTED; Reason: finalize_internal()

)

stdout: ",,,
kimi_k3,kimi_k3,cudnn,fp8,no_mask,2,8192,8192,96,96,192,128,fwd,False,inf,0.000,0.000,10,,False,"Benchmark failed with return code 1.
stderr: Traceback (most recent call last):
  File ""/data/vagarwalla/rtx6000_bench/cudnn-frontend/benchmark/sdpa_benchmark_training/benchmark_single_sdpa.py"", line 749, in <module>
    graph_fwd.create_execution_plans([cudnn.heur_mode.A, cudnn.heur_mode.FALLBACK])
  File ""/data/vagarwalla/rtx6000_bench/venv/lib/python3.12/site-packages/cudnn/_pygraph.py"", line 882, in create_execution_plans
    raise cudnn_graph_not_supported(f""no engine — python or backend — proposed a plan for this graph{why}"")
cudnn._compiled_module.cudnnGraphNotSupportedError: no engine — python or backend — proposed a plan for this graph (the backend declined: No valid engine configs for __________________
{""engineId"":0,""smVersion"":1200,""knobChoices"":{""CUDNN_KNOB_TYPE_KERNEL_CFG"":-1,""CUDNN_KNOB_TYPE_TILE_CGA_M"":-1,""CUDNN_KNOB_TYPE_STREAM_K"":-1,""CUDNN_KNOB_TYPE_TILE_M"":-1,""CUDNN_KNOB_TYPE_TILE_N"":-1}}
Warning: CUDNN_STATUS_NOT_SUPPORTED; Reason: The matmul should either be an entrance node or occur after the softmax and only allowed 2 at: true
Warning: CUDNN_STATUS_NOT_SUPPORTED; Reason: tag_mha_graph(graph, mha_mode, is_fp8)
Warning: CUDNN_STATUS_NOT_SUPPORTED; Reason: (CUDNN_STATUS_NOT_INITIALIZED == status) || (CUDNN_STATUS_NOT_SUPPORTED == ((status) / 1000 * 1000))
Warning: CUDNN_STATUS_NOT_SUPPORTED; Reason: ptr->isSupported()
Warning: CUDNN_STATUS_NOT_SUPPORTED; Reason: finalize_internal()

{""engineId"":1,""smVersion"":1200,""knobChoices"":{""CUDNN_KNOB_TYPE_KERNEL_CFG"":-1,""CUDNN_KNOB_TYPE_TILE_CGA_M"":-1,""CUDNN_KNOB_TYPE_STREAM_K"":-1,""CUDNN_KNOB_TYPE_TILE_M"":-1,""CUDNN_KNOB_TYPE_TILE_N"":-1}}
Warning: CUDNN_STATUS_NOT_SUPPORTED_GRAPH_PATTERN; Reason: KERNEL_CFG knob must be set at: kcfg_idx < 0
Warning: CUDNN_STATUS_NOT_SUPPORTED_GRAPH_PATTERN; Reason: resolveSDPAKernelConfig(getPerfKnobs(), opSet, *this->getDeviceProp(), getEngineName(), kcfg, chosen_knob)
Warning: CUDNN_STATUS_NOT_SUPPORTED_GRAPH_PATTERN; Reason: process_knob_choices()
Warning: CUDNN_STATUS_NOT_SUPPORTED; Reason: (CUDNN_STATUS_NOT_INITIALIZED == status) || (CUDNN_STATUS_NOT_SUPPORTED == ((status) / 1000 * 1000))
Warning: CUDNN_STATUS_NOT_SUPPORTED; Reason: ptr->isSupported()
Warning: CUDNN_STATUS_NOT_SUPPORTED; Reason: finalize_internal()

{""engineId"":2,""smVersion"":1200,""knobChoices"":{""CUDNN_KNOB_TYPE_KERNEL_CFG"":-1,""CUDNN_KNOB_TYPE_TILE_CGA_M"":-1,""CUDNN_KNOB_TYPE_STREAM_K"":-1,""CUDNN_KNOB_TYPE_TILE_M"":-1,""CUDNN_KNOB_TYPE_TILE_N"":-1}}
Warning: CUDNN_STATUS_NOT_SUPPORTED_ARCH_MISMATCH; Reason: only Hopper is supported for this engine at: !(900 <= deviceVer && deviceVer < 1000)
Warning: CUDNN_STATUS_NOT_SUPPORTED; Reason: (CUDNN_STATUS_NOT_INITIALIZED == status) || (CUDNN_STATUS_NOT_SUPPORTED == ((status) / 1000 * 1000))
Warning: CUDNN_STATUS_NOT_SUPPORTED; Reason: ptr->isSupported()
Warning: CUDNN_STATUS_NOT_SUPPORTED; Reason: finalize_internal()

{""engineId"":3,""smVersion"":1200,""knobChoices"":{""CUDNN_KNOB_TYPE_KERNEL_CFG"":-1,""CUDNN_KNOB_TYPE_TILE_CGA_M"":-1,""CUDNN_KNOB_TYPE_STREAM_K"":-1,""CUDNN_KNOB_TYPE_TILE_M"":-1,""CUDNN_KNOB_TYPE_TILE_N"":-1}}
Warning: CUDNN_STATUS_NOT_SUPPORTED_ARCH_MISMATCH; Reason: only Blackwell is supported for this engine at: !(1000 <= deviceVer && deviceVer < 1200)
Warning: CUDNN_STATUS_NOT_SUPPORTED; Reason: (CUDNN_STATUS_NOT_INITIALIZED == status) || (CUDNN_STATUS_NOT_SUPPORTED == ((status) / 1000 * 1000))
Warning: CUDNN_STATUS_NOT_SUPPORTED; Reason: ptr->isSupported()
Warning: CUDNN_STATUS_NOT_SUPPORTED; Reason: finalize_internal()

{""engineId"":4,""smVersion"":1200,""knobChoices"":{""CUDNN_KNOB_TYPE_KERNEL_CFG"":-1,""CUDNN_KNOB_TYPE_TILE_CGA_M"":-1,""CUDNN_KNOB_TYPE_STREAM_K"":-1,""CUDNN_KNOB_TYPE_TILE_M"":-1,""CUDNN_KNOB_TYPE_TILE_N"":-1}}
Warning: CUDNN_STATUS_NOT_SUPPORTED_GRAPH_PATTERN; Reason: KERNEL_CFG knob must be set at: kcfg_idx < 0
Warning: CUDNN_STATUS_NOT_SUPPORTED_GRAPH_PATTERN; Reason: resolveSDPAKernelConfig(getPerfKnobs(), opSet, *this->getDeviceProp(), getEngineName(), kcfg, chosen_knob)
Warning: CUDNN_STATUS_NOT_SUPPORTED_GRAPH_PATTERN; Reason: process_knob_choices()
Warning: CUDNN_STATUS_NOT_SUPPORTED; Reason: (CUDNN_STATUS_NOT_INITIALIZED == status) || (CUDNN_STATUS_NOT_SUPPORTED == ((status) / 1000 * 1000))
Warning: CUDNN_STATUS_NOT_SUPPORTED; Reason: ptr->isSupported()
Warning: CUDNN_STATUS_NOT_SUPPORTED; Reason: finalize_internal()

{""engineId"":5,""smVersion"":1200,""knobChoices"":{""CUDNN_KNOB_TYPE_STAGES"":-1,""CUDNN_KNOB_TYPE_KERNEL_CFG"":-1,""CUDNN_KNOB_TYPE_TILE_CGA_M"":-1,""CUDNN_KNOB_TYPE_STREAM_K"":-1,""CUDNN_KNOB_TYPE_TILE_M"":-1,""CUDNN_KNOB_TYPE_TILE_N"":-1}}
Warning: CUDNN_STATUS_NOT_SUPPORTED_ARCH_MISMATCH; Reason: only Blackwell is supported for this engine at: !(1000 <= deviceVer && deviceVer < 1200)
Warning: CUDNN_STATUS_NOT_SUPPORTED; Reason: (CUDNN_STATUS_NOT_INITIALIZED == status) || (CUDNN_STATUS_NOT_SUPPORTED == ((status) / 1000 * 1000))
Warning: CUDNN_STATUS_NOT_SUPPORTED; Reason: ptr->isSupported()
Warning: CUDNN_STATUS_NOT_SUPPORTED; Reason: finalize_internal()

{""engineId"":6,""smVersion"":1200,""knobChoices"":{""CUDNN_KNOB_TYPE_STAGES"":-1,""CUDNN_KNOB_TYPE_KERNEL_CFG"":-1,""CUDNN_KNOB_TYPE_TILE_CGA_M"":-1,""CUDNN_KNOB_TYPE_STREAM_K"":-1,""CUDNN_KNOB_TYPE_TILE_M"":-1,""CUDNN_KNOB_TYPE_TILE_N"":-1}}
Warning: CUDNN_STATUS_NOT_SUPPORTED_ARCH_MISMATCH; Reason: only Hopper is supported for this engine at: !(900 <= deviceVer && deviceVer < 1000)
Warning: CUDNN_STATUS_NOT_SUPPORTED; Reason: (CUDNN_STATUS_NOT_INITIALIZED == status) || (CUDNN_STATUS_NOT_SUPPORTED == ((status) / 1000 * 1000))
Warning: CUDNN_STATUS_NOT_SUPPORTED; Reason: ptr->isSupported()
Warning: CUDNN_STATUS_NOT_SUPPORTED; Reason: finalize_internal()

{""engineId"":7,""smVersion"":1200,""knobChoices"":{""CUDNN_KNOB_TYPE_STAGES"":-1,""CUDNN_KNOB_TYPE_KERNEL_CFG"":-1,""CUDNN_KNOB_TYPE_TILE_CGA_M"":-1,""CUDNN_KNOB_TYPE_STREAM_K"":-1,""CUDNN_KNOB_TYPE_TILE_M"":-1,""CUDNN_KNOB_TYPE_TILE_N"":-1}}
Warning: CUDNN_STATUS_NOT_SUPPORTED; Reason: The matmul should either be an entrance node or occur after the softmax and only allowed 2 at: true
Warning: CUDNN_STATUS_NOT_SUPPORTED; Reason: tag_mha_graph(graph, mha_mode, is_fp8)
Warning: CUDNN_STATUS_NOT_SUPPORTED; Reason: (CUDNN_STATUS_NOT_INITIALIZED == status) || (CUDNN_STATUS_NOT_SUPPORTED == ((status) / 1000 * 1000))
Warning: CUDNN_STATUS_NOT_SUPPORTED; Reason: ptr->isSupported()
Warning: CUDNN_STATUS_NOT_SUPPORTED; Reason: finalize_internal()

{""engineId"":20,""smVersion"":1200,""knobChoices"":{""CUDNN_KNOB_TYPE_STAGES"":-1,""CUDNN_KNOB_TYPE_KERNEL_CFG"":-1,""CUDNN_KNOB_TYPE_TILE_CGA_M"":-1,""CUDNN_KNOB_TYPE_STREAM_K"":-1,""CUDNN_KNOB_TYPE_TILE_M"":-1,""CUDNN_KNOB_TYPE_TILE_N"":-1}}
Warning: CUDNN_STATUS_NOT_SUPPORTED; Reason: The matmul should either be an entrance node or occur after the softmax and only allowed 2 at: true
Warning: CUDNN_STATUS_NOT_SUPPORTED; Reason: tag_mha_graph(graph, mha_mode, is_fp8)
Warning: CUDNN_STATUS_NOT_SUPPORTED; Reason: (CUDNN_STATUS_NOT_INITIALIZED == status) || (CUDNN_STATUS_NOT_SUPPORTED == ((status) / 1000 * 1000))
Warning: CUDNN_STATUS_NOT_SUPPORTED; Reason: ptr->isSupported()
Warning: CUDNN_STATUS_NOT_SUPPORTED; Reason: finalize_internal()

)

stdout: ",,,
kimi_k3,kimi_k3,cudnn,fp8,no_mask,2,8192,8192,96,96,192,128,bwd,False,inf,0.000,0.000,10,,False,"Benchmark failed with return code 1.
stderr: Traceback (most recent call last):
  File ""/data/vagarwalla/rtx6000_bench/cudnn-frontend/benchmark/sdpa_benchmark_training/benchmark_single_sdpa.py"", line 749, in <module>
    graph_fwd.create_execution_plans([cudnn.heur_mode.A, cudnn.heur_mode.FALLBACK])
  File ""/data/vagarwalla/rtx6000_bench/venv/lib/python3.12/site-packages/cudnn/_pygraph.py"", line 882, in create_execution_plans
    raise cudnn_graph_not_supported(f""no engine — python or backend — proposed a plan for this graph{why}"")
cudnn._compiled_module.cudnnGraphNotSupportedError: no engine — python or backend — proposed a plan for this graph (the backend declined: No valid engine configs for __________________
{""engineId"":0,""smVersion"":1200,""knobChoices"":{""CUDNN_KNOB_TYPE_KERNEL_CFG"":-1,""CUDNN_KNOB_TYPE_TILE_CGA_M"":-1,""CUDNN_KNOB_TYPE_STREAM_K"":-1,""CUDNN_KNOB_TYPE_TILE_M"":-1,""CUDNN_KNOB_TYPE_TILE_N"":-1}}
Warning: CUDNN_STATUS_NOT_SUPPORTED; Reason: The matmul should either be an entrance node or occur after the softmax and only allowed 2 at: true
Warning: CUDNN_STATUS_NOT_SUPPORTED; Reason: tag_mha_graph(graph, mha_mode, is_fp8)
Warning: CUDNN_STATUS_NOT_SUPPORTED; Reason: (CUDNN_STATUS_NOT_INITIALIZED == status) || (CUDNN_STATUS_NOT_SUPPORTED == ((status) / 1000 * 1000))
Warning: CUDNN_STATUS_NOT_SUPPORTED; Reason: ptr->isSupported()
Warning: CUDNN_STATUS_NOT_SUPPORTED; Reason: finalize_internal()

{""engineId"":1,""smVersion"":1200,""knobChoices"":{""CUDNN_KNOB_TYPE_KERNEL_CFG"":-1,""CUDNN_KNOB_TYPE_TILE_CGA_M"":-1,""CUDNN_KNOB_TYPE_STREAM_K"":-1,""CUDNN_KNOB_TYPE_TILE_M"":-1,""CUDNN_KNOB_TYPE_TILE_N"":-1}}
Warning: CUDNN_STATUS_NOT_SUPPORTED_GRAPH_PATTERN; Reason: KERNEL_CFG knob must be set at: kcfg_idx < 0
Warning: CUDNN_STATUS_NOT_SUPPORTED_GRAPH_PATTERN; Reason: resolveSDPAKernelConfig(getPerfKnobs(), opSet, *this->getDeviceProp(), getEngineName(), kcfg, chosen_knob)
Warning: CUDNN_STATUS_NOT_SUPPORTED_GRAPH_PATTERN; Reason: process_knob_choices()
Warning: CUDNN_STATUS_NOT_SUPPORTED; Reason: (CUDNN_STATUS_NOT_INITIALIZED == status) || (CUDNN_STATUS_NOT_SUPPORTED == ((status) / 1000 * 1000))
Warning: CUDNN_STATUS_NOT_SUPPORTED; Reason: ptr->isSupported()
Warning: CUDNN_STATUS_NOT_SUPPORTED; Reason: finalize_internal()

{""engineId"":2,""smVersion"":1200,""knobChoices"":{""CUDNN_KNOB_TYPE_KERNEL_CFG"":-1,""CUDNN_KNOB_TYPE_TILE_CGA_M"":-1,""CUDNN_KNOB_TYPE_STREAM_K"":-1,""CUDNN_KNOB_TYPE_TILE_M"":-1,""CUDNN_KNOB_TYPE_TILE_N"":-1}}
Warning: CUDNN_STATUS_NOT_SUPPORTED_ARCH_MISMATCH; Reason: only Hopper is supported for this engine at: !(900 <= deviceVer && deviceVer < 1000)
Warning: CUDNN_STATUS_NOT_SUPPORTED; Reason: (CUDNN_STATUS_NOT_INITIALIZED == status) || (CUDNN_STATUS_NOT_SUPPORTED == ((status) / 1000 * 1000))
Warning: CUDNN_STATUS_NOT_SUPPORTED; Reason: ptr->isSupported()
Warning: CUDNN_STATUS_NOT_SUPPORTED; Reason: finalize_internal()

{""engineId"":3,""smVersion"":1200,""knobChoices"":{""CUDNN_KNOB_TYPE_KERNEL_CFG"":-1,""CUDNN_KNOB_TYPE_TILE_CGA_M"":-1,""CUDNN_KNOB_TYPE_STREAM_K"":-1,""CUDNN_KNOB_TYPE_TILE_M"":-1,""CUDNN_KNOB_TYPE_TILE_N"":-1}}
Warning: CUDNN_STATUS_NOT_SUPPORTED_ARCH_MISMATCH; Reason: only Blackwell is supported for this engine at: !(1000 <= deviceVer && deviceVer < 1200)
Warning: CUDNN_STATUS_NOT_SUPPORTED; Reason: (CUDNN_STATUS_NOT_INITIALIZED == status) || (CUDNN_STATUS_NOT_SUPPORTED == ((status) / 1000 * 1000))
Warning: CUDNN_STATUS_NOT_SUPPORTED; Reason: ptr->isSupported()
Warning: CUDNN_STATUS_NOT_SUPPORTED; Reason: finalize_internal()

{""engineId"":4,""smVersion"":1200,""knobChoices"":{""CUDNN_KNOB_TYPE_KERNEL_CFG"":-1,""CUDNN_KNOB_TYPE_TILE_CGA_M"":-1,""CUDNN_KNOB_TYPE_STREAM_K"":-1,""CUDNN_KNOB_TYPE_TILE_M"":-1,""CUDNN_KNOB_TYPE_TILE_N"":-1}}
Warning: CUDNN_STATUS_NOT_SUPPORTED_GRAPH_PATTERN; Reason: KERNEL_CFG knob must be set at: kcfg_idx < 0
Warning: CUDNN_STATUS_NOT_SUPPORTED_GRAPH_PATTERN; Reason: resolveSDPAKernelConfig(getPerfKnobs(), opSet, *this->getDeviceProp(), getEngineName(), kcfg, chosen_knob)
Warning: CUDNN_STATUS_NOT_SUPPORTED_GRAPH_PATTERN; Reason: process_knob_choices()
Warning: CUDNN_STATUS_NOT_SUPPORTED; Reason: (CUDNN_STATUS_NOT_INITIALIZED == status) || (CUDNN_STATUS_NOT_SUPPORTED == ((status) / 1000 * 1000))
Warning: CUDNN_STATUS_NOT_SUPPORTED; Reason: ptr->isSupported()
Warning: CUDNN_STATUS_NOT_SUPPORTED; Reason: finalize_internal()

{""engineId"":5,""smVersion"":1200,""knobChoices"":{""CUDNN_KNOB_TYPE_STAGES"":-1,""CUDNN_KNOB_TYPE_KERNEL_CFG"":-1,""CUDNN_KNOB_TYPE_TILE_CGA_M"":-1,""CUDNN_KNOB_TYPE_STREAM_K"":-1,""CUDNN_KNOB_TYPE_TILE_M"":-1,""CUDNN_KNOB_TYPE_TILE_N"":-1}}
Warning: CUDNN_STATUS_NOT_SUPPORTED_ARCH_MISMATCH; Reason: only Blackwell is supported for this engine at: !(1000 <= deviceVer && deviceVer < 1200)
Warning: CUDNN_STATUS_NOT_SUPPORTED; Reason: (CUDNN_STATUS_NOT_INITIALIZED == status) || (CUDNN_STATUS_NOT_SUPPORTED == ((status) / 1000 * 1000))
Warning: CUDNN_STATUS_NOT_SUPPORTED; Reason: ptr->isSupported()
Warning: CUDNN_STATUS_NOT_SUPPORTED; Reason: finalize_internal()

{""engineId"":6,""smVersion"":1200,""knobChoices"":{""CUDNN_KNOB_TYPE_STAGES"":-1,""CUDNN_KNOB_TYPE_KERNEL_CFG"":-1,""CUDNN_KNOB_TYPE_TILE_CGA_M"":-1,""CUDNN_KNOB_TYPE_STREAM_K"":-1,""CUDNN_KNOB_TYPE_TILE_M"":-1,""CUDNN_KNOB_TYPE_TILE_N"":-1}}
Warning: CUDNN_STATUS_NOT_SUPPORTED_ARCH_MISMATCH; Reason: only Hopper is supported for this engine at: !(900 <= deviceVer && deviceVer < 1000)
Warning: CUDNN_STATUS_NOT_SUPPORTED; Reason: (CUDNN_STATUS_NOT_INITIALIZED == status) || (CUDNN_STATUS_NOT_SUPPORTED == ((status) / 1000 * 1000))
Warning: CUDNN_STATUS_NOT_SUPPORTED; Reason: ptr->isSupported()
Warning: CUDNN_STATUS_NOT_SUPPORTED; Reason: finalize_internal()

{""engineId"":7,""smVersion"":1200,""knobChoices"":{""CUDNN_KNOB_TYPE_STAGES"":-1,""CUDNN_KNOB_TYPE_KERNEL_CFG"":-1,""CUDNN_KNOB_TYPE_TILE_CGA_M"":-1,""CUDNN_KNOB_TYPE_STREAM_K"":-1,""CUDNN_KNOB_TYPE_TILE_M"":-1,""CUDNN_KNOB_TYPE_TILE_N"":-1}}
Warning: CUDNN_STATUS_NOT_SUPPORTED; Reason: The matmul should either be an entrance node or occur after the softmax and only allowed 2 at: true
Warning: CUDNN_STATUS_NOT_SUPPORTED; Reason: tag_mha_graph(graph, mha_mode, is_fp8)
Warning: CUDNN_STATUS_NOT_SUPPORTED; Reason: (CUDNN_STATUS_NOT_INITIALIZED == status) || (CUDNN_STATUS_NOT_SUPPORTED == ((status) / 1000 * 1000))
Warning: CUDNN_STATUS_NOT_SUPPORTED; Reason: ptr->isSupported()
Warning: CUDNN_STATUS_NOT_SUPPORTED; Reason: finalize_internal()

{""engineId"":20,""smVersion"":1200,""knobChoices"":{""CUDNN_KNOB_TYPE_STAGES"":-1,""CUDNN_KNOB_TYPE_KERNEL_CFG"":-1,""CUDNN_KNOB_TYPE_TILE_CGA_M"":-1,""CUDNN_KNOB_TYPE_STREAM_K"":-1,""CUDNN_KNOB_TYPE_TILE_M"":-1,""CUDNN_KNOB_TYPE_TILE_N"":-1}}
Warning: CUDNN_STATUS_NOT_SUPPORTED; Reason: The matmul should either be an entrance node or occur after the softmax and only allowed 2 at: true
Warning: CUDNN_STATUS_NOT_SUPPORTED; Reason: tag_mha_graph(graph, mha_mode, is_fp8)
Warning: CUDNN_STATUS_NOT_SUPPORTED; Reason: (CUDNN_STATUS_NOT_INITIALIZED == status) || (CUDNN_STATUS_NOT_SUPPORTED == ((status) / 1000 * 1000))
Warning: CUDNN_STATUS_NOT_SUPPORTED; Reason: ptr->isSupported()
Warning: CUDNN_STATUS_NOT_SUPPORTED; Reason: finalize_internal()

)

stdout: ",,,
kimi_k3,kimi_k3,cudnn,fp8,no_mask,2,8192,8192,96,96,192,128,bwd,True,inf,0.000,0.000,10,,False,"Benchmark failed with return code 1.
stderr: Traceback (most recent call last):
  File ""/data/vagarwalla/rtx6000_bench/cudnn-frontend/benchmark/sdpa_benchmark_training/benchmark_single_sdpa.py"", line 749, in <module>
    graph_fwd.create_execution_plans([cudnn.heur_mode.A, cudnn.heur_mode.FALLBACK])
  File ""/data/vagarwalla/rtx6000_bench/venv/lib/python3.12/site-packages/cudnn/_pygraph.py"", line 882, in create_execution_plans
    raise cudnn_graph_not_supported(f""no engine — python or backend — proposed a plan for this graph{why}"")
cudnn._compiled_module.cudnnGraphNotSupportedError: no engine — python or backend — proposed a plan for this graph (the backend declined: No valid engine configs for __________________
{""engineId"":0,""smVersion"":1200,""knobChoices"":{""CUDNN_KNOB_TYPE_KERNEL_CFG"":-1,""CUDNN_KNOB_TYPE_TILE_CGA_M"":-1,""CUDNN_KNOB_TYPE_STREAM_K"":-1,""CUDNN_KNOB_TYPE_TILE_M"":-1,""CUDNN_KNOB_TYPE_TILE_N"":-1}}
Warning: CUDNN_STATUS_NOT_SUPPORTED; Reason: The matmul should either be an entrance node or occur after the softmax and only allowed 2 at: true
Warning: CUDNN_STATUS_NOT_SUPPORTED; Reason: tag_mha_graph(graph, mha_mode, is_fp8)
Warning: CUDNN_STATUS_NOT_SUPPORTED; Reason: (CUDNN_STATUS_NOT_INITIALIZED == status) || (CUDNN_STATUS_NOT_SUPPORTED == ((status) / 1000 * 1000))
Warning: CUDNN_STATUS_NOT_SUPPORTED; Reason: ptr->isSupported()
Warning: CUDNN_STATUS_NOT_SUPPORTED; Reason: finalize_internal()

{""engineId"":1,""smVersion"":1200,""knobChoices"":{""CUDNN_KNOB_TYPE_KERNEL_CFG"":-1,""CUDNN_KNOB_TYPE_TILE_CGA_M"":-1,""CUDNN_KNOB_TYPE_STREAM_K"":-1,""CUDNN_KNOB_TYPE_TILE_M"":-1,""CUDNN_KNOB_TYPE_TILE_N"":-1}}
Warning: CUDNN_STATUS_NOT_SUPPORTED_GRAPH_PATTERN; Reason: KERNEL_CFG knob must be set at: kcfg_idx < 0
Warning: CUDNN_STATUS_NOT_SUPPORTED_GRAPH_PATTERN; Reason: resolveSDPAKernelConfig(getPerfKnobs(), opSet, *this->getDeviceProp(), getEngineName(), kcfg, chosen_knob)
Warning: CUDNN_STATUS_NOT_SUPPORTED_GRAPH_PATTERN; Reason: process_knob_choices()
Warning: CUDNN_STATUS_NOT_SUPPORTED; Reason: (CUDNN_STATUS_NOT_INITIALIZED == status) || (CUDNN_STATUS_NOT_SUPPORTED == ((status) / 1000 * 1000))
Warning: CUDNN_STATUS_NOT_SUPPORTED; Reason: ptr->isSupported()
Warning: CUDNN_STATUS_NOT_SUPPORTED; Reason: finalize_internal()

{""engineId"":2,""smVersion"":1200,""knobChoices"":{""CUDNN_KNOB_TYPE_KERNEL_CFG"":-1,""CUDNN_KNOB_TYPE_TILE_CGA_M"":-1,""CUDNN_KNOB_TYPE_STREAM_K"":-1,""CUDNN_KNOB_TYPE_TILE_M"":-1,""CUDNN_KNOB_TYPE_TILE_N"":-1}}
Warning: CUDNN_STATUS_NOT_SUPPORTED_ARCH_MISMATCH; Reason: only Hopper is supported for this engine at: !(900 <= deviceVer && deviceVer < 1000)
Warning: CUDNN_STATUS_NOT_SUPPORTED; Reason: (CUDNN_STATUS_NOT_INITIALIZED == status) || (CUDNN_STATUS_NOT_SUPPORTED == ((status) / 1000 * 1000))
Warning: CUDNN_STATUS_NOT_SUPPORTED; Reason: ptr->isSupported()
Warning: CUDNN_STATUS_NOT_SUPPORTED; Reason: finalize_internal()

{""engineId"":3,""smVersion"":1200,""knobChoices"":{""CUDNN_KNOB_TYPE_KERNEL_CFG"":-1,""CUDNN_KNOB_TYPE_TILE_CGA_M"":-1,""CUDNN_KNOB_TYPE_STREAM_K"":-1,""CUDNN_KNOB_TYPE_TILE_M"":-1,""CUDNN_KNOB_TYPE_TILE_N"":-1}}
Warning: CUDNN_STATUS_NOT_SUPPORTED_ARCH_MISMATCH; Reason: only Blackwell is supported for this engine at: !(1000 <= deviceVer && deviceVer < 1200)
Warning: CUDNN_STATUS_NOT_SUPPORTED; Reason: (CUDNN_STATUS_NOT_INITIALIZED == status) || (CUDNN_STATUS_NOT_SUPPORTED == ((status) / 1000 * 1000))
Warning: CUDNN_STATUS_NOT_SUPPORTED; Reason: ptr->isSupported()
Warning: CUDNN_STATUS_NOT_SUPPORTED; Reason: finalize_internal()

{""engineId"":4,""smVersion"":1200,""knobChoices"":{""CUDNN_KNOB_TYPE_KERNEL_CFG"":-1,""CUDNN_KNOB_TYPE_TILE_CGA_M"":-1,""CUDNN_KNOB_TYPE_STREAM_K"":-1,""CUDNN_KNOB_TYPE_TILE_M"":-1,""CUDNN_KNOB_TYPE_TILE_N"":-1}}
Warning: CUDNN_STATUS_NOT_SUPPORTED_GRAPH_PATTERN; Reason: KERNEL_CFG knob must be set at: kcfg_idx < 0
Warning: CUDNN_STATUS_NOT_SUPPORTED_GRAPH_PATTERN; Reason: resolveSDPAKernelConfig(getPerfKnobs(), opSet, *this->getDeviceProp(), getEngineName(), kcfg, chosen_knob)
Warning: CUDNN_STATUS_NOT_SUPPORTED_GRAPH_PATTERN; Reason: process_knob_choices()
Warning: CUDNN_STATUS_NOT_SUPPORTED; Reason: (CUDNN_STATUS_NOT_INITIALIZED == status) || (CUDNN_STATUS_NOT_SUPPORTED == ((status) / 1000 * 1000))
Warning: CUDNN_STATUS_NOT_SUPPORTED; Reason: ptr->isSupported()
Warning: CUDNN_STATUS_NOT_SUPPORTED; Reason: finalize_internal()

{""engineId"":5,""smVersion"":1200,""knobChoices"":{""CUDNN_KNOB_TYPE_STAGES"":-1,""CUDNN_KNOB_TYPE_KERNEL_CFG"":-1,""CUDNN_KNOB_TYPE_TILE_CGA_M"":-1,""CUDNN_KNOB_TYPE_STREAM_K"":-1,""CUDNN_KNOB_TYPE_TILE_M"":-1,""CUDNN_KNOB_TYPE_TILE_N"":-1}}
Warning: CUDNN_STATUS_NOT_SUPPORTED_ARCH_MISMATCH; Reason: only Blackwell is supported for this engine at: !(1000 <= deviceVer && deviceVer < 1200)
Warning: CUDNN_STATUS_NOT_SUPPORTED; Reason: (CUDNN_STATUS_NOT_INITIALIZED == status) || (CUDNN_STATUS_NOT_SUPPORTED == ((status) / 1000 * 1000))
Warning: CUDNN_STATUS_NOT_SUPPORTED; Reason: ptr->isSupported()
Warning: CUDNN_STATUS_NOT_SUPPORTED; Reason: finalize_internal()

{""engineId"":6,""smVersion"":1200,""knobChoices"":{""CUDNN_KNOB_TYPE_STAGES"":-1,""CUDNN_KNOB_TYPE_KERNEL_CFG"":-1,""CUDNN_KNOB_TYPE_TILE_CGA_M"":-1,""CUDNN_KNOB_TYPE_STREAM_K"":-1,""CUDNN_KNOB_TYPE_TILE_M"":-1,""CUDNN_KNOB_TYPE_TILE_N"":-1}}
Warning: CUDNN_STATUS_NOT_SUPPORTED_ARCH_MISMATCH; Reason: only Hopper is supported for this engine at: !(900 <= deviceVer && deviceVer < 1000)
Warning: CUDNN_STATUS_NOT_SUPPORTED; Reason: (CUDNN_STATUS_NOT_INITIALIZED == status) || (CUDNN_STATUS_NOT_SUPPORTED == ((status) / 1000 * 1000))
Warning: CUDNN_STATUS_NOT_SUPPORTED; Reason: ptr->isSupported()
Warning: CUDNN_STATUS_NOT_SUPPORTED; Reason: finalize_internal()

{""engineId"":7,""smVersion"":1200,""knobChoices"":{""CUDNN_KNOB_TYPE_STAGES"":-1,""CUDNN_KNOB_TYPE_KERNEL_CFG"":-1,""CUDNN_KNOB_TYPE_TILE_CGA_M"":-1,""CUDNN_KNOB_TYPE_STREAM_K"":-1,""CUDNN_KNOB_TYPE_TILE_M"":-1,""CUDNN_KNOB_TYPE_TILE_N"":-1}}
Warning: CUDNN_STATUS_NOT_SUPPORTED; Reason: The matmul should either be an entrance node or occur after the softmax and only allowed 2 at: true
Warning: CUDNN_STATUS_NOT_SUPPORTED; Reason: tag_mha_graph(graph, mha_mode, is_fp8)
Warning: CUDNN_STATUS_NOT_SUPPORTED; Reason: (CUDNN_STATUS_NOT_INITIALIZED == status) || (CUDNN_STATUS_NOT_SUPPORTED == ((status) / 1000 * 1000))
Warning: CUDNN_STATUS_NOT_SUPPORTED; Reason: ptr->isSupported()
Warning: CUDNN_STATUS_NOT_SUPPORTED; Reason: finalize_internal()

{""engineId"":20,""smVersion"":1200,""knobChoices"":{""CUDNN_KNOB_TYPE_STAGES"":-1,""CUDNN_KNOB_TYPE_KERNEL_CFG"":-1,""CUDNN_KNOB_TYPE_TILE_CGA_M"":-1,""CUDNN_KNOB_TYPE_STREAM_K"":-1,""CUDNN_KNOB_TYPE_TILE_M"":-1,""CUDNN_KNOB_TYPE_TILE_N"":-1}}
Warning: CUDNN_STATUS_NOT_SUPPORTED; Reason: The matmul should either be an entrance node or occur after the softmax and only allowed 2 at: true
Warning: CUDNN_STATUS_NOT_SUPPORTED; Reason: tag_mha_graph(graph, mha_mode, is_fp8)
Warning: CUDNN_STATUS_NOT_SUPPORTED; Reason: (CUDNN_STATUS_NOT_INITIALIZED == status) || (CUDNN_STATUS_NOT_SUPPORTED == ((status) / 1000 * 1000))
Warning: CUDNN_STATUS_NOT_SUPPORTED; Reason: ptr->isSupported()
Warning: CUDNN_STATUS_NOT_SUPPORTED; Reason: finalize_internal()

)

stdout: ",,,
kimi_k3,kimi_k3,cudnn,mxfp8,top_left,2,8192,8192,96,96,192,128,fwd,False,inf,0.000,0.000,10,,False,"Benchmark failed with return code 1.
stderr: Traceback (most recent call last):
  File ""/data/vagarwalla/rtx6000_bench/cudnn-frontend/benchmark/sdpa_benchmark_training/benchmark_single_sdpa.py"", line 747, in <module>
    graph_fwd.validate()
  File ""/data/vagarwalla/rtx6000_bench/venv/lib/python3.12/site-packages/cudnn/_pygraph.py"", line 776, in validate
    self._lowered_graph.validate()
cudnn._compiled_module.cudnnGraphNotSupportedError: MXFP8 SDPA is only supported on Blackwell Data Center architectures.

stdout: ",,,
kimi_k3,kimi_k3,cudnn,mxfp8,top_left,2,8192,8192,96,96,192,128,bwd,False,inf,0.000,0.000,10,,False,"Benchmark failed with return code 1.
stderr: Traceback (most recent call last):
  File ""/data/vagarwalla/rtx6000_bench/cudnn-frontend/benchmark/sdpa_benchmark_training/benchmark_single_sdpa.py"", line 747, in <module>
    graph_fwd.validate()
  File ""/data/vagarwalla/rtx6000_bench/venv/lib/python3.12/site-packages/cudnn/_pygraph.py"", line 776, in validate
    self._lowered_graph.validate()
cudnn._compiled_module.cudnnGraphNotSupportedError: MXFP8 SDPA is only supported on Blackwell Data Center architectures.

stdout: ",,,
kimi_k3,kimi_k3,cudnn,mxfp8,top_left,2,8192,8192,96,96,192,128,bwd,True,inf,0.000,0.000,10,,False,"Benchmark failed with return code 1.
stderr: Traceback (most recent call last):
  File ""/data/vagarwalla/rtx6000_bench/cudnn-frontend/benchmark/sdpa_benchmark_training/benchmark_single_sdpa.py"", line 747, in <module>
    graph_fwd.validate()
  File ""/data/vagarwalla/rtx6000_bench/venv/lib/python3.12/site-packages/cudnn/_pygraph.py"", line 776, in validate
    self._lowered_graph.validate()
cudnn._compiled_module.cudnnGraphNotSupportedError: MXFP8 SDPA is only supported on Blackwell Data Center architectures.

stdout: ",,,
kimi_k3,kimi_k3,cudnn,mxfp8,no_mask,2,8192,8192,96,96,192,128,fwd,False,inf,0.000,0.000,10,,False,"Benchmark failed with return code 1.
stderr: Traceback (most recent call last):
  File ""/data/vagarwalla/rtx6000_bench/cudnn-frontend/benchmark/sdpa_benchmark_training/benchmark_single_sdpa.py"", line 747, in <module>
    graph_fwd.validate()
  File ""/data/vagarwalla/rtx6000_bench/venv/lib/python3.12/site-packages/cudnn/_pygraph.py"", line 776, in validate
    self._lowered_graph.validate()
cudnn._compiled_module.cudnnGraphNotSupportedError: MXFP8 SDPA is only supported on Blackwell Data Center architectures.

stdout: ",,,
kimi_k3,kimi_k3,cudnn,mxfp8,no_mask,2,8192,8192,96,96,192,128,bwd,False,inf,0.000,0.000,10,,False,"Benchmark failed with return code 1.
stderr: Traceback (most recent call last):
  File ""/data/vagarwalla/rtx6000_bench/cudnn-frontend/benchmark/sdpa_benchmark_training/benchmark_single_sdpa.py"", line 747, in <module>
    graph_fwd.validate()
  File ""/data/vagarwalla/rtx6000_bench/venv/lib/python3.12/site-packages/cudnn/_pygraph.py"", line 776, in validate
    self._lowered_graph.validate()
cudnn._compiled_module.cudnnGraphNotSupportedError: MXFP8 SDPA is only supported on Blackwell Data Center architectures.

stdout: ",,,
kimi_k3,kimi_k3,cudnn,mxfp8,no_mask,2,8192,8192,96,96,192,128,bwd,True,inf,0.000,0.000,10,,False,"Benchmark failed with return code 1.
stderr: Traceback (most recent call last):
  File ""/data/vagarwalla/rtx6000_bench/cudnn-frontend/benchmark/sdpa_benchmark_training/benchmark_single_sdpa.py"", line 747, in <module>
    graph_fwd.validate()
  File ""/data/vagarwalla/rtx6000_bench/venv/lib/python3.12/site-packages/cudnn/_pygraph.py"", line 776, in validate
    self._lowered_graph.validate()
cudnn._compiled_module.cudnnGraphNotSupportedError: MXFP8 SDPA is only supported on Blackwell Data Center architectures.

stdout: ",,,
kimi_k3,kimi_k3,flash_attention_4,bfloat16,top_left,2,8192,8192,96,96,192,128,fwd,False,inf,0.000,0.000,10,,False,"Benchmark failed with return code 1.
stderr: Traceback (most recent call last):
  File ""/data/vagarwalla/rtx6000_bench/cudnn-frontend/benchmark/sdpa_benchmark_training/benchmark_single_sdpa.py"", line 1195, in <module>
    import flash_attn.cute.interface as flash_attn_interface
  File ""/data/vagarwalla/rtx6000_bench/venv/lib/python3.12/site-packages/flash_attn/cute/__init__.py"", line 3, in <module>
    from .interface import (
  File ""/data/vagarwalla/rtx6000_bench/venv/lib/python3.12/site-packages/flash_attn/cute/interface.py"", line 33, in <module>
    from flash_attn.cute import utils
  File ""/data/vagarwalla/rtx6000_bench/venv/lib/python3.12/site-packages/flash_attn/cute/utils.py"", line 44, in <module>
    smem: cute.Tensor, thr_mma: cute.core.ThrMma, swapAB: cutlass.Constexpr[bool] = False
                                ^^^^^^^^^^^^^^^^
AttributeError: module 'cutlass.cute.core' has no attribute 'ThrMma'

stdout: ",,,
kimi_k3,kimi_k3,flash_attention_4,bfloat16,top_left,2,8192,8192,96,96,192,128,bwd,False,inf,0.000,0.000,10,,False,"Benchmark failed with return code 1.
stderr: Traceback (most recent call last):
  File ""/data/vagarwalla/rtx6000_bench/cudnn-frontend/benchmark/sdpa_benchmark_training/benchmark_single_sdpa.py"", line 1195, in <module>
    import flash_attn.cute.interface as flash_attn_interface
  File ""/data/vagarwalla/rtx6000_bench/venv/lib/python3.12/site-packages/flash_attn/cute/__init__.py"", line 3, in <module>
    from .interface import (
  File ""/data/vagarwalla/rtx6000_bench/venv/lib/python3.12/site-packages/flash_attn/cute/interface.py"", line 33, in <module>
    from flash_attn.cute import utils
  File ""/data/vagarwalla/rtx6000_bench/venv/lib/python3.12/site-packages/flash_attn/cute/utils.py"", line 44, in <module>
    smem: cute.Tensor, thr_mma: cute.core.ThrMma, swapAB: cutlass.Constexpr[bool] = False
                                ^^^^^^^^^^^^^^^^
AttributeError: module 'cutlass.cute.core' has no attribute 'ThrMma'

stdout: ",,,
kimi_k3,kimi_k3,flash_attention_4,bfloat16,top_left,2,8192,8192,96,96,192,128,bwd,True,inf,0.000,0.000,10,,False,"Benchmark failed with return code 1.
stderr: Traceback (most recent call last):
  File ""/data/vagarwalla/rtx6000_bench/cudnn-frontend/benchmark/sdpa_benchmark_training/benchmark_single_sdpa.py"", line 1195, in <module>
    import flash_attn.cute.interface as flash_attn_interface
  File ""/data/vagarwalla/rtx6000_bench/venv/lib/python3.12/site-packages/flash_attn/cute/__init__.py"", line 3, in <module>
    from .interface import (
  File ""/data/vagarwalla/rtx6000_bench/venv/lib/python3.12/site-packages/flash_attn/cute/interface.py"", line 33, in <module>
    from flash_attn.cute import utils
  File ""/data/vagarwalla/rtx6000_bench/venv/lib/python3.12/site-packages/flash_attn/cute/utils.py"", line 44, in <module>
    smem: cute.Tensor, thr_mma: cute.core.ThrMma, swapAB: cutlass.Constexpr[bool] = False
                                ^^^^^^^^^^^^^^^^
AttributeError: module 'cutlass.cute.core' has no attribute 'ThrMma'

stdout: ",,,
kimi_k3,kimi_k3,flash_attention_4,bfloat16,no_mask,2,8192,8192,96,96,192,128,fwd,False,inf,0.000,0.000,10,,False,"Benchmark failed with return code 1.
stderr: Traceback (most recent call last):
  File ""/data/vagarwalla/rtx6000_bench/cudnn-frontend/benchmark/sdpa_benchmark_training/benchmark_single_sdpa.py"", line 1195, in <module>
    import flash_attn.cute.interface as flash_attn_interface
  File ""/data/vagarwalla/rtx6000_bench/venv/lib/python3.12/site-packages/flash_attn/cute/__init__.py"", line 3, in <module>
    from .interface import (
  File ""/data/vagarwalla/rtx6000_bench/venv/lib/python3.12/site-packages/flash_attn/cute/interface.py"", line 33, in <module>
    from flash_attn.cute import utils
  File ""/data/vagarwalla/rtx6000_bench/venv/lib/python3.12/site-packages/flash_attn/cute/utils.py"", line 44, in <module>
    smem: cute.Tensor, thr_mma: cute.core.ThrMma, swapAB: cutlass.Constexpr[bool] = False
                                ^^^^^^^^^^^^^^^^
AttributeError: module 'cutlass.cute.core' has no attribute 'ThrMma'

stdout: ",,,
kimi_k3,kimi_k3,flash_attention_4,bfloat16,no_mask,2,8192,8192,96,96,192,128,bwd,False,inf,0.000,0.000,10,,False,"Benchmark failed with return code 1.
stderr: Traceback (most recent call last):
  File ""/data/vagarwalla/rtx6000_bench/cudnn-frontend/benchmark/sdpa_benchmark_training/benchmark_single_sdpa.py"", line 1195, in <module>
    import flash_attn.cute.interface as flash_attn_interface
  File ""/data/vagarwalla/rtx6000_bench/venv/lib/python3.12/site-packages/flash_attn/cute/__init__.py"", line 3, in <module>
    from .interface import (
  File ""/data/vagarwalla/rtx6000_bench/venv/lib/python3.12/site-packages/flash_attn/cute/interface.py"", line 33, in <module>
    from flash_attn.cute import utils
  File ""/data/vagarwalla/rtx6000_bench/venv/lib/python3.12/site-packages/flash_attn/cute/utils.py"", line 44, in <module>
    smem: cute.Tensor, thr_mma: cute.core.ThrMma, swapAB: cutlass.Constexpr[bool] = False
                                ^^^^^^^^^^^^^^^^
AttributeError: module 'cutlass.cute.core' has no attribute 'ThrMma'

stdout: ",,,
kimi_k3,kimi_k3,flash_attention_4,bfloat16,no_mask,2,8192,8192,96,96,192,128,bwd,True,inf,0.000,0.000,10,,False,"Benchmark failed with return code 1.
stderr: Traceback (most recent call last):
  File ""/data/vagarwalla/rtx6000_bench/cudnn-frontend/benchmark/sdpa_benchmark_training/benchmark_single_sdpa.py"", line 1195, in <module>
    import flash_attn.cute.interface as flash_attn_interface
  File ""/data/vagarwalla/rtx6000_bench/venv/lib/python3.12/site-packages/flash_attn/cute/__init__.py"", line 3, in <module>
    from .interface import (
  File ""/data/vagarwalla/rtx6000_bench/venv/lib/python3.12/site-packages/flash_attn/cute/interface.py"", line 33, in <module>
    from flash_attn.cute import utils
  File ""/data/vagarwalla/rtx6000_bench/venv/lib/python3.12/site-packages/flash_attn/cute/utils.py"", line 44, in <module>
    smem: cute.Tensor, thr_mma: cute.core.ThrMma, swapAB: cutlass.Constexpr[bool] = False
                                ^^^^^^^^^^^^^^^^
AttributeError: module 'cutlass.cute.core' has no attribute 'ThrMma'

stdout: ",,,
kimi_k3,kimi_k3,cudnn,bfloat16,top_left,2,4096,4096,96,96,192,128,fwd,False,4.722,218.000,0.000,10,,True,,NVIDIA RTX PRO 6000 Blackwell Server Edition,1.27.0,92400.000
kimi_k3,kimi_k3,cudnn,bfloat16,top_left,2,4096,4096,96,96,192,128,bwd,False,inf,0.000,0.000,10,,False,"Benchmark failed with return code 1.
stderr: Traceback (most recent call last):
  File ""/data/vagarwalla/rtx6000_bench/cudnn-frontend/benchmark/sdpa_benchmark_training/benchmark_single_sdpa.py"", line 971, in <module>
    graph_bwd.validate()
  File ""/data/vagarwalla/rtx6000_bench/venv/lib/python3.12/site-packages/cudnn/_pygraph.py"", line 776, in validate
    self._lowered_graph.validate()
cudnn._compiled_module.cudnnGraphNotSupportedError: Num hidden_dim should be less than or equal to 128 and hidden_dim should be multiple of 8

stdout: ",,,
kimi_k3,kimi_k3,cudnn,bfloat16,top_left,2,4096,4096,96,96,192,128,bwd,True,inf,0.000,0.000,10,,False,"Benchmark failed with return code 1.
stderr: Traceback (most recent call last):
  File ""/data/vagarwalla/rtx6000_bench/cudnn-frontend/benchmark/sdpa_benchmark_training/benchmark_single_sdpa.py"", line 971, in <module>
    graph_bwd.validate()
  File ""/data/vagarwalla/rtx6000_bench/venv/lib/python3.12/site-packages/cudnn/_pygraph.py"", line 776, in validate
    self._lowered_graph.validate()
cudnn._compiled_module.cudnnGraphNotSupportedError: Num hidden_dim should be less than or equal to 128 and hidden_dim should be multiple of 8

stdout: ",,,
kimi_k3,kimi_k3,cudnn,bfloat16,no_mask,2,4096,4096,96,96,192,128,fwd,False,18.417,112.000,0.000,10,,True,,NVIDIA RTX PRO 6000 Blackwell Server Edition,1.27.0,92400.000
kimi_k3,kimi_k3,cudnn,bfloat16,no_mask,2,4096,4096,96,96,192,128,bwd,False,inf,0.000,0.000,10,,False,"Benchmark failed with return code 1.
stderr: Traceback (most recent call last):
  File ""/data/vagarwalla/rtx6000_bench/cudnn-frontend/benchmark/sdpa_benchmark_training/benchmark_single_sdpa.py"", line 971, in <module>
    graph_bwd.validate()
  File ""/data/vagarwalla/rtx6000_bench/venv/lib/python3.12/site-packages/cudnn/_pygraph.py"", line 776, in validate
    self._lowered_graph.validate()
cudnn._compiled_module.cudnnGraphNotSupportedError: Num hidden_dim should be less than or equal to 128 and hidden_dim should be multiple of 8

stdout: ",,,
kimi_k3,kimi_k3,cudnn,bfloat16,no_mask,2,4096,4096,96,96,192,128,bwd,True,inf,0.000,0.000,10,,False,"Benchmark failed with return code 1.
stderr: Traceback (most recent call last):
  File ""/data/vagarwalla/rtx6000_bench/cudnn-frontend/benchmark/sdpa_benchmark_training/benchmark_single_sdpa.py"", line 971, in <module>
    graph_bwd.validate()
  File ""/data/vagarwalla/rtx6000_bench/venv/lib/python3.12/site-packages/cudnn/_pygraph.py"", line 776, in validate
    self._lowered_graph.validate()
cudnn._compiled_module.cudnnGraphNotSupportedError: Num hidden_dim should be less than or equal to 128 and hidden_dim should be multiple of 8

stdout: ",,,
kimi_k3,kimi_k3,cudnn,fp8,top_left,2,4096,4096,96,96,192,128,fwd,False,inf,0.000,0.000,10,,False,"Benchmark failed with return code 1.
stderr: Traceback (most recent call last):
  File ""/data/vagarwalla/rtx6000_bench/cudnn-frontend/benchmark/sdpa_benchmark_training/benchmark_single_sdpa.py"", line 749, in <module>
    graph_fwd.create_execution_plans([cudnn.heur_mode.A, cudnn.heur_mode.FALLBACK])
  File ""/data/vagarwalla/rtx6000_bench/venv/lib/python3.12/site-packages/cudnn/_pygraph.py"", line 882, in create_execution_plans
    raise cudnn_graph_not_supported(f""no engine — python or backend — proposed a plan for this graph{why}"")
cudnn._compiled_module.cudnnGraphNotSupportedError: no engine — python or backend — proposed a plan for this graph (the backend declined: No valid engine configs for ______________________
{""engineId"":0,""smVersion"":1200,""knobChoices"":{""CUDNN_KNOB_TYPE_KERNEL_CFG"":-1,""CUDNN_KNOB_TYPE_TILE_CGA_M"":-1,""CUDNN_KNOB_TYPE_STREAM_K"":-1,""CUDNN_KNOB_TYPE_TILE_M"":-1,""CUDNN_KNOB_TYPE_TILE_N"":-1}}
Warning: CUDNN_STATUS_NOT_SUPPORTED; Reason: The matmul should either be an entrance node or occur after the softmax and only allowed 2 at: true
Warning: CUDNN_STATUS_NOT_SUPPORTED; Reason: tag_mha_graph(graph, mha_mode, is_fp8)
Warning: CUDNN_STATUS_NOT_SUPPORTED; Reason: (CUDNN_STATUS_NOT_INITIALIZED == status) || (CUDNN_STATUS_NOT_SUPPORTED == ((status) / 1000 * 1000))
Warning: CUDNN_STATUS_NOT_SUPPORTED; Reason: ptr->isSupported()
Warning: CUDNN_STATUS_NOT_SUPPORTED; Reason: finalize_internal()

{""engineId"":1,""smVersion"":1200,""knobChoices"":{""CUDNN_KNOB_TYPE_KERNEL_CFG"":-1,""CUDNN_KNOB_TYPE_TILE_CGA_M"":-1,""CUDNN_KNOB_TYPE_STREAM_K"":-1,""CUDNN_KNOB_TYPE_TILE_M"":-1,""CUDNN_KNOB_TYPE_TILE_N"":-1}}
Warning: CUDNN_STATUS_NOT_SUPPORTED_GRAPH_PATTERN; Reason: KERNEL_CFG knob must be set at: kcfg_idx < 0
Warning: CUDNN_STATUS_NOT_SUPPORTED_GRAPH_PATTERN; Reason: resolveSDPAKernelConfig(getPerfKnobs(), opSet, *this->getDeviceProp(), getEngineName(), kcfg, chosen_knob)
Warning: CUDNN_STATUS_NOT_SUPPORTED_GRAPH_PATTERN; Reason: process_knob_choices()
Warning: CUDNN_STATUS_NOT_SUPPORTED; Reason: (CUDNN_STATUS_NOT_INITIALIZED == status) || (CUDNN_STATUS_NOT_SUPPORTED == ((status) / 1000 * 1000))
Warning: CUDNN_STATUS_NOT_SUPPORTED; Reason: ptr->isSupported()
Warning: CUDNN_STATUS_NOT_SUPPORTED; Reason: finalize_internal()

{""engineId"":2,""smVersion"":1200,""knobChoices"":{""CUDNN_KNOB_TYPE_KERNEL_CFG"":-1,""CUDNN_KNOB_TYPE_TILE_CGA_M"":-1,""CUDNN_KNOB_TYPE_STREAM_K"":-1,""CUDNN_KNOB_TYPE_TILE_M"":-1,""CUDNN_KNOB_TYPE_TILE_N"":-1}}
Warning: CUDNN_STATUS_NOT_SUPPORTED_ARCH_MISMATCH; Reason: only Hopper is supported for this engine at: !(900 <= deviceVer && deviceVer < 1000)
Warning: CUDNN_STATUS_NOT_SUPPORTED; Reason: (CUDNN_STATUS_NOT_INITIALIZED == status) || (CUDNN_STATUS_NOT_SUPPORTED == ((status) / 1000 * 1000))
Warning: CUDNN_STATUS_NOT_SUPPORTED; Reason: ptr->isSupported()
Warning: CUDNN_STATUS_NOT_SUPPORTED; Reason: finalize_internal()

{""engineId"":3,""smVersion"":1200,""knobChoices"":{""CUDNN_KNOB_TYPE_KERNEL_CFG"":-1,""CUDNN_KNOB_TYPE_TILE_CGA_M"":-1,""CUDNN_KNOB_TYPE_STREAM_K"":-1,""CUDNN_KNOB_TYPE_TILE_M"":-1,""CUDNN_KNOB_TYPE_TILE_N"":-1}}
Warning: CUDNN_STATUS_NOT_SUPPORTED_ARCH_MISMATCH; Reason: only Blackwell is supported for this engine at: !(1000 <= deviceVer && deviceVer < 1200)
Warning: CUDNN_STATUS_NOT_SUPPORTED; Reason: (CUDNN_STATUS_NOT_INITIALIZED == status) || (CUDNN_STATUS_NOT_SUPPORTED == ((status) / 1000 * 1000))
Warning: CUDNN_STATUS_NOT_SUPPORTED; Reason: ptr->isSupported()
Warning: CUDNN_STATUS_NOT_SUPPORTED; Reason: finalize_internal()

{""engineId"":4,""smVersion"":1200,""knobChoices"":{""CUDNN_KNOB_TYPE_KERNEL_CFG"":-1,""CUDNN_KNOB_TYPE_TILE_CGA_M"":-1,""CUDNN_KNOB_TYPE_STREAM_K"":-1,""CUDNN_KNOB_TYPE_TILE_M"":-1,""CUDNN_KNOB_TYPE_TILE_N"":-1}}
Warning: CUDNN_STATUS_NOT_SUPPORTED_GRAPH_PATTERN; Reason: KERNEL_CFG knob must be set at: kcfg_idx < 0
Warning: CUDNN_STATUS_NOT_SUPPORTED_GRAPH_PATTERN; Reason: resolveSDPAKernelConfig(getPerfKnobs(), opSet, *this->getDeviceProp(), getEngineName(), kcfg, chosen_knob)
Warning: CUDNN_STATUS_NOT_SUPPORTED_GRAPH_PATTERN; Reason: process_knob_choices()
Warning: CUDNN_STATUS_NOT_SUPPORTED; Reason: (CUDNN_STATUS_NOT_INITIALIZED == status) || (CUDNN_STATUS_NOT_SUPPORTED == ((status) / 1000 * 1000))
Warning: CUDNN_STATUS_NOT_SUPPORTED; Reason: ptr->isSupported()
Warning: CUDNN_STATUS_NOT_SUPPORTED; Reason: finalize_internal()

{""engineId"":5,""smVersion"":1200,""knobChoices"":{""CUDNN_KNOB_TYPE_STAGES"":-1,""CUDNN_KNOB_TYPE_KERNEL_CFG"":-1,""CUDNN_KNOB_TYPE_TILE_CGA_M"":-1,""CUDNN_KNOB_TYPE_STREAM_K"":-1,""CUDNN_KNOB_TYPE_TILE_M"":-1,""CUDNN_KNOB_TYPE_TILE_N"":-1}}
Warning: CUDNN_STATUS_NOT_SUPPORTED_ARCH_MISMATCH; Reason: only Blackwell is supported for this engine at: !(1000 <= deviceVer && deviceVer < 1200)
Warning: CUDNN_STATUS_NOT_SUPPORTED; Reason: (CUDNN_STATUS_NOT_INITIALIZED == status) || (CUDNN_STATUS_NOT_SUPPORTED == ((status) / 1000 * 1000))
Warning: CUDNN_STATUS_NOT_SUPPORTED; Reason: ptr->isSupported()
Warning: CUDNN_STATUS_NOT_SUPPORTED; Reason: finalize_internal()

{""engineId"":6,""smVersion"":1200,""knobChoices"":{""CUDNN_KNOB_TYPE_STAGES"":-1,""CUDNN_KNOB_TYPE_KERNEL_CFG"":-1,""CUDNN_KNOB_TYPE_TILE_CGA_M"":-1,""CUDNN_KNOB_TYPE_STREAM_K"":-1,""CUDNN_KNOB_TYPE_TILE_M"":-1,""CUDNN_KNOB_TYPE_TILE_N"":-1}}
Warning: CUDNN_STATUS_NOT_SUPPORTED_ARCH_MISMATCH; Reason: only Hopper is supported for this engine at: !(900 <= deviceVer && deviceVer < 1000)
Warning: CUDNN_STATUS_NOT_SUPPORTED; Reason: (CUDNN_STATUS_NOT_INITIALIZED == status) || (CUDNN_STATUS_NOT_SUPPORTED == ((status) / 1000 * 1000))
Warning: CUDNN_STATUS_NOT_SUPPORTED; Reason: ptr->isSupported()
Warning: CUDNN_STATUS_NOT_SUPPORTED; Reason: finalize_internal()

{""engineId"":7,""smVersion"":1200,""knobChoices"":{""CUDNN_KNOB_TYPE_STAGES"":-1,""CUDNN_KNOB_TYPE_KERNEL_CFG"":-1,""CUDNN_KNOB_TYPE_TILE_CGA_M"":-1,""CUDNN_KNOB_TYPE_STREAM_K"":-1,""CUDNN_KNOB_TYPE_TILE_M"":-1,""CUDNN_KNOB_TYPE_TILE_N"":-1}}
Warning: CUDNN_STATUS_NOT_SUPPORTED; Reason: The matmul should either be an entrance node or occur after the softmax and only allowed 2 at: true
Warning: CUDNN_STATUS_NOT_SUPPORTED; Reason: tag_mha_graph(graph, mha_mode, is_fp8)
Warning: CUDNN_STATUS_NOT_SUPPORTED; Reason: (CUDNN_STATUS_NOT_INITIALIZED == status) || (CUDNN_STATUS_NOT_SUPPORTED == ((status) / 1000 * 1000))
Warning: CUDNN_STATUS_NOT_SUPPORTED; Reason: ptr->isSupported()
Warning: CUDNN_STATUS_NOT_SUPPORTED; Reason: finalize_internal()

{""engineId"":20,""smVersion"":1200,""knobChoices"":{""CUDNN_KNOB_TYPE_STAGES"":-1,""CUDNN_KNOB_TYPE_KERNEL_CFG"":-1,""CUDNN_KNOB_TYPE_TILE_CGA_M"":-1,""CUDNN_KNOB_TYPE_STREAM_K"":-1,""CUDNN_KNOB_TYPE_TILE_M"":-1,""CUDNN_KNOB_TYPE_TILE_N"":-1}}
Warning: CUDNN_STATUS_NOT_SUPPORTED; Reason: The matmul should either be an entrance node or occur after the softmax and only allowed 2 at: true
Warning: CUDNN_STATUS_NOT_SUPPORTED; Reason: tag_mha_graph(graph, mha_mode, is_fp8)
Warning: CUDNN_STATUS_NOT_SUPPORTED; Reason: (CUDNN_STATUS_NOT_INITIALIZED == status) || (CUDNN_STATUS_NOT_SUPPORTED == ((status) / 1000 * 1000))
Warning: CUDNN_STATUS_NOT_SUPPORTED; Reason: ptr->isSupported()
Warning: CUDNN_STATUS_NOT_SUPPORTED; Reason: finalize_internal()

)

stdout: ",,,
kimi_k3,kimi_k3,cudnn,fp8,top_left,2,4096,4096,96,96,192,128,bwd,False,inf,0.000,0.000,10,,False,"Benchmark failed with return code 1.
stderr: Traceback (most recent call last):
  File ""/data/vagarwalla/rtx6000_bench/cudnn-frontend/benchmark/sdpa_benchmark_training/benchmark_single_sdpa.py"", line 749, in <module>
    graph_fwd.create_execution_plans([cudnn.heur_mode.A, cudnn.heur_mode.FALLBACK])
  File ""/data/vagarwalla/rtx6000_bench/venv/lib/python3.12/site-packages/cudnn/_pygraph.py"", line 882, in create_execution_plans
    raise cudnn_graph_not_supported(f""no engine — python or backend — proposed a plan for this graph{why}"")
cudnn._compiled_module.cudnnGraphNotSupportedError: no engine — python or backend — proposed a plan for this graph (the backend declined: No valid engine configs for ______________________
{""engineId"":0,""smVersion"":1200,""knobChoices"":{""CUDNN_KNOB_TYPE_KERNEL_CFG"":-1,""CUDNN_KNOB_TYPE_TILE_CGA_M"":-1,""CUDNN_KNOB_TYPE_STREAM_K"":-1,""CUDNN_KNOB_TYPE_TILE_M"":-1,""CUDNN_KNOB_TYPE_TILE_N"":-1}}
Warning: CUDNN_STATUS_NOT_SUPPORTED; Reason: The matmul should either be an entrance node or occur after the softmax and only allowed 2 at: true
Warning: CUDNN_STATUS_NOT_SUPPORTED; Reason: tag_mha_graph(graph, mha_mode, is_fp8)
Warning: CUDNN_STATUS_NOT_SUPPORTED; Reason: (CUDNN_STATUS_NOT_INITIALIZED == status) || (CUDNN_STATUS_NOT_SUPPORTED == ((status) / 1000 * 1000))
Warning: CUDNN_STATUS_NOT_SUPPORTED; Reason: ptr->isSupported()
Warning: CUDNN_STATUS_NOT_SUPPORTED; Reason: finalize_internal()

{""engineId"":1,""smVersion"":1200,""knobChoices"":{""CUDNN_KNOB_TYPE_KERNEL_CFG"":-1,""CUDNN_KNOB_TYPE_TILE_CGA_M"":-1,""CUDNN_KNOB_TYPE_STREAM_K"":-1,""CUDNN_KNOB_TYPE_TILE_M"":-1,""CUDNN_KNOB_TYPE_TILE_N"":-1}}
Warning: CUDNN_STATUS_NOT_SUPPORTED_GRAPH_PATTERN; Reason: KERNEL_CFG knob must be set at: kcfg_idx < 0
Warning: CUDNN_STATUS_NOT_SUPPORTED_GRAPH_PATTERN; Reason: resolveSDPAKernelConfig(getPerfKnobs(), opSet, *this->getDeviceProp(), getEngineName(), kcfg, chosen_knob)
Warning: CUDNN_STATUS_NOT_SUPPORTED_GRAPH_PATTERN; Reason: process_knob_choices()
Warning: CUDNN_STATUS_NOT_SUPPORTED; Reason: (CUDNN_STATUS_NOT_INITIALIZED == status) || (CUDNN_STATUS_NOT_SUPPORTED == ((status) / 1000 * 1000))
Warning: CUDNN_STATUS_NOT_SUPPORTED; Reason: ptr->isSupported()
Warning: CUDNN_STATUS_NOT_SUPPORTED; Reason: finalize_internal()

{""engineId"":2,""smVersion"":1200,""knobChoices"":{""CUDNN_KNOB_TYPE_KERNEL_CFG"":-1,""CUDNN_KNOB_TYPE_TILE_CGA_M"":-1,""CUDNN_KNOB_TYPE_STREAM_K"":-1,""CUDNN_KNOB_TYPE_TILE_M"":-1,""CUDNN_KNOB_TYPE_TILE_N"":-1}}
Warning: CUDNN_STATUS_NOT_SUPPORTED_ARCH_MISMATCH; Reason: only Hopper is supported for this engine at: !(900 <= deviceVer && deviceVer < 1000)
Warning: CUDNN_STATUS_NOT_SUPPORTED; Reason: (CUDNN_STATUS_NOT_INITIALIZED == status) || (CUDNN_STATUS_NOT_SUPPORTED == ((status) / 1000 * 1000))
Warning: CUDNN_STATUS_NOT_SUPPORTED; Reason: ptr->isSupported()
Warning: CUDNN_STATUS_NOT_SUPPORTED; Reason: finalize_internal()

{""engineId"":3,""smVersion"":1200,""knobChoices"":{""CUDNN_KNOB_TYPE_KERNEL_CFG"":-1,""CUDNN_KNOB_TYPE_TILE_CGA_M"":-1,""CUDNN_KNOB_TYPE_STREAM_K"":-1,""CUDNN_KNOB_TYPE_TILE_M"":-1,""CUDNN_KNOB_TYPE_TILE_N"":-1}}
Warning: CUDNN_STATUS_NOT_SUPPORTED_ARCH_MISMATCH; Reason: only Blackwell is supported for this engine at: !(1000 <= deviceVer && deviceVer < 1200)
Warning: CUDNN_STATUS_NOT_SUPPORTED; Reason: (CUDNN_STATUS_NOT_INITIALIZED == status) || (CUDNN_STATUS_NOT_SUPPORTED == ((status) / 1000 * 1000))
Warning: CUDNN_STATUS_NOT_SUPPORTED; Reason: ptr->isSupported()
Warning: CUDNN_STATUS_NOT_SUPPORTED; Reason: finalize_internal()

{""engineId"":4,""smVersion"":1200,""knobChoices"":{""CUDNN_KNOB_TYPE_KERNEL_CFG"":-1,""CUDNN_KNOB_TYPE_TILE_CGA_M"":-1,""CUDNN_KNOB_TYPE_STREAM_K"":-1,""CUDNN_KNOB_TYPE_TILE_M"":-1,""CUDNN_KNOB_TYPE_TILE_N"":-1}}
Warning: CUDNN_STATUS_NOT_SUPPORTED_GRAPH_PATTERN; Reason: KERNEL_CFG knob must be set at: kcfg_idx < 0
Warning: CUDNN_STATUS_NOT_SUPPORTED_GRAPH_PATTERN; Reason: resolveSDPAKernelConfig(getPerfKnobs(), opSet, *this->getDeviceProp(), getEngineName(), kcfg, chosen_knob)
Warning: CUDNN_STATUS_NOT_SUPPORTED_GRAPH_PATTERN; Reason: process_knob_choices()
Warning: CUDNN_STATUS_NOT_SUPPORTED; Reason: (CUDNN_STATUS_NOT_INITIALIZED == status) || (CUDNN_STATUS_NOT_SUPPORTED == ((status) / 1000 * 1000))
Warning: CUDNN_STATUS_NOT_SUPPORTED; Reason: ptr->isSupported()
Warning: CUDNN_STATUS_NOT_SUPPORTED; Reason: finalize_internal()

{""engineId"":5,""smVersion"":1200,""knobChoices"":{""CUDNN_KNOB_TYPE_STAGES"":-1,""CUDNN_KNOB_TYPE_KERNEL_CFG"":-1,""CUDNN_KNOB_TYPE_TILE_CGA_M"":-1,""CUDNN_KNOB_TYPE_STREAM_K"":-1,""CUDNN_KNOB_TYPE_TILE_M"":-1,""CUDNN_KNOB_TYPE_TILE_N"":-1}}
Warning: CUDNN_STATUS_NOT_SUPPORTED_ARCH_MISMATCH; Reason: only Blackwell is supported for this engine at: !(1000 <= deviceVer && deviceVer < 1200)
Warning: CUDNN_STATUS_NOT_SUPPORTED; Reason: (CUDNN_STATUS_NOT_INITIALIZED == status) || (CUDNN_STATUS_NOT_SUPPORTED == ((status) / 1000 * 1000))
Warning: CUDNN_STATUS_NOT_SUPPORTED; Reason: ptr->isSupported()
Warning: CUDNN_STATUS_NOT_SUPPORTED; Reason: finalize_internal()

{""engineId"":6,""smVersion"":1200,""knobChoices"":{""CUDNN_KNOB_TYPE_STAGES"":-1,""CUDNN_KNOB_TYPE_KERNEL_CFG"":-1,""CUDNN_KNOB_TYPE_TILE_CGA_M"":-1,""CUDNN_KNOB_TYPE_STREAM_K"":-1,""CUDNN_KNOB_TYPE_TILE_M"":-1,""CUDNN_KNOB_TYPE_TILE_N"":-1}}
Warning: CUDNN_STATUS_NOT_SUPPORTED_ARCH_MISMATCH; Reason: only Hopper is supported for this engine at: !(900 <= deviceVer && deviceVer < 1000)
Warning: CUDNN_STATUS_NOT_SUPPORTED; Reason: (CUDNN_STATUS_NOT_INITIALIZED == status) || (CUDNN_STATUS_NOT_SUPPORTED == ((status) / 1000 * 1000))
Warning: CUDNN_STATUS_NOT_SUPPORTED; Reason: ptr->isSupported()
Warning: CUDNN_STATUS_NOT_SUPPORTED; Reason: finalize_internal()

{""engineId"":7,""smVersion"":1200,""knobChoices"":{""CUDNN_KNOB_TYPE_STAGES"":-1,""CUDNN_KNOB_TYPE_KERNEL_CFG"":-1,""CUDNN_KNOB_TYPE_TILE_CGA_M"":-1,""CUDNN_KNOB_TYPE_STREAM_K"":-1,""CUDNN_KNOB_TYPE_TILE_M"":-1,""CUDNN_KNOB_TYPE_TILE_N"":-1}}
Warning: CUDNN_STATUS_NOT_SUPPORTED; Reason: The matmul should either be an entrance node or occur after the softmax and only allowed 2 at: true
Warning: CUDNN_STATUS_NOT_SUPPORTED; Reason: tag_mha_graph(graph, mha_mode, is_fp8)
Warning: CUDNN_STATUS_NOT_SUPPORTED; Reason: (CUDNN_STATUS_NOT_INITIALIZED == status) || (CUDNN_STATUS_NOT_SUPPORTED == ((status) / 1000 * 1000))
Warning: CUDNN_STATUS_NOT_SUPPORTED; Reason: ptr->isSupported()
Warning: CUDNN_STATUS_NOT_SUPPORTED; Reason: finalize_internal()

{""engineId"":20,""smVersion"":1200,""knobChoices"":{""CUDNN_KNOB_TYPE_STAGES"":-1,""CUDNN_KNOB_TYPE_KERNEL_CFG"":-1,""CUDNN_KNOB_TYPE_TILE_CGA_M"":-1,""CUDNN_KNOB_TYPE_STREAM_K"":-1,""CUDNN_KNOB_TYPE_TILE_M"":-1,""CUDNN_KNOB_TYPE_TILE_N"":-1}}
Warning: CUDNN_STATUS_NOT_SUPPORTED; Reason: The matmul should either be an entrance node or occur after the softmax and only allowed 2 at: true
Warning: CUDNN_STATUS_NOT_SUPPORTED; Reason: tag_mha_graph(graph, mha_mode, is_fp8)
Warning: CUDNN_STATUS_NOT_SUPPORTED; Reason: (CUDNN_STATUS_NOT_INITIALIZED == status) || (CUDNN_STATUS_NOT_SUPPORTED == ((status) / 1000 * 1000))
Warning: CUDNN_STATUS_NOT_SUPPORTED; Reason: ptr->isSupported()
Warning: CUDNN_STATUS_NOT_SUPPORTED; Reason: finalize_internal()

)

stdout: ",,,
kimi_k3,kimi_k3,cudnn,fp8,top_left,2,4096,4096,96,96,192,128,bwd,True,inf,0.000,0.000,10,,False,"Benchmark failed with return code 1.
stderr: Traceback (most recent call last):
  File ""/data/vagarwalla/rtx6000_bench/cudnn-frontend/benchmark/sdpa_benchmark_training/benchmark_single_sdpa.py"", line 749, in <module>
    graph_fwd.create_execution_plans([cudnn.heur_mode.A, cudnn.heur_mode.FALLBACK])
  File ""/data/vagarwalla/rtx6000_bench/venv/lib/python3.12/site-packages/cudnn/_pygraph.py"", line 882, in create_execution_plans
    raise cudnn_graph_not_supported(f""no engine — python or backend — proposed a plan for this graph{why}"")
cudnn._compiled_module.cudnnGraphNotSupportedError: no engine — python or backend — proposed a plan for this graph (the backend declined: No valid engine configs for ______________________
{""engineId"":0,""smVersion"":1200,""knobChoices"":{""CUDNN_KNOB_TYPE_KERNEL_CFG"":-1,""CUDNN_KNOB_TYPE_TILE_CGA_M"":-1,""CUDNN_KNOB_TYPE_STREAM_K"":-1,""CUDNN_KNOB_TYPE_TILE_M"":-1,""CUDNN_KNOB_TYPE_TILE_N"":-1}}
Warning: CUDNN_STATUS_NOT_SUPPORTED; Reason: The matmul should either be an entrance node or occur after the softmax and only allowed 2 at: true
Warning: CUDNN_STATUS_NOT_SUPPORTED; Reason: tag_mha_graph(graph, mha_mode, is_fp8)
Warning: CUDNN_STATUS_NOT_SUPPORTED; Reason: (CUDNN_STATUS_NOT_INITIALIZED == status) || (CUDNN_STATUS_NOT_SUPPORTED == ((status) / 1000 * 1000))
Warning: CUDNN_STATUS_NOT_SUPPORTED; Reason: ptr->isSupported()
Warning: CUDNN_STATUS_NOT_SUPPORTED; Reason: finalize_internal()

{""engineId"":1,""smVersion"":1200,""knobChoices"":{""CUDNN_KNOB_TYPE_KERNEL_CFG"":-1,""CUDNN_KNOB_TYPE_TILE_CGA_M"":-1,""CUDNN_KNOB_TYPE_STREAM_K"":-1,""CUDNN_KNOB_TYPE_TILE_M"":-1,""CUDNN_KNOB_TYPE_TILE_N"":-1}}
Warning: CUDNN_STATUS_NOT_SUPPORTED_GRAPH_PATTERN; Reason: KERNEL_CFG knob must be set at: kcfg_idx < 0
Warning: CUDNN_STATUS_NOT_SUPPORTED_GRAPH_PATTERN; Reason: resolveSDPAKernelConfig(getPerfKnobs(), opSet, *this->getDeviceProp(), getEngineName(), kcfg, chosen_knob)
Warning: CUDNN_STATUS_NOT_SUPPORTED_GRAPH_PATTERN; Reason: process_knob_choices()
Warning: CUDNN_STATUS_NOT_SUPPORTED; Reason: (CUDNN_STATUS_NOT_INITIALIZED == status) || (CUDNN_STATUS_NOT_SUPPORTED == ((status) / 1000 * 1000))
Warning: CUDNN_STATUS_NOT_SUPPORTED; Reason: ptr->isSupported()
Warning: CUDNN_STATUS_NOT_SUPPORTED; Reason: finalize_internal()

{""engineId"":2,""smVersion"":1200,""knobChoices"":{""CUDNN_KNOB_TYPE_KERNEL_CFG"":-1,""CUDNN_KNOB_TYPE_TILE_CGA_M"":-1,""CUDNN_KNOB_TYPE_STREAM_K"":-1,""CUDNN_KNOB_TYPE_TILE_M"":-1,""CUDNN_KNOB_TYPE_TILE_N"":-1}}
Warning: CUDNN_STATUS_NOT_SUPPORTED_ARCH_MISMATCH; Reason: only Hopper is supported for this engine at: !(900 <= deviceVer && deviceVer < 1000)
Warning: CUDNN_STATUS_NOT_SUPPORTED; Reason: (CUDNN_STATUS_NOT_INITIALIZED == status) || (CUDNN_STATUS_NOT_SUPPORTED == ((status) / 1000 * 1000))
Warning: CUDNN_STATUS_NOT_SUPPORTED; Reason: ptr->isSupported()
Warning: CUDNN_STATUS_NOT_SUPPORTED; Reason: finalize_internal()

{""engineId"":3,""smVersion"":1200,""knobChoices"":{""CUDNN_KNOB_TYPE_KERNEL_CFG"":-1,""CUDNN_KNOB_TYPE_TILE_CGA_M"":-1,""CUDNN_KNOB_TYPE_STREAM_K"":-1,""CUDNN_KNOB_TYPE_TILE_M"":-1,""CUDNN_KNOB_TYPE_TILE_N"":-1}}
Warning: CUDNN_STATUS_NOT_SUPPORTED_ARCH_MISMATCH; Reason: only Blackwell is supported for this engine at: !(1000 <= deviceVer && deviceVer < 1200)
Warning: CUDNN_STATUS_NOT_SUPPORTED; Reason: (CUDNN_STATUS_NOT_INITIALIZED == status) || (CUDNN_STATUS_NOT_SUPPORTED == ((status) / 1000 * 1000))
Warning: CUDNN_STATUS_NOT_SUPPORTED; Reason: ptr->isSupported()
Warning: CUDNN_STATUS_NOT_SUPPORTED; Reason: finalize_internal()

{""engineId"":4,""smVersion"":1200,""knobChoices"":{""CUDNN_KNOB_TYPE_KERNEL_CFG"":-1,""CUDNN_KNOB_TYPE_TILE_CGA_M"":-1,""CUDNN_KNOB_TYPE_STREAM_K"":-1,""CUDNN_KNOB_TYPE_TILE_M"":-1,""CUDNN_KNOB_TYPE_TILE_N"":-1}}
Warning: CUDNN_STATUS_NOT_SUPPORTED_GRAPH_PATTERN; Reason: KERNEL_CFG knob must be set at: kcfg_idx < 0
Warning: CUDNN_STATUS_NOT_SUPPORTED_GRAPH_PATTERN; Reason: resolveSDPAKernelConfig(getPerfKnobs(), opSet, *this->getDeviceProp(), getEngineName(), kcfg, chosen_knob)
Warning: CUDNN_STATUS_NOT_SUPPORTED_GRAPH_PATTERN; Reason: process_knob_choices()
Warning: CUDNN_STATUS_NOT_SUPPORTED; Reason: (CUDNN_STATUS_NOT_INITIALIZED == status) || (CUDNN_STATUS_NOT_SUPPORTED == ((status) / 1000 * 1000))
Warning: CUDNN_STATUS_NOT_SUPPORTED; Reason: ptr->isSupported()
Warning: CUDNN_STATUS_NOT_SUPPORTED; Reason: finalize_internal()

{""engineId"":5,""smVersion"":1200,""knobChoices"":{""CUDNN_KNOB_TYPE_STAGES"":-1,""CUDNN_KNOB_TYPE_KERNEL_CFG"":-1,""CUDNN_KNOB_TYPE_TILE_CGA_M"":-1,""CUDNN_KNOB_TYPE_STREAM_K"":-1,""CUDNN_KNOB_TYPE_TILE_M"":-1,""CUDNN_KNOB_TYPE_TILE_N"":-1}}
Warning: CUDNN_STATUS_NOT_SUPPORTED_ARCH_MISMATCH; Reason: only Blackwell is supported for this engine at: !(1000 <= deviceVer && deviceVer < 1200)
Warning: CUDNN_STATUS_NOT_SUPPORTED; Reason: (CUDNN_STATUS_NOT_INITIALIZED == status) || (CUDNN_STATUS_NOT_SUPPORTED == ((status) / 1000 * 1000))
Warning: CUDNN_STATUS_NOT_SUPPORTED; Reason: ptr->isSupported()
Warning: CUDNN_STATUS_NOT_SUPPORTED; Reason: finalize_internal()

{""engineId"":6,""smVersion"":1200,""knobChoices"":{""CUDNN_KNOB_TYPE_STAGES"":-1,""CUDNN_KNOB_TYPE_KERNEL_CFG"":-1,""CUDNN_KNOB_TYPE_TILE_CGA_M"":-1,""CUDNN_KNOB_TYPE_STREAM_K"":-1,""CUDNN_KNOB_TYPE_TILE_M"":-1,""CUDNN_KNOB_TYPE_TILE_N"":-1}}
Warning: CUDNN_STATUS_NOT_SUPPORTED_ARCH_MISMATCH; Reason: only Hopper is supported for this engine at: !(900 <= deviceVer && deviceVer < 1000)
Warning: CUDNN_STATUS_NOT_SUPPORTED; Reason: (CUDNN_STATUS_NOT_INITIALIZED == status) || (CUDNN_STATUS_NOT_SUPPORTED == ((status) / 1000 * 1000))
Warning: CUDNN_STATUS_NOT_SUPPORTED; Reason: ptr->isSupported()
Warning: CUDNN_STATUS_NOT_SUPPORTED; Reason: finalize_internal()

{""engineId"":7,""smVersion"":1200,""knobChoices"":{""CUDNN_KNOB_TYPE_STAGES"":-1,""CUDNN_KNOB_TYPE_KERNEL_CFG"":-1,""CUDNN_KNOB_TYPE_TILE_CGA_M"":-1,""CUDNN_KNOB_TYPE_STREAM_K"":-1,""CUDNN_KNOB_TYPE_TILE_M"":-1,""CUDNN_KNOB_TYPE_TILE_N"":-1}}
Warning: CUDNN_STATUS_NOT_SUPPORTED; Reason: The matmul should either be an entrance node or occur after the softmax and only allowed 2 at: true
Warning: CUDNN_STATUS_NOT_SUPPORTED; Reason: tag_mha_graph(graph, mha_mode, is_fp8)
Warning: CUDNN_STATUS_NOT_SUPPORTED; Reason: (CUDNN_STATUS_NOT_INITIALIZED == status) || (CUDNN_STATUS_NOT_SUPPORTED == ((status) / 1000 * 1000))
Warning: CUDNN_STATUS_NOT_SUPPORTED; Reason: ptr->isSupported()
Warning: CUDNN_STATUS_NOT_SUPPORTED; Reason: finalize_internal()

{""engineId"":20,""smVersion"":1200,""knobChoices"":{""CUDNN_KNOB_TYPE_STAGES"":-1,""CUDNN_KNOB_TYPE_KERNEL_CFG"":-1,""CUDNN_KNOB_TYPE_TILE_CGA_M"":-1,""CUDNN_KNOB_TYPE_STREAM_K"":-1,""CUDNN_KNOB_TYPE_TILE_M"":-1,""CUDNN_KNOB_TYPE_TILE_N"":-1}}
Warning: CUDNN_STATUS_NOT_SUPPORTED; Reason: The matmul should either be an entrance node or occur after the softmax and only allowed 2 at: true
Warning: CUDNN_STATUS_NOT_SUPPORTED; Reason: tag_mha_graph(graph, mha_mode, is_fp8)
Warning: CUDNN_STATUS_NOT_SUPPORTED; Reason: (CUDNN_STATUS_NOT_INITIALIZED == status) || (CUDNN_STATUS_NOT_SUPPORTED == ((status) / 1000 * 1000))
Warning: CUDNN_STATUS_NOT_SUPPORTED; Reason: ptr->isSupported()
Warning: CUDNN_STATUS_NOT_SUPPORTED; Reason: finalize_internal()

)

stdout: ",,,
kimi_k3,kimi_k3,cudnn,fp8,no_mask,2,4096,4096,96,96,192,128,fwd,False,inf,0.000,0.000,10,,False,"Benchmark failed with return code 1.
stderr: Traceback (most recent call last):
  File ""/data/vagarwalla/rtx6000_bench/cudnn-frontend/benchmark/sdpa_benchmark_training/benchmark_single_sdpa.py"", line 749, in <module>
    graph_fwd.create_execution_plans([cudnn.heur_mode.A, cudnn.heur_mode.FALLBACK])
  File ""/data/vagarwalla/rtx6000_bench/venv/lib/python3.12/site-packages/cudnn/_pygraph.py"", line 882, in create_execution_plans
    raise cudnn_graph_not_supported(f""no engine — python or backend — proposed a plan for this graph{why}"")
cudnn._compiled_module.cudnnGraphNotSupportedError: no engine — python or backend — proposed a plan for this graph (the backend declined: No valid engine configs for __________________
{""engineId"":0,""smVersion"":1200,""knobChoices"":{""CUDNN_KNOB_TYPE_KERNEL_CFG"":-1,""CUDNN_KNOB_TYPE_TILE_CGA_M"":-1,""CUDNN_KNOB_TYPE_STREAM_K"":-1,""CUDNN_KNOB_TYPE_TILE_M"":-1,""CUDNN_KNOB_TYPE_TILE_N"":-1}}
Warning: CUDNN_STATUS_NOT_SUPPORTED; Reason: The matmul should either be an entrance node or occur after the softmax and only allowed 2 at: true
Warning: CUDNN_STATUS_NOT_SUPPORTED; Reason: tag_mha_graph(graph, mha_mode, is_fp8)
Warning: CUDNN_STATUS_NOT_SUPPORTED; Reason: (CUDNN_STATUS_NOT_INITIALIZED == status) || (CUDNN_STATUS_NOT_SUPPORTED == ((status) / 1000 * 1000))
Warning: CUDNN_STATUS_NOT_SUPPORTED; Reason: ptr->isSupported()
Warning: CUDNN_STATUS_NOT_SUPPORTED; Reason: finalize_internal()

{""engineId"":1,""smVersion"":1200,""knobChoices"":{""CUDNN_KNOB_TYPE_KERNEL_CFG"":-1,""CUDNN_KNOB_TYPE_TILE_CGA_M"":-1,""CUDNN_KNOB_TYPE_STREAM_K"":-1,""CUDNN_KNOB_TYPE_TILE_M"":-1,""CUDNN_KNOB_TYPE_TILE_N"":-1}}
Warning: CUDNN_STATUS_NOT_SUPPORTED_GRAPH_PATTERN; Reason: KERNEL_CFG knob must be set at: kcfg_idx < 0
Warning: CUDNN_STATUS_NOT_SUPPORTED_GRAPH_PATTERN; Reason: resolveSDPAKernelConfig(getPerfKnobs(), opSet, *this->getDeviceProp(), getEngineName(), kcfg, chosen_knob)
Warning: CUDNN_STATUS_NOT_SUPPORTED_GRAPH_PATTERN; Reason: process_knob_choices()
Warning: CUDNN_STATUS_NOT_SUPPORTED; Reason: (CUDNN_STATUS_NOT_INITIALIZED == status) || (CUDNN_STATUS_NOT_SUPPORTED == ((status) / 1000 * 1000))
Warning: CUDNN_STATUS_NOT_SUPPORTED; Reason: ptr->isSupported()
Warning: CUDNN_STATUS_NOT_SUPPORTED; Reason: finalize_internal()

{""engineId"":2,""smVersion"":1200,""knobChoices"":{""CUDNN_KNOB_TYPE_KERNEL_CFG"":-1,""CUDNN_KNOB_TYPE_TILE_CGA_M"":-1,""CUDNN_KNOB_TYPE_STREAM_K"":-1,""CUDNN_KNOB_TYPE_TILE_M"":-1,""CUDNN_KNOB_TYPE_TILE_N"":-1}}
Warning: CUDNN_STATUS_NOT_SUPPORTED_ARCH_MISMATCH; Reason: only Hopper is supported for this engine at: !(900 <= deviceVer && deviceVer < 1000)
Warning: CUDNN_STATUS_NOT_SUPPORTED; Reason: (CUDNN_STATUS_NOT_INITIALIZED == status) || (CUDNN_STATUS_NOT_SUPPORTED == ((status) / 1000 * 1000))
Warning: CUDNN_STATUS_NOT_SUPPORTED; Reason: ptr->isSupported()
Warning: CUDNN_STATUS_NOT_SUPPORTED; Reason: finalize_internal()

{""engineId"":3,""smVersion"":1200,""knobChoices"":{""CUDNN_KNOB_TYPE_KERNEL_CFG"":-1,""CUDNN_KNOB_TYPE_TILE_CGA_M"":-1,""CUDNN_KNOB_TYPE_STREAM_K"":-1,""CUDNN_KNOB_TYPE_TILE_M"":-1,""CUDNN_KNOB_TYPE_TILE_N"":-1}}
Warning: CUDNN_STATUS_NOT_SUPPORTED_ARCH_MISMATCH; Reason: only Blackwell is supported for this engine at: !(1000 <= deviceVer && deviceVer < 1200)
Warning: CUDNN_STATUS_NOT_SUPPORTED; Reason: (CUDNN_STATUS_NOT_INITIALIZED == status) || (CUDNN_STATUS_NOT_SUPPORTED == ((status) / 1000 * 1000))
Warning: CUDNN_STATUS_NOT_SUPPORTED; Reason: ptr->isSupported()
Warning: CUDNN_STATUS_NOT_SUPPORTED; Reason: finalize_internal()

{""engineId"":4,""smVersion"":1200,""knobChoices"":{""CUDNN_KNOB_TYPE_KERNEL_CFG"":-1,""CUDNN_KNOB_TYPE_TILE_CGA_M"":-1,""CUDNN_KNOB_TYPE_STREAM_K"":-1,""CUDNN_KNOB_TYPE_TILE_M"":-1,""CUDNN_KNOB_TYPE_TILE_N"":-1}}
Warning: CUDNN_STATUS_NOT_SUPPORTED_GRAPH_PATTERN; Reason: KERNEL_CFG knob must be set at: kcfg_idx < 0
Warning: CUDNN_STATUS_NOT_SUPPORTED_GRAPH_PATTERN; Reason: resolveSDPAKernelConfig(getPerfKnobs(), opSet, *this->getDeviceProp(), getEngineName(), kcfg, chosen_knob)
Warning: CUDNN_STATUS_NOT_SUPPORTED_GRAPH_PATTERN; Reason: process_knob_choices()
Warning: CUDNN_STATUS_NOT_SUPPORTED; Reason: (CUDNN_STATUS_NOT_INITIALIZED == status) || (CUDNN_STATUS_NOT_SUPPORTED == ((status) / 1000 * 1000))
Warning: CUDNN_STATUS_NOT_SUPPORTED; Reason: ptr->isSupported()
Warning: CUDNN_STATUS_NOT_SUPPORTED; Reason: finalize_internal()

{""engineId"":5,""smVersion"":1200,""knobChoices"":{""CUDNN_KNOB_TYPE_STAGES"":-1,""CUDNN_KNOB_TYPE_KERNEL_CFG"":-1,""CUDNN_KNOB_TYPE_TILE_CGA_M"":-1,""CUDNN_KNOB_TYPE_STREAM_K"":-1,""CUDNN_KNOB_TYPE_TILE_M"":-1,""CUDNN_KNOB_TYPE_TILE_N"":-1}}
Warning: CUDNN_STATUS_NOT_SUPPORTED_ARCH_MISMATCH; Reason: only Blackwell is supported for this engine at: !(1000 <= deviceVer && deviceVer < 1200)
Warning: CUDNN_STATUS_NOT_SUPPORTED; Reason: (CUDNN_STATUS_NOT_INITIALIZED == status) || (CUDNN_STATUS_NOT_SUPPORTED == ((status) / 1000 * 1000))
Warning: CUDNN_STATUS_NOT_SUPPORTED; Reason: ptr->isSupported()
Warning: CUDNN_STATUS_NOT_SUPPORTED; Reason: finalize_internal()

{""engineId"":6,""smVersion"":1200,""knobChoices"":{""CUDNN_KNOB_TYPE_STAGES"":-1,""CUDNN_KNOB_TYPE_KERNEL_CFG"":-1,""CUDNN_KNOB_TYPE_TILE_CGA_M"":-1,""CUDNN_KNOB_TYPE_STREAM_K"":-1,""CUDNN_KNOB_TYPE_TILE_M"":-1,""CUDNN_KNOB_TYPE_TILE_N"":-1}}
Warning: CUDNN_STATUS_NOT_SUPPORTED_ARCH_MISMATCH; Reason: only Hopper is supported for this engine at: !(900 <= deviceVer && deviceVer < 1000)
Warning: CUDNN_STATUS_NOT_SUPPORTED; Reason: (CUDNN_STATUS_NOT_INITIALIZED == status) || (CUDNN_STATUS_NOT_SUPPORTED == ((status) / 1000 * 1000))
Warning: CUDNN_STATUS_NOT_SUPPORTED; Reason: ptr->isSupported()
Warning: CUDNN_STATUS_NOT_SUPPORTED; Reason: finalize_internal()

{""engineId"":7,""smVersion"":1200,""knobChoices"":{""CUDNN_KNOB_TYPE_STAGES"":-1,""CUDNN_KNOB_TYPE_KERNEL_CFG"":-1,""CUDNN_KNOB_TYPE_TILE_CGA_M"":-1,""CUDNN_KNOB_TYPE_STREAM_K"":-1,""CUDNN_KNOB_TYPE_TILE_M"":-1,""CUDNN_KNOB_TYPE_TILE_N"":-1}}
Warning: CUDNN_STATUS_NOT_SUPPORTED; Reason: The matmul should either be an entrance node or occur after the softmax and only allowed 2 at: true
Warning: CUDNN_STATUS_NOT_SUPPORTED; Reason: tag_mha_graph(graph, mha_mode, is_fp8)
Warning: CUDNN_STATUS_NOT_SUPPORTED; Reason: (CUDNN_STATUS_NOT_INITIALIZED == status) || (CUDNN_STATUS_NOT_SUPPORTED == ((status) / 1000 * 1000))
Warning: CUDNN_STATUS_NOT_SUPPORTED; Reason: ptr->isSupported()
Warning: CUDNN_STATUS_NOT_SUPPORTED; Reason: finalize_internal()

{""engineId"":20,""smVersion"":1200,""knobChoices"":{""CUDNN_KNOB_TYPE_STAGES"":-1,""CUDNN_KNOB_TYPE_KERNEL_CFG"":-1,""CUDNN_KNOB_TYPE_TILE_CGA_M"":-1,""CUDNN_KNOB_TYPE_STREAM_K"":-1,""CUDNN_KNOB_TYPE_TILE_M"":-1,""CUDNN_KNOB_TYPE_TILE_N"":-1}}
Warning: CUDNN_STATUS_NOT_SUPPORTED; Reason: The matmul should either be an entrance node or occur after the softmax and only allowed 2 at: true
Warning: CUDNN_STATUS_NOT_SUPPORTED; Reason: tag_mha_graph(graph, mha_mode, is_fp8)
Warning: CUDNN_STATUS_NOT_SUPPORTED; Reason: (CUDNN_STATUS_NOT_INITIALIZED == status) || (CUDNN_STATUS_NOT_SUPPORTED == ((status) / 1000 * 1000))
Warning: CUDNN_STATUS_NOT_SUPPORTED; Reason: ptr->isSupported()
Warning: CUDNN_STATUS_NOT_SUPPORTED; Reason: finalize_internal()

)

stdout: ",,,
kimi_k3,kimi_k3,cudnn,fp8,no_mask,2,4096,4096,96,96,192,128,bwd,False,inf,0.000,0.000,10,,False,"Benchmark failed with return code 1.
stderr: Traceback (most recent call last):
  File ""/data/vagarwalla/rtx6000_bench/cudnn-frontend/benchmark/sdpa_benchmark_training/benchmark_single_sdpa.py"", line 749, in <module>
    graph_fwd.create_execution_plans([cudnn.heur_mode.A, cudnn.heur_mode.FALLBACK])
  File ""/data/vagarwalla/rtx6000_bench/venv/lib/python3.12/site-packages/cudnn/_pygraph.py"", line 882, in create_execution_plans
    raise cudnn_graph_not_supported(f""no engine — python or backend — proposed a plan for this graph{why}"")
cudnn._compiled_module.cudnnGraphNotSupportedError: no engine — python or backend — proposed a plan for this graph (the backend declined: No valid engine configs for __________________
{""engineId"":0,""smVersion"":1200,""knobChoices"":{""CUDNN_KNOB_TYPE_KERNEL_CFG"":-1,""CUDNN_KNOB_TYPE_TILE_CGA_M"":-1,""CUDNN_KNOB_TYPE_STREAM_K"":-1,""CUDNN_KNOB_TYPE_TILE_M"":-1,""CUDNN_KNOB_TYPE_TILE_N"":-1}}
Warning: CUDNN_STATUS_NOT_SUPPORTED; Reason: The matmul should either be an entrance node or occur after the softmax and only allowed 2 at: true
Warning: CUDNN_STATUS_NOT_SUPPORTED; Reason: tag_mha_graph(graph, mha_mode, is_fp8)
Warning: CUDNN_STATUS_NOT_SUPPORTED; Reason: (CUDNN_STATUS_NOT_INITIALIZED == status) || (CUDNN_STATUS_NOT_SUPPORTED == ((status) / 1000 * 1000))
Warning: CUDNN_STATUS_NOT_SUPPORTED; Reason: ptr->isSupported()
Warning: CUDNN_STATUS_NOT_SUPPORTED; Reason: finalize_internal()

{""engineId"":1,""smVersion"":1200,""knobChoices"":{""CUDNN_KNOB_TYPE_KERNEL_CFG"":-1,""CUDNN_KNOB_TYPE_TILE_CGA_M"":-1,""CUDNN_KNOB_TYPE_STREAM_K"":-1,""CUDNN_KNOB_TYPE_TILE_M"":-1,""CUDNN_KNOB_TYPE_TILE_N"":-1}}
Warning: CUDNN_STATUS_NOT_SUPPORTED_GRAPH_PATTERN; Reason: KERNEL_CFG knob must be set at: kcfg_idx < 0
Warning: CUDNN_STATUS_NOT_SUPPORTED_GRAPH_PATTERN; Reason: resolveSDPAKernelConfig(getPerfKnobs(), opSet, *this->getDeviceProp(), getEngineName(), kcfg, chosen_knob)
Warning: CUDNN_STATUS_NOT_SUPPORTED_GRAPH_PATTERN; Reason: process_knob_choices()
Warning: CUDNN_STATUS_NOT_SUPPORTED; Reason: (CUDNN_STATUS_NOT_INITIALIZED == status) || (CUDNN_STATUS_NOT_SUPPORTED == ((status) / 1000 * 1000))
Warning: CUDNN_STATUS_NOT_SUPPORTED; Reason: ptr->isSupported()
Warning: CUDNN_STATUS_NOT_SUPPORTED; Reason: finalize_internal()

{""engineId"":2,""smVersion"":1200,""knobChoices"":{""CUDNN_KNOB_TYPE_KERNEL_CFG"":-1,""CUDNN_KNOB_TYPE_TILE_CGA_M"":-1,""CUDNN_KNOB_TYPE_STREAM_K"":-1,""CUDNN_KNOB_TYPE_TILE_M"":-1,""CUDNN_KNOB_TYPE_TILE_N"":-1}}
Warning: CUDNN_STATUS_NOT_SUPPORTED_ARCH_MISMATCH; Reason: only Hopper is supported for this engine at: !(900 <= deviceVer && deviceVer < 1000)
Warning: CUDNN_STATUS_NOT_SUPPORTED; Reason: (CUDNN_STATUS_NOT_INITIALIZED == status) || (CUDNN_STATUS_NOT_SUPPORTED == ((status) / 1000 * 1000))
Warning: CUDNN_STATUS_NOT_SUPPORTED; Reason: ptr->isSupported()
Warning: CUDNN_STATUS_NOT_SUPPORTED; Reason: finalize_internal()

{""engineId"":3,""smVersion"":1200,""knobChoices"":{""CUDNN_KNOB_TYPE_KERNEL_CFG"":-1,""CUDNN_KNOB_TYPE_TILE_CGA_M"":-1,""CUDNN_KNOB_TYPE_STREAM_K"":-1,""CUDNN_KNOB_TYPE_TILE_M"":-1,""CUDNN_KNOB_TYPE_TILE_N"":-1}}
Warning: CUDNN_STATUS_NOT_SUPPORTED_ARCH_MISMATCH; Reason: only Blackwell is supported for this engine at: !(1000 <= deviceVer && deviceVer < 1200)
Warning: CUDNN_STATUS_NOT_SUPPORTED; Reason: (CUDNN_STATUS_NOT_INITIALIZED == status) || (CUDNN_STATUS_NOT_SUPPORTED == ((status) / 1000 * 1000))
Warning: CUDNN_STATUS_NOT_SUPPORTED; Reason: ptr->isSupported()
Warning: CUDNN_STATUS_NOT_SUPPORTED; Reason: finalize_internal()

{""engineId"":4,""smVersion"":1200,""knobChoices"":{""CUDNN_KNOB_TYPE_KERNEL_CFG"":-1,""CUDNN_KNOB_TYPE_TILE_CGA_M"":-1,""CUDNN_KNOB_TYPE_STREAM_K"":-1,""CUDNN_KNOB_TYPE_TILE_M"":-1,""CUDNN_KNOB_TYPE_TILE_N"":-1}}
Warning: CUDNN_STATUS_NOT_SUPPORTED_GRAPH_PATTERN; Reason: KERNEL_CFG knob must be set at: kcfg_idx < 0
Warning: CUDNN_STATUS_NOT_SUPPORTED_GRAPH_PATTERN; Reason: resolveSDPAKernelConfig(getPerfKnobs(), opSet, *this->getDeviceProp(), getEngineName(), kcfg, chosen_knob)
Warning: CUDNN_STATUS_NOT_SUPPORTED_GRAPH_PATTERN; Reason: process_knob_choices()
Warning: CUDNN_STATUS_NOT_SUPPORTED; Reason: (CUDNN_STATUS_NOT_INITIALIZED == status) || (CUDNN_STATUS_NOT_SUPPORTED == ((status) / 1000 * 1000))
Warning: CUDNN_STATUS_NOT_SUPPORTED; Reason: ptr->isSupported()
Warning: CUDNN_STATUS_NOT_SUPPORTED; Reason: finalize_internal()

{""engineId"":5,""smVersion"":1200,""knobChoices"":{""CUDNN_KNOB_TYPE_STAGES"":-1,""CUDNN_KNOB_TYPE_KERNEL_CFG"":-1,""CUDNN_KNOB_TYPE_TILE_CGA_M"":-1,""CUDNN_KNOB_TYPE_STREAM_K"":-1,""CUDNN_KNOB_TYPE_TILE_M"":-1,""CUDNN_KNOB_TYPE_TILE_N"":-1}}
Warning: CUDNN_STATUS_NOT_SUPPORTED_ARCH_MISMATCH; Reason: only Blackwell is supported for this engine at: !(1000 <= deviceVer && deviceVer < 1200)
Warning: CUDNN_STATUS_NOT_SUPPORTED; Reason: (CUDNN_STATUS_NOT_INITIALIZED == status) || (CUDNN_STATUS_NOT_SUPPORTED == ((status) / 1000 * 1000))
Warning: CUDNN_STATUS_NOT_SUPPORTED; Reason: ptr->isSupported()
Warning: CUDNN_STATUS_NOT_SUPPORTED; Reason: finalize_internal()

{""engineId"":6,""smVersion"":1200,""knobChoices"":{""CUDNN_KNOB_TYPE_STAGES"":-1,""CUDNN_KNOB_TYPE_KERNEL_CFG"":-1,""CUDNN_KNOB_TYPE_TILE_CGA_M"":-1,""CUDNN_KNOB_TYPE_STREAM_K"":-1,""CUDNN_KNOB_TYPE_TILE_M"":-1,""CUDNN_KNOB_TYPE_TILE_N"":-1}}
Warning: CUDNN_STATUS_NOT_SUPPORTED_ARCH_MISMATCH; Reason: only Hopper is supported for this engine at: !(900 <= deviceVer && deviceVer < 1000)
Warning: CUDNN_STATUS_NOT_SUPPORTED; Reason: (CUDNN_STATUS_NOT_INITIALIZED == status) || (CUDNN_STATUS_NOT_SUPPORTED == ((status) / 1000 * 1000))
Warning: CUDNN_STATUS_NOT_SUPPORTED; Reason: ptr->isSupported()
Warning: CUDNN_STATUS_NOT_SUPPORTED; Reason: finalize_internal()

{""engineId"":7,""smVersion"":1200,""knobChoices"":{""CUDNN_KNOB_TYPE_STAGES"":-1,""CUDNN_KNOB_TYPE_KERNEL_CFG"":-1,""CUDNN_KNOB_TYPE_TILE_CGA_M"":-1,""CUDNN_KNOB_TYPE_STREAM_K"":-1,""CUDNN_KNOB_TYPE_TILE_M"":-1,""CUDNN_KNOB_TYPE_TILE_N"":-1}}
Warning: CUDNN_STATUS_NOT_SUPPORTED; Reason: The matmul should either be an entrance node or occur after the softmax and only allowed 2 at: true
Warning: CUDNN_STATUS_NOT_SUPPORTED; Reason: tag_mha_graph(graph, mha_mode, is_fp8)
Warning: CUDNN_STATUS_NOT_SUPPORTED; Reason: (CUDNN_STATUS_NOT_INITIALIZED == status) || (CUDNN_STATUS_NOT_SUPPORTED == ((status) / 1000 * 1000))
Warning: CUDNN_STATUS_NOT_SUPPORTED; Reason: ptr->isSupported()
Warning: CUDNN_STATUS_NOT_SUPPORTED; Reason: finalize_internal()

{""engineId"":20,""smVersion"":1200,""knobChoices"":{""CUDNN_KNOB_TYPE_STAGES"":-1,""CUDNN_KNOB_TYPE_KERNEL_CFG"":-1,""CUDNN_KNOB_TYPE_TILE_CGA_M"":-1,""CUDNN_KNOB_TYPE_STREAM_K"":-1,""CUDNN_KNOB_TYPE_TILE_M"":-1,""CUDNN_KNOB_TYPE_TILE_N"":-1}}
Warning: CUDNN_STATUS_NOT_SUPPORTED; Reason: The matmul should either be an entrance node or occur after the softmax and only allowed 2 at: true
Warning: CUDNN_STATUS_NOT_SUPPORTED; Reason: tag_mha_graph(graph, mha_mode, is_fp8)
Warning: CUDNN_STATUS_NOT_SUPPORTED; Reason: (CUDNN_STATUS_NOT_INITIALIZED == status) || (CUDNN_STATUS_NOT_SUPPORTED == ((status) / 1000 * 1000))
Warning: CUDNN_STATUS_NOT_SUPPORTED; Reason: ptr->isSupported()
Warning: CUDNN_STATUS_NOT_SUPPORTED; Reason: finalize_internal()

)

stdout: ",,,
kimi_k3,kimi_k3,cudnn,fp8,no_mask,2,4096,4096,96,96,192,128,bwd,True,inf,0.000,0.000,10,,False,"Benchmark failed with return code 1.
stderr: Traceback (most recent call last):
  File ""/data/vagarwalla/rtx6000_bench/cudnn-frontend/benchmark/sdpa_benchmark_training/benchmark_single_sdpa.py"", line 749, in <module>
    graph_fwd.create_execution_plans([cudnn.heur_mode.A, cudnn.heur_mode.FALLBACK])
  File ""/data/vagarwalla/rtx6000_bench/venv/lib/python3.12/site-packages/cudnn/_pygraph.py"", line 882, in create_execution_plans
    raise cudnn_graph_not_supported(f""no engine — python or backend — proposed a plan for this graph{why}"")
cudnn._compiled_module.cudnnGraphNotSupportedError: no engine — python or backend — proposed a plan for this graph (the backend declined: No valid engine configs for __________________
{""engineId"":0,""smVersion"":1200,""knobChoices"":{""CUDNN_KNOB_TYPE_KERNEL_CFG"":-1,""CUDNN_KNOB_TYPE_TILE_CGA_M"":-1,""CUDNN_KNOB_TYPE_STREAM_K"":-1,""CUDNN_KNOB_TYPE_TILE_M"":-1,""CUDNN_KNOB_TYPE_TILE_N"":-1}}
Warning: CUDNN_STATUS_NOT_SUPPORTED; Reason: The matmul should either be an entrance node or occur after the softmax and only allowed 2 at: true
Warning: CUDNN_STATUS_NOT_SUPPORTED; Reason: tag_mha_graph(graph, mha_mode, is_fp8)
Warning: CUDNN_STATUS_NOT_SUPPORTED; Reason: (CUDNN_STATUS_NOT_INITIALIZED == status) || (CUDNN_STATUS_NOT_SUPPORTED == ((status) / 1000 * 1000))
Warning: CUDNN_STATUS_NOT_SUPPORTED; Reason: ptr->isSupported()
Warning: CUDNN_STATUS_NOT_SUPPORTED; Reason: finalize_internal()

{""engineId"":1,""smVersion"":1200,""knobChoices"":{""CUDNN_KNOB_TYPE_KERNEL_CFG"":-1,""CUDNN_KNOB_TYPE_TILE_CGA_M"":-1,""CUDNN_KNOB_TYPE_STREAM_K"":-1,""CUDNN_KNOB_TYPE_TILE_M"":-1,""CUDNN_KNOB_TYPE_TILE_N"":-1}}
Warning: CUDNN_STATUS_NOT_SUPPORTED_GRAPH_PATTERN; Reason: KERNEL_CFG knob must be set at: kcfg_idx < 0
Warning: CUDNN_STATUS_NOT_SUPPORTED_GRAPH_PATTERN; Reason: resolveSDPAKernelConfig(getPerfKnobs(), opSet, *this->getDeviceProp(), getEngineName(), kcfg, chosen_knob)
Warning: CUDNN_STATUS_NOT_SUPPORTED_GRAPH_PATTERN; Reason: process_knob_choices()
Warning: CUDNN_STATUS_NOT_SUPPORTED; Reason: (CUDNN_STATUS_NOT_INITIALIZED == status) || (CUDNN_STATUS_NOT_SUPPORTED == ((status) / 1000 * 1000))
Warning: CUDNN_STATUS_NOT_SUPPORTED; Reason: ptr->isSupported()
Warning: CUDNN_STATUS_NOT_SUPPORTED; Reason: finalize_internal()

{""engineId"":2,""smVersion"":1200,""knobChoices"":{""CUDNN_KNOB_TYPE_KERNEL_CFG"":-1,""CUDNN_KNOB_TYPE_TILE_CGA_M"":-1,""CUDNN_KNOB_TYPE_STREAM_K"":-1,""CUDNN_KNOB_TYPE_TILE_M"":-1,""CUDNN_KNOB_TYPE_TILE_N"":-1}}
Warning: CUDNN_STATUS_NOT_SUPPORTED_ARCH_MISMATCH; Reason: only Hopper is supported for this engine at: !(900 <= deviceVer && deviceVer < 1000)
Warning: CUDNN_STATUS_NOT_SUPPORTED; Reason: (CUDNN_STATUS_NOT_INITIALIZED == status) || (CUDNN_STATUS_NOT_SUPPORTED == ((status) / 1000 * 1000))
Warning: CUDNN_STATUS_NOT_SUPPORTED; Reason: ptr->isSupported()
Warning: CUDNN_STATUS_NOT_SUPPORTED; Reason: finalize_internal()

{""engineId"":3,""smVersion"":1200,""knobChoices"":{""CUDNN_KNOB_TYPE_KERNEL_CFG"":-1,""CUDNN_KNOB_TYPE_TILE_CGA_M"":-1,""CUDNN_KNOB_TYPE_STREAM_K"":-1,""CUDNN_KNOB_TYPE_TILE_M"":-1,""CUDNN_KNOB_TYPE_TILE_N"":-1}}
Warning: CUDNN_STATUS_NOT_SUPPORTED_ARCH_MISMATCH; Reason: only Blackwell is supported for this engine at: !(1000 <= deviceVer && deviceVer < 1200)
Warning: CUDNN_STATUS_NOT_SUPPORTED; Reason: (CUDNN_STATUS_NOT_INITIALIZED == status) || (CUDNN_STATUS_NOT_SUPPORTED == ((status) / 1000 * 1000))
Warning: CUDNN_STATUS_NOT_SUPPORTED; Reason: ptr->isSupported()
Warning: CUDNN_STATUS_NOT_SUPPORTED; Reason: finalize_internal()

{""engineId"":4,""smVersion"":1200,""knobChoices"":{""CUDNN_KNOB_TYPE_KERNEL_CFG"":-1,""CUDNN_KNOB_TYPE_TILE_CGA_M"":-1,""CUDNN_KNOB_TYPE_STREAM_K"":-1,""CUDNN_KNOB_TYPE_TILE_M"":-1,""CUDNN_KNOB_TYPE_TILE_N"":-1}}
Warning: CUDNN_STATUS_NOT_SUPPORTED_GRAPH_PATTERN; Reason: KERNEL_CFG knob must be set at: kcfg_idx < 0
Warning: CUDNN_STATUS_NOT_SUPPORTED_GRAPH_PATTERN; Reason: resolveSDPAKernelConfig(getPerfKnobs(), opSet, *this->getDeviceProp(), getEngineName(), kcfg, chosen_knob)
Warning: CUDNN_STATUS_NOT_SUPPORTED_GRAPH_PATTERN; Reason: process_knob_choices()
Warning: CUDNN_STATUS_NOT_SUPPORTED; Reason: (CUDNN_STATUS_NOT_INITIALIZED == status) || (CUDNN_STATUS_NOT_SUPPORTED == ((status) / 1000 * 1000))
Warning: CUDNN_STATUS_NOT_SUPPORTED; Reason: ptr->isSupported()
Warning: CUDNN_STATUS_NOT_SUPPORTED; Reason: finalize_internal()

{""engineId"":5,""smVersion"":1200,""knobChoices"":{""CUDNN_KNOB_TYPE_STAGES"":-1,""CUDNN_KNOB_TYPE_KERNEL_CFG"":-1,""CUDNN_KNOB_TYPE_TILE_CGA_M"":-1,""CUDNN_KNOB_TYPE_STREAM_K"":-1,""CUDNN_KNOB_TYPE_TILE_M"":-1,""CUDNN_KNOB_TYPE_TILE_N"":-1}}
Warning: CUDNN_STATUS_NOT_SUPPORTED_ARCH_MISMATCH; Reason: only Blackwell is supported for this engine at: !(1000 <= deviceVer && deviceVer < 1200)
Warning: CUDNN_STATUS_NOT_SUPPORTED; Reason: (CUDNN_STATUS_NOT_INITIALIZED == status) || (CUDNN_STATUS_NOT_SUPPORTED == ((status) / 1000 * 1000))
Warning: CUDNN_STATUS_NOT_SUPPORTED; Reason: ptr->isSupported()
Warning: CUDNN_STATUS_NOT_SUPPORTED; Reason: finalize_internal()

{""engineId"":6,""smVersion"":1200,""knobChoices"":{""CUDNN_KNOB_TYPE_STAGES"":-1,""CUDNN_KNOB_TYPE_KERNEL_CFG"":-1,""CUDNN_KNOB_TYPE_TILE_CGA_M"":-1,""CUDNN_KNOB_TYPE_STREAM_K"":-1,""CUDNN_KNOB_TYPE_TILE_M"":-1,""CUDNN_KNOB_TYPE_TILE_N"":-1}}
Warning: CUDNN_STATUS_NOT_SUPPORTED_ARCH_MISMATCH; Reason: only Hopper is supported for this engine at: !(900 <= deviceVer && deviceVer < 1000)
Warning: CUDNN_STATUS_NOT_SUPPORTED; Reason: (CUDNN_STATUS_NOT_INITIALIZED == status) || (CUDNN_STATUS_NOT_SUPPORTED == ((status) / 1000 * 1000))
Warning: CUDNN_STATUS_NOT_SUPPORTED; Reason: ptr->isSupported()
Warning: CUDNN_STATUS_NOT_SUPPORTED; Reason: finalize_internal()

{""engineId"":7,""smVersion"":1200,""knobChoices"":{""CUDNN_KNOB_TYPE_STAGES"":-1,""CUDNN_KNOB_TYPE_KERNEL_CFG"":-1,""CUDNN_KNOB_TYPE_TILE_CGA_M"":-1,""CUDNN_KNOB_TYPE_STREAM_K"":-1,""CUDNN_KNOB_TYPE_TILE_M"":-1,""CUDNN_KNOB_TYPE_TILE_N"":-1}}
Warning: CUDNN_STATUS_NOT_SUPPORTED; Reason: The matmul should either be an entrance node or occur after the softmax and only allowed 2 at: true
Warning: CUDNN_STATUS_NOT_SUPPORTED; Reason: tag_mha_graph(graph, mha_mode, is_fp8)
Warning: CUDNN_STATUS_NOT_SUPPORTED; Reason: (CUDNN_STATUS_NOT_INITIALIZED == status) || (CUDNN_STATUS_NOT_SUPPORTED == ((status) / 1000 * 1000))
Warning: CUDNN_STATUS_NOT_SUPPORTED; Reason: ptr->isSupported()
Warning: CUDNN_STATUS_NOT_SUPPORTED; Reason: finalize_internal()

{""engineId"":20,""smVersion"":1200,""knobChoices"":{""CUDNN_KNOB_TYPE_STAGES"":-1,""CUDNN_KNOB_TYPE_KERNEL_CFG"":-1,""CUDNN_KNOB_TYPE_TILE_CGA_M"":-1,""CUDNN_KNOB_TYPE_STREAM_K"":-1,""CUDNN_KNOB_TYPE_TILE_M"":-1,""CUDNN_KNOB_TYPE_TILE_N"":-1}}
Warning: CUDNN_STATUS_NOT_SUPPORTED; Reason: The matmul should either be an entrance node or occur after the softmax and only allowed 2 at: true
Warning: CUDNN_STATUS_NOT_SUPPORTED; Reason: tag_mha_graph(graph, mha_mode, is_fp8)
Warning: CUDNN_STATUS_NOT_SUPPORTED; Reason: (CUDNN_STATUS_NOT_INITIALIZED == status) || (CUDNN_STATUS_NOT_SUPPORTED == ((status) / 1000 * 1000))
Warning: CUDNN_STATUS_NOT_SUPPORTED; Reason: ptr->isSupported()
Warning: CUDNN_STATUS_NOT_SUPPORTED; Reason: finalize_internal()

)

stdout: ",,,
kimi_k3,kimi_k3,cudnn,mxfp8,top_left,2,4096,4096,96,96,192,128,fwd,False,inf,0.000,0.000,10,,False,"Benchmark failed with return code 1.
stderr: Traceback (most recent call last):
  File ""/data/vagarwalla/rtx6000_bench/cudnn-frontend/benchmark/sdpa_benchmark_training/benchmark_single_sdpa.py"", line 747, in <module>
    graph_fwd.validate()
  File ""/data/vagarwalla/rtx6000_bench/venv/lib/python3.12/site-packages/cudnn/_pygraph.py"", line 776, in validate
    self._lowered_graph.validate()
cudnn._compiled_module.cudnnGraphNotSupportedError: MXFP8 SDPA is only supported on Blackwell Data Center architectures.

stdout: ",,,
kimi_k3,kimi_k3,cudnn,mxfp8,top_left,2,4096,4096,96,96,192,128,bwd,False,inf,0.000,0.000,10,,False,"Benchmark failed with return code 1.
stderr: Traceback (most recent call last):
  File ""/data/vagarwalla/rtx6000_bench/cudnn-frontend/benchmark/sdpa_benchmark_training/benchmark_single_sdpa.py"", line 747, in <module>
    graph_fwd.validate()
  File ""/data/vagarwalla/rtx6000_bench/venv/lib/python3.12/site-packages/cudnn/_pygraph.py"", line 776, in validate
    self._lowered_graph.validate()
cudnn._compiled_module.cudnnGraphNotSupportedError: MXFP8 SDPA is only supported on Blackwell Data Center architectures.

stdout: ",,,
kimi_k3,kimi_k3,cudnn,mxfp8,top_left,2,4096,4096,96,96,192,128,bwd,True,inf,0.000,0.000,10,,False,"Benchmark failed with return code 1.
stderr: Traceback (most recent call last):
  File ""/data/vagarwalla/rtx6000_bench/cudnn-frontend/benchmark/sdpa_benchmark_training/benchmark_single_sdpa.py"", line 747, in <module>
    graph_fwd.validate()
  File ""/data/vagarwalla/rtx6000_bench/venv/lib/python3.12/site-packages/cudnn/_pygraph.py"", line 776, in validate
    self._lowered_graph.validate()
cudnn._compiled_module.cudnnGraphNotSupportedError: MXFP8 SDPA is only supported on Blackwell Data Center architectures.

stdout: ",,,
kimi_k3,kimi_k3,cudnn,mxfp8,no_mask,2,4096,4096,96,96,192,128,fwd,False,inf,0.000,0.000,10,,False,"Benchmark failed with return code 1.
stderr: Traceback (most recent call last):
  File ""/data/vagarwalla/rtx6000_bench/cudnn-frontend/benchmark/sdpa_benchmark_training/benchmark_single_sdpa.py"", line 747, in <module>
    graph_fwd.validate()
  File ""/data/vagarwalla/rtx6000_bench/venv/lib/python3.12/site-packages/cudnn/_pygraph.py"", line 776, in validate
    self._lowered_graph.validate()
cudnn._compiled_module.cudnnGraphNotSupportedError: MXFP8 SDPA is only supported on Blackwell Data Center architectures.

stdout: ",,,
kimi_k3,kimi_k3,cudnn,mxfp8,no_mask,2,4096,4096,96,96,192,128,bwd,False,inf,0.000,0.000,10,,False,"Benchmark failed with return code 1.
stderr: Traceback (most recent call last):
  File ""/data/vagarwalla/rtx6000_bench/cudnn-frontend/benchmark/sdpa_benchmark_training/benchmark_single_sdpa.py"", line 747, in <module>
    graph_fwd.validate()
  File ""/data/vagarwalla/rtx6000_bench/venv/lib/python3.12/site-packages/cudnn/_pygraph.py"", line 776, in validate
    self._lowered_graph.validate()
cudnn._compiled_module.cudnnGraphNotSupportedError: MXFP8 SDPA is only supported on Blackwell Data Center architectures.

stdout: ",,,
kimi_k3,kimi_k3,cudnn,mxfp8,no_mask,2,4096,4096,96,96,192,128,bwd,True,inf,0.000,0.000,10,,False,"Benchmark failed with return code 1.
stderr: Traceback (most recent call last):
  File ""/data/vagarwalla/rtx6000_bench/cudnn-frontend/benchmark/sdpa_benchmark_training/benchmark_single_sdpa.py"", line 747, in <module>
    graph_fwd.validate()
  File ""/data/vagarwalla/rtx6000_bench/venv/lib/python3.12/site-packages/cudnn/_pygraph.py"", line 776, in validate
    self._lowered_graph.validate()
cudnn._compiled_module.cudnnGraphNotSupportedError: MXFP8 SDPA is only supported on Blackwell Data Center architectures.

stdout: ",,,
kimi_k3,kimi_k3,flash_attention_4,bfloat16,top_left,2,4096,4096,96,96,192,128,fwd,False,inf,0.000,0.000,10,,False,"Benchmark failed with return code 1.
stderr: Traceback (most recent call last):
  File ""/data/vagarwalla/rtx6000_bench/cudnn-frontend/benchmark/sdpa_benchmark_training/benchmark_single_sdpa.py"", line 1195, in <module>
    import flash_attn.cute.interface as flash_attn_interface
  File ""/data/vagarwalla/rtx6000_bench/venv/lib/python3.12/site-packages/flash_attn/cute/__init__.py"", line 3, in <module>
    from .interface import (
  File ""/data/vagarwalla/rtx6000_bench/venv/lib/python3.12/site-packages/flash_attn/cute/interface.py"", line 33, in <module>
    from flash_attn.cute import utils
  File ""/data/vagarwalla/rtx6000_bench/venv/lib/python3.12/site-packages/flash_attn/cute/utils.py"", line 44, in <module>
    smem: cute.Tensor, thr_mma: cute.core.ThrMma, swapAB: cutlass.Constexpr[bool] = False
                                ^^^^^^^^^^^^^^^^
AttributeError: module 'cutlass.cute.core' has no attribute 'ThrMma'

stdout: ",,,
kimi_k3,kimi_k3,flash_attention_4,bfloat16,top_left,2,4096,4096,96,96,192,128,bwd,False,inf,0.000,0.000,10,,False,"Benchmark failed with return code 1.
stderr: Traceback (most recent call last):
  File ""/data/vagarwalla/rtx6000_bench/cudnn-frontend/benchmark/sdpa_benchmark_training/benchmark_single_sdpa.py"", line 1195, in <module>
    import flash_attn.cute.interface as flash_attn_interface
  File ""/data/vagarwalla/rtx6000_bench/venv/lib/python3.12/site-packages/flash_attn/cute/__init__.py"", line 3, in <module>
    from .interface import (
  File ""/data/vagarwalla/rtx6000_bench/venv/lib/python3.12/site-packages/flash_attn/cute/interface.py"", line 33, in <module>
    from flash_attn.cute import utils
  File ""/data/vagarwalla/rtx6000_bench/venv/lib/python3.12/site-packages/flash_attn/cute/utils.py"", line 44, in <module>
    smem: cute.Tensor, thr_mma: cute.core.ThrMma, swapAB: cutlass.Constexpr[bool] = False
                                ^^^^^^^^^^^^^^^^
AttributeError: module 'cutlass.cute.core' has no attribute 'ThrMma'

stdout: ",,,
kimi_k3,kimi_k3,flash_attention_4,bfloat16,top_left,2,4096,4096,96,96,192,128,bwd,True,inf,0.000,0.000,10,,False,"Benchmark failed with return code 1.
stderr: Traceback (most recent call last):
  File ""/data/vagarwalla/rtx6000_bench/cudnn-frontend/benchmark/sdpa_benchmark_training/benchmark_single_sdpa.py"", line 1195, in <module>
    import flash_attn.cute.interface as flash_attn_interface
  File ""/data/vagarwalla/rtx6000_bench/venv/lib/python3.12/site-packages/flash_attn/cute/__init__.py"", line 3, in <module>
    from .interface import (
  File ""/data/vagarwalla/rtx6000_bench/venv/lib/python3.12/site-packages/flash_attn/cute/interface.py"", line 33, in <module>
    from flash_attn.cute import utils
  File ""/data/vagarwalla/rtx6000_bench/venv/lib/python3.12/site-packages/flash_attn/cute/utils.py"", line 44, in <module>
    smem: cute.Tensor, thr_mma: cute.core.ThrMma, swapAB: cutlass.Constexpr[bool] = False
                                ^^^^^^^^^^^^^^^^
AttributeError: module 'cutlass.cute.core' has no attribute 'ThrMma'

stdout: ",,,
kimi_k3,kimi_k3,flash_attention_4,bfloat16,no_mask,2,4096,4096,96,96,192,128,fwd,False,inf,0.000,0.000,10,,False,"Benchmark failed with return code 1.
stderr: Traceback (most recent call last):
  File ""/data/vagarwalla/rtx6000_bench/cudnn-frontend/benchmark/sdpa_benchmark_training/benchmark_single_sdpa.py"", line 1195, in <module>
    import flash_attn.cute.interface as flash_attn_interface
  File ""/data/vagarwalla/rtx6000_bench/venv/lib/python3.12/site-packages/flash_attn/cute/__init__.py"", line 3, in <module>
    from .interface import (
  File ""/data/vagarwalla/rtx6000_bench/venv/lib/python3.12/site-packages/flash_attn/cute/interface.py"", line 33, in <module>
    from flash_attn.cute import utils
  File ""/data/vagarwalla/rtx6000_bench/venv/lib/python3.12/site-packages/flash_attn/cute/utils.py"", line 44, in <module>
    smem: cute.Tensor, thr_mma: cute.core.ThrMma, swapAB: cutlass.Constexpr[bool] = False
                                ^^^^^^^^^^^^^^^^
AttributeError: module 'cutlass.cute.core' has no attribute 'ThrMma'

stdout: ",,,
kimi_k3,kimi_k3,flash_attention_4,bfloat16,no_mask,2,4096,4096,96,96,192,128,bwd,False,inf,0.000,0.000,10,,False,"Benchmark failed with return code 1.
stderr: Traceback (most recent call last):
  File ""/data/vagarwalla/rtx6000_bench/cudnn-frontend/benchmark/sdpa_benchmark_training/benchmark_single_sdpa.py"", line 1195, in <module>
    import flash_attn.cute.interface as flash_attn_interface
  File ""/data/vagarwalla/rtx6000_bench/venv/lib/python3.12/site-packages/flash_attn/cute/__init__.py"", line 3, in <module>
    from .interface import (
  File ""/data/vagarwalla/rtx6000_bench/venv/lib/python3.12/site-packages/flash_attn/cute/interface.py"", line 33, in <module>
    from flash_attn.cute import utils
  File ""/data/vagarwalla/rtx6000_bench/venv/lib/python3.12/site-packages/flash_attn/cute/utils.py"", line 44, in <module>
    smem: cute.Tensor, thr_mma: cute.core.ThrMma, swapAB: cutlass.Constexpr[bool] = False
                                ^^^^^^^^^^^^^^^^
AttributeError: module 'cutlass.cute.core' has no attribute 'ThrMma'

stdout: ",,,
kimi_k3,kimi_k3,flash_attention_4,bfloat16,no_mask,2,4096,4096,96,96,192,128,bwd,True,inf,0.000,0.000,10,,False,"Benchmark failed with return code 1.
stderr: Traceback (most recent call last):
  File ""/data/vagarwalla/rtx6000_bench/cudnn-frontend/benchmark/sdpa_benchmark_training/benchmark_single_sdpa.py"", line 1195, in <module>
    import flash_attn.cute.interface as flash_attn_interface
  File ""/data/vagarwalla/rtx6000_bench/venv/lib/python3.12/site-packages/flash_attn/cute/__init__.py"", line 3, in <module>
    from .interface import (
  File ""/data/vagarwalla/rtx6000_bench/venv/lib/python3.12/site-packages/flash_attn/cute/interface.py"", line 33, in <module>
    from flash_attn.cute import utils
  File ""/data/vagarwalla/rtx6000_bench/venv/lib/python3.12/site-packages/flash_attn/cute/utils.py"", line 44, in <module>
    smem: cute.Tensor, thr_mma: cute.core.ThrMma, swapAB: cutlass.Constexpr[bool] = False
                                ^^^^^^^^^^^^^^^^
AttributeError: module 'cutlass.cute.core' has no attribute 'ThrMma'

stdout: ",,,
kimi_k3,kimi_k3,cudnn,bfloat16,top_left,2,2048,2048,96,96,192,128,fwd,False,1.273,203.000,0.000,10,,True,,NVIDIA RTX PRO 6000 Blackwell Server Edition,1.27.0,92400.000
kimi_k3,kimi_k3,cudnn,bfloat16,top_left,2,2048,2048,96,96,192,128,bwd,False,inf,0.000,0.000,10,,False,"Benchmark failed with return code 1.
stderr: Traceback (most recent call last):
  File ""/data/vagarwalla/rtx6000_bench/cudnn-frontend/benchmark/sdpa_benchmark_training/benchmark_single_sdpa.py"", line 971, in <module>
    graph_bwd.validate()
  File ""/data/vagarwalla/rtx6000_bench/venv/lib/python3.12/site-packages/cudnn/_pygraph.py"", line 776, in validate
    self._lowered_graph.validate()
cudnn._compiled_module.cudnnGraphNotSupportedError: Num hidden_dim should be less than or equal to 128 and hidden_dim should be multiple of 8

stdout: ",,,
kimi_k3,kimi_k3,cudnn,bfloat16,top_left,2,2048,2048,96,96,192,128,bwd,True,inf,0.000,0.000,10,,False,"Benchmark failed with return code 1.
stderr: Traceback (most recent call last):
  File ""/data/vagarwalla/rtx6000_bench/cudnn-frontend/benchmark/sdpa_benchmark_training/benchmark_single_sdpa.py"", line 971, in <module>
    graph_bwd.validate()
  File ""/data/vagarwalla/rtx6000_bench/venv/lib/python3.12/site-packages/cudnn/_pygraph.py"", line 776, in validate
    self._lowered_graph.validate()
cudnn._compiled_module.cudnnGraphNotSupportedError: Num hidden_dim should be less than or equal to 128 and hidden_dim should be multiple of 8

stdout: ",,,
kimi_k3,kimi_k3,cudnn,bfloat16,no_mask,2,2048,2048,96,96,192,128,fwd,False,2.289,225.000,0.000,10,,True,,NVIDIA RTX PRO 6000 Blackwell Server Edition,1.27.0,92400.000
kimi_k3,kimi_k3,cudnn,bfloat16,no_mask,2,2048,2048,96,96,192,128,bwd,False,inf,0.000,0.000,10,,False,"Benchmark failed with return code 1.
stderr: Traceback (most recent call last):
  File ""/data/vagarwalla/rtx6000_bench/cudnn-frontend/benchmark/sdpa_benchmark_training/benchmark_single_sdpa.py"", line 971, in <module>
    graph_bwd.validate()
  File ""/data/vagarwalla/rtx6000_bench/venv/lib/python3.12/site-packages/cudnn/_pygraph.py"", line 776, in validate
    self._lowered_graph.validate()
cudnn._compiled_module.cudnnGraphNotSupportedError: Num hidden_dim should be less than or equal to 128 and hidden_dim should be multiple of 8

stdout: ",,,
kimi_k3,kimi_k3,cudnn,bfloat16,no_mask,2,2048,2048,96,96,192,128,bwd,True,inf,0.000,0.000,10,,False,"Benchmark failed with return code 1.
stderr: Traceback (most recent call last):
  File ""/data/vagarwalla/rtx6000_bench/cudnn-frontend/benchmark/sdpa_benchmark_training/benchmark_single_sdpa.py"", line 971, in <module>
    graph_bwd.validate()
  File ""/data/vagarwalla/rtx6000_bench/venv/lib/python3.12/site-packages/cudnn/_pygraph.py"", line 776, in validate
    self._lowered_graph.validate()
cudnn._compiled_module.cudnnGraphNotSupportedError: Num hidden_dim should be less than or equal to 128 and hidden_dim should be multiple of 8

stdout: ",,,
kimi_k3,kimi_k3,cudnn,fp8,top_left,2,2048,2048,96,96,192,128,fwd,False,inf,0.000,0.000,10,,False,"Benchmark failed with return code 1.
stderr: Traceback (most recent call last):
  File ""/data/vagarwalla/rtx6000_bench/cudnn-frontend/benchmark/sdpa_benchmark_training/benchmark_single_sdpa.py"", line 749, in <module>
    graph_fwd.create_execution_plans([cudnn.heur_mode.A, cudnn.heur_mode.FALLBACK])
  File ""/data/vagarwalla/rtx6000_bench/venv/lib/python3.12/site-packages/cudnn/_pygraph.py"", line 882, in create_execution_plans
    raise cudnn_graph_not_supported(f""no engine — python or backend — proposed a plan for this graph{why}"")
cudnn._compiled_module.cudnnGraphNotSupportedError: no engine — python or backend — proposed a plan for this graph (the backend declined: No valid engine configs for ______________________
{""engineId"":0,""smVersion"":1200,""knobChoices"":{""CUDNN_KNOB_TYPE_KERNEL_CFG"":-1,""CUDNN_KNOB_TYPE_TILE_CGA_M"":-1,""CUDNN_KNOB_TYPE_STREAM_K"":-1,""CUDNN_KNOB_TYPE_TILE_M"":-1,""CUDNN_KNOB_TYPE_TILE_N"":-1}}
Warning: CUDNN_STATUS_NOT_SUPPORTED; Reason: The matmul should either be an entrance node or occur after the softmax and only allowed 2 at: true
Warning: CUDNN_STATUS_NOT_SUPPORTED; Reason: tag_mha_graph(graph, mha_mode, is_fp8)
Warning: CUDNN_STATUS_NOT_SUPPORTED; Reason: (CUDNN_STATUS_NOT_INITIALIZED == status) || (CUDNN_STATUS_NOT_SUPPORTED == ((status) / 1000 * 1000))
Warning: CUDNN_STATUS_NOT_SUPPORTED; Reason: ptr->isSupported()
Warning: CUDNN_STATUS_NOT_SUPPORTED; Reason: finalize_internal()

{""engineId"":1,""smVersion"":1200,""knobChoices"":{""CUDNN_KNOB_TYPE_KERNEL_CFG"":-1,""CUDNN_KNOB_TYPE_TILE_CGA_M"":-1,""CUDNN_KNOB_TYPE_STREAM_K"":-1,""CUDNN_KNOB_TYPE_TILE_M"":-1,""CUDNN_KNOB_TYPE_TILE_N"":-1}}
Warning: CUDNN_STATUS_NOT_SUPPORTED_GRAPH_PATTERN; Reason: KERNEL_CFG knob must be set at: kcfg_idx < 0
Warning: CUDNN_STATUS_NOT_SUPPORTED_GRAPH_PATTERN; Reason: resolveSDPAKernelConfig(getPerfKnobs(), opSet, *this->getDeviceProp(), getEngineName(), kcfg, chosen_knob)
Warning: CUDNN_STATUS_NOT_SUPPORTED_GRAPH_PATTERN; Reason: process_knob_choices()
Warning: CUDNN_STATUS_NOT_SUPPORTED; Reason: (CUDNN_STATUS_NOT_INITIALIZED == status) || (CUDNN_STATUS_NOT_SUPPORTED == ((status) / 1000 * 1000))
Warning: CUDNN_STATUS_NOT_SUPPORTED; Reason: ptr->isSupported()
Warning: CUDNN_STATUS_NOT_SUPPORTED; Reason: finalize_internal()

{""engineId"":2,""smVersion"":1200,""knobChoices"":{""CUDNN_KNOB_TYPE_KERNEL_CFG"":-1,""CUDNN_KNOB_TYPE_TILE_CGA_M"":-1,""CUDNN_KNOB_TYPE_STREAM_K"":-1,""CUDNN_KNOB_TYPE_TILE_M"":-1,""CUDNN_KNOB_TYPE_TILE_N"":-1}}
Warning: CUDNN_STATUS_NOT_SUPPORTED_ARCH_MISMATCH; Reason: only Hopper is supported for this engine at: !(900 <= deviceVer && deviceVer < 1000)
Warning: CUDNN_STATUS_NOT_SUPPORTED; Reason: (CUDNN_STATUS_NOT_INITIALIZED == status) || (CUDNN_STATUS_NOT_SUPPORTED == ((status) / 1000 * 1000))
Warning: CUDNN_STATUS_NOT_SUPPORTED; Reason: ptr->isSupported()
Warning: CUDNN_STATUS_NOT_SUPPORTED; Reason: finalize_internal()

{""engineId"":3,""smVersion"":1200,""knobChoices"":{""CUDNN_KNOB_TYPE_KERNEL_CFG"":-1,""CUDNN_KNOB_TYPE_TILE_CGA_M"":-1,""CUDNN_KNOB_TYPE_STREAM_K"":-1,""CUDNN_KNOB_TYPE_TILE_M"":-1,""CUDNN_KNOB_TYPE_TILE_N"":-1}}
Warning: CUDNN_STATUS_NOT_SUPPORTED_ARCH_MISMATCH; Reason: only Blackwell is supported for this engine at: !(1000 <= deviceVer && deviceVer < 1200)
Warning: CUDNN_STATUS_NOT_SUPPORTED; Reason: (CUDNN_STATUS_NOT_INITIALIZED == status) || (CUDNN_STATUS_NOT_SUPPORTED == ((status) / 1000 * 1000))
Warning: CUDNN_STATUS_NOT_SUPPORTED; Reason: ptr->isSupported()
Warning: CUDNN_STATUS_NOT_SUPPORTED; Reason: finalize_internal()

{""engineId"":4,""smVersion"":1200,""knobChoices"":{""CUDNN_KNOB_TYPE_KERNEL_CFG"":-1,""CUDNN_KNOB_TYPE_TILE_CGA_M"":-1,""CUDNN_KNOB_TYPE_STREAM_K"":-1,""CUDNN_KNOB_TYPE_TILE_M"":-1,""CUDNN_KNOB_TYPE_TILE_N"":-1}}
Warning: CUDNN_STATUS_NOT_SUPPORTED_GRAPH_PATTERN; Reason: KERNEL_CFG knob must be set at: kcfg_idx < 0
Warning: CUDNN_STATUS_NOT_SUPPORTED_GRAPH_PATTERN; Reason: resolveSDPAKernelConfig(getPerfKnobs(), opSet, *this->getDeviceProp(), getEngineName(), kcfg, chosen_knob)
Warning: CUDNN_STATUS_NOT_SUPPORTED_GRAPH_PATTERN; Reason: process_knob_choices()
Warning: CUDNN_STATUS_NOT_SUPPORTED; Reason: (CUDNN_STATUS_NOT_INITIALIZED == status) || (CUDNN_STATUS_NOT_SUPPORTED == ((status) / 1000 * 1000))
Warning: CUDNN_STATUS_NOT_SUPPORTED; Reason: ptr->isSupported()
Warning: CUDNN_STATUS_NOT_SUPPORTED; Reason: finalize_internal()

{""engineId"":5,""smVersion"":1200,""knobChoices"":{""CUDNN_KNOB_TYPE_STAGES"":-1,""CUDNN_KNOB_TYPE_KERNEL_CFG"":-1,""CUDNN_KNOB_TYPE_TILE_CGA_M"":-1,""CUDNN_KNOB_TYPE_STREAM_K"":-1,""CUDNN_KNOB_TYPE_TILE_M"":-1,""CUDNN_KNOB_TYPE_TILE_N"":-1}}
Warning: CUDNN_STATUS_NOT_SUPPORTED_ARCH_MISMATCH; Reason: only Blackwell is supported for this engine at: !(1000 <= deviceVer && deviceVer < 1200)
Warning: CUDNN_STATUS_NOT_SUPPORTED; Reason: (CUDNN_STATUS_NOT_INITIALIZED == status) || (CUDNN_STATUS_NOT_SUPPORTED == ((status) / 1000 * 1000))
Warning: CUDNN_STATUS_NOT_SUPPORTED; Reason: ptr->isSupported()
Warning: CUDNN_STATUS_NOT_SUPPORTED; Reason: finalize_internal()

{""engineId"":6,""smVersion"":1200,""knobChoices"":{""CUDNN_KNOB_TYPE_STAGES"":-1,""CUDNN_KNOB_TYPE_KERNEL_CFG"":-1,""CUDNN_KNOB_TYPE_TILE_CGA_M"":-1,""CUDNN_KNOB_TYPE_STREAM_K"":-1,""CUDNN_KNOB_TYPE_TILE_M"":-1,""CUDNN_KNOB_TYPE_TILE_N"":-1}}
Warning: CUDNN_STATUS_NOT_SUPPORTED_ARCH_MISMATCH; Reason: only Hopper is supported for this engine at: !(900 <= deviceVer && deviceVer < 1000)
Warning: CUDNN_STATUS_NOT_SUPPORTED; Reason: (CUDNN_STATUS_NOT_INITIALIZED == status) || (CUDNN_STATUS_NOT_SUPPORTED == ((status) / 1000 * 1000))
Warning: CUDNN_STATUS_NOT_SUPPORTED; Reason: ptr->isSupported()
Warning: CUDNN_STATUS_NOT_SUPPORTED; Reason: finalize_internal()

{""engineId"":7,""smVersion"":1200,""knobChoices"":{""CUDNN_KNOB_TYPE_STAGES"":-1,""CUDNN_KNOB_TYPE_KERNEL_CFG"":-1,""CUDNN_KNOB_TYPE_TILE_CGA_M"":-1,""CUDNN_KNOB_TYPE_STREAM_K"":-1,""CUDNN_KNOB_TYPE_TILE_M"":-1,""CUDNN_KNOB_TYPE_TILE_N"":-1}}
Warning: CUDNN_STATUS_NOT_SUPPORTED; Reason: The matmul should either be an entrance node or occur after the softmax and only allowed 2 at: true
Warning: CUDNN_STATUS_NOT_SUPPORTED; Reason: tag_mha_graph(graph, mha_mode, is_fp8)
Warning: CUDNN_STATUS_NOT_SUPPORTED; Reason: (CUDNN_STATUS_NOT_INITIALIZED == status) || (CUDNN_STATUS_NOT_SUPPORTED == ((status) / 1000 * 1000))
Warning: CUDNN_STATUS_NOT_SUPPORTED; Reason: ptr->isSupported()
Warning: CUDNN_STATUS_NOT_SUPPORTED; Reason: finalize_internal()

{""engineId"":20,""smVersion"":1200,""knobChoices"":{""CUDNN_KNOB_TYPE_STAGES"":-1,""CUDNN_KNOB_TYPE_KERNEL_CFG"":-1,""CUDNN_KNOB_TYPE_TILE_CGA_M"":-1,""CUDNN_KNOB_TYPE_STREAM_K"":-1,""CUDNN_KNOB_TYPE_TILE_M"":-1,""CUDNN_KNOB_TYPE_TILE_N"":-1}}
Warning: CUDNN_STATUS_NOT_SUPPORTED; Reason: The matmul should either be an entrance node or occur after the softmax and only allowed 2 at: true
Warning: CUDNN_STATUS_NOT_SUPPORTED; Reason: tag_mha_graph(graph, mha_mode, is_fp8)
Warning: CUDNN_STATUS_NOT_SUPPORTED; Reason: (CUDNN_STATUS_NOT_INITIALIZED == status) || (CUDNN_STATUS_NOT_SUPPORTED == ((status) / 1000 * 1000))
Warning: CUDNN_STATUS_NOT_SUPPORTED; Reason: ptr->isSupported()
Warning: CUDNN_STATUS_NOT_SUPPORTED; Reason: finalize_internal()

)

stdout: ",,,
kimi_k3,kimi_k3,cudnn,fp8,top_left,2,2048,2048,96,96,192,128,bwd,False,inf,0.000,0.000,10,,False,"Benchmark failed with return code 1.
stderr: Traceback (most recent call last):
  File ""/data/vagarwalla/rtx6000_bench/cudnn-frontend/benchmark/sdpa_benchmark_training/benchmark_single_sdpa.py"", line 749, in <module>
    graph_fwd.create_execution_plans([cudnn.heur_mode.A, cudnn.heur_mode.FALLBACK])
  File ""/data/vagarwalla/rtx6000_bench/venv/lib/python3.12/site-packages/cudnn/_pygraph.py"", line 882, in create_execution_plans
    raise cudnn_graph_not_supported(f""no engine — python or backend — proposed a plan for this graph{why}"")
cudnn._compiled_module.cudnnGraphNotSupportedError: no engine — python or backend — proposed a plan for this graph (the backend declined: No valid engine configs for ______________________
{""engineId"":0,""smVersion"":1200,""knobChoices"":{""CUDNN_KNOB_TYPE_KERNEL_CFG"":-1,""CUDNN_KNOB_TYPE_TILE_CGA_M"":-1,""CUDNN_KNOB_TYPE_STREAM_K"":-1,""CUDNN_KNOB_TYPE_TILE_M"":-1,""CUDNN_KNOB_TYPE_TILE_N"":-1}}
Warning: CUDNN_STATUS_NOT_SUPPORTED; Reason: The matmul should either be an entrance node or occur after the softmax and only allowed 2 at: true
Warning: CUDNN_STATUS_NOT_SUPPORTED; Reason: tag_mha_graph(graph, mha_mode, is_fp8)
Warning: CUDNN_STATUS_NOT_SUPPORTED; Reason: (CUDNN_STATUS_NOT_INITIALIZED == status) || (CUDNN_STATUS_NOT_SUPPORTED == ((status) / 1000 * 1000))
Warning: CUDNN_STATUS_NOT_SUPPORTED; Reason: ptr->isSupported()
Warning: CUDNN_STATUS_NOT_SUPPORTED; Reason: finalize_internal()

{""engineId"":1,""smVersion"":1200,""knobChoices"":{""CUDNN_KNOB_TYPE_KERNEL_CFG"":-1,""CUDNN_KNOB_TYPE_TILE_CGA_M"":-1,""CUDNN_KNOB_TYPE_STREAM_K"":-1,""CUDNN_KNOB_TYPE_TILE_M"":-1,""CUDNN_KNOB_TYPE_TILE_N"":-1}}
Warning: CUDNN_STATUS_NOT_SUPPORTED_GRAPH_PATTERN; Reason: KERNEL_CFG knob must be set at: kcfg_idx < 0
Warning: CUDNN_STATUS_NOT_SUPPORTED_GRAPH_PATTERN; Reason: resolveSDPAKernelConfig(getPerfKnobs(), opSet, *this->getDeviceProp(), getEngineName(), kcfg, chosen_knob)
Warning: CUDNN_STATUS_NOT_SUPPORTED_GRAPH_PATTERN; Reason: process_knob_choices()
Warning: CUDNN_STATUS_NOT_SUPPORTED; Reason: (CUDNN_STATUS_NOT_INITIALIZED == status) || (CUDNN_STATUS_NOT_SUPPORTED == ((status) / 1000 * 1000))
Warning: CUDNN_STATUS_NOT_SUPPORTED; Reason: ptr->isSupported()
Warning: CUDNN_STATUS_NOT_SUPPORTED; Reason: finalize_internal()

{""engineId"":2,""smVersion"":1200,""knobChoices"":{""CUDNN_KNOB_TYPE_KERNEL_CFG"":-1,""CUDNN_KNOB_TYPE_TILE_CGA_M"":-1,""CUDNN_KNOB_TYPE_STREAM_K"":-1,""CUDNN_KNOB_TYPE_TILE_M"":-1,""CUDNN_KNOB_TYPE_TILE_N"":-1}}
Warning: CUDNN_STATUS_NOT_SUPPORTED_ARCH_MISMATCH; Reason: only Hopper is supported for this engine at: !(900 <= deviceVer && deviceVer < 1000)
Warning: CUDNN_STATUS_NOT_SUPPORTED; Reason: (CUDNN_STATUS_NOT_INITIALIZED == status) || (CUDNN_STATUS_NOT_SUPPORTED == ((status) / 1000 * 1000))
Warning: CUDNN_STATUS_NOT_SUPPORTED; Reason: ptr->isSupported()
Warning: CUDNN_STATUS_NOT_SUPPORTED; Reason: finalize_internal()

{""engineId"":3,""smVersion"":1200,""knobChoices"":{""CUDNN_KNOB_TYPE_KERNEL_CFG"":-1,""CUDNN_KNOB_TYPE_TILE_CGA_M"":-1,""CUDNN_KNOB_TYPE_STREAM_K"":-1,""CUDNN_KNOB_TYPE_TILE_M"":-1,""CUDNN_KNOB_TYPE_TILE_N"":-1}}
Warning: CUDNN_STATUS_NOT_SUPPORTED_ARCH_MISMATCH; Reason: only Blackwell is supported for this engine at: !(1000 <= deviceVer && deviceVer < 1200)
Warning: CUDNN_STATUS_NOT_SUPPORTED; Reason: (CUDNN_STATUS_NOT_INITIALIZED == status) || (CUDNN_STATUS_NOT_SUPPORTED == ((status) / 1000 * 1000))
Warning: CUDNN_STATUS_NOT_SUPPORTED; Reason: ptr->isSupported()
Warning: CUDNN_STATUS_NOT_SUPPORTED; Reason: finalize_internal()

{""engineId"":4,""smVersion"":1200,""knobChoices"":{""CUDNN_KNOB_TYPE_KERNEL_CFG"":-1,""CUDNN_KNOB_TYPE_TILE_CGA_M"":-1,""CUDNN_KNOB_TYPE_STREAM_K"":-1,""CUDNN_KNOB_TYPE_TILE_M"":-1,""CUDNN_KNOB_TYPE_TILE_N"":-1}}
Warning: CUDNN_STATUS_NOT_SUPPORTED_GRAPH_PATTERN; Reason: KERNEL_CFG knob must be set at: kcfg_idx < 0
Warning: CUDNN_STATUS_NOT_SUPPORTED_GRAPH_PATTERN; Reason: resolveSDPAKernelConfig(getPerfKnobs(), opSet, *this->getDeviceProp(), getEngineName(), kcfg, chosen_knob)
Warning: CUDNN_STATUS_NOT_SUPPORTED_GRAPH_PATTERN; Reason: process_knob_choices()
Warning: CUDNN_STATUS_NOT_SUPPORTED; Reason: (CUDNN_STATUS_NOT_INITIALIZED == status) || (CUDNN_STATUS_NOT_SUPPORTED == ((status) / 1000 * 1000))
Warning: CUDNN_STATUS_NOT_SUPPORTED; Reason: ptr->isSupported()
Warning: CUDNN_STATUS_NOT_SUPPORTED; Reason: finalize_internal()

{""engineId"":5,""smVersion"":1200,""knobChoices"":{""CUDNN_KNOB_TYPE_STAGES"":-1,""CUDNN_KNOB_TYPE_KERNEL_CFG"":-1,""CUDNN_KNOB_TYPE_TILE_CGA_M"":-1,""CUDNN_KNOB_TYPE_STREAM_K"":-1,""CUDNN_KNOB_TYPE_TILE_M"":-1,""CUDNN_KNOB_TYPE_TILE_N"":-1}}
Warning: CUDNN_STATUS_NOT_SUPPORTED_ARCH_MISMATCH; Reason: only Blackwell is supported for this engine at: !(1000 <= deviceVer && deviceVer < 1200)
Warning: CUDNN_STATUS_NOT_SUPPORTED; Reason: (CUDNN_STATUS_NOT_INITIALIZED == status) || (CUDNN_STATUS_NOT_SUPPORTED == ((status) / 1000 * 1000))
Warning: CUDNN_STATUS_NOT_SUPPORTED; Reason: ptr->isSupported()
Warning: CUDNN_STATUS_NOT_SUPPORTED; Reason: finalize_internal()

{""engineId"":6,""smVersion"":1200,""knobChoices"":{""CUDNN_KNOB_TYPE_STAGES"":-1,""CUDNN_KNOB_TYPE_KERNEL_CFG"":-1,""CUDNN_KNOB_TYPE_TILE_CGA_M"":-1,""CUDNN_KNOB_TYPE_STREAM_K"":-1,""CUDNN_KNOB_TYPE_TILE_M"":-1,""CUDNN_KNOB_TYPE_TILE_N"":-1}}
Warning: CUDNN_STATUS_NOT_SUPPORTED_ARCH_MISMATCH; Reason: only Hopper is supported for this engine at: !(900 <= deviceVer && deviceVer < 1000)
Warning: CUDNN_STATUS_NOT_SUPPORTED; Reason: (CUDNN_STATUS_NOT_INITIALIZED == status) || (CUDNN_STATUS_NOT_SUPPORTED == ((status) / 1000 * 1000))
Warning: CUDNN_STATUS_NOT_SUPPORTED; Reason: ptr->isSupported()
Warning: CUDNN_STATUS_NOT_SUPPORTED; Reason: finalize_internal()

{""engineId"":7,""smVersion"":1200,""knobChoices"":{""CUDNN_KNOB_TYPE_STAGES"":-1,""CUDNN_KNOB_TYPE_KERNEL_CFG"":-1,""CUDNN_KNOB_TYPE_TILE_CGA_M"":-1,""CUDNN_KNOB_TYPE_STREAM_K"":-1,""CUDNN_KNOB_TYPE_TILE_M"":-1,""CUDNN_KNOB_TYPE_TILE_N"":-1}}
Warning: CUDNN_STATUS_NOT_SUPPORTED; Reason: The matmul should either be an entrance node or occur after the softmax and only allowed 2 at: true
Warning: CUDNN_STATUS_NOT_SUPPORTED; Reason: tag_mha_graph(graph, mha_mode, is_fp8)
Warning: CUDNN_STATUS_NOT_SUPPORTED; Reason: (CUDNN_STATUS_NOT_INITIALIZED == status) || (CUDNN_STATUS_NOT_SUPPORTED == ((status) / 1000 * 1000))
Warning: CUDNN_STATUS_NOT_SUPPORTED; Reason: ptr->isSupported()
Warning: CUDNN_STATUS_NOT_SUPPORTED; Reason: finalize_internal()

{""engineId"":20,""smVersion"":1200,""knobChoices"":{""CUDNN_KNOB_TYPE_STAGES"":-1,""CUDNN_KNOB_TYPE_KERNEL_CFG"":-1,""CUDNN_KNOB_TYPE_TILE_CGA_M"":-1,""CUDNN_KNOB_TYPE_STREAM_K"":-1,""CUDNN_KNOB_TYPE_TILE_M"":-1,""CUDNN_KNOB_TYPE_TILE_N"":-1}}
Warning: CUDNN_STATUS_NOT_SUPPORTED; Reason: The matmul should either be an entrance node or occur after the softmax and only allowed 2 at: true
Warning: CUDNN_STATUS_NOT_SUPPORTED; Reason: tag_mha_graph(graph, mha_mode, is_fp8)
Warning: CUDNN_STATUS_NOT_SUPPORTED; Reason: (CUDNN_STATUS_NOT_INITIALIZED == status) || (CUDNN_STATUS_NOT_SUPPORTED == ((status) / 1000 * 1000))
Warning: CUDNN_STATUS_NOT_SUPPORTED; Reason: ptr->isSupported()
Warning: CUDNN_STATUS_NOT_SUPPORTED; Reason: finalize_internal()

)

stdout: ",,,
kimi_k3,kimi_k3,cudnn,fp8,top_left,2,2048,2048,96,96,192,128,bwd,True,inf,0.000,0.000,10,,False,"Benchmark failed with return code 1.
stderr: Traceback (most recent call last):
  File ""/data/vagarwalla/rtx6000_bench/cudnn-frontend/benchmark/sdpa_benchmark_training/benchmark_single_sdpa.py"", line 749, in <module>
    graph_fwd.create_execution_plans([cudnn.heur_mode.A, cudnn.heur_mode.FALLBACK])
  File ""/data/vagarwalla/rtx6000_bench/venv/lib/python3.12/site-packages/cudnn/_pygraph.py"", line 882, in create_execution_plans
    raise cudnn_graph_not_supported(f""no engine — python or backend — proposed a plan for this graph{why}"")
cudnn._compiled_module.cudnnGraphNotSupportedError: no engine — python or backend — proposed a plan for this graph (the backend declined: No valid engine configs for ______________________
{""engineId"":0,""smVersion"":1200,""knobChoices"":{""CUDNN_KNOB_TYPE_KERNEL_CFG"":-1,""CUDNN_KNOB_TYPE_TILE_CGA_M"":-1,""CUDNN_KNOB_TYPE_STREAM_K"":-1,""CUDNN_KNOB_TYPE_TILE_M"":-1,""CUDNN_KNOB_TYPE_TILE_N"":-1}}
Warning: CUDNN_STATUS_NOT_SUPPORTED; Reason: The matmul should either be an entrance node or occur after the softmax and only allowed 2 at: true
Warning: CUDNN_STATUS_NOT_SUPPORTED; Reason: tag_mha_graph(graph, mha_mode, is_fp8)
Warning: CUDNN_STATUS_NOT_SUPPORTED; Reason: (CUDNN_STATUS_NOT_INITIALIZED == status) || (CUDNN_STATUS_NOT_SUPPORTED == ((status) / 1000 * 1000))
Warning: CUDNN_STATUS_NOT_SUPPORTED; Reason: ptr->isSupported()
Warning: CUDNN_STATUS_NOT_SUPPORTED; Reason: finalize_internal()

{""engineId"":1,""smVersion"":1200,""knobChoices"":{""CUDNN_KNOB_TYPE_KERNEL_CFG"":-1,""CUDNN_KNOB_TYPE_TILE_CGA_M"":-1,""CUDNN_KNOB_TYPE_STREAM_K"":-1,""CUDNN_KNOB_TYPE_TILE_M"":-1,""CUDNN_KNOB_TYPE_TILE_N"":-1}}
Warning: CUDNN_STATUS_NOT_SUPPORTED_GRAPH_PATTERN; Reason: KERNEL_CFG knob must be set at: kcfg_idx < 0
Warning: CUDNN_STATUS_NOT_SUPPORTED_GRAPH_PATTERN; Reason: resolveSDPAKernelConfig(getPerfKnobs(), opSet, *this->getDeviceProp(), getEngineName(), kcfg, chosen_knob)
Warning: CUDNN_STATUS_NOT_SUPPORTED_GRAPH_PATTERN; Reason: process_knob_choices()
Warning: CUDNN_STATUS_NOT_SUPPORTED; Reason: (CUDNN_STATUS_NOT_INITIALIZED == status) || (CUDNN_STATUS_NOT_SUPPORTED == ((status) / 1000 * 1000))
Warning: CUDNN_STATUS_NOT_SUPPORTED; Reason: ptr->isSupported()
Warning: CUDNN_STATUS_NOT_SUPPORTED; Reason: finalize_internal()

{""engineId"":2,""smVersion"":1200,""knobChoices"":{""CUDNN_KNOB_TYPE_KERNEL_CFG"":-1,""CUDNN_KNOB_TYPE_TILE_CGA_M"":-1,""CUDNN_KNOB_TYPE_STREAM_K"":-1,""CUDNN_KNOB_TYPE_TILE_M"":-1,""CUDNN_KNOB_TYPE_TILE_N"":-1}}
Warning: CUDNN_STATUS_NOT_SUPPORTED_ARCH_MISMATCH; Reason: only Hopper is supported for this engine at: !(900 <= deviceVer && deviceVer < 1000)
Warning: CUDNN_STATUS_NOT_SUPPORTED; Reason: (CUDNN_STATUS_NOT_INITIALIZED == status) || (CUDNN_STATUS_NOT_SUPPORTED == ((status) / 1000 * 1000))
Warning: CUDNN_STATUS_NOT_SUPPORTED; Reason: ptr->isSupported()
Warning: CUDNN_STATUS_NOT_SUPPORTED; Reason: finalize_internal()

{""engineId"":3,""smVersion"":1200,""knobChoices"":{""CUDNN_KNOB_TYPE_KERNEL_CFG"":-1,""CUDNN_KNOB_TYPE_TILE_CGA_M"":-1,""CUDNN_KNOB_TYPE_STREAM_K"":-1,""CUDNN_KNOB_TYPE_TILE_M"":-1,""CUDNN_KNOB_TYPE_TILE_N"":-1}}
Warning: CUDNN_STATUS_NOT_SUPPORTED_ARCH_MISMATCH; Reason: only Blackwell is supported for this engine at: !(1000 <= deviceVer && deviceVer < 1200)
Warning: CUDNN_STATUS_NOT_SUPPORTED; Reason: (CUDNN_STATUS_NOT_INITIALIZED == status) || (CUDNN_STATUS_NOT_SUPPORTED == ((status) / 1000 * 1000))
Warning: CUDNN_STATUS_NOT_SUPPORTED; Reason: ptr->isSupported()
Warning: CUDNN_STATUS_NOT_SUPPORTED; Reason: finalize_internal()

{""engineId"":4,""smVersion"":1200,""knobChoices"":{""CUDNN_KNOB_TYPE_KERNEL_CFG"":-1,""CUDNN_KNOB_TYPE_TILE_CGA_M"":-1,""CUDNN_KNOB_TYPE_STREAM_K"":-1,""CUDNN_KNOB_TYPE_TILE_M"":-1,""CUDNN_KNOB_TYPE_TILE_N"":-1}}
Warning: CUDNN_STATUS_NOT_SUPPORTED_GRAPH_PATTERN; Reason: KERNEL_CFG knob must be set at: kcfg_idx < 0
Warning: CUDNN_STATUS_NOT_SUPPORTED_GRAPH_PATTERN; Reason: resolveSDPAKernelConfig(getPerfKnobs(), opSet, *this->getDeviceProp(), getEngineName(), kcfg, chosen_knob)
Warning: CUDNN_STATUS_NOT_SUPPORTED_GRAPH_PATTERN; Reason: process_knob_choices()
Warning: CUDNN_STATUS_NOT_SUPPORTED; Reason: (CUDNN_STATUS_NOT_INITIALIZED == status) || (CUDNN_STATUS_NOT_SUPPORTED == ((status) / 1000 * 1000))
Warning: CUDNN_STATUS_NOT_SUPPORTED; Reason: ptr->isSupported()
Warning: CUDNN_STATUS_NOT_SUPPORTED; Reason: finalize_internal()

{""engineId"":5,""smVersion"":1200,""knobChoices"":{""CUDNN_KNOB_TYPE_STAGES"":-1,""CUDNN_KNOB_TYPE_KERNEL_CFG"":-1,""CUDNN_KNOB_TYPE_TILE_CGA_M"":-1,""CUDNN_KNOB_TYPE_STREAM_K"":-1,""CUDNN_KNOB_TYPE_TILE_M"":-1,""CUDNN_KNOB_TYPE_TILE_N"":-1}}
Warning: CUDNN_STATUS_NOT_SUPPORTED_ARCH_MISMATCH; Reason: only Blackwell is supported for this engine at: !(1000 <= deviceVer && deviceVer < 1200)
Warning: CUDNN_STATUS_NOT_SUPPORTED; Reason: (CUDNN_STATUS_NOT_INITIALIZED == status) || (CUDNN_STATUS_NOT_SUPPORTED == ((status) / 1000 * 1000))
Warning: CUDNN_STATUS_NOT_SUPPORTED; Reason: ptr->isSupported()
Warning: CUDNN_STATUS_NOT_SUPPORTED; Reason: finalize_internal()

{""engineId"":6,""smVersion"":1200,""knobChoices"":{""CUDNN_KNOB_TYPE_STAGES"":-1,""CUDNN_KNOB_TYPE_KERNEL_CFG"":-1,""CUDNN_KNOB_TYPE_TILE_CGA_M"":-1,""CUDNN_KNOB_TYPE_STREAM_K"":-1,""CUDNN_KNOB_TYPE_TILE_M"":-1,""CUDNN_KNOB_TYPE_TILE_N"":-1}}
Warning: CUDNN_STATUS_NOT_SUPPORTED_ARCH_MISMATCH; Reason: only Hopper is supported for this engine at: !(900 <= deviceVer && deviceVer < 1000)
Warning: CUDNN_STATUS_NOT_SUPPORTED; Reason: (CUDNN_STATUS_NOT_INITIALIZED == status) || (CUDNN_STATUS_NOT_SUPPORTED == ((status) / 1000 * 1000))
Warning: CUDNN_STATUS_NOT_SUPPORTED; Reason: ptr->isSupported()
Warning: CUDNN_STATUS_NOT_SUPPORTED; Reason: finalize_internal()

{""engineId"":7,""smVersion"":1200,""knobChoices"":{""CUDNN_KNOB_TYPE_STAGES"":-1,""CUDNN_KNOB_TYPE_KERNEL_CFG"":-1,""CUDNN_KNOB_TYPE_TILE_CGA_M"":-1,""CUDNN_KNOB_TYPE_STREAM_K"":-1,""CUDNN_KNOB_TYPE_TILE_M"":-1,""CUDNN_KNOB_TYPE_TILE_N"":-1}}
Warning: CUDNN_STATUS_NOT_SUPPORTED; Reason: The matmul should either be an entrance node or occur after the softmax and only allowed 2 at: true
Warning: CUDNN_STATUS_NOT_SUPPORTED; Reason: tag_mha_graph(graph, mha_mode, is_fp8)
Warning: CUDNN_STATUS_NOT_SUPPORTED; Reason: (CUDNN_STATUS_NOT_INITIALIZED == status) || (CUDNN_STATUS_NOT_SUPPORTED == ((status) / 1000 * 1000))
Warning: CUDNN_STATUS_NOT_SUPPORTED; Reason: ptr->isSupported()
Warning: CUDNN_STATUS_NOT_SUPPORTED; Reason: finalize_internal()

{""engineId"":20,""smVersion"":1200,""knobChoices"":{""CUDNN_KNOB_TYPE_STAGES"":-1,""CUDNN_KNOB_TYPE_KERNEL_CFG"":-1,""CUDNN_KNOB_TYPE_TILE_CGA_M"":-1,""CUDNN_KNOB_TYPE_STREAM_K"":-1,""CUDNN_KNOB_TYPE_TILE_M"":-1,""CUDNN_KNOB_TYPE_TILE_N"":-1}}
Warning: CUDNN_STATUS_NOT_SUPPORTED; Reason: The matmul should either be an entrance node or occur after the softmax and only allowed 2 at: true
Warning: CUDNN_STATUS_NOT_SUPPORTED; Reason: tag_mha_graph(graph, mha_mode, is_fp8)
Warning: CUDNN_STATUS_NOT_SUPPORTED; Reason: (CUDNN_STATUS_NOT_INITIALIZED == status) || (CUDNN_STATUS_NOT_SUPPORTED == ((status) / 1000 * 1000))
Warning: CUDNN_STATUS_NOT_SUPPORTED; Reason: ptr->isSupported()
Warning: CUDNN_STATUS_NOT_SUPPORTED; Reason: finalize_internal()

)

stdout: ",,,
kimi_k3,kimi_k3,cudnn,fp8,no_mask,2,2048,2048,96,96,192,128,fwd,False,inf,0.000,0.000,10,,False,"Benchmark failed with return code 1.
stderr: Traceback (most recent call last):
  File ""/data/vagarwalla/rtx6000_bench/cudnn-frontend/benchmark/sdpa_benchmark_training/benchmark_single_sdpa.py"", line 749, in <module>
    graph_fwd.create_execution_plans([cudnn.heur_mode.A, cudnn.heur_mode.FALLBACK])
  File ""/data/vagarwalla/rtx6000_bench/venv/lib/python3.12/site-packages/cudnn/_pygraph.py"", line 882, in create_execution_plans
    raise cudnn_graph_not_supported(f""no engine — python or backend — proposed a plan for this graph{why}"")
cudnn._compiled_module.cudnnGraphNotSupportedError: no engine — python or backend — proposed a plan for this graph (the backend declined: No valid engine configs for __________________
{""engineId"":0,""smVersion"":1200,""knobChoices"":{""CUDNN_KNOB_TYPE_KERNEL_CFG"":-1,""CUDNN_KNOB_TYPE_TILE_CGA_M"":-1,""CUDNN_KNOB_TYPE_STREAM_K"":-1,""CUDNN_KNOB_TYPE_TILE_M"":-1,""CUDNN_KNOB_TYPE_TILE_N"":-1}}
Warning: CUDNN_STATUS_NOT_SUPPORTED; Reason: The matmul should either be an entrance node or occur after the softmax and only allowed 2 at: true
Warning: CUDNN_STATUS_NOT_SUPPORTED; Reason: tag_mha_graph(graph, mha_mode, is_fp8)
Warning: CUDNN_STATUS_NOT_SUPPORTED; Reason: (CUDNN_STATUS_NOT_INITIALIZED == status) || (CUDNN_STATUS_NOT_SUPPORTED == ((status) / 1000 * 1000))
Warning: CUDNN_STATUS_NOT_SUPPORTED; Reason: ptr->isSupported()
Warning: CUDNN_STATUS_NOT_SUPPORTED; Reason: finalize_internal()

{""engineId"":1,""smVersion"":1200,""knobChoices"":{""CUDNN_KNOB_TYPE_KERNEL_CFG"":-1,""CUDNN_KNOB_TYPE_TILE_CGA_M"":-1,""CUDNN_KNOB_TYPE_STREAM_K"":-1,""CUDNN_KNOB_TYPE_TILE_M"":-1,""CUDNN_KNOB_TYPE_TILE_N"":-1}}
Warning: CUDNN_STATUS_NOT_SUPPORTED_GRAPH_PATTERN; Reason: KERNEL_CFG knob must be set at: kcfg_idx < 0
Warning: CUDNN_STATUS_NOT_SUPPORTED_GRAPH_PATTERN; Reason: resolveSDPAKernelConfig(getPerfKnobs(), opSet, *this->getDeviceProp(), getEngineName(), kcfg, chosen_knob)
Warning: CUDNN_STATUS_NOT_SUPPORTED_GRAPH_PATTERN; Reason: process_knob_choices()
Warning: CUDNN_STATUS_NOT_SUPPORTED; Reason: (CUDNN_STATUS_NOT_INITIALIZED == status) || (CUDNN_STATUS_NOT_SUPPORTED == ((status) / 1000 * 1000))
Warning: CUDNN_STATUS_NOT_SUPPORTED; Reason: ptr->isSupported()
Warning: CUDNN_STATUS_NOT_SUPPORTED; Reason: finalize_internal()

{""engineId"":2,""smVersion"":1200,""knobChoices"":{""CUDNN_KNOB_TYPE_KERNEL_CFG"":-1,""CUDNN_KNOB_TYPE_TILE_CGA_M"":-1,""CUDNN_KNOB_TYPE_STREAM_K"":-1,""CUDNN_KNOB_TYPE_TILE_M"":-1,""CUDNN_KNOB_TYPE_TILE_N"":-1}}
Warning: CUDNN_STATUS_NOT_SUPPORTED_ARCH_MISMATCH; Reason: only Hopper is supported for this engine at: !(900 <= deviceVer && deviceVer < 1000)
Warning: CUDNN_STATUS_NOT_SUPPORTED; Reason: (CUDNN_STATUS_NOT_INITIALIZED == status) || (CUDNN_STATUS_NOT_SUPPORTED == ((status) / 1000 * 1000))
Warning: CUDNN_STATUS_NOT_SUPPORTED; Reason: ptr->isSupported()
Warning: CUDNN_STATUS_NOT_SUPPORTED; Reason: finalize_internal()

{""engineId"":3,""smVersion"":1200,""knobChoices"":{""CUDNN_KNOB_TYPE_KERNEL_CFG"":-1,""CUDNN_KNOB_TYPE_TILE_CGA_M"":-1,""CUDNN_KNOB_TYPE_STREAM_K"":-1,""CUDNN_KNOB_TYPE_TILE_M"":-1,""CUDNN_KNOB_TYPE_TILE_N"":-1}}
Warning: CUDNN_STATUS_NOT_SUPPORTED_ARCH_MISMATCH; Reason: only Blackwell is supported for this engine at: !(1000 <= deviceVer && deviceVer < 1200)
Warning: CUDNN_STATUS_NOT_SUPPORTED; Reason: (CUDNN_STATUS_NOT_INITIALIZED == status) || (CUDNN_STATUS_NOT_SUPPORTED == ((status) / 1000 * 1000))
Warning: CUDNN_STATUS_NOT_SUPPORTED; Reason: ptr->isSupported()
Warning: CUDNN_STATUS_NOT_SUPPORTED; Reason: finalize_internal()

{""engineId"":4,""smVersion"":1200,""knobChoices"":{""CUDNN_KNOB_TYPE_KERNEL_CFG"":-1,""CUDNN_KNOB_TYPE_TILE_CGA_M"":-1,""CUDNN_KNOB_TYPE_STREAM_K"":-1,""CUDNN_KNOB_TYPE_TILE_M"":-1,""CUDNN_KNOB_TYPE_TILE_N"":-1}}
Warning: CUDNN_STATUS_NOT_SUPPORTED_GRAPH_PATTERN; Reason: KERNEL_CFG knob must be set at: kcfg_idx < 0
Warning: CUDNN_STATUS_NOT_SUPPORTED_GRAPH_PATTERN; Reason: resolveSDPAKernelConfig(getPerfKnobs(), opSet, *this->getDeviceProp(), getEngineName(), kcfg, chosen_knob)
Warning: CUDNN_STATUS_NOT_SUPPORTED_GRAPH_PATTERN; Reason: process_knob_choices()
Warning: CUDNN_STATUS_NOT_SUPPORTED; Reason: (CUDNN_STATUS_NOT_INITIALIZED == status) || (CUDNN_STATUS_NOT_SUPPORTED == ((status) / 1000 * 1000))
Warning: CUDNN_STATUS_NOT_SUPPORTED; Reason: ptr->isSupported()
Warning: CUDNN_STATUS_NOT_SUPPORTED; Reason: finalize_internal()

{""engineId"":5,""smVersion"":1200,""knobChoices"":{""CUDNN_KNOB_TYPE_STAGES"":-1,""CUDNN_KNOB_TYPE_KERNEL_CFG"":-1,""CUDNN_KNOB_TYPE_TILE_CGA_M"":-1,""CUDNN_KNOB_TYPE_STREAM_K"":-1,""CUDNN_KNOB_TYPE_TILE_M"":-1,""CUDNN_KNOB_TYPE_TILE_N"":-1}}
Warning: CUDNN_STATUS_NOT_SUPPORTED_ARCH_MISMATCH; Reason: only Blackwell is supported for this engine at: !(1000 <= deviceVer && deviceVer < 1200)
Warning: CUDNN_STATUS_NOT_SUPPORTED; Reason: (CUDNN_STATUS_NOT_INITIALIZED == status) || (CUDNN_STATUS_NOT_SUPPORTED == ((status) / 1000 * 1000))
Warning: CUDNN_STATUS_NOT_SUPPORTED; Reason: ptr->isSupported()
Warning: CUDNN_STATUS_NOT_SUPPORTED; Reason: finalize_internal()

{""engineId"":6,""smVersion"":1200,""knobChoices"":{""CUDNN_KNOB_TYPE_STAGES"":-1,""CUDNN_KNOB_TYPE_KERNEL_CFG"":-1,""CUDNN_KNOB_TYPE_TILE_CGA_M"":-1,""CUDNN_KNOB_TYPE_STREAM_K"":-1,""CUDNN_KNOB_TYPE_TILE_M"":-1,""CUDNN_KNOB_TYPE_TILE_N"":-1}}
Warning: CUDNN_STATUS_NOT_SUPPORTED_ARCH_MISMATCH; Reason: only Hopper is supported for this engine at: !(900 <= deviceVer && deviceVer < 1000)
Warning: CUDNN_STATUS_NOT_SUPPORTED; Reason: (CUDNN_STATUS_NOT_INITIALIZED == status) || (CUDNN_STATUS_NOT_SUPPORTED == ((status) / 1000 * 1000))
Warning: CUDNN_STATUS_NOT_SUPPORTED; Reason: ptr->isSupported()
Warning: CUDNN_STATUS_NOT_SUPPORTED; Reason: finalize_internal()

{""engineId"":7,""smVersion"":1200,""knobChoices"":{""CUDNN_KNOB_TYPE_STAGES"":-1,""CUDNN_KNOB_TYPE_KERNEL_CFG"":-1,""CUDNN_KNOB_TYPE_TILE_CGA_M"":-1,""CUDNN_KNOB_TYPE_STREAM_K"":-1,""CUDNN_KNOB_TYPE_TILE_M"":-1,""CUDNN_KNOB_TYPE_TILE_N"":-1}}
Warning: CUDNN_STATUS_NOT_SUPPORTED; Reason: The matmul should either be an entrance node or occur after the softmax and only allowed 2 at: true
Warning: CUDNN_STATUS_NOT_SUPPORTED; Reason: tag_mha_graph(graph, mha_mode, is_fp8)
Warning: CUDNN_STATUS_NOT_SUPPORTED; Reason: (CUDNN_STATUS_NOT_INITIALIZED == status) || (CUDNN_STATUS_NOT_SUPPORTED == ((status) / 1000 * 1000))
Warning: CUDNN_STATUS_NOT_SUPPORTED; Reason: ptr->isSupported()
Warning: CUDNN_STATUS_NOT_SUPPORTED; Reason: finalize_internal()

{""engineId"":20,""smVersion"":1200,""knobChoices"":{""CUDNN_KNOB_TYPE_STAGES"":-1,""CUDNN_KNOB_TYPE_KERNEL_CFG"":-1,""CUDNN_KNOB_TYPE_TILE_CGA_M"":-1,""CUDNN_KNOB_TYPE_STREAM_K"":-1,""CUDNN_KNOB_TYPE_TILE_M"":-1,""CUDNN_KNOB_TYPE_TILE_N"":-1}}
Warning: CUDNN_STATUS_NOT_SUPPORTED; Reason: The matmul should either be an entrance node or occur after the softmax and only allowed 2 at: true
Warning: CUDNN_STATUS_NOT_SUPPORTED; Reason: tag_mha_graph(graph, mha_mode, is_fp8)
Warning: CUDNN_STATUS_NOT_SUPPORTED; Reason: (CUDNN_STATUS_NOT_INITIALIZED == status) || (CUDNN_STATUS_NOT_SUPPORTED == ((status) / 1000 * 1000))
Warning: CUDNN_STATUS_NOT_SUPPORTED; Reason: ptr->isSupported()
Warning: CUDNN_STATUS_NOT_SUPPORTED; Reason: finalize_internal()

)

stdout: ",,,
kimi_k3,kimi_k3,cudnn,fp8,no_mask,2,2048,2048,96,96,192,128,bwd,False,inf,0.000,0.000,10,,False,"Benchmark failed with return code 1.
stderr: Traceback (most recent call last):
  File ""/data/vagarwalla/rtx6000_bench/cudnn-frontend/benchmark/sdpa_benchmark_training/benchmark_single_sdpa.py"", line 749, in <module>
    graph_fwd.create_execution_plans([cudnn.heur_mode.A, cudnn.heur_mode.FALLBACK])
  File ""/data/vagarwalla/rtx6000_bench/venv/lib/python3.12/site-packages/cudnn/_pygraph.py"", line 882, in create_execution_plans
    raise cudnn_graph_not_supported(f""no engine — python or backend — proposed a plan for this graph{why}"")
cudnn._compiled_module.cudnnGraphNotSupportedError: no engine — python or backend — proposed a plan for this graph (the backend declined: No valid engine configs for __________________
{""engineId"":0,""smVersion"":1200,""knobChoices"":{""CUDNN_KNOB_TYPE_KERNEL_CFG"":-1,""CUDNN_KNOB_TYPE_TILE_CGA_M"":-1,""CUDNN_KNOB_TYPE_STREAM_K"":-1,""CUDNN_KNOB_TYPE_TILE_M"":-1,""CUDNN_KNOB_TYPE_TILE_N"":-1}}
Warning: CUDNN_STATUS_NOT_SUPPORTED; Reason: The matmul should either be an entrance node or occur after the softmax and only allowed 2 at: true
Warning: CUDNN_STATUS_NOT_SUPPORTED; Reason: tag_mha_graph(graph, mha_mode, is_fp8)
Warning: CUDNN_STATUS_NOT_SUPPORTED; Reason: (CUDNN_STATUS_NOT_INITIALIZED == status) || (CUDNN_STATUS_NOT_SUPPORTED == ((status) / 1000 * 1000))
Warning: CUDNN_STATUS_NOT_SUPPORTED; Reason: ptr->isSupported()
Warning: CUDNN_STATUS_NOT_SUPPORTED; Reason: finalize_internal()

{""engineId"":1,""smVersion"":1200,""knobChoices"":{""CUDNN_KNOB_TYPE_KERNEL_CFG"":-1,""CUDNN_KNOB_TYPE_TILE_CGA_M"":-1,""CUDNN_KNOB_TYPE_STREAM_K"":-1,""CUDNN_KNOB_TYPE_TILE_M"":-1,""CUDNN_KNOB_TYPE_TILE_N"":-1}}
Warning: CUDNN_STATUS_NOT_SUPPORTED_GRAPH_PATTERN; Reason: KERNEL_CFG knob must be set at: kcfg_idx < 0
Warning: CUDNN_STATUS_NOT_SUPPORTED_GRAPH_PATTERN; Reason: resolveSDPAKernelConfig(getPerfKnobs(), opSet, *this->getDeviceProp(), getEngineName(), kcfg, chosen_knob)
Warning: CUDNN_STATUS_NOT_SUPPORTED_GRAPH_PATTERN; Reason: process_knob_choices()
Warning: CUDNN_STATUS_NOT_SUPPORTED; Reason: (CUDNN_STATUS_NOT_INITIALIZED == status) || (CUDNN_STATUS_NOT_SUPPORTED == ((status) / 1000 * 1000))
Warning: CUDNN_STATUS_NOT_SUPPORTED; Reason: ptr->isSupported()
Warning: CUDNN_STATUS_NOT_SUPPORTED; Reason: finalize_internal()

{""engineId"":2,""smVersion"":1200,""knobChoices"":{""CUDNN_KNOB_TYPE_KERNEL_CFG"":-1,""CUDNN_KNOB_TYPE_TILE_CGA_M"":-1,""CUDNN_KNOB_TYPE_STREAM_K"":-1,""CUDNN_KNOB_TYPE_TILE_M"":-1,""CUDNN_KNOB_TYPE_TILE_N"":-1}}
Warning: CUDNN_STATUS_NOT_SUPPORTED_ARCH_MISMATCH; Reason: only Hopper is supported for this engine at: !(900 <= deviceVer && deviceVer < 1000)
Warning: CUDNN_STATUS_NOT_SUPPORTED; Reason: (CUDNN_STATUS_NOT_INITIALIZED == status) || (CUDNN_STATUS_NOT_SUPPORTED == ((status) / 1000 * 1000))
Warning: CUDNN_STATUS_NOT_SUPPORTED; Reason: ptr->isSupported()
Warning: CUDNN_STATUS_NOT_SUPPORTED; Reason: finalize_internal()

{""engineId"":3,""smVersion"":1200,""knobChoices"":{""CUDNN_KNOB_TYPE_KERNEL_CFG"":-1,""CUDNN_KNOB_TYPE_TILE_CGA_M"":-1,""CUDNN_KNOB_TYPE_STREAM_K"":-1,""CUDNN_KNOB_TYPE_TILE_M"":-1,""CUDNN_KNOB_TYPE_TILE_N"":-1}}
Warning: CUDNN_STATUS_NOT_SUPPORTED_ARCH_MISMATCH; Reason: only Blackwell is supported for this engine at: !(1000 <= deviceVer && deviceVer < 1200)
Warning: CUDNN_STATUS_NOT_SUPPORTED; Reason: (CUDNN_STATUS_NOT_INITIALIZED == status) || (CUDNN_STATUS_NOT_SUPPORTED == ((status) / 1000 * 1000))
Warning: CUDNN_STATUS_NOT_SUPPORTED; Reason: ptr->isSupported()
Warning: CUDNN_STATUS_NOT_SUPPORTED; Reason: finalize_internal()

{""engineId"":4,""smVersion"":1200,""knobChoices"":{""CUDNN_KNOB_TYPE_KERNEL_CFG"":-1,""CUDNN_KNOB_TYPE_TILE_CGA_M"":-1,""CUDNN_KNOB_TYPE_STREAM_K"":-1,""CUDNN_KNOB_TYPE_TILE_M"":-1,""CUDNN_KNOB_TYPE_TILE_N"":-1}}
Warning: CUDNN_STATUS_NOT_SUPPORTED_GRAPH_PATTERN; Reason: KERNEL_CFG knob must be set at: kcfg_idx < 0
Warning: CUDNN_STATUS_NOT_SUPPORTED_GRAPH_PATTERN; Reason: resolveSDPAKernelConfig(getPerfKnobs(), opSet, *this->getDeviceProp(), getEngineName(), kcfg, chosen_knob)
Warning: CUDNN_STATUS_NOT_SUPPORTED_GRAPH_PATTERN; Reason: process_knob_choices()
Warning: CUDNN_STATUS_NOT_SUPPORTED; Reason: (CUDNN_STATUS_NOT_INITIALIZED == status) || (CUDNN_STATUS_NOT_SUPPORTED == ((status) / 1000 * 1000))
Warning: CUDNN_STATUS_NOT_SUPPORTED; Reason: ptr->isSupported()
Warning: CUDNN_STATUS_NOT_SUPPORTED; Reason: finalize_internal()

{""engineId"":5,""smVersion"":1200,""knobChoices"":{""CUDNN_KNOB_TYPE_STAGES"":-1,""CUDNN_KNOB_TYPE_KERNEL_CFG"":-1,""CUDNN_KNOB_TYPE_TILE_CGA_M"":-1,""CUDNN_KNOB_TYPE_STREAM_K"":-1,""CUDNN_KNOB_TYPE_TILE_M"":-1,""CUDNN_KNOB_TYPE_TILE_N"":-1}}
Warning: CUDNN_STATUS_NOT_SUPPORTED_ARCH_MISMATCH; Reason: only Blackwell is supported for this engine at: !(1000 <= deviceVer && deviceVer < 1200)
Warning: CUDNN_STATUS_NOT_SUPPORTED; Reason: (CUDNN_STATUS_NOT_INITIALIZED == status) || (CUDNN_STATUS_NOT_SUPPORTED == ((status) / 1000 * 1000))
Warning: CUDNN_STATUS_NOT_SUPPORTED; Reason: ptr->isSupported()
Warning: CUDNN_STATUS_NOT_SUPPORTED; Reason: finalize_internal()

{""engineId"":6,""smVersion"":1200,""knobChoices"":{""CUDNN_KNOB_TYPE_STAGES"":-1,""CUDNN_KNOB_TYPE_KERNEL_CFG"":-1,""CUDNN_KNOB_TYPE_TILE_CGA_M"":-1,""CUDNN_KNOB_TYPE_STREAM_K"":-1,""CUDNN_KNOB_TYPE_TILE_M"":-1,""CUDNN_KNOB_TYPE_TILE_N"":-1}}
Warning: CUDNN_STATUS_NOT_SUPPORTED_ARCH_MISMATCH; Reason: only Hopper is supported for this engine at: !(900 <= deviceVer && deviceVer < 1000)
Warning: CUDNN_STATUS_NOT_SUPPORTED; Reason: (CUDNN_STATUS_NOT_INITIALIZED == status) || (CUDNN_STATUS_NOT_SUPPORTED == ((status) / 1000 * 1000))
Warning: CUDNN_STATUS_NOT_SUPPORTED; Reason: ptr->isSupported()
Warning: CUDNN_STATUS_NOT_SUPPORTED; Reason: finalize_internal()

{""engineId"":7,""smVersion"":1200,""knobChoices"":{""CUDNN_KNOB_TYPE_STAGES"":-1,""CUDNN_KNOB_TYPE_KERNEL_CFG"":-1,""CUDNN_KNOB_TYPE_TILE_CGA_M"":-1,""CUDNN_KNOB_TYPE_STREAM_K"":-1,""CUDNN_KNOB_TYPE_TILE_M"":-1,""CUDNN_KNOB_TYPE_TILE_N"":-1}}
Warning: CUDNN_STATUS_NOT_SUPPORTED; Reason: The matmul should either be an entrance node or occur after the softmax and only allowed 2 at: true
Warning: CUDNN_STATUS_NOT_SUPPORTED; Reason: tag_mha_graph(graph, mha_mode, is_fp8)
Warning: CUDNN_STATUS_NOT_SUPPORTED; Reason: (CUDNN_STATUS_NOT_INITIALIZED == status) || (CUDNN_STATUS_NOT_SUPPORTED == ((status) / 1000 * 1000))
Warning: CUDNN_STATUS_NOT_SUPPORTED; Reason: ptr->isSupported()
Warning: CUDNN_STATUS_NOT_SUPPORTED; Reason: finalize_internal()

{""engineId"":20,""smVersion"":1200,""knobChoices"":{""CUDNN_KNOB_TYPE_STAGES"":-1,""CUDNN_KNOB_TYPE_KERNEL_CFG"":-1,""CUDNN_KNOB_TYPE_TILE_CGA_M"":-1,""CUDNN_KNOB_TYPE_STREAM_K"":-1,""CUDNN_KNOB_TYPE_TILE_M"":-1,""CUDNN_KNOB_TYPE_TILE_N"":-1}}
Warning: CUDNN_STATUS_NOT_SUPPORTED; Reason: The matmul should either be an entrance node or occur after the softmax and only allowed 2 at: true
Warning: CUDNN_STATUS_NOT_SUPPORTED; Reason: tag_mha_graph(graph, mha_mode, is_fp8)
Warning: CUDNN_STATUS_NOT_SUPPORTED; Reason: (CUDNN_STATUS_NOT_INITIALIZED == status) || (CUDNN_STATUS_NOT_SUPPORTED == ((status) / 1000 * 1000))
Warning: CUDNN_STATUS_NOT_SUPPORTED; Reason: ptr->isSupported()
Warning: CUDNN_STATUS_NOT_SUPPORTED; Reason: finalize_internal()

)

stdout: ",,,
kimi_k3,kimi_k3,cudnn,fp8,no_mask,2,2048,2048,96,96,192,128,bwd,True,inf,0.000,0.000,10,,False,"Benchmark failed with return code 1.
stderr: Traceback (most recent call last):
  File ""/data/vagarwalla/rtx6000_bench/cudnn-frontend/benchmark/sdpa_benchmark_training/benchmark_single_sdpa.py"", line 749, in <module>
    graph_fwd.create_execution_plans([cudnn.heur_mode.A, cudnn.heur_mode.FALLBACK])
  File ""/data/vagarwalla/rtx6000_bench/venv/lib/python3.12/site-packages/cudnn/_pygraph.py"", line 882, in create_execution_plans
    raise cudnn_graph_not_supported(f""no engine — python or backend — proposed a plan for this graph{why}"")
cudnn._compiled_module.cudnnGraphNotSupportedError: no engine — python or backend — proposed a plan for this graph (the backend declined: No valid engine configs for __________________
{""engineId"":0,""smVersion"":1200,""knobChoices"":{""CUDNN_KNOB_TYPE_KERNEL_CFG"":-1,""CUDNN_KNOB_TYPE_TILE_CGA_M"":-1,""CUDNN_KNOB_TYPE_STREAM_K"":-1,""CUDNN_KNOB_TYPE_TILE_M"":-1,""CUDNN_KNOB_TYPE_TILE_N"":-1}}
Warning: CUDNN_STATUS_NOT_SUPPORTED; Reason: The matmul should either be an entrance node or occur after the softmax and only allowed 2 at: true
Warning: CUDNN_STATUS_NOT_SUPPORTED; Reason: tag_mha_graph(graph, mha_mode, is_fp8)
Warning: CUDNN_STATUS_NOT_SUPPORTED; Reason: (CUDNN_STATUS_NOT_INITIALIZED == status) || (CUDNN_STATUS_NOT_SUPPORTED == ((status) / 1000 * 1000))
Warning: CUDNN_STATUS_NOT_SUPPORTED; Reason: ptr->isSupported()
Warning: CUDNN_STATUS_NOT_SUPPORTED; Reason: finalize_internal()

{""engineId"":1,""smVersion"":1200,""knobChoices"":{""CUDNN_KNOB_TYPE_KERNEL_CFG"":-1,""CUDNN_KNOB_TYPE_TILE_CGA_M"":-1,""CUDNN_KNOB_TYPE_STREAM_K"":-1,""CUDNN_KNOB_TYPE_TILE_M"":-1,""CUDNN_KNOB_TYPE_TILE_N"":-1}}
Warning: CUDNN_STATUS_NOT_SUPPORTED_GRAPH_PATTERN; Reason: KERNEL_CFG knob must be set at: kcfg_idx < 0
Warning: CUDNN_STATUS_NOT_SUPPORTED_GRAPH_PATTERN; Reason: resolveSDPAKernelConfig(getPerfKnobs(), opSet, *this->getDeviceProp(), getEngineName(), kcfg, chosen_knob)
Warning: CUDNN_STATUS_NOT_SUPPORTED_GRAPH_PATTERN; Reason: process_knob_choices()
Warning: CUDNN_STATUS_NOT_SUPPORTED; Reason: (CUDNN_STATUS_NOT_INITIALIZED == status) || (CUDNN_STATUS_NOT_SUPPORTED == ((status) / 1000 * 1000))
Warning: CUDNN_STATUS_NOT_SUPPORTED; Reason: ptr->isSupported()
Warning: CUDNN_STATUS_NOT_SUPPORTED; Reason: finalize_internal()

{""engineId"":2,""smVersion"":1200,""knobChoices"":{""CUDNN_KNOB_TYPE_KERNEL_CFG"":-1,""CUDNN_KNOB_TYPE_TILE_CGA_M"":-1,""CUDNN_KNOB_TYPE_STREAM_K"":-1,""CUDNN_KNOB_TYPE_TILE_M"":-1,""CUDNN_KNOB_TYPE_TILE_N"":-1}}
Warning: CUDNN_STATUS_NOT_SUPPORTED_ARCH_MISMATCH; Reason: only Hopper is supported for this engine at: !(900 <= deviceVer && deviceVer < 1000)
Warning: CUDNN_STATUS_NOT_SUPPORTED; Reason: (CUDNN_STATUS_NOT_INITIALIZED == status) || (CUDNN_STATUS_NOT_SUPPORTED == ((status) / 1000 * 1000))
Warning: CUDNN_STATUS_NOT_SUPPORTED; Reason: ptr->isSupported()
Warning: CUDNN_STATUS_NOT_SUPPORTED; Reason: finalize_internal()

{""engineId"":3,""smVersion"":1200,""knobChoices"":{""CUDNN_KNOB_TYPE_KERNEL_CFG"":-1,""CUDNN_KNOB_TYPE_TILE_CGA_M"":-1,""CUDNN_KNOB_TYPE_STREAM_K"":-1,""CUDNN_KNOB_TYPE_TILE_M"":-1,""CUDNN_KNOB_TYPE_TILE_N"":-1}}
Warning: CUDNN_STATUS_NOT_SUPPORTED_ARCH_MISMATCH; Reason: only Blackwell is supported for this engine at: !(1000 <= deviceVer && deviceVer < 1200)
Warning: CUDNN_STATUS_NOT_SUPPORTED; Reason: (CUDNN_STATUS_NOT_INITIALIZED == status) || (CUDNN_STATUS_NOT_SUPPORTED == ((status) / 1000 * 1000))
Warning: CUDNN_STATUS_NOT_SUPPORTED; Reason: ptr->isSupported()
Warning: CUDNN_STATUS_NOT_SUPPORTED; Reason: finalize_internal()

{""engineId"":4,""smVersion"":1200,""knobChoices"":{""CUDNN_KNOB_TYPE_KERNEL_CFG"":-1,""CUDNN_KNOB_TYPE_TILE_CGA_M"":-1,""CUDNN_KNOB_TYPE_STREAM_K"":-1,""CUDNN_KNOB_TYPE_TILE_M"":-1,""CUDNN_KNOB_TYPE_TILE_N"":-1}}
Warning: CUDNN_STATUS_NOT_SUPPORTED_GRAPH_PATTERN; Reason: KERNEL_CFG knob must be set at: kcfg_idx < 0
Warning: CUDNN_STATUS_NOT_SUPPORTED_GRAPH_PATTERN; Reason: resolveSDPAKernelConfig(getPerfKnobs(), opSet, *this->getDeviceProp(), getEngineName(), kcfg, chosen_knob)
Warning: CUDNN_STATUS_NOT_SUPPORTED_GRAPH_PATTERN; Reason: process_knob_choices()
Warning: CUDNN_STATUS_NOT_SUPPORTED; Reason: (CUDNN_STATUS_NOT_INITIALIZED == status) || (CUDNN_STATUS_NOT_SUPPORTED == ((status) / 1000 * 1000))
Warning: CUDNN_STATUS_NOT_SUPPORTED; Reason: ptr->isSupported()
Warning: CUDNN_STATUS_NOT_SUPPORTED; Reason: finalize_internal()

{""engineId"":5,""smVersion"":1200,""knobChoices"":{""CUDNN_KNOB_TYPE_STAGES"":-1,""CUDNN_KNOB_TYPE_KERNEL_CFG"":-1,""CUDNN_KNOB_TYPE_TILE_CGA_M"":-1,""CUDNN_KNOB_TYPE_STREAM_K"":-1,""CUDNN_KNOB_TYPE_TILE_M"":-1,""CUDNN_KNOB_TYPE_TILE_N"":-1}}
Warning: CUDNN_STATUS_NOT_SUPPORTED_ARCH_MISMATCH; Reason: only Blackwell is supported for this engine at: !(1000 <= deviceVer && deviceVer < 1200)
Warning: CUDNN_STATUS_NOT_SUPPORTED; Reason: (CUDNN_STATUS_NOT_INITIALIZED == status) || (CUDNN_STATUS_NOT_SUPPORTED == ((status) / 1000 * 1000))
Warning: CUDNN_STATUS_NOT_SUPPORTED; Reason: ptr->isSupported()
Warning: CUDNN_STATUS_NOT_SUPPORTED; Reason: finalize_internal()

{""engineId"":6,""smVersion"":1200,""knobChoices"":{""CUDNN_KNOB_TYPE_STAGES"":-1,""CUDNN_KNOB_TYPE_KERNEL_CFG"":-1,""CUDNN_KNOB_TYPE_TILE_CGA_M"":-1,""CUDNN_KNOB_TYPE_STREAM_K"":-1,""CUDNN_KNOB_TYPE_TILE_M"":-1,""CUDNN_KNOB_TYPE_TILE_N"":-1}}
Warning: CUDNN_STATUS_NOT_SUPPORTED_ARCH_MISMATCH; Reason: only Hopper is supported for this engine at: !(900 <= deviceVer && deviceVer < 1000)
Warning: CUDNN_STATUS_NOT_SUPPORTED; Reason: (CUDNN_STATUS_NOT_INITIALIZED == status) || (CUDNN_STATUS_NOT_SUPPORTED == ((status) / 1000 * 1000))
Warning: CUDNN_STATUS_NOT_SUPPORTED; Reason: ptr->isSupported()
Warning: CUDNN_STATUS_NOT_SUPPORTED; Reason: finalize_internal()

{""engineId"":7,""smVersion"":1200,""knobChoices"":{""CUDNN_KNOB_TYPE_STAGES"":-1,""CUDNN_KNOB_TYPE_KERNEL_CFG"":-1,""CUDNN_KNOB_TYPE_TILE_CGA_M"":-1,""CUDNN_KNOB_TYPE_STREAM_K"":-1,""CUDNN_KNOB_TYPE_TILE_M"":-1,""CUDNN_KNOB_TYPE_TILE_N"":-1}}
Warning: CUDNN_STATUS_NOT_SUPPORTED; Reason: The matmul should either be an entrance node or occur after the softmax and only allowed 2 at: true
Warning: CUDNN_STATUS_NOT_SUPPORTED; Reason: tag_mha_graph(graph, mha_mode, is_fp8)
Warning: CUDNN_STATUS_NOT_SUPPORTED; Reason: (CUDNN_STATUS_NOT_INITIALIZED == status) || (CUDNN_STATUS_NOT_SUPPORTED == ((status) / 1000 * 1000))
Warning: CUDNN_STATUS_NOT_SUPPORTED; Reason: ptr->isSupported()
Warning: CUDNN_STATUS_NOT_SUPPORTED; Reason: finalize_internal()

{""engineId"":20,""smVersion"":1200,""knobChoices"":{""CUDNN_KNOB_TYPE_STAGES"":-1,""CUDNN_KNOB_TYPE_KERNEL_CFG"":-1,""CUDNN_KNOB_TYPE_TILE_CGA_M"":-1,""CUDNN_KNOB_TYPE_STREAM_K"":-1,""CUDNN_KNOB_TYPE_TILE_M"":-1,""CUDNN_KNOB_TYPE_TILE_N"":-1}}
Warning: CUDNN_STATUS_NOT_SUPPORTED; Reason: The matmul should either be an entrance node or occur after the softmax and only allowed 2 at: true
Warning: CUDNN_STATUS_NOT_SUPPORTED; Reason: tag_mha_graph(graph, mha_mode, is_fp8)
Warning: CUDNN_STATUS_NOT_SUPPORTED; Reason: (CUDNN_STATUS_NOT_INITIALIZED == status) || (CUDNN_STATUS_NOT_SUPPORTED == ((status) / 1000 * 1000))
Warning: CUDNN_STATUS_NOT_SUPPORTED; Reason: ptr->isSupported()
Warning: CUDNN_STATUS_NOT_SUPPORTED; Reason: finalize_internal()

)

stdout: ",,,
kimi_k3,kimi_k3,cudnn,mxfp8,top_left,2,2048,2048,96,96,192,128,fwd,False,inf,0.000,0.000,10,,False,"Benchmark failed with return code 1.
stderr: Traceback (most recent call last):
  File ""/data/vagarwalla/rtx6000_bench/cudnn-frontend/benchmark/sdpa_benchmark_training/benchmark_single_sdpa.py"", line 747, in <module>
    graph_fwd.validate()
  File ""/data/vagarwalla/rtx6000_bench/venv/lib/python3.12/site-packages/cudnn/_pygraph.py"", line 776, in validate
    self._lowered_graph.validate()
cudnn._compiled_module.cudnnGraphNotSupportedError: MXFP8 SDPA is only supported on Blackwell Data Center architectures.

stdout: ",,,
kimi_k3,kimi_k3,cudnn,mxfp8,top_left,2,2048,2048,96,96,192,128,bwd,False,inf,0.000,0.000,10,,False,"Benchmark failed with return code 1.
stderr: Traceback (most recent call last):
  File ""/data/vagarwalla/rtx6000_bench/cudnn-frontend/benchmark/sdpa_benchmark_training/benchmark_single_sdpa.py"", line 747, in <module>
    graph_fwd.validate()
  File ""/data/vagarwalla/rtx6000_bench/venv/lib/python3.12/site-packages/cudnn/_pygraph.py"", line 776, in validate
    self._lowered_graph.validate()
cudnn._compiled_module.cudnnGraphNotSupportedError: MXFP8 SDPA is only supported on Blackwell Data Center architectures.

stdout: ",,,
kimi_k3,kimi_k3,cudnn,mxfp8,top_left,2,2048,2048,96,96,192,128,bwd,True,inf,0.000,0.000,10,,False,"Benchmark failed with return code 1.
stderr: Traceback (most recent call last):
  File ""/data/vagarwalla/rtx6000_bench/cudnn-frontend/benchmark/sdpa_benchmark_training/benchmark_single_sdpa.py"", line 747, in <module>
    graph_fwd.validate()
  File ""/data/vagarwalla/rtx6000_bench/venv/lib/python3.12/site-packages/cudnn/_pygraph.py"", line 776, in validate
    self._lowered_graph.validate()
cudnn._compiled_module.cudnnGraphNotSupportedError: MXFP8 SDPA is only supported on Blackwell Data Center architectures.

stdout: ",,,
kimi_k3,kimi_k3,cudnn,mxfp8,no_mask,2,2048,2048,96,96,192,128,fwd,False,inf,0.000,0.000,10,,False,"Benchmark failed with return code 1.
stderr: Traceback (most recent call last):
  File ""/data/vagarwalla/rtx6000_bench/cudnn-frontend/benchmark/sdpa_benchmark_training/benchmark_single_sdpa.py"", line 747, in <module>
    graph_fwd.validate()
  File ""/data/vagarwalla/rtx6000_bench/venv/lib/python3.12/site-packages/cudnn/_pygraph.py"", line 776, in validate
    self._lowered_graph.validate()
cudnn._compiled_module.cudnnGraphNotSupportedError: MXFP8 SDPA is only supported on Blackwell Data Center architectures.

stdout: ",,,
kimi_k3,kimi_k3,cudnn,mxfp8,no_mask,2,2048,2048,96,96,192,128,bwd,False,inf,0.000,0.000,10,,False,"Benchmark failed with return code 1.
stderr: Traceback (most recent call last):
  File ""/data/vagarwalla/rtx6000_bench/cudnn-frontend/benchmark/sdpa_benchmark_training/benchmark_single_sdpa.py"", line 747, in <module>
    graph_fwd.validate()
  File ""/data/vagarwalla/rtx6000_bench/venv/lib/python3.12/site-packages/cudnn/_pygraph.py"", line 776, in validate
    self._lowered_graph.validate()
cudnn._compiled_module.cudnnGraphNotSupportedError: MXFP8 SDPA is only supported on Blackwell Data Center architectures.

stdout: ",,,
kimi_k3,kimi_k3,cudnn,mxfp8,no_mask,2,2048,2048,96,96,192,128,bwd,True,inf,0.000,0.000,10,,False,"Benchmark failed with return code 1.
stderr: Traceback (most recent call last):
  File ""/data/vagarwalla/rtx6000_bench/cudnn-frontend/benchmark/sdpa_benchmark_training/benchmark_single_sdpa.py"", line 747, in <module>
    graph_fwd.validate()
  File ""/data/vagarwalla/rtx6000_bench/venv/lib/python3.12/site-packages/cudnn/_pygraph.py"", line 776, in validate
    self._lowered_graph.validate()
cudnn._compiled_module.cudnnGraphNotSupportedError: MXFP8 SDPA is only supported on Blackwell Data Center architectures.

stdout: ",,,
kimi_k3,kimi_k3,flash_attention_4,bfloat16,top_left,2,2048,2048,96,96,192,128,fwd,False,inf,0.000,0.000,10,,False,"Benchmark failed with return code 1.
stderr: Traceback (most recent call last):
  File ""/data/vagarwalla/rtx6000_bench/cudnn-frontend/benchmark/sdpa_benchmark_training/benchmark_single_sdpa.py"", line 1195, in <module>
    import flash_attn.cute.interface as flash_attn_interface
  File ""/data/vagarwalla/rtx6000_bench/venv/lib/python3.12/site-packages/flash_attn/cute/__init__.py"", line 3, in <module>
    from .interface import (
  File ""/data/vagarwalla/rtx6000_bench/venv/lib/python3.12/site-packages/flash_attn/cute/interface.py"", line 33, in <module>
    from flash_attn.cute import utils
  File ""/data/vagarwalla/rtx6000_bench/venv/lib/python3.12/site-packages/flash_attn/cute/utils.py"", line 44, in <module>
    smem: cute.Tensor, thr_mma: cute.core.ThrMma, swapAB: cutlass.Constexpr[bool] = False
                                ^^^^^^^^^^^^^^^^
AttributeError: module 'cutlass.cute.core' has no attribute 'ThrMma'

stdout: ",,,
kimi_k3,kimi_k3,flash_attention_4,bfloat16,top_left,2,2048,2048,96,96,192,128,bwd,False,inf,0.000,0.000,10,,False,"Benchmark failed with return code 1.
stderr: Traceback (most recent call last):
  File ""/data/vagarwalla/rtx6000_bench/cudnn-frontend/benchmark/sdpa_benchmark_training/benchmark_single_sdpa.py"", line 1195, in <module>
    import flash_attn.cute.interface as flash_attn_interface
  File ""/data/vagarwalla/rtx6000_bench/venv/lib/python3.12/site-packages/flash_attn/cute/__init__.py"", line 3, in <module>
    from .interface import (
  File ""/data/vagarwalla/rtx6000_bench/venv/lib/python3.12/site-packages/flash_attn/cute/interface.py"", line 33, in <module>
    from flash_attn.cute import utils
  File ""/data/vagarwalla/rtx6000_bench/venv/lib/python3.12/site-packages/flash_attn/cute/utils.py"", line 44, in <module>
    smem: cute.Tensor, thr_mma: cute.core.ThrMma, swapAB: cutlass.Constexpr[bool] = False
                                ^^^^^^^^^^^^^^^^
AttributeError: module 'cutlass.cute.core' has no attribute 'ThrMma'

stdout: ",,,
kimi_k3,kimi_k3,flash_attention_4,bfloat16,top_left,2,2048,2048,96,96,192,128,bwd,True,inf,0.000,0.000,10,,False,"Benchmark failed with return code 1.
stderr: Traceback (most recent call last):
  File ""/data/vagarwalla/rtx6000_bench/cudnn-frontend/benchmark/sdpa_benchmark_training/benchmark_single_sdpa.py"", line 1195, in <module>
    import flash_attn.cute.interface as flash_attn_interface
  File ""/data/vagarwalla/rtx6000_bench/venv/lib/python3.12/site-packages/flash_attn/cute/__init__.py"", line 3, in <module>
    from .interface import (
  File ""/data/vagarwalla/rtx6000_bench/venv/lib/python3.12/site-packages/flash_attn/cute/interface.py"", line 33, in <module>
    from flash_attn.cute import utils
  File ""/data/vagarwalla/rtx6000_bench/venv/lib/python3.12/site-packages/flash_attn/cute/utils.py"", line 44, in <module>
    smem: cute.Tensor, thr_mma: cute.core.ThrMma, swapAB: cutlass.Constexpr[bool] = False
                                ^^^^^^^^^^^^^^^^
AttributeError: module 'cutlass.cute.core' has no attribute 'ThrMma'

stdout: ",,,
kimi_k3,kimi_k3,flash_attention_4,bfloat16,no_mask,2,2048,2048,96,96,192,128,fwd,False,inf,0.000,0.000,10,,False,"Benchmark failed with return code 1.
stderr: Traceback (most recent call last):
  File ""/data/vagarwalla/rtx6000_bench/cudnn-frontend/benchmark/sdpa_benchmark_training/benchmark_single_sdpa.py"", line 1195, in <module>
    import flash_attn.cute.interface as flash_attn_interface
  File ""/data/vagarwalla/rtx6000_bench/venv/lib/python3.12/site-packages/flash_attn/cute/__init__.py"", line 3, in <module>
    from .interface import (
  File ""/data/vagarwalla/rtx6000_bench/venv/lib/python3.12/site-packages/flash_attn/cute/interface.py"", line 33, in <module>
    from flash_attn.cute import utils
  File ""/data/vagarwalla/rtx6000_bench/venv/lib/python3.12/site-packages/flash_attn/cute/utils.py"", line 44, in <module>
    smem: cute.Tensor, thr_mma: cute.core.ThrMma, swapAB: cutlass.Constexpr[bool] = False
                                ^^^^^^^^^^^^^^^^
AttributeError: module 'cutlass.cute.core' has no attribute 'ThrMma'

stdout: ",,,
kimi_k3,kimi_k3,flash_attention_4,bfloat16,no_mask,2,2048,2048,96,96,192,128,bwd,False,inf,0.000,0.000,10,,False,"Benchmark failed with return code 1.
stderr: Traceback (most recent call last):
  File ""/data/vagarwalla/rtx6000_bench/cudnn-frontend/benchmark/sdpa_benchmark_training/benchmark_single_sdpa.py"", line 1195, in <module>
    import flash_attn.cute.interface as flash_attn_interface
  File ""/data/vagarwalla/rtx6000_bench/venv/lib/python3.12/site-packages/flash_attn/cute/__init__.py"", line 3, in <module>
    from .interface import (
  File ""/data/vagarwalla/rtx6000_bench/venv/lib/python3.12/site-packages/flash_attn/cute/interface.py"", line 33, in <module>
    from flash_attn.cute import utils
  File ""/data/vagarwalla/rtx6000_bench/venv/lib/python3.12/site-packages/flash_attn/cute/utils.py"", line 44, in <module>
    smem: cute.Tensor, thr_mma: cute.core.ThrMma, swapAB: cutlass.Constexpr[bool] = False
                                ^^^^^^^^^^^^^^^^
AttributeError: module 'cutlass.cute.core' has no attribute 'ThrMma'

stdout: ",,,
kimi_k3,kimi_k3,flash_attention_4,bfloat16,no_mask,2,2048,2048,96,96,192,128,bwd,True,inf,0.000,0.000,10,,False,"Benchmark failed with return code 1.
stderr: Traceback (most recent call last):
  File ""/data/vagarwalla/rtx6000_bench/cudnn-frontend/benchmark/sdpa_benchmark_training/benchmark_single_sdpa.py"", line 1195, in <module>
    import flash_attn.cute.interface as flash_attn_interface
  File ""/data/vagarwalla/rtx6000_bench/venv/lib/python3.12/site-packages/flash_attn/cute/__init__.py"", line 3, in <module>
    from .interface import (
  File ""/data/vagarwalla/rtx6000_bench/venv/lib/python3.12/site-packages/flash_attn/cute/interface.py"", line 33, in <module>
    from flash_attn.cute import utils
  File ""/data/vagarwalla/rtx6000_bench/venv/lib/python3.12/site-packages/flash_attn/cute/utils.py"", line 44, in <module>
    smem: cute.Tensor, thr_mma: cute.core.ThrMma, swapAB: cutlass.Constexpr[bool] = False
                                ^^^^^^^^^^^^^^^^
AttributeError: module 'cutlass.cute.core' has no attribute 'ThrMma'

stdout: ",,,
