config_name,model_name,phase,backend,data_type,kv_cache_dtype,batch_size,q_tokens,kv_len,num_q_heads,num_kv_heads,head_dim_qk,head_dim_vo,kind,sliding_window_size,page_size,time_ms,tflops,gbps,sol_pct,num_iterations,success,error_message,gpu_name,backend_detail,cudnn_backend_version
deepseek_v4,dsv4_flash,context,cudnn,bfloat16,bfloat16,1,2048,2048,64,1,512,512,mla_absorbed,,64,3.141933,87.487,86.104,4.8049,20,True,,NVIDIA RTX PRO 6000 Blackwell Server Edition,cudnn 9.27.0,
deepseek_v4,dsv4_flash,context,cudnn,bfloat16,bfloat16,1,8192,8192,64,1,512,512,mla_absorbed,,64,46.865332,93.844,23.09,1.2885,20,True,,NVIDIA RTX PRO 6000 Blackwell Server Edition,cudnn 9.27.0,
deepseek_v4,dsv4_flash,context,cudnn,bfloat16,bfloat16,1,512,65536,64,1,512,512,mla_absorbed,,64,49.386226,89.054,2.718,0.1517,20,True,,NVIDIA RTX PRO 6000 Blackwell Server Edition,cudnn 9.27.0,
deepseek_v4,dsv4_flash,context,cudnn,bfloat16,bfloat16,1,512,131072,64,1,512,512,mla_absorbed,,64,98.756348,89.069,2.039,0.1138,20,True,,NVIDIA RTX PRO 6000 Blackwell Server Edition,cudnn 9.27.0,
deepseek_v4,dsv4_flash,context,cudnn,bfloat16,bfloat16,1,1024,65536,64,1,512,512,mla_absorbed,,64,92.867816,94.716,2.168,0.121,20,True,,NVIDIA RTX PRO 6000 Blackwell Server Edition,cudnn 9.27.0,
deepseek_v4,dsv4_flash,context,cudnn,bfloat16,bfloat16,1,1024,131072,64,1,512,512,mla_absorbed,,64,186.468621,94.344,1.44,0.0803,20,True,,NVIDIA RTX PRO 6000 Blackwell Server Edition,cudnn 9.27.0,
deepseek_v4,dsv4_flash,generation,cudnn,bfloat16,bfloat16,1,1,131072,64,1,512,512,mla_absorbed,,64,0.611075,28.114,219.856,12.2688,20,True,,NVIDIA RTX PRO 6000 Blackwell Server Edition,cudnn 9.27.0,
deepseek_v4,dsv4_flash,generation,cudnn,bfloat16,fp8_e4m3,1,1,131072,64,1,512,512,mla_absorbed,,64,inf,0.0,0.0,,20,False,"Warning: CUDNN_STATUS_NOT_SUPPORTED_GRAPH_PATTERN; Reason: process_knob_choices()
Warning: CUDNN_STATUS_NOT_SUPPORTED; Reason: (CUDNN_STATUS_NOT_INITIALIZED == status) || (CUDNN_STATUS_NOT_SUPPORTED == ((status) / 1000 * 1000))
Warning: CUDNN_STATUS_NOT_SUPPORTED; Reason: ptr->isSupported()
Warning: CUDNN_STATUS_NOT_SUPPORTED; Reason: finalize_internal()

{""engineId"":18,""smVersion"":1200,""knobChoices"":{""CUDNN_KNOB_TYPE_KERNEL_CFG"":-1,""CUDNN_KNOB_TYPE_TILE_CGA_M"":-1,""CUDNN_KNOB_TYPE_STREAM_K"":-1,""CUDNN_KNOB_TYPE_TILE_M"":-1,""CUDNN_KNOB_TYPE_TILE_N"":-1}}
Warning: CUDNN_STATUS_NOT_SUPPORTED_ARCH_MISMATCH; Reason: only Rubin is supported for this engine at: !(1070 <= deviceVer && deviceVer < 1100)
Warning: CUDNN_STATUS_NOT_SUPPORTED; Reason: (CUDNN_STATUS_NOT_INITIALIZED == status) || (CUDNN_STATUS_NOT_SUPPORTED == ((status) / 1000 * 1000))
Warning: CUDNN_STATUS_NOT_SUPPORTED; Reason: ptr->isSupported()
Warning: CUDNN_STATUS_NOT_SUPPORTED; Reason: finalize_internal()

)",,,
deepseek_v4,dsv4_flash,generation,cudnn,bfloat16,bfloat16,128,1,131072,64,1,512,512,mla_absorbed,,64,68.069842,32.305,252.632,14.0978,20,True,,NVIDIA RTX PRO 6000 Blackwell Server Edition,cudnn 9.27.0,
deepseek_v4,dsv4_flash,generation,cudnn,bfloat16,fp8_e4m3,128,1,131072,64,1,512,512,mla_absorbed,,64,inf,0.0,0.0,,20,False,"Warning: CUDNN_STATUS_NOT_SUPPORTED_GRAPH_PATTERN; Reason: process_knob_choices()
Warning: CUDNN_STATUS_NOT_SUPPORTED; Reason: (CUDNN_STATUS_NOT_INITIALIZED == status) || (CUDNN_STATUS_NOT_SUPPORTED == ((status) / 1000 * 1000))
Warning: CUDNN_STATUS_NOT_SUPPORTED; Reason: ptr->isSupported()
Warning: CUDNN_STATUS_NOT_SUPPORTED; Reason: finalize_internal()

{""engineId"":18,""smVersion"":1200,""knobChoices"":{""CUDNN_KNOB_TYPE_KERNEL_CFG"":-1,""CUDNN_KNOB_TYPE_TILE_CGA_M"":-1,""CUDNN_KNOB_TYPE_STREAM_K"":-1,""CUDNN_KNOB_TYPE_TILE_M"":-1,""CUDNN_KNOB_TYPE_TILE_N"":-1}}
Warning: CUDNN_STATUS_NOT_SUPPORTED_ARCH_MISMATCH; Reason: only Rubin is supported for this engine at: !(1070 <= deviceVer && deviceVer < 1100)
Warning: CUDNN_STATUS_NOT_SUPPORTED; Reason: (CUDNN_STATUS_NOT_INITIALIZED == status) || (CUDNN_STATUS_NOT_SUPPORTED == ((status) / 1000 * 1000))
Warning: CUDNN_STATUS_NOT_SUPPORTED; Reason: ptr->isSupported()
Warning: CUDNN_STATUS_NOT_SUPPORTED; Reason: finalize_internal()

)",,,
deepseek_v4,dsv4_flash,generation,cudnn,bfloat16,bfloat16,1,2,131072,64,1,512,512,mla_absorbed,,64,12.889111,2.666,10.434,0.5822,20,True,,NVIDIA RTX PRO 6000 Blackwell Server Edition,cudnn 9.27.0,
deepseek_v4,dsv4_flash,generation,cudnn,bfloat16,fp8_e4m3,1,2,131072,64,1,512,512,mla_absorbed,,64,inf,0.0,0.0,,20,False,"Warning: CUDNN_STATUS_NOT_SUPPORTED_GRAPH_PATTERN; Reason: process_knob_choices()
Warning: CUDNN_STATUS_NOT_SUPPORTED; Reason: (CUDNN_STATUS_NOT_INITIALIZED == status) || (CUDNN_STATUS_NOT_SUPPORTED == ((status) / 1000 * 1000))
Warning: CUDNN_STATUS_NOT_SUPPORTED; Reason: ptr->isSupported()
Warning: CUDNN_STATUS_NOT_SUPPORTED; Reason: finalize_internal()

{""engineId"":18,""smVersion"":1200,""knobChoices"":{""CUDNN_KNOB_TYPE_KERNEL_CFG"":-1,""CUDNN_KNOB_TYPE_TILE_CGA_M"":-1,""CUDNN_KNOB_TYPE_STREAM_K"":-1,""CUDNN_KNOB_TYPE_TILE_M"":-1,""CUDNN_KNOB_TYPE_TILE_N"":-1}}
Warning: CUDNN_STATUS_NOT_SUPPORTED_ARCH_MISMATCH; Reason: only Rubin is supported for this engine at: !(1070 <= deviceVer && deviceVer < 1100)
Warning: CUDNN_STATUS_NOT_SUPPORTED; Reason: (CUDNN_STATUS_NOT_INITIALIZED == status) || (CUDNN_STATUS_NOT_SUPPORTED == ((status) / 1000 * 1000))
Warning: CUDNN_STATUS_NOT_SUPPORTED; Reason: ptr->isSupported()
Warning: CUDNN_STATUS_NOT_SUPPORTED; Reason: finalize_internal()

)",,,
deepseek_v4,dsv4_flash,generation,cudnn,bfloat16,bfloat16,128,2,131072,64,1,512,512,mla_absorbed,,64,1062.730022,4.138,16.197,0.9039,20,True,,NVIDIA RTX PRO 6000 Blackwell Server Edition,cudnn 9.27.0,
deepseek_v4,dsv4_flash,generation,cudnn,bfloat16,fp8_e4m3,128,2,131072,64,1,512,512,mla_absorbed,,64,inf,0.0,0.0,,20,False,"Warning: CUDNN_STATUS_NOT_SUPPORTED_GRAPH_PATTERN; Reason: process_knob_choices()
Warning: CUDNN_STATUS_NOT_SUPPORTED; Reason: (CUDNN_STATUS_NOT_INITIALIZED == status) || (CUDNN_STATUS_NOT_SUPPORTED == ((status) / 1000 * 1000))
Warning: CUDNN_STATUS_NOT_SUPPORTED; Reason: ptr->isSupported()
Warning: CUDNN_STATUS_NOT_SUPPORTED; Reason: finalize_internal()

{""engineId"":18,""smVersion"":1200,""knobChoices"":{""CUDNN_KNOB_TYPE_KERNEL_CFG"":-1,""CUDNN_KNOB_TYPE_TILE_CGA_M"":-1,""CUDNN_KNOB_TYPE_STREAM_K"":-1,""CUDNN_KNOB_TYPE_TILE_M"":-1,""CUDNN_KNOB_TYPE_TILE_N"":-1}}
Warning: CUDNN_STATUS_NOT_SUPPORTED_ARCH_MISMATCH; Reason: only Rubin is supported for this engine at: !(1070 <= deviceVer && deviceVer < 1100)
Warning: CUDNN_STATUS_NOT_SUPPORTED; Reason: (CUDNN_STATUS_NOT_INITIALIZED == status) || (CUDNN_STATUS_NOT_SUPPORTED == ((status) / 1000 * 1000))
Warning: CUDNN_STATUS_NOT_SUPPORTED; Reason: ptr->isSupported()
Warning: CUDNN_STATUS_NOT_SUPPORTED; Reason: finalize_internal()

)",,,
deepseek_v4,dsv4_flash,generation,cudnn,bfloat16,bfloat16,1,3,131072,64,1,512,512,mla_absorbed,,64,12.935621,3.984,10.406,0.5807,20,True,,NVIDIA RTX PRO 6000 Blackwell Server Edition,cudnn 9.27.0,
deepseek_v4,dsv4_flash,generation,cudnn,bfloat16,fp8_e4m3,1,3,131072,64,1,512,512,mla_absorbed,,64,inf,0.0,0.0,,20,False,"Warning: CUDNN_STATUS_NOT_SUPPORTED_GRAPH_PATTERN; Reason: process_knob_choices()
Warning: CUDNN_STATUS_NOT_SUPPORTED; Reason: (CUDNN_STATUS_NOT_INITIALIZED == status) || (CUDNN_STATUS_NOT_SUPPORTED == ((status) / 1000 * 1000))
Warning: CUDNN_STATUS_NOT_SUPPORTED; Reason: ptr->isSupported()
Warning: CUDNN_STATUS_NOT_SUPPORTED; Reason: finalize_internal()

{""engineId"":18,""smVersion"":1200,""knobChoices"":{""CUDNN_KNOB_TYPE_KERNEL_CFG"":-1,""CUDNN_KNOB_TYPE_TILE_CGA_M"":-1,""CUDNN_KNOB_TYPE_STREAM_K"":-1,""CUDNN_KNOB_TYPE_TILE_M"":-1,""CUDNN_KNOB_TYPE_TILE_N"":-1}}
Warning: CUDNN_STATUS_NOT_SUPPORTED_ARCH_MISMATCH; Reason: only Rubin is supported for this engine at: !(1070 <= deviceVer && deviceVer < 1100)
Warning: CUDNN_STATUS_NOT_SUPPORTED; Reason: (CUDNN_STATUS_NOT_INITIALIZED == status) || (CUDNN_STATUS_NOT_SUPPORTED == ((status) / 1000 * 1000))
Warning: CUDNN_STATUS_NOT_SUPPORTED; Reason: ptr->isSupported()
Warning: CUDNN_STATUS_NOT_SUPPORTED; Reason: finalize_internal()

)",,,
deepseek_v4,dsv4_flash,generation,cudnn,bfloat16,bfloat16,128,3,131072,64,1,512,512,mla_absorbed,,64,1076.252776,6.13,16.009,0.8934,20,True,,NVIDIA RTX PRO 6000 Blackwell Server Edition,cudnn 9.27.0,
deepseek_v4,dsv4_flash,generation,cudnn,bfloat16,fp8_e4m3,128,3,131072,64,1,512,512,mla_absorbed,,64,inf,0.0,0.0,,20,False,"Warning: CUDNN_STATUS_NOT_SUPPORTED_GRAPH_PATTERN; Reason: process_knob_choices()
Warning: CUDNN_STATUS_NOT_SUPPORTED; Reason: (CUDNN_STATUS_NOT_INITIALIZED == status) || (CUDNN_STATUS_NOT_SUPPORTED == ((status) / 1000 * 1000))
Warning: CUDNN_STATUS_NOT_SUPPORTED; Reason: ptr->isSupported()
Warning: CUDNN_STATUS_NOT_SUPPORTED; Reason: finalize_internal()

{""engineId"":18,""smVersion"":1200,""knobChoices"":{""CUDNN_KNOB_TYPE_KERNEL_CFG"":-1,""CUDNN_KNOB_TYPE_TILE_CGA_M"":-1,""CUDNN_KNOB_TYPE_STREAM_K"":-1,""CUDNN_KNOB_TYPE_TILE_M"":-1,""CUDNN_KNOB_TYPE_TILE_N"":-1}}
Warning: CUDNN_STATUS_NOT_SUPPORTED_ARCH_MISMATCH; Reason: only Rubin is supported for this engine at: !(1070 <= deviceVer && deviceVer < 1100)
Warning: CUDNN_STATUS_NOT_SUPPORTED; Reason: (CUDNN_STATUS_NOT_INITIALIZED == status) || (CUDNN_STATUS_NOT_SUPPORTED == ((status) / 1000 * 1000))
Warning: CUDNN_STATUS_NOT_SUPPORTED; Reason: ptr->isSupported()
Warning: CUDNN_STATUS_NOT_SUPPORTED; Reason: finalize_internal()

)",,,
deepseek_v4,dsv4_flash,generation,cudnn,bfloat16,bfloat16,1,4,131072,64,1,512,512,mla_absorbed,,64,12.969025,5.299,10.39,0.5798,20,True,,NVIDIA RTX PRO 6000 Blackwell Server Edition,cudnn 9.27.0,
deepseek_v4,dsv4_flash,generation,cudnn,bfloat16,fp8_e4m3,1,4,131072,64,1,512,512,mla_absorbed,,64,inf,0.0,0.0,,20,False,"Warning: CUDNN_STATUS_NOT_SUPPORTED_GRAPH_PATTERN; Reason: process_knob_choices()
Warning: CUDNN_STATUS_NOT_SUPPORTED; Reason: (CUDNN_STATUS_NOT_INITIALIZED == status) || (CUDNN_STATUS_NOT_SUPPORTED == ((status) / 1000 * 1000))
Warning: CUDNN_STATUS_NOT_SUPPORTED; Reason: ptr->isSupported()
Warning: CUDNN_STATUS_NOT_SUPPORTED; Reason: finalize_internal()

{""engineId"":18,""smVersion"":1200,""knobChoices"":{""CUDNN_KNOB_TYPE_KERNEL_CFG"":-1,""CUDNN_KNOB_TYPE_TILE_CGA_M"":-1,""CUDNN_KNOB_TYPE_STREAM_K"":-1,""CUDNN_KNOB_TYPE_TILE_M"":-1,""CUDNN_KNOB_TYPE_TILE_N"":-1}}
Warning: CUDNN_STATUS_NOT_SUPPORTED_ARCH_MISMATCH; Reason: only Rubin is supported for this engine at: !(1070 <= deviceVer && deviceVer < 1100)
Warning: CUDNN_STATUS_NOT_SUPPORTED; Reason: (CUDNN_STATUS_NOT_INITIALIZED == status) || (CUDNN_STATUS_NOT_SUPPORTED == ((status) / 1000 * 1000))
Warning: CUDNN_STATUS_NOT_SUPPORTED; Reason: ptr->isSupported()
Warning: CUDNN_STATUS_NOT_SUPPORTED; Reason: finalize_internal()

)",,,
deepseek_v4,dsv4_flash,generation,cudnn,bfloat16,bfloat16,128,4,131072,64,1,512,512,mla_absorbed,,64,1082.40882,8.126,15.934,0.8892,20,True,,NVIDIA RTX PRO 6000 Blackwell Server Edition,cudnn 9.27.0,
deepseek_v4,dsv4_flash,generation,cudnn,bfloat16,fp8_e4m3,128,4,131072,64,1,512,512,mla_absorbed,,64,inf,0.0,0.0,,20,False,"Warning: CUDNN_STATUS_NOT_SUPPORTED_GRAPH_PATTERN; Reason: process_knob_choices()
Warning: CUDNN_STATUS_NOT_SUPPORTED; Reason: (CUDNN_STATUS_NOT_INITIALIZED == status) || (CUDNN_STATUS_NOT_SUPPORTED == ((status) / 1000 * 1000))
Warning: CUDNN_STATUS_NOT_SUPPORTED; Reason: ptr->isSupported()
Warning: CUDNN_STATUS_NOT_SUPPORTED; Reason: finalize_internal()

{""engineId"":18,""smVersion"":1200,""knobChoices"":{""CUDNN_KNOB_TYPE_KERNEL_CFG"":-1,""CUDNN_KNOB_TYPE_TILE_CGA_M"":-1,""CUDNN_KNOB_TYPE_STREAM_K"":-1,""CUDNN_KNOB_TYPE_TILE_M"":-1,""CUDNN_KNOB_TYPE_TILE_N"":-1}}
Warning: CUDNN_STATUS_NOT_SUPPORTED_ARCH_MISMATCH; Reason: only Rubin is supported for this engine at: !(1070 <= deviceVer && deviceVer < 1100)
Warning: CUDNN_STATUS_NOT_SUPPORTED; Reason: (CUDNN_STATUS_NOT_INITIALIZED == status) || (CUDNN_STATUS_NOT_SUPPORTED == ((status) / 1000 * 1000))
Warning: CUDNN_STATUS_NOT_SUPPORTED; Reason: ptr->isSupported()
Warning: CUDNN_STATUS_NOT_SUPPORTED; Reason: finalize_internal()

)",,,
deepseek_v4,dsv4_flash,context,cudnn_oss,bfloat16,bfloat16,1,2048,2048,64,1,512,512,mla_absorbed,,64,0.858699,320.11,315.049,17.5809,20,True,,NVIDIA RTX PRO 6000 Blackwell Server Edition,cudnn_oss plan=sdpa_fwd_prefill_sm120[PACK_GQA=0; SCHED_POLICY=2; SPLIT_KV=1; TILE_CGA_M=1; TILE_M=64; TILE_N=32],
deepseek_v4,dsv4_flash,context,cudnn_oss,bfloat16,bfloat16,1,8192,8192,64,1,512,512,mla_absorbed,,64,12.189839,360.796,88.773,4.9539,20,True,,NVIDIA RTX PRO 6000 Blackwell Server Edition,cudnn_oss plan=sdpa_fwd_prefill_sm120[PACK_GQA=0; SCHED_POLICY=2; SPLIT_KV=1; TILE_CGA_M=1; TILE_M=64; TILE_N=32],
deepseek_v4,dsv4_flash,context,cudnn_oss,bfloat16,bfloat16,1,512,65536,64,1,512,512,mla_absorbed,,64,12.240937,359.29,10.965,0.6119,20,True,,NVIDIA RTX PRO 6000 Blackwell Server Edition,cudnn_oss plan=sdpa_fwd_prefill_sm120[PACK_GQA=0; SCHED_POLICY=0; SPLIT_KV=4; TILE_CGA_M=1; TILE_M=64; TILE_N=32],
deepseek_v4,dsv4_flash,context,cudnn_oss,bfloat16,bfloat16,1,512,131072,64,1,512,512,mla_absorbed,,64,24.888945,353.414,8.089,0.4514,20,True,,NVIDIA RTX PRO 6000 Blackwell Server Edition,cudnn_oss plan=sdpa_fwd_prefill_sm120[PACK_GQA=0; SCHED_POLICY=0; SPLIT_KV=4; TILE_CGA_M=1; TILE_M=64; TILE_N=32],
deepseek_v4,dsv4_flash,context,cudnn_oss,bfloat16,bfloat16,1,1024,65536,64,1,512,512,mla_absorbed,,64,23.659172,371.784,8.509,0.4749,20,True,,NVIDIA RTX PRO 6000 Blackwell Server Edition,cudnn_oss plan=sdpa_fwd_prefill_sm120[PACK_GQA=0; SCHED_POLICY=0; SPLIT_KV=2; TILE_CGA_M=1; TILE_M=64; TILE_N=32],
deepseek_v4,dsv4_flash,context,cudnn_oss,bfloat16,bfloat16,1,1024,131072,64,1,512,512,mla_absorbed,,64,49.511043,355.318,5.422,0.3026,20,True,,NVIDIA RTX PRO 6000 Blackwell Server Edition,cudnn_oss plan=sdpa_fwd_prefill_sm120[PACK_GQA=0; SCHED_POLICY=0; SPLIT_KV=2; TILE_CGA_M=1; TILE_M=64; TILE_N=32],
deepseek_v4,dsv4_flash,generation,cudnn_oss,bfloat16,bfloat16,1,1,131072,64,1,512,512,mla_absorbed,,64,0.273633,62.784,490.982,27.3985,20,True,,NVIDIA RTX PRO 6000 Blackwell Server Edition,cudnn_oss plan=sdpa_fwd_prefill_sm120[PACK_GQA=1; SCHED_POLICY=0; SPLIT_KV=128; TILE_CGA_M=1; TILE_M=64; TILE_N=32],
deepseek_v4,dsv4_flash,generation,cudnn_oss,bfloat16,fp8_e4m3,1,1,131072,64,1,512,512,mla_absorbed,,64,inf,0.0,0.0,,20,False,"                 ^^^^^^^^^^^^^^^^^^^^^^^^^^^^^^^^^
  File ""/home/scratch.yanxu_gpu/fe-sites/computelab_trees/fe_develop_5567e2733/benchmark/attention_inference/benchmark_single_attention.py"", line 270, in setup_cudnn_oss
    return setup_cudnn(args, dtype, oss=True)
           ^^^^^^^^^^^^^^^^^^^^^^^^^^^^^^^^^^
  File ""/home/scratch.yanxu_gpu/fe-sites/computelab_trees/fe_develop_5567e2733/benchmark/attention_inference/benchmark_single_attention.py"", line 167, in setup_cudnn
    return setup_cudnn_fp8(args, cudnn, oss=oss)
           ^^^^^^^^^^^^^^^^^^^^^^^^^^^^^^^^^^^^^
  File ""/home/scratch.yanxu_gpu/fe-sites/computelab_trees/fe_develop_5567e2733/benchmark/attention_inference/benchmark_single_attention.py"", line 336, in setup_cudnn_fp8
    graph.check_support()
  File ""/home/scratch.yanxu_gpu/fe-sites/computelab_trees/fe_develop_5567e2733/python/cudnn/_pygraph.py"", line 1547, in check_support
    self._lowered_graph.check_support()
cudnn._compiled_module.cudnnGraphNotSupportedError: [cudnn_frontend] Error: No execution plans support the graph.",,,
deepseek_v4,dsv4_flash,generation,cudnn_oss,bfloat16,bfloat16,128,1,131072,64,1,512,512,mla_absorbed,,64,11.599033,189.587,1482.593,82.734,20,True,,NVIDIA RTX PRO 6000 Blackwell Server Edition,cudnn_oss plan=sdpa_fwd_prefill_sm120[PACK_GQA=1; SCHED_POLICY=0; SPLIT_KV=16; TILE_CGA_M=1; TILE_M=64; TILE_N=32],
deepseek_v4,dsv4_flash,generation,cudnn_oss,bfloat16,fp8_e4m3,128,1,131072,64,1,512,512,mla_absorbed,,64,inf,0.0,0.0,,20,False,"                 ^^^^^^^^^^^^^^^^^^^^^^^^^^^^^^^^^
  File ""/home/scratch.yanxu_gpu/fe-sites/computelab_trees/fe_develop_5567e2733/benchmark/attention_inference/benchmark_single_attention.py"", line 270, in setup_cudnn_oss
    return setup_cudnn(args, dtype, oss=True)
           ^^^^^^^^^^^^^^^^^^^^^^^^^^^^^^^^^^
  File ""/home/scratch.yanxu_gpu/fe-sites/computelab_trees/fe_develop_5567e2733/benchmark/attention_inference/benchmark_single_attention.py"", line 167, in setup_cudnn
    return setup_cudnn_fp8(args, cudnn, oss=oss)
           ^^^^^^^^^^^^^^^^^^^^^^^^^^^^^^^^^^^^^
  File ""/home/scratch.yanxu_gpu/fe-sites/computelab_trees/fe_develop_5567e2733/benchmark/attention_inference/benchmark_single_attention.py"", line 336, in setup_cudnn_fp8
    graph.check_support()
  File ""/home/scratch.yanxu_gpu/fe-sites/computelab_trees/fe_develop_5567e2733/python/cudnn/_pygraph.py"", line 1547, in check_support
    self._lowered_graph.check_support()
cudnn._compiled_module.cudnnGraphNotSupportedError: [cudnn_frontend] Error: No execution plans support the graph.",,,
deepseek_v4,dsv4_flash,generation,cudnn_oss,bfloat16,bfloat16,1,2,131072,64,1,512,512,mla_absorbed,,64,0.244003,140.817,551.14,30.7556,20,True,,NVIDIA RTX PRO 6000 Blackwell Server Edition,cudnn_oss plan=sdpa_fwd_prefill_sm120[PACK_GQA=1; SCHED_POLICY=0; SPLIT_KV=64; TILE_CGA_M=1; TILE_M=64; TILE_N=32],
deepseek_v4,dsv4_flash,generation,cudnn_oss,bfloat16,fp8_e4m3,1,2,131072,64,1,512,512,mla_absorbed,,64,inf,0.0,0.0,,20,False,"                 ^^^^^^^^^^^^^^^^^^^^^^^^^^^^^^^^^
  File ""/home/scratch.yanxu_gpu/fe-sites/computelab_trees/fe_develop_5567e2733/benchmark/attention_inference/benchmark_single_attention.py"", line 270, in setup_cudnn_oss
    return setup_cudnn(args, dtype, oss=True)
           ^^^^^^^^^^^^^^^^^^^^^^^^^^^^^^^^^^
  File ""/home/scratch.yanxu_gpu/fe-sites/computelab_trees/fe_develop_5567e2733/benchmark/attention_inference/benchmark_single_attention.py"", line 167, in setup_cudnn
    return setup_cudnn_fp8(args, cudnn, oss=oss)
           ^^^^^^^^^^^^^^^^^^^^^^^^^^^^^^^^^^^^^
  File ""/home/scratch.yanxu_gpu/fe-sites/computelab_trees/fe_develop_5567e2733/benchmark/attention_inference/benchmark_single_attention.py"", line 336, in setup_cudnn_fp8
    graph.check_support()
  File ""/home/scratch.yanxu_gpu/fe-sites/computelab_trees/fe_develop_5567e2733/python/cudnn/_pygraph.py"", line 1547, in check_support
    self._lowered_graph.check_support()
cudnn._compiled_module.cudnnGraphNotSupportedError: [cudnn_frontend] Error: No execution plans support the graph.",,,
deepseek_v4,dsv4_flash,generation,cudnn_oss,bfloat16,bfloat16,128,2,131072,64,1,512,512,mla_absorbed,,64,12.798129,343.648,1344.995,75.0555,20,True,,NVIDIA RTX PRO 6000 Blackwell Server Edition,cudnn_oss plan=sdpa_fwd_prefill_sm120[PACK_GQA=1; SCHED_POLICY=0; SPLIT_KV=8; TILE_CGA_M=1; TILE_M=64; TILE_N=32],
deepseek_v4,dsv4_flash,generation,cudnn_oss,bfloat16,fp8_e4m3,128,2,131072,64,1,512,512,mla_absorbed,,64,inf,0.0,0.0,,20,False,"                 ^^^^^^^^^^^^^^^^^^^^^^^^^^^^^^^^^
  File ""/home/scratch.yanxu_gpu/fe-sites/computelab_trees/fe_develop_5567e2733/benchmark/attention_inference/benchmark_single_attention.py"", line 270, in setup_cudnn_oss
    return setup_cudnn(args, dtype, oss=True)
           ^^^^^^^^^^^^^^^^^^^^^^^^^^^^^^^^^^
  File ""/home/scratch.yanxu_gpu/fe-sites/computelab_trees/fe_develop_5567e2733/benchmark/attention_inference/benchmark_single_attention.py"", line 167, in setup_cudnn
    return setup_cudnn_fp8(args, cudnn, oss=oss)
           ^^^^^^^^^^^^^^^^^^^^^^^^^^^^^^^^^^^^^
  File ""/home/scratch.yanxu_gpu/fe-sites/computelab_trees/fe_develop_5567e2733/benchmark/attention_inference/benchmark_single_attention.py"", line 336, in setup_cudnn_fp8
    graph.check_support()
  File ""/home/scratch.yanxu_gpu/fe-sites/computelab_trees/fe_develop_5567e2733/python/cudnn/_pygraph.py"", line 1547, in check_support
    self._lowered_graph.check_support()
cudnn._compiled_module.cudnnGraphNotSupportedError: [cudnn_frontend] Error: No execution plans support the graph.",,,
deepseek_v4,dsv4_flash,generation,cudnn_oss,bfloat16,bfloat16,1,3,131072,64,1,512,512,mla_absorbed,,64,0.317153,162.507,424.435,23.685,20,True,,NVIDIA RTX PRO 6000 Blackwell Server Edition,cudnn_oss plan=sdpa_fwd_prefill_sm120[PACK_GQA=1; SCHED_POLICY=0; SPLIT_KV=32; TILE_CGA_M=1; TILE_M=64; TILE_N=32],
deepseek_v4,dsv4_flash,generation,cudnn_oss,bfloat16,fp8_e4m3,1,3,131072,64,1,512,512,mla_absorbed,,64,inf,0.0,0.0,,20,False,"                 ^^^^^^^^^^^^^^^^^^^^^^^^^^^^^^^^^
  File ""/home/scratch.yanxu_gpu/fe-sites/computelab_trees/fe_develop_5567e2733/benchmark/attention_inference/benchmark_single_attention.py"", line 270, in setup_cudnn_oss
    return setup_cudnn(args, dtype, oss=True)
           ^^^^^^^^^^^^^^^^^^^^^^^^^^^^^^^^^^
  File ""/home/scratch.yanxu_gpu/fe-sites/computelab_trees/fe_develop_5567e2733/benchmark/attention_inference/benchmark_single_attention.py"", line 167, in setup_cudnn
    return setup_cudnn_fp8(args, cudnn, oss=oss)
           ^^^^^^^^^^^^^^^^^^^^^^^^^^^^^^^^^^^^^
  File ""/home/scratch.yanxu_gpu/fe-sites/computelab_trees/fe_develop_5567e2733/benchmark/attention_inference/benchmark_single_attention.py"", line 336, in setup_cudnn_fp8
    graph.check_support()
  File ""/home/scratch.yanxu_gpu/fe-sites/computelab_trees/fe_develop_5567e2733/python/cudnn/_pygraph.py"", line 1547, in check_support
    self._lowered_graph.check_support()
cudnn._compiled_module.cudnnGraphNotSupportedError: [cudnn_frontend] Error: No execution plans support the graph.",,,
deepseek_v4,dsv4_flash,generation,cudnn_oss,bfloat16,bfloat16,128,3,131072,64,1,512,512,mla_absorbed,,64,19.740303,334.193,872.844,48.7078,20,True,,NVIDIA RTX PRO 6000 Blackwell Server Edition,cudnn_oss plan=sdpa_fwd_prefill_sm120[PACK_GQA=1; SCHED_POLICY=0; SPLIT_KV=8; TILE_CGA_M=1; TILE_M=64; TILE_N=32],
deepseek_v4,dsv4_flash,generation,cudnn_oss,bfloat16,fp8_e4m3,128,3,131072,64,1,512,512,mla_absorbed,,64,inf,0.0,0.0,,20,False,"                 ^^^^^^^^^^^^^^^^^^^^^^^^^^^^^^^^^
  File ""/home/scratch.yanxu_gpu/fe-sites/computelab_trees/fe_develop_5567e2733/benchmark/attention_inference/benchmark_single_attention.py"", line 270, in setup_cudnn_oss
    return setup_cudnn(args, dtype, oss=True)
           ^^^^^^^^^^^^^^^^^^^^^^^^^^^^^^^^^^
  File ""/home/scratch.yanxu_gpu/fe-sites/computelab_trees/fe_develop_5567e2733/benchmark/attention_inference/benchmark_single_attention.py"", line 167, in setup_cudnn
    return setup_cudnn_fp8(args, cudnn, oss=oss)
           ^^^^^^^^^^^^^^^^^^^^^^^^^^^^^^^^^^^^^
  File ""/home/scratch.yanxu_gpu/fe-sites/computelab_trees/fe_develop_5567e2733/benchmark/attention_inference/benchmark_single_attention.py"", line 336, in setup_cudnn_fp8
    graph.check_support()
  File ""/home/scratch.yanxu_gpu/fe-sites/computelab_trees/fe_develop_5567e2733/python/cudnn/_pygraph.py"", line 1547, in check_support
    self._lowered_graph.check_support()
cudnn._compiled_module.cudnnGraphNotSupportedError: [cudnn_frontend] Error: No execution plans support the graph.",,,
deepseek_v4,dsv4_flash,generation,cudnn_oss,bfloat16,bfloat16,1,4,131072,64,1,512,512,mla_absorbed,,64,0.336574,204.173,400.334,22.3401,20,True,,NVIDIA RTX PRO 6000 Blackwell Server Edition,cudnn_oss plan=sdpa_fwd_prefill_sm120[PACK_GQA=1; SCHED_POLICY=0; SPLIT_KV=32; TILE_CGA_M=1; TILE_M=64; TILE_N=32],
deepseek_v4,dsv4_flash,generation,cudnn_oss,bfloat16,fp8_e4m3,1,4,131072,64,1,512,512,mla_absorbed,,64,inf,0.0,0.0,,20,False,"                 ^^^^^^^^^^^^^^^^^^^^^^^^^^^^^^^^^
  File ""/home/scratch.yanxu_gpu/fe-sites/computelab_trees/fe_develop_5567e2733/benchmark/attention_inference/benchmark_single_attention.py"", line 270, in setup_cudnn_oss
    return setup_cudnn(args, dtype, oss=True)
           ^^^^^^^^^^^^^^^^^^^^^^^^^^^^^^^^^^
  File ""/home/scratch.yanxu_gpu/fe-sites/computelab_trees/fe_develop_5567e2733/benchmark/attention_inference/benchmark_single_attention.py"", line 167, in setup_cudnn
    return setup_cudnn_fp8(args, cudnn, oss=oss)
           ^^^^^^^^^^^^^^^^^^^^^^^^^^^^^^^^^^^^^
  File ""/home/scratch.yanxu_gpu/fe-sites/computelab_trees/fe_develop_5567e2733/benchmark/attention_inference/benchmark_single_attention.py"", line 336, in setup_cudnn_fp8
    graph.check_support()
  File ""/home/scratch.yanxu_gpu/fe-sites/computelab_trees/fe_develop_5567e2733/python/cudnn/_pygraph.py"", line 1547, in check_support
    self._lowered_graph.check_support()
cudnn._compiled_module.cudnnGraphNotSupportedError: [cudnn_frontend] Error: No execution plans support the graph.",,,
deepseek_v4,dsv4_flash,generation,cudnn_oss,bfloat16,bfloat16,128,4,131072,64,1,512,512,mla_absorbed,,64,25.540381,344.399,675.283,37.6832,20,True,,NVIDIA RTX PRO 6000 Blackwell Server Edition,cudnn_oss plan=sdpa_fwd_prefill_sm120[PACK_GQA=1; SCHED_POLICY=0; SPLIT_KV=4; TILE_CGA_M=1; TILE_M=64; TILE_N=32],
deepseek_v4,dsv4_flash,generation,cudnn_oss,bfloat16,fp8_e4m3,128,4,131072,64,1,512,512,mla_absorbed,,64,inf,0.0,0.0,,20,False,"                 ^^^^^^^^^^^^^^^^^^^^^^^^^^^^^^^^^
  File ""/home/scratch.yanxu_gpu/fe-sites/computelab_trees/fe_develop_5567e2733/benchmark/attention_inference/benchmark_single_attention.py"", line 270, in setup_cudnn_oss
    return setup_cudnn(args, dtype, oss=True)
           ^^^^^^^^^^^^^^^^^^^^^^^^^^^^^^^^^^
  File ""/home/scratch.yanxu_gpu/fe-sites/computelab_trees/fe_develop_5567e2733/benchmark/attention_inference/benchmark_single_attention.py"", line 167, in setup_cudnn
    return setup_cudnn_fp8(args, cudnn, oss=oss)
           ^^^^^^^^^^^^^^^^^^^^^^^^^^^^^^^^^^^^^
  File ""/home/scratch.yanxu_gpu/fe-sites/computelab_trees/fe_develop_5567e2733/benchmark/attention_inference/benchmark_single_attention.py"", line 336, in setup_cudnn_fp8
    graph.check_support()
  File ""/home/scratch.yanxu_gpu/fe-sites/computelab_trees/fe_develop_5567e2733/python/cudnn/_pygraph.py"", line 1547, in check_support
    self._lowered_graph.check_support()
cudnn._compiled_module.cudnnGraphNotSupportedError: [cudnn_frontend] Error: No execution plans support the graph.",,,
deepseek_v4,dsv4_flash-tp2,context,cudnn,bfloat16,bfloat16,1,2048,2048,32,1,512,512,mla_absorbed,,64,1.646853,83.456,82.773,4.619,20,True,,NVIDIA RTX PRO 6000 Blackwell Server Edition,cudnn 9.27.0,
deepseek_v4,dsv4_flash-tp2,context,cudnn,bfloat16,bfloat16,1,8192,8192,32,1,512,512,mla_absorbed,,64,23.663685,92.928,23.042,1.2858,20,True,,NVIDIA RTX PRO 6000 Blackwell Server Edition,cudnn 9.27.0,
deepseek_v4,dsv4_flash-tp2,context,cudnn,bfloat16,bfloat16,1,512,65536,32,1,512,512,mla_absorbed,,64,25.273645,87.009,3.983,0.2223,20,True,,NVIDIA RTX PRO 6000 Blackwell Server Edition,cudnn 9.27.0,
deepseek_v4,dsv4_flash-tp2,context,cudnn,bfloat16,bfloat16,1,512,131072,32,1,512,512,mla_absorbed,,64,50.846599,86.496,3.3,0.1841,20,True,,NVIDIA RTX PRO 6000 Blackwell Server Edition,cudnn 9.27.0,
deepseek_v4,dsv4_flash-tp2,context,cudnn,bfloat16,bfloat16,1,1024,65536,32,1,512,512,mla_absorbed,,64,49.16234,89.46,2.73,0.1523,20,True,,NVIDIA RTX PRO 6000 Blackwell Server Edition,cudnn 9.27.0,
deepseek_v4,dsv4_flash-tp2,context,cudnn,bfloat16,bfloat16,1,1024,131072,32,1,512,512,mla_absorbed,,64,98.538226,89.266,2.043,0.114,20,True,,NVIDIA RTX PRO 6000 Blackwell Server Edition,cudnn 9.27.0,
deepseek_v4,dsv4_flash-tp2,generation,cudnn,bfloat16,bfloat16,1,1,131072,32,1,512,512,mla_absorbed,,64,0.32381,26.528,414.698,23.1416,20,True,,NVIDIA RTX PRO 6000 Blackwell Server Edition,cudnn 9.27.0,
deepseek_v4,dsv4_flash-tp2,generation,cudnn,bfloat16,fp8_e4m3,1,1,131072,32,1,512,512,mla_absorbed,,64,inf,0.0,0.0,,20,False,"Warning: CUDNN_STATUS_NOT_SUPPORTED_GRAPH_PATTERN; Reason: process_knob_choices()
Warning: CUDNN_STATUS_NOT_SUPPORTED; Reason: (CUDNN_STATUS_NOT_INITIALIZED == status) || (CUDNN_STATUS_NOT_SUPPORTED == ((status) / 1000 * 1000))
Warning: CUDNN_STATUS_NOT_SUPPORTED; Reason: ptr->isSupported()
Warning: CUDNN_STATUS_NOT_SUPPORTED; Reason: finalize_internal()

{""engineId"":18,""smVersion"":1200,""knobChoices"":{""CUDNN_KNOB_TYPE_KERNEL_CFG"":-1,""CUDNN_KNOB_TYPE_TILE_CGA_M"":-1,""CUDNN_KNOB_TYPE_STREAM_K"":-1,""CUDNN_KNOB_TYPE_TILE_M"":-1,""CUDNN_KNOB_TYPE_TILE_N"":-1}}
Warning: CUDNN_STATUS_NOT_SUPPORTED_ARCH_MISMATCH; Reason: only Rubin is supported for this engine at: !(1070 <= deviceVer && deviceVer < 1100)
Warning: CUDNN_STATUS_NOT_SUPPORTED; Reason: (CUDNN_STATUS_NOT_INITIALIZED == status) || (CUDNN_STATUS_NOT_SUPPORTED == ((status) / 1000 * 1000))
Warning: CUDNN_STATUS_NOT_SUPPORTED; Reason: ptr->isSupported()
Warning: CUDNN_STATUS_NOT_SUPPORTED; Reason: finalize_internal()

)",,,
deepseek_v4,dsv4_flash-tp2,generation,cudnn,bfloat16,bfloat16,128,1,131072,32,1,512,512,mla_absorbed,,64,36.537261,30.093,470.431,26.2517,20,True,,NVIDIA RTX PRO 6000 Blackwell Server Edition,cudnn 9.27.0,
deepseek_v4,dsv4_flash-tp2,generation,cudnn,bfloat16,fp8_e4m3,128,1,131072,32,1,512,512,mla_absorbed,,64,inf,0.0,0.0,,20,False,"Warning: CUDNN_STATUS_NOT_SUPPORTED_GRAPH_PATTERN; Reason: process_knob_choices()
Warning: CUDNN_STATUS_NOT_SUPPORTED; Reason: (CUDNN_STATUS_NOT_INITIALIZED == status) || (CUDNN_STATUS_NOT_SUPPORTED == ((status) / 1000 * 1000))
Warning: CUDNN_STATUS_NOT_SUPPORTED; Reason: ptr->isSupported()
Warning: CUDNN_STATUS_NOT_SUPPORTED; Reason: finalize_internal()

{""engineId"":18,""smVersion"":1200,""knobChoices"":{""CUDNN_KNOB_TYPE_KERNEL_CFG"":-1,""CUDNN_KNOB_TYPE_TILE_CGA_M"":-1,""CUDNN_KNOB_TYPE_STREAM_K"":-1,""CUDNN_KNOB_TYPE_TILE_M"":-1,""CUDNN_KNOB_TYPE_TILE_N"":-1}}
Warning: CUDNN_STATUS_NOT_SUPPORTED_ARCH_MISMATCH; Reason: only Rubin is supported for this engine at: !(1070 <= deviceVer && deviceVer < 1100)
Warning: CUDNN_STATUS_NOT_SUPPORTED; Reason: (CUDNN_STATUS_NOT_INITIALIZED == status) || (CUDNN_STATUS_NOT_SUPPORTED == ((status) / 1000 * 1000))
Warning: CUDNN_STATUS_NOT_SUPPORTED; Reason: ptr->isSupported()
Warning: CUDNN_STATUS_NOT_SUPPORTED; Reason: finalize_internal()

)",,,
deepseek_v4,dsv4_flash-tp2,generation,cudnn,bfloat16,bfloat16,1,2,131072,32,1,512,512,mla_absorbed,,64,11.01979,1.559,12.192,0.6803,20,True,,NVIDIA RTX PRO 6000 Blackwell Server Edition,cudnn 9.27.0,
deepseek_v4,dsv4_flash-tp2,generation,cudnn,bfloat16,fp8_e4m3,1,2,131072,32,1,512,512,mla_absorbed,,64,inf,0.0,0.0,,20,False,"Warning: CUDNN_STATUS_NOT_SUPPORTED_GRAPH_PATTERN; Reason: process_knob_choices()
Warning: CUDNN_STATUS_NOT_SUPPORTED; Reason: (CUDNN_STATUS_NOT_INITIALIZED == status) || (CUDNN_STATUS_NOT_SUPPORTED == ((status) / 1000 * 1000))
Warning: CUDNN_STATUS_NOT_SUPPORTED; Reason: ptr->isSupported()
Warning: CUDNN_STATUS_NOT_SUPPORTED; Reason: finalize_internal()

{""engineId"":18,""smVersion"":1200,""knobChoices"":{""CUDNN_KNOB_TYPE_KERNEL_CFG"":-1,""CUDNN_KNOB_TYPE_TILE_CGA_M"":-1,""CUDNN_KNOB_TYPE_STREAM_K"":-1,""CUDNN_KNOB_TYPE_TILE_M"":-1,""CUDNN_KNOB_TYPE_TILE_N"":-1}}
Warning: CUDNN_STATUS_NOT_SUPPORTED_ARCH_MISMATCH; Reason: only Rubin is supported for this engine at: !(1070 <= deviceVer && deviceVer < 1100)
Warning: CUDNN_STATUS_NOT_SUPPORTED; Reason: (CUDNN_STATUS_NOT_INITIALIZED == status) || (CUDNN_STATUS_NOT_SUPPORTED == ((status) / 1000 * 1000))
Warning: CUDNN_STATUS_NOT_SUPPORTED; Reason: ptr->isSupported()
Warning: CUDNN_STATUS_NOT_SUPPORTED; Reason: finalize_internal()

)",,,
deepseek_v4,dsv4_flash-tp2,generation,cudnn,bfloat16,bfloat16,128,2,131072,32,1,512,512,mla_absorbed,,64,528.55445,4.16,32.535,1.8156,20,True,,NVIDIA RTX PRO 6000 Blackwell Server Edition,cudnn 9.27.0,
deepseek_v4,dsv4_flash-tp2,generation,cudnn,bfloat16,fp8_e4m3,128,2,131072,32,1,512,512,mla_absorbed,,64,inf,0.0,0.0,,20,False,"Warning: CUDNN_STATUS_NOT_SUPPORTED_GRAPH_PATTERN; Reason: process_knob_choices()
Warning: CUDNN_STATUS_NOT_SUPPORTED; Reason: (CUDNN_STATUS_NOT_INITIALIZED == status) || (CUDNN_STATUS_NOT_SUPPORTED == ((status) / 1000 * 1000))
Warning: CUDNN_STATUS_NOT_SUPPORTED; Reason: ptr->isSupported()
Warning: CUDNN_STATUS_NOT_SUPPORTED; Reason: finalize_internal()

{""engineId"":18,""smVersion"":1200,""knobChoices"":{""CUDNN_KNOB_TYPE_KERNEL_CFG"":-1,""CUDNN_KNOB_TYPE_TILE_CGA_M"":-1,""CUDNN_KNOB_TYPE_STREAM_K"":-1,""CUDNN_KNOB_TYPE_TILE_M"":-1,""CUDNN_KNOB_TYPE_TILE_N"":-1}}
Warning: CUDNN_STATUS_NOT_SUPPORTED_ARCH_MISMATCH; Reason: only Rubin is supported for this engine at: !(1070 <= deviceVer && deviceVer < 1100)
Warning: CUDNN_STATUS_NOT_SUPPORTED; Reason: (CUDNN_STATUS_NOT_INITIALIZED == status) || (CUDNN_STATUS_NOT_SUPPORTED == ((status) / 1000 * 1000))
Warning: CUDNN_STATUS_NOT_SUPPORTED; Reason: ptr->isSupported()
Warning: CUDNN_STATUS_NOT_SUPPORTED; Reason: finalize_internal()

)",,,
deepseek_v4,dsv4_flash-tp2,generation,cudnn,bfloat16,bfloat16,1,3,131072,32,1,512,512,mla_absorbed,,64,11.021821,2.338,12.195,0.6805,20,True,,NVIDIA RTX PRO 6000 Blackwell Server Edition,cudnn 9.27.0,
deepseek_v4,dsv4_flash-tp2,generation,cudnn,bfloat16,fp8_e4m3,1,3,131072,32,1,512,512,mla_absorbed,,64,inf,0.0,0.0,,20,False,"Warning: CUDNN_STATUS_NOT_SUPPORTED_GRAPH_PATTERN; Reason: process_knob_choices()
Warning: CUDNN_STATUS_NOT_SUPPORTED; Reason: (CUDNN_STATUS_NOT_INITIALIZED == status) || (CUDNN_STATUS_NOT_SUPPORTED == ((status) / 1000 * 1000))
Warning: CUDNN_STATUS_NOT_SUPPORTED; Reason: ptr->isSupported()
Warning: CUDNN_STATUS_NOT_SUPPORTED; Reason: finalize_internal()

{""engineId"":18,""smVersion"":1200,""knobChoices"":{""CUDNN_KNOB_TYPE_KERNEL_CFG"":-1,""CUDNN_KNOB_TYPE_TILE_CGA_M"":-1,""CUDNN_KNOB_TYPE_STREAM_K"":-1,""CUDNN_KNOB_TYPE_TILE_M"":-1,""CUDNN_KNOB_TYPE_TILE_N"":-1}}
Warning: CUDNN_STATUS_NOT_SUPPORTED_ARCH_MISMATCH; Reason: only Rubin is supported for this engine at: !(1070 <= deviceVer && deviceVer < 1100)
Warning: CUDNN_STATUS_NOT_SUPPORTED; Reason: (CUDNN_STATUS_NOT_INITIALIZED == status) || (CUDNN_STATUS_NOT_SUPPORTED == ((status) / 1000 * 1000))
Warning: CUDNN_STATUS_NOT_SUPPORTED; Reason: ptr->isSupported()
Warning: CUDNN_STATUS_NOT_SUPPORTED; Reason: finalize_internal()

)",,,
deepseek_v4,dsv4_flash-tp2,generation,cudnn,bfloat16,bfloat16,128,3,131072,32,1,512,512,mla_absorbed,,64,535.24919,6.163,32.144,1.7937,20,True,,NVIDIA RTX PRO 6000 Blackwell Server Edition,cudnn 9.27.0,
deepseek_v4,dsv4_flash-tp2,generation,cudnn,bfloat16,fp8_e4m3,128,3,131072,32,1,512,512,mla_absorbed,,64,inf,0.0,0.0,,20,False,"Warning: CUDNN_STATUS_NOT_SUPPORTED_GRAPH_PATTERN; Reason: process_knob_choices()
Warning: CUDNN_STATUS_NOT_SUPPORTED; Reason: (CUDNN_STATUS_NOT_INITIALIZED == status) || (CUDNN_STATUS_NOT_SUPPORTED == ((status) / 1000 * 1000))
Warning: CUDNN_STATUS_NOT_SUPPORTED; Reason: ptr->isSupported()
Warning: CUDNN_STATUS_NOT_SUPPORTED; Reason: finalize_internal()

{""engineId"":18,""smVersion"":1200,""knobChoices"":{""CUDNN_KNOB_TYPE_KERNEL_CFG"":-1,""CUDNN_KNOB_TYPE_TILE_CGA_M"":-1,""CUDNN_KNOB_TYPE_STREAM_K"":-1,""CUDNN_KNOB_TYPE_TILE_M"":-1,""CUDNN_KNOB_TYPE_TILE_N"":-1}}
Warning: CUDNN_STATUS_NOT_SUPPORTED_ARCH_MISMATCH; Reason: only Rubin is supported for this engine at: !(1070 <= deviceVer && deviceVer < 1100)
Warning: CUDNN_STATUS_NOT_SUPPORTED; Reason: (CUDNN_STATUS_NOT_INITIALIZED == status) || (CUDNN_STATUS_NOT_SUPPORTED == ((status) / 1000 * 1000))
Warning: CUDNN_STATUS_NOT_SUPPORTED; Reason: ptr->isSupported()
Warning: CUDNN_STATUS_NOT_SUPPORTED; Reason: finalize_internal()

)",,,
deepseek_v4,dsv4_flash-tp2,generation,cudnn,bfloat16,bfloat16,1,4,131072,32,1,512,512,mla_absorbed,,64,11.023722,3.117,12.199,0.6808,20,True,,NVIDIA RTX PRO 6000 Blackwell Server Edition,cudnn 9.27.0,
deepseek_v4,dsv4_flash-tp2,generation,cudnn,bfloat16,fp8_e4m3,1,4,131072,32,1,512,512,mla_absorbed,,64,inf,0.0,0.0,,20,False,"Warning: CUDNN_STATUS_NOT_SUPPORTED_GRAPH_PATTERN; Reason: process_knob_choices()
Warning: CUDNN_STATUS_NOT_SUPPORTED; Reason: (CUDNN_STATUS_NOT_INITIALIZED == status) || (CUDNN_STATUS_NOT_SUPPORTED == ((status) / 1000 * 1000))
Warning: CUDNN_STATUS_NOT_SUPPORTED; Reason: ptr->isSupported()
Warning: CUDNN_STATUS_NOT_SUPPORTED; Reason: finalize_internal()

{""engineId"":18,""smVersion"":1200,""knobChoices"":{""CUDNN_KNOB_TYPE_KERNEL_CFG"":-1,""CUDNN_KNOB_TYPE_TILE_CGA_M"":-1,""CUDNN_KNOB_TYPE_STREAM_K"":-1,""CUDNN_KNOB_TYPE_TILE_M"":-1,""CUDNN_KNOB_TYPE_TILE_N"":-1}}
Warning: CUDNN_STATUS_NOT_SUPPORTED_ARCH_MISMATCH; Reason: only Rubin is supported for this engine at: !(1070 <= deviceVer && deviceVer < 1100)
Warning: CUDNN_STATUS_NOT_SUPPORTED; Reason: (CUDNN_STATUS_NOT_INITIALIZED == status) || (CUDNN_STATUS_NOT_SUPPORTED == ((status) / 1000 * 1000))
Warning: CUDNN_STATUS_NOT_SUPPORTED; Reason: ptr->isSupported()
Warning: CUDNN_STATUS_NOT_SUPPORTED; Reason: finalize_internal()

)",,,
deepseek_v4,dsv4_flash-tp2,generation,cudnn,bfloat16,bfloat16,128,4,131072,32,1,512,512,mla_absorbed,,64,539.386347,8.154,31.913,1.7809,20,True,,NVIDIA RTX PRO 6000 Blackwell Server Edition,cudnn 9.27.0,
deepseek_v4,dsv4_flash-tp2,generation,cudnn,bfloat16,fp8_e4m3,128,4,131072,32,1,512,512,mla_absorbed,,64,inf,0.0,0.0,,20,False,"Warning: CUDNN_STATUS_NOT_SUPPORTED_GRAPH_PATTERN; Reason: process_knob_choices()
Warning: CUDNN_STATUS_NOT_SUPPORTED; Reason: (CUDNN_STATUS_NOT_INITIALIZED == status) || (CUDNN_STATUS_NOT_SUPPORTED == ((status) / 1000 * 1000))
Warning: CUDNN_STATUS_NOT_SUPPORTED; Reason: ptr->isSupported()
Warning: CUDNN_STATUS_NOT_SUPPORTED; Reason: finalize_internal()

{""engineId"":18,""smVersion"":1200,""knobChoices"":{""CUDNN_KNOB_TYPE_KERNEL_CFG"":-1,""CUDNN_KNOB_TYPE_TILE_CGA_M"":-1,""CUDNN_KNOB_TYPE_STREAM_K"":-1,""CUDNN_KNOB_TYPE_TILE_M"":-1,""CUDNN_KNOB_TYPE_TILE_N"":-1}}
Warning: CUDNN_STATUS_NOT_SUPPORTED_ARCH_MISMATCH; Reason: only Rubin is supported for this engine at: !(1070 <= deviceVer && deviceVer < 1100)
Warning: CUDNN_STATUS_NOT_SUPPORTED; Reason: (CUDNN_STATUS_NOT_INITIALIZED == status) || (CUDNN_STATUS_NOT_SUPPORTED == ((status) / 1000 * 1000))
Warning: CUDNN_STATUS_NOT_SUPPORTED; Reason: ptr->isSupported()
Warning: CUDNN_STATUS_NOT_SUPPORTED; Reason: finalize_internal()

)",,,
deepseek_v4,dsv4_flash-tp2,context,cudnn_oss,bfloat16,bfloat16,1,2048,2048,32,1,512,512,mla_absorbed,,64,0.44717,307.353,304.839,17.0111,20,True,,NVIDIA RTX PRO 6000 Blackwell Server Edition,cudnn_oss plan=sdpa_fwd_prefill_sm120[PACK_GQA=0; SCHED_POLICY=2; SPLIT_KV=1; TILE_CGA_M=1; TILE_M=64; TILE_N=32],
deepseek_v4,dsv4_flash-tp2,context,cudnn_oss,bfloat16,bfloat16,1,8192,8192,32,1,512,512,mla_absorbed,,64,6.101433,360.411,89.366,4.9869,20,True,,NVIDIA RTX PRO 6000 Blackwell Server Edition,cudnn_oss plan=sdpa_fwd_prefill_sm120[PACK_GQA=0; SCHED_POLICY=2; SPLIT_KV=1; TILE_CGA_M=1; TILE_M=64; TILE_N=32],
deepseek_v4,dsv4_flash-tp2,context,cudnn_oss,bfloat16,bfloat16,1,512,65536,32,1,512,512,mla_absorbed,,64,6.252784,351.687,16.099,0.8984,20,True,,NVIDIA RTX PRO 6000 Blackwell Server Edition,cudnn_oss plan=sdpa_fwd_prefill_sm120[PACK_GQA=0; SCHED_POLICY=0; SPLIT_KV=8; TILE_CGA_M=1; TILE_M=64; TILE_N=32],
deepseek_v4,dsv4_flash-tp2,context,cudnn_oss,bfloat16,bfloat16,1,512,131072,32,1,512,512,mla_absorbed,,64,12.245537,359.155,13.701,0.7645,20,True,,NVIDIA RTX PRO 6000 Blackwell Server Edition,cudnn_oss plan=sdpa_fwd_prefill_sm120[PACK_GQA=0; SCHED_POLICY=0; SPLIT_KV=8; TILE_CGA_M=1; TILE_M=64; TILE_N=32],
deepseek_v4,dsv4_flash-tp2,context,cudnn_oss,bfloat16,bfloat16,1,1024,65536,32,1,512,512,mla_absorbed,,64,12.194527,360.657,11.006,0.6142,20,True,,NVIDIA RTX PRO 6000 Blackwell Server Edition,cudnn_oss plan=sdpa_fwd_prefill_sm120[PACK_GQA=0; SCHED_POLICY=0; SPLIT_KV=4; TILE_CGA_M=1; TILE_M=64; TILE_N=32],
deepseek_v4,dsv4_flash-tp2,context,cudnn_oss,bfloat16,bfloat16,1,1024,131072,32,1,512,512,mla_absorbed,,64,24.796249,354.735,8.119,0.4531,20,True,,NVIDIA RTX PRO 6000 Blackwell Server Edition,cudnn_oss plan=sdpa_fwd_prefill_sm120[PACK_GQA=0; SCHED_POLICY=0; SPLIT_KV=4; TILE_CGA_M=1; TILE_M=64; TILE_N=32],
deepseek_v4,dsv4_flash-tp2,generation,cudnn_oss,bfloat16,bfloat16,1,1,131072,32,1,512,512,mla_absorbed,,64,0.275044,31.231,488.225,27.2447,20,True,,NVIDIA RTX PRO 6000 Blackwell Server Edition,cudnn_oss plan=sdpa_fwd_prefill_sm120[PACK_GQA=1; SCHED_POLICY=0; SPLIT_KV=128; TILE_CGA_M=1; TILE_M=64; TILE_N=32],
deepseek_v4,dsv4_flash-tp2,generation,cudnn_oss,bfloat16,fp8_e4m3,1,1,131072,32,1,512,512,mla_absorbed,,64,inf,0.0,0.0,,20,False,"                 ^^^^^^^^^^^^^^^^^^^^^^^^^^^^^^^^^
  File ""/home/scratch.yanxu_gpu/fe-sites/computelab_trees/fe_develop_5567e2733/benchmark/attention_inference/benchmark_single_attention.py"", line 270, in setup_cudnn_oss
    return setup_cudnn(args, dtype, oss=True)
           ^^^^^^^^^^^^^^^^^^^^^^^^^^^^^^^^^^
  File ""/home/scratch.yanxu_gpu/fe-sites/computelab_trees/fe_develop_5567e2733/benchmark/attention_inference/benchmark_single_attention.py"", line 167, in setup_cudnn
    return setup_cudnn_fp8(args, cudnn, oss=oss)
           ^^^^^^^^^^^^^^^^^^^^^^^^^^^^^^^^^^^^^
  File ""/home/scratch.yanxu_gpu/fe-sites/computelab_trees/fe_develop_5567e2733/benchmark/attention_inference/benchmark_single_attention.py"", line 336, in setup_cudnn_fp8
    graph.check_support()
  File ""/home/scratch.yanxu_gpu/fe-sites/computelab_trees/fe_develop_5567e2733/python/cudnn/_pygraph.py"", line 1547, in check_support
    self._lowered_graph.check_support()
cudnn._compiled_module.cudnnGraphNotSupportedError: [cudnn_frontend] Error: No execution plans support the graph.",,,
deepseek_v4,dsv4_flash-tp2,generation,cudnn_oss,bfloat16,bfloat16,128,1,131072,32,1,512,512,mla_absorbed,,64,11.433264,96.168,1503.355,83.8926,20,True,,NVIDIA RTX PRO 6000 Blackwell Server Edition,cudnn_oss plan=sdpa_fwd_prefill_sm120[PACK_GQA=1; SCHED_POLICY=0; SPLIT_KV=16; TILE_CGA_M=1; TILE_M=64; TILE_N=32],
deepseek_v4,dsv4_flash-tp2,generation,cudnn_oss,bfloat16,fp8_e4m3,128,1,131072,32,1,512,512,mla_absorbed,,64,inf,0.0,0.0,,20,False,"                 ^^^^^^^^^^^^^^^^^^^^^^^^^^^^^^^^^
  File ""/home/scratch.yanxu_gpu/fe-sites/computelab_trees/fe_develop_5567e2733/benchmark/attention_inference/benchmark_single_attention.py"", line 270, in setup_cudnn_oss
    return setup_cudnn(args, dtype, oss=True)
           ^^^^^^^^^^^^^^^^^^^^^^^^^^^^^^^^^^
  File ""/home/scratch.yanxu_gpu/fe-sites/computelab_trees/fe_develop_5567e2733/benchmark/attention_inference/benchmark_single_attention.py"", line 167, in setup_cudnn
    return setup_cudnn_fp8(args, cudnn, oss=oss)
           ^^^^^^^^^^^^^^^^^^^^^^^^^^^^^^^^^^^^^
  File ""/home/scratch.yanxu_gpu/fe-sites/computelab_trees/fe_develop_5567e2733/benchmark/attention_inference/benchmark_single_attention.py"", line 336, in setup_cudnn_fp8
    graph.check_support()
  File ""/home/scratch.yanxu_gpu/fe-sites/computelab_trees/fe_develop_5567e2733/python/cudnn/_pygraph.py"", line 1547, in check_support
    self._lowered_graph.check_support()
cudnn._compiled_module.cudnnGraphNotSupportedError: [cudnn_frontend] Error: No execution plans support the graph.",,,
deepseek_v4,dsv4_flash-tp2,generation,cudnn_oss,bfloat16,bfloat16,1,2,131072,32,1,512,512,mla_absorbed,,64,0.281701,60.986,476.92,26.6138,20,True,,NVIDIA RTX PRO 6000 Blackwell Server Edition,cudnn_oss plan=sdpa_fwd_prefill_sm120[PACK_GQA=1; SCHED_POLICY=0; SPLIT_KV=128; TILE_CGA_M=1; TILE_M=64; TILE_N=32],
deepseek_v4,dsv4_flash-tp2,generation,cudnn_oss,bfloat16,fp8_e4m3,1,2,131072,32,1,512,512,mla_absorbed,,64,inf,0.0,0.0,,20,False,"                 ^^^^^^^^^^^^^^^^^^^^^^^^^^^^^^^^^
  File ""/home/scratch.yanxu_gpu/fe-sites/computelab_trees/fe_develop_5567e2733/benchmark/attention_inference/benchmark_single_attention.py"", line 270, in setup_cudnn_oss
    return setup_cudnn(args, dtype, oss=True)
           ^^^^^^^^^^^^^^^^^^^^^^^^^^^^^^^^^^
  File ""/home/scratch.yanxu_gpu/fe-sites/computelab_trees/fe_develop_5567e2733/benchmark/attention_inference/benchmark_single_attention.py"", line 167, in setup_cudnn
    return setup_cudnn_fp8(args, cudnn, oss=oss)
           ^^^^^^^^^^^^^^^^^^^^^^^^^^^^^^^^^^^^^
  File ""/home/scratch.yanxu_gpu/fe-sites/computelab_trees/fe_develop_5567e2733/benchmark/attention_inference/benchmark_single_attention.py"", line 336, in setup_cudnn_fp8
    graph.check_support()
  File ""/home/scratch.yanxu_gpu/fe-sites/computelab_trees/fe_develop_5567e2733/python/cudnn/_pygraph.py"", line 1547, in check_support
    self._lowered_graph.check_support()
cudnn._compiled_module.cudnnGraphNotSupportedError: [cudnn_frontend] Error: No execution plans support the graph.",,,
deepseek_v4,dsv4_flash-tp2,generation,cudnn_oss,bfloat16,bfloat16,128,2,131072,32,1,512,512,mla_absorbed,,64,11.598282,189.599,1482.689,82.7393,20,True,,NVIDIA RTX PRO 6000 Blackwell Server Edition,cudnn_oss plan=sdpa_fwd_prefill_sm120[PACK_GQA=1; SCHED_POLICY=0; SPLIT_KV=16; TILE_CGA_M=1; TILE_M=64; TILE_N=32],
deepseek_v4,dsv4_flash-tp2,generation,cudnn_oss,bfloat16,fp8_e4m3,128,2,131072,32,1,512,512,mla_absorbed,,64,inf,0.0,0.0,,20,False,"                 ^^^^^^^^^^^^^^^^^^^^^^^^^^^^^^^^^
  File ""/home/scratch.yanxu_gpu/fe-sites/computelab_trees/fe_develop_5567e2733/benchmark/attention_inference/benchmark_single_attention.py"", line 270, in setup_cudnn_oss
    return setup_cudnn(args, dtype, oss=True)
           ^^^^^^^^^^^^^^^^^^^^^^^^^^^^^^^^^^
  File ""/home/scratch.yanxu_gpu/fe-sites/computelab_trees/fe_develop_5567e2733/benchmark/attention_inference/benchmark_single_attention.py"", line 167, in setup_cudnn
    return setup_cudnn_fp8(args, cudnn, oss=oss)
           ^^^^^^^^^^^^^^^^^^^^^^^^^^^^^^^^^^^^^
  File ""/home/scratch.yanxu_gpu/fe-sites/computelab_trees/fe_develop_5567e2733/benchmark/attention_inference/benchmark_single_attention.py"", line 336, in setup_cudnn_fp8
    graph.check_support()
  File ""/home/scratch.yanxu_gpu/fe-sites/computelab_trees/fe_develop_5567e2733/python/cudnn/_pygraph.py"", line 1547, in check_support
    self._lowered_graph.check_support()
cudnn._compiled_module.cudnnGraphNotSupportedError: [cudnn_frontend] Error: No execution plans support the graph.",,,
deepseek_v4,dsv4_flash-tp2,generation,cudnn_oss,bfloat16,bfloat16,1,3,131072,32,1,512,512,mla_absorbed,,64,0.250016,103.073,537.623,30.0013,20,True,,NVIDIA RTX PRO 6000 Blackwell Server Edition,cudnn_oss plan=sdpa_fwd_prefill_sm120[PACK_GQA=1; SCHED_POLICY=0; SPLIT_KV=64; TILE_CGA_M=1; TILE_M=64; TILE_N=32],
deepseek_v4,dsv4_flash-tp2,generation,cudnn_oss,bfloat16,fp8_e4m3,1,3,131072,32,1,512,512,mla_absorbed,,64,inf,0.0,0.0,,20,False,"                 ^^^^^^^^^^^^^^^^^^^^^^^^^^^^^^^^^
  File ""/home/scratch.yanxu_gpu/fe-sites/computelab_trees/fe_develop_5567e2733/benchmark/attention_inference/benchmark_single_attention.py"", line 270, in setup_cudnn_oss
    return setup_cudnn(args, dtype, oss=True)
           ^^^^^^^^^^^^^^^^^^^^^^^^^^^^^^^^^^
  File ""/home/scratch.yanxu_gpu/fe-sites/computelab_trees/fe_develop_5567e2733/benchmark/attention_inference/benchmark_single_attention.py"", line 167, in setup_cudnn
    return setup_cudnn_fp8(args, cudnn, oss=oss)
           ^^^^^^^^^^^^^^^^^^^^^^^^^^^^^^^^^^^^^
  File ""/home/scratch.yanxu_gpu/fe-sites/computelab_trees/fe_develop_5567e2733/benchmark/attention_inference/benchmark_single_attention.py"", line 336, in setup_cudnn_fp8
    graph.check_support()
  File ""/home/scratch.yanxu_gpu/fe-sites/computelab_trees/fe_develop_5567e2733/python/cudnn/_pygraph.py"", line 1547, in check_support
    self._lowered_graph.check_support()
cudnn._compiled_module.cudnnGraphNotSupportedError: [cudnn_frontend] Error: No execution plans support the graph.",,,
deepseek_v4,dsv4_flash-tp2,generation,cudnn_oss,bfloat16,bfloat16,128,3,131072,32,1,512,512,mla_absorbed,,64,12.907386,255.554,1332.96,74.384,20,True,,NVIDIA RTX PRO 6000 Blackwell Server Edition,cudnn_oss plan=sdpa_fwd_prefill_sm120[PACK_GQA=1; SCHED_POLICY=0; SPLIT_KV=8; TILE_CGA_M=1; TILE_M=64; TILE_N=32],
deepseek_v4,dsv4_flash-tp2,generation,cudnn_oss,bfloat16,fp8_e4m3,128,3,131072,32,1,512,512,mla_absorbed,,64,inf,0.0,0.0,,20,False,"                 ^^^^^^^^^^^^^^^^^^^^^^^^^^^^^^^^^
  File ""/home/scratch.yanxu_gpu/fe-sites/computelab_trees/fe_develop_5567e2733/benchmark/attention_inference/benchmark_single_attention.py"", line 270, in setup_cudnn_oss
    return setup_cudnn(args, dtype, oss=True)
           ^^^^^^^^^^^^^^^^^^^^^^^^^^^^^^^^^^
  File ""/home/scratch.yanxu_gpu/fe-sites/computelab_trees/fe_develop_5567e2733/benchmark/attention_inference/benchmark_single_attention.py"", line 167, in setup_cudnn
    return setup_cudnn_fp8(args, cudnn, oss=oss)
           ^^^^^^^^^^^^^^^^^^^^^^^^^^^^^^^^^^^^^
  File ""/home/scratch.yanxu_gpu/fe-sites/computelab_trees/fe_develop_5567e2733/benchmark/attention_inference/benchmark_single_attention.py"", line 336, in setup_cudnn_fp8
    graph.check_support()
  File ""/home/scratch.yanxu_gpu/fe-sites/computelab_trees/fe_develop_5567e2733/python/cudnn/_pygraph.py"", line 1547, in check_support
    self._lowered_graph.check_support()
cudnn._compiled_module.cudnnGraphNotSupportedError: [cudnn_frontend] Error: No execution plans support the graph.",,,
deepseek_v4,dsv4_flash-tp2,generation,cudnn_oss,bfloat16,bfloat16,1,4,131072,32,1,512,512,mla_absorbed,,64,0.25037,137.236,537.125,29.9735,20,True,,NVIDIA RTX PRO 6000 Blackwell Server Edition,cudnn_oss plan=sdpa_fwd_prefill_sm120[PACK_GQA=1; SCHED_POLICY=0; SPLIT_KV=64; TILE_CGA_M=1; TILE_M=64; TILE_N=32],
deepseek_v4,dsv4_flash-tp2,generation,cudnn_oss,bfloat16,fp8_e4m3,1,4,131072,32,1,512,512,mla_absorbed,,64,inf,0.0,0.0,,20,False,"                 ^^^^^^^^^^^^^^^^^^^^^^^^^^^^^^^^^
  File ""/home/scratch.yanxu_gpu/fe-sites/computelab_trees/fe_develop_5567e2733/benchmark/attention_inference/benchmark_single_attention.py"", line 270, in setup_cudnn_oss
    return setup_cudnn(args, dtype, oss=True)
           ^^^^^^^^^^^^^^^^^^^^^^^^^^^^^^^^^^
  File ""/home/scratch.yanxu_gpu/fe-sites/computelab_trees/fe_develop_5567e2733/benchmark/attention_inference/benchmark_single_attention.py"", line 167, in setup_cudnn
    return setup_cudnn_fp8(args, cudnn, oss=oss)
           ^^^^^^^^^^^^^^^^^^^^^^^^^^^^^^^^^^^^^
  File ""/home/scratch.yanxu_gpu/fe-sites/computelab_trees/fe_develop_5567e2733/benchmark/attention_inference/benchmark_single_attention.py"", line 336, in setup_cudnn_fp8
    graph.check_support()
  File ""/home/scratch.yanxu_gpu/fe-sites/computelab_trees/fe_develop_5567e2733/python/cudnn/_pygraph.py"", line 1547, in check_support
    self._lowered_graph.check_support()
cudnn._compiled_module.cudnnGraphNotSupportedError: [cudnn_frontend] Error: No execution plans support the graph.",,,
deepseek_v4,dsv4_flash-tp2,generation,cudnn_oss,bfloat16,bfloat16,128,4,131072,32,1,512,512,mla_absorbed,,64,13.028526,337.571,1321.21,73.7283,20,True,,NVIDIA RTX PRO 6000 Blackwell Server Edition,cudnn_oss plan=sdpa_fwd_prefill_sm120[PACK_GQA=1; SCHED_POLICY=0; SPLIT_KV=8; TILE_CGA_M=1; TILE_M=64; TILE_N=32],
deepseek_v4,dsv4_flash-tp2,generation,cudnn_oss,bfloat16,fp8_e4m3,128,4,131072,32,1,512,512,mla_absorbed,,64,inf,0.0,0.0,,20,False,"                 ^^^^^^^^^^^^^^^^^^^^^^^^^^^^^^^^^
  File ""/home/scratch.yanxu_gpu/fe-sites/computelab_trees/fe_develop_5567e2733/benchmark/attention_inference/benchmark_single_attention.py"", line 270, in setup_cudnn_oss
    return setup_cudnn(args, dtype, oss=True)
           ^^^^^^^^^^^^^^^^^^^^^^^^^^^^^^^^^^
  File ""/home/scratch.yanxu_gpu/fe-sites/computelab_trees/fe_develop_5567e2733/benchmark/attention_inference/benchmark_single_attention.py"", line 167, in setup_cudnn
    return setup_cudnn_fp8(args, cudnn, oss=oss)
           ^^^^^^^^^^^^^^^^^^^^^^^^^^^^^^^^^^^^^
  File ""/home/scratch.yanxu_gpu/fe-sites/computelab_trees/fe_develop_5567e2733/benchmark/attention_inference/benchmark_single_attention.py"", line 336, in setup_cudnn_fp8
    graph.check_support()
  File ""/home/scratch.yanxu_gpu/fe-sites/computelab_trees/fe_develop_5567e2733/python/cudnn/_pygraph.py"", line 1547, in check_support
    self._lowered_graph.check_support()
cudnn._compiled_module.cudnnGraphNotSupportedError: [cudnn_frontend] Error: No execution plans support the graph.",,,
deepseek_v4,dsv4_flash-tp4,context,cudnn,bfloat16,bfloat16,1,2048,2048,16,1,512,512,mla_absorbed,,64,0.929191,73.956,74.48,4.1562,20,True,,NVIDIA RTX PRO 6000 Blackwell Server Edition,cudnn 9.27.0,
deepseek_v4,dsv4_flash-tp4,context,cudnn,bfloat16,bfloat16,1,8192,8192,16,1,512,512,mla_absorbed,,64,12.144228,90.538,22.795,1.272,20,True,,NVIDIA RTX PRO 6000 Blackwell Server Edition,cudnn 9.27.0,
deepseek_v4,dsv4_flash-tp4,context,cudnn,bfloat16,bfloat16,1,512,65536,16,1,512,512,mla_absorbed,,64,15.825425,69.478,5.301,0.2958,20,True,,NVIDIA RTX PRO 6000 Blackwell Server Edition,cudnn 9.27.0,
deepseek_v4,dsv4_flash-tp4,context,cudnn,bfloat16,bfloat16,1,512,131072,16,1,512,512,mla_absorbed,,64,31.435261,69.954,4.803,0.268,20,True,,NVIDIA RTX PRO 6000 Blackwell Server Edition,cudnn 9.27.0,
deepseek_v4,dsv4_flash-tp4,context,cudnn,bfloat16,bfloat16,1,1024,65536,16,1,512,512,mla_absorbed,,64,24.767122,88.788,4.064,0.2268,20,True,,NVIDIA RTX PRO 6000 Blackwell Server Edition,cudnn 9.27.0,
deepseek_v4,dsv4_flash-tp4,context,cudnn,bfloat16,bfloat16,1,1024,131072,16,1,512,512,mla_absorbed,,64,49.820501,88.278,3.368,0.1879,20,True,,NVIDIA RTX PRO 6000 Blackwell Server Edition,cudnn 9.27.0,
deepseek_v4,dsv4_flash-tp4,generation,cudnn,bfloat16,bfloat16,1,1,131072,16,1,512,512,mla_absorbed,,64,0.225156,19.076,596.255,33.2732,20,True,,NVIDIA RTX PRO 6000 Blackwell Server Edition,cudnn 9.27.0,
deepseek_v4,dsv4_flash-tp4,generation,cudnn,bfloat16,fp8_e4m3,1,1,131072,16,1,512,512,mla_absorbed,,64,inf,0.0,0.0,,20,False,"Warning: CUDNN_STATUS_NOT_SUPPORTED_GRAPH_PATTERN; Reason: process_knob_choices()
Warning: CUDNN_STATUS_NOT_SUPPORTED; Reason: (CUDNN_STATUS_NOT_INITIALIZED == status) || (CUDNN_STATUS_NOT_SUPPORTED == ((status) / 1000 * 1000))
Warning: CUDNN_STATUS_NOT_SUPPORTED; Reason: ptr->isSupported()
Warning: CUDNN_STATUS_NOT_SUPPORTED; Reason: finalize_internal()

{""engineId"":18,""smVersion"":1200,""knobChoices"":{""CUDNN_KNOB_TYPE_KERNEL_CFG"":-1,""CUDNN_KNOB_TYPE_TILE_CGA_M"":-1,""CUDNN_KNOB_TYPE_STREAM_K"":-1,""CUDNN_KNOB_TYPE_TILE_M"":-1,""CUDNN_KNOB_TYPE_TILE_N"":-1}}
Warning: CUDNN_STATUS_NOT_SUPPORTED_ARCH_MISMATCH; Reason: only Rubin is supported for this engine at: !(1070 <= deviceVer && deviceVer < 1100)
Warning: CUDNN_STATUS_NOT_SUPPORTED; Reason: (CUDNN_STATUS_NOT_INITIALIZED == status) || (CUDNN_STATUS_NOT_SUPPORTED == ((status) / 1000 * 1000))
Warning: CUDNN_STATUS_NOT_SUPPORTED; Reason: ptr->isSupported()
Warning: CUDNN_STATUS_NOT_SUPPORTED; Reason: finalize_internal()

)",,,
deepseek_v4,dsv4_flash-tp4,generation,cudnn,bfloat16,bfloat16,128,1,131072,16,1,512,512,mla_absorbed,,64,18.420901,29.844,932.857,52.0567,20,True,,NVIDIA RTX PRO 6000 Blackwell Server Edition,cudnn 9.27.0,
deepseek_v4,dsv4_flash-tp4,generation,cudnn,bfloat16,fp8_e4m3,128,1,131072,16,1,512,512,mla_absorbed,,64,inf,0.0,0.0,,20,False,"Warning: CUDNN_STATUS_NOT_SUPPORTED_GRAPH_PATTERN; Reason: process_knob_choices()
Warning: CUDNN_STATUS_NOT_SUPPORTED; Reason: (CUDNN_STATUS_NOT_INITIALIZED == status) || (CUDNN_STATUS_NOT_SUPPORTED == ((status) / 1000 * 1000))
Warning: CUDNN_STATUS_NOT_SUPPORTED; Reason: ptr->isSupported()
Warning: CUDNN_STATUS_NOT_SUPPORTED; Reason: finalize_internal()

{""engineId"":18,""smVersion"":1200,""knobChoices"":{""CUDNN_KNOB_TYPE_KERNEL_CFG"":-1,""CUDNN_KNOB_TYPE_TILE_CGA_M"":-1,""CUDNN_KNOB_TYPE_STREAM_K"":-1,""CUDNN_KNOB_TYPE_TILE_M"":-1,""CUDNN_KNOB_TYPE_TILE_N"":-1}}
Warning: CUDNN_STATUS_NOT_SUPPORTED_ARCH_MISMATCH; Reason: only Rubin is supported for this engine at: !(1070 <= deviceVer && deviceVer < 1100)
Warning: CUDNN_STATUS_NOT_SUPPORTED; Reason: (CUDNN_STATUS_NOT_INITIALIZED == status) || (CUDNN_STATUS_NOT_SUPPORTED == ((status) / 1000 * 1000))
Warning: CUDNN_STATUS_NOT_SUPPORTED; Reason: ptr->isSupported()
Warning: CUDNN_STATUS_NOT_SUPPORTED; Reason: finalize_internal()

)",,,
deepseek_v4,dsv4_flash-tp4,generation,cudnn,bfloat16,bfloat16,1,2,131072,16,1,512,512,mla_absorbed,,64,11.027481,0.779,12.177,0.6795,20,True,,NVIDIA RTX PRO 6000 Blackwell Server Edition,cudnn 9.27.0,
deepseek_v4,dsv4_flash-tp4,generation,cudnn,bfloat16,fp8_e4m3,1,2,131072,16,1,512,512,mla_absorbed,,64,inf,0.0,0.0,,20,False,"Warning: CUDNN_STATUS_NOT_SUPPORTED_GRAPH_PATTERN; Reason: process_knob_choices()
Warning: CUDNN_STATUS_NOT_SUPPORTED; Reason: (CUDNN_STATUS_NOT_INITIALIZED == status) || (CUDNN_STATUS_NOT_SUPPORTED == ((status) / 1000 * 1000))
Warning: CUDNN_STATUS_NOT_SUPPORTED; Reason: ptr->isSupported()
Warning: CUDNN_STATUS_NOT_SUPPORTED; Reason: finalize_internal()

{""engineId"":18,""smVersion"":1200,""knobChoices"":{""CUDNN_KNOB_TYPE_KERNEL_CFG"":-1,""CUDNN_KNOB_TYPE_TILE_CGA_M"":-1,""CUDNN_KNOB_TYPE_STREAM_K"":-1,""CUDNN_KNOB_TYPE_TILE_M"":-1,""CUDNN_KNOB_TYPE_TILE_N"":-1}}
Warning: CUDNN_STATUS_NOT_SUPPORTED_ARCH_MISMATCH; Reason: only Rubin is supported for this engine at: !(1070 <= deviceVer && deviceVer < 1100)
Warning: CUDNN_STATUS_NOT_SUPPORTED; Reason: (CUDNN_STATUS_NOT_INITIALIZED == status) || (CUDNN_STATUS_NOT_SUPPORTED == ((status) / 1000 * 1000))
Warning: CUDNN_STATUS_NOT_SUPPORTED; Reason: ptr->isSupported()
Warning: CUDNN_STATUS_NOT_SUPPORTED; Reason: finalize_internal()

)",,,
deepseek_v4,dsv4_flash-tp4,generation,cudnn,bfloat16,bfloat16,128,2,131072,16,1,512,512,mla_absorbed,,64,265.496782,4.141,64.74,3.6127,20,True,,NVIDIA RTX PRO 6000 Blackwell Server Edition,cudnn 9.27.0,
deepseek_v4,dsv4_flash-tp4,generation,cudnn,bfloat16,fp8_e4m3,128,2,131072,16,1,512,512,mla_absorbed,,64,inf,0.0,0.0,,20,False,"Warning: CUDNN_STATUS_NOT_SUPPORTED_GRAPH_PATTERN; Reason: process_knob_choices()
Warning: CUDNN_STATUS_NOT_SUPPORTED; Reason: (CUDNN_STATUS_NOT_INITIALIZED == status) || (CUDNN_STATUS_NOT_SUPPORTED == ((status) / 1000 * 1000))
Warning: CUDNN_STATUS_NOT_SUPPORTED; Reason: ptr->isSupported()
Warning: CUDNN_STATUS_NOT_SUPPORTED; Reason: finalize_internal()

{""engineId"":18,""smVersion"":1200,""knobChoices"":{""CUDNN_KNOB_TYPE_KERNEL_CFG"":-1,""CUDNN_KNOB_TYPE_TILE_CGA_M"":-1,""CUDNN_KNOB_TYPE_STREAM_K"":-1,""CUDNN_KNOB_TYPE_TILE_M"":-1,""CUDNN_KNOB_TYPE_TILE_N"":-1}}
Warning: CUDNN_STATUS_NOT_SUPPORTED_ARCH_MISMATCH; Reason: only Rubin is supported for this engine at: !(1070 <= deviceVer && deviceVer < 1100)
Warning: CUDNN_STATUS_NOT_SUPPORTED; Reason: (CUDNN_STATUS_NOT_INITIALIZED == status) || (CUDNN_STATUS_NOT_SUPPORTED == ((status) / 1000 * 1000))
Warning: CUDNN_STATUS_NOT_SUPPORTED; Reason: ptr->isSupported()
Warning: CUDNN_STATUS_NOT_SUPPORTED; Reason: finalize_internal()

)",,,
deepseek_v4,dsv4_flash-tp4,generation,cudnn,bfloat16,bfloat16,1,3,131072,16,1,512,512,mla_absorbed,,64,11.026501,1.169,12.181,0.6798,20,True,,NVIDIA RTX PRO 6000 Blackwell Server Edition,cudnn 9.27.0,
deepseek_v4,dsv4_flash-tp4,generation,cudnn,bfloat16,fp8_e4m3,1,3,131072,16,1,512,512,mla_absorbed,,64,inf,0.0,0.0,,20,False,"Warning: CUDNN_STATUS_NOT_SUPPORTED_GRAPH_PATTERN; Reason: process_knob_choices()
Warning: CUDNN_STATUS_NOT_SUPPORTED; Reason: (CUDNN_STATUS_NOT_INITIALIZED == status) || (CUDNN_STATUS_NOT_SUPPORTED == ((status) / 1000 * 1000))
Warning: CUDNN_STATUS_NOT_SUPPORTED; Reason: ptr->isSupported()
Warning: CUDNN_STATUS_NOT_SUPPORTED; Reason: finalize_internal()

{""engineId"":18,""smVersion"":1200,""knobChoices"":{""CUDNN_KNOB_TYPE_KERNEL_CFG"":-1,""CUDNN_KNOB_TYPE_TILE_CGA_M"":-1,""CUDNN_KNOB_TYPE_STREAM_K"":-1,""CUDNN_KNOB_TYPE_TILE_M"":-1,""CUDNN_KNOB_TYPE_TILE_N"":-1}}
Warning: CUDNN_STATUS_NOT_SUPPORTED_ARCH_MISMATCH; Reason: only Rubin is supported for this engine at: !(1070 <= deviceVer && deviceVer < 1100)
Warning: CUDNN_STATUS_NOT_SUPPORTED; Reason: (CUDNN_STATUS_NOT_INITIALIZED == status) || (CUDNN_STATUS_NOT_SUPPORTED == ((status) / 1000 * 1000))
Warning: CUDNN_STATUS_NOT_SUPPORTED; Reason: ptr->isSupported()
Warning: CUDNN_STATUS_NOT_SUPPORTED; Reason: finalize_internal()

)",,,
deepseek_v4,dsv4_flash-tp4,generation,cudnn,bfloat16,bfloat16,128,3,131072,16,1,512,512,mla_absorbed,,64,266.72329,6.183,64.458,3.597,20,True,,NVIDIA RTX PRO 6000 Blackwell Server Edition,cudnn 9.27.0,
deepseek_v4,dsv4_flash-tp4,generation,cudnn,bfloat16,fp8_e4m3,128,3,131072,16,1,512,512,mla_absorbed,,64,inf,0.0,0.0,,20,False,"Warning: CUDNN_STATUS_NOT_SUPPORTED_GRAPH_PATTERN; Reason: process_knob_choices()
Warning: CUDNN_STATUS_NOT_SUPPORTED; Reason: (CUDNN_STATUS_NOT_INITIALIZED == status) || (CUDNN_STATUS_NOT_SUPPORTED == ((status) / 1000 * 1000))
Warning: CUDNN_STATUS_NOT_SUPPORTED; Reason: ptr->isSupported()
Warning: CUDNN_STATUS_NOT_SUPPORTED; Reason: finalize_internal()

{""engineId"":18,""smVersion"":1200,""knobChoices"":{""CUDNN_KNOB_TYPE_KERNEL_CFG"":-1,""CUDNN_KNOB_TYPE_TILE_CGA_M"":-1,""CUDNN_KNOB_TYPE_STREAM_K"":-1,""CUDNN_KNOB_TYPE_TILE_M"":-1,""CUDNN_KNOB_TYPE_TILE_N"":-1}}
Warning: CUDNN_STATUS_NOT_SUPPORTED_ARCH_MISMATCH; Reason: only Rubin is supported for this engine at: !(1070 <= deviceVer && deviceVer < 1100)
Warning: CUDNN_STATUS_NOT_SUPPORTED; Reason: (CUDNN_STATUS_NOT_INITIALIZED == status) || (CUDNN_STATUS_NOT_SUPPORTED == ((status) / 1000 * 1000))
Warning: CUDNN_STATUS_NOT_SUPPORTED; Reason: ptr->isSupported()
Warning: CUDNN_STATUS_NOT_SUPPORTED; Reason: finalize_internal()

)",,,
deepseek_v4,dsv4_flash-tp4,generation,cudnn,bfloat16,bfloat16,1,4,131072,16,1,512,512,mla_absorbed,,64,11.027514,1.558,12.183,0.6799,20,True,,NVIDIA RTX PRO 6000 Blackwell Server Edition,cudnn 9.27.0,
deepseek_v4,dsv4_flash-tp4,generation,cudnn,bfloat16,fp8_e4m3,1,4,131072,16,1,512,512,mla_absorbed,,64,inf,0.0,0.0,,20,False,"Warning: CUDNN_STATUS_NOT_SUPPORTED_GRAPH_PATTERN; Reason: process_knob_choices()
Warning: CUDNN_STATUS_NOT_SUPPORTED; Reason: (CUDNN_STATUS_NOT_INITIALIZED == status) || (CUDNN_STATUS_NOT_SUPPORTED == ((status) / 1000 * 1000))
Warning: CUDNN_STATUS_NOT_SUPPORTED; Reason: ptr->isSupported()
Warning: CUDNN_STATUS_NOT_SUPPORTED; Reason: finalize_internal()

{""engineId"":18,""smVersion"":1200,""knobChoices"":{""CUDNN_KNOB_TYPE_KERNEL_CFG"":-1,""CUDNN_KNOB_TYPE_TILE_CGA_M"":-1,""CUDNN_KNOB_TYPE_STREAM_K"":-1,""CUDNN_KNOB_TYPE_TILE_M"":-1,""CUDNN_KNOB_TYPE_TILE_N"":-1}}
Warning: CUDNN_STATUS_NOT_SUPPORTED_ARCH_MISMATCH; Reason: only Rubin is supported for this engine at: !(1070 <= deviceVer && deviceVer < 1100)
Warning: CUDNN_STATUS_NOT_SUPPORTED; Reason: (CUDNN_STATUS_NOT_INITIALIZED == status) || (CUDNN_STATUS_NOT_SUPPORTED == ((status) / 1000 * 1000))
Warning: CUDNN_STATUS_NOT_SUPPORTED; Reason: ptr->isSupported()
Warning: CUDNN_STATUS_NOT_SUPPORTED; Reason: finalize_internal()

)",,,
deepseek_v4,dsv4_flash-tp4,generation,cudnn,bfloat16,bfloat16,128,4,131072,16,1,512,512,mla_absorbed,,64,268.941379,8.177,63.942,3.5682,20,True,,NVIDIA RTX PRO 6000 Blackwell Server Edition,cudnn 9.27.0,
deepseek_v4,dsv4_flash-tp4,generation,cudnn,bfloat16,fp8_e4m3,128,4,131072,16,1,512,512,mla_absorbed,,64,inf,0.0,0.0,,20,False,"Warning: CUDNN_STATUS_NOT_SUPPORTED_GRAPH_PATTERN; Reason: process_knob_choices()
Warning: CUDNN_STATUS_NOT_SUPPORTED; Reason: (CUDNN_STATUS_NOT_INITIALIZED == status) || (CUDNN_STATUS_NOT_SUPPORTED == ((status) / 1000 * 1000))
Warning: CUDNN_STATUS_NOT_SUPPORTED; Reason: ptr->isSupported()
Warning: CUDNN_STATUS_NOT_SUPPORTED; Reason: finalize_internal()

{""engineId"":18,""smVersion"":1200,""knobChoices"":{""CUDNN_KNOB_TYPE_KERNEL_CFG"":-1,""CUDNN_KNOB_TYPE_TILE_CGA_M"":-1,""CUDNN_KNOB_TYPE_STREAM_K"":-1,""CUDNN_KNOB_TYPE_TILE_M"":-1,""CUDNN_KNOB_TYPE_TILE_N"":-1}}
Warning: CUDNN_STATUS_NOT_SUPPORTED_ARCH_MISMATCH; Reason: only Rubin is supported for this engine at: !(1070 <= deviceVer && deviceVer < 1100)
Warning: CUDNN_STATUS_NOT_SUPPORTED; Reason: (CUDNN_STATUS_NOT_INITIALIZED == status) || (CUDNN_STATUS_NOT_SUPPORTED == ((status) / 1000 * 1000))
Warning: CUDNN_STATUS_NOT_SUPPORTED; Reason: ptr->isSupported()
Warning: CUDNN_STATUS_NOT_SUPPORTED; Reason: finalize_internal()

)",,,
deepseek_v4,dsv4_flash-tp4,context,cudnn_oss,bfloat16,bfloat16,1,2048,2048,16,1,512,512,mla_absorbed,,64,0.249985,274.894,276.841,15.4487,20,True,,NVIDIA RTX PRO 6000 Blackwell Server Edition,cudnn_oss plan=sdpa_fwd_prefill_sm120[PACK_GQA=0; SCHED_POLICY=2; SPLIT_KV=1; TILE_CGA_M=1; TILE_M=64; TILE_N=32],
deepseek_v4,dsv4_flash-tp4,context,cudnn_oss,bfloat16,bfloat16,1,8192,8192,16,1,512,512,mla_absorbed,,64,3.085437,356.355,89.72,5.0067,20,True,,NVIDIA RTX PRO 6000 Blackwell Server Edition,cudnn_oss plan=sdpa_fwd_prefill_sm120[PACK_GQA=0; SCHED_POLICY=2; SPLIT_KV=1; TILE_CGA_M=1; TILE_M=64; TILE_N=32],
deepseek_v4,dsv4_flash-tp4,context,cudnn_oss,bfloat16,bfloat16,1,512,65536,16,1,512,512,mla_absorbed,,64,3.331915,329.994,25.177,1.4049,20,True,,NVIDIA RTX PRO 6000 Blackwell Server Edition,cudnn_oss plan=sdpa_fwd_prefill_sm120[PACK_GQA=0; SCHED_POLICY=0; SPLIT_KV=4; TILE_CGA_M=1; TILE_M=64; TILE_N=32],
deepseek_v4,dsv4_flash-tp4,context,cudnn_oss,bfloat16,bfloat16,1,512,131072,16,1,512,512,mla_absorbed,,64,6.257767,351.407,24.129,1.3465,20,True,,NVIDIA RTX PRO 6000 Blackwell Server Edition,cudnn_oss plan=sdpa_fwd_prefill_sm120[PACK_GQA=0; SCHED_POLICY=0; SPLIT_KV=16; TILE_CGA_M=1; TILE_M=64; TILE_N=32],
deepseek_v4,dsv4_flash-tp4,context,cudnn_oss,bfloat16,bfloat16,1,1024,65536,16,1,512,512,mla_absorbed,,64,6.234013,352.746,16.147,0.9011,20,True,,NVIDIA RTX PRO 6000 Blackwell Server Edition,cudnn_oss plan=sdpa_fwd_prefill_sm120[PACK_GQA=0; SCHED_POLICY=0; SPLIT_KV=8; TILE_CGA_M=1; TILE_M=64; TILE_N=32],
deepseek_v4,dsv4_flash-tp4,context,cudnn_oss,bfloat16,bfloat16,1,1024,131072,16,1,512,512,mla_absorbed,,64,12.224196,359.782,13.725,0.7659,20,True,,NVIDIA RTX PRO 6000 Blackwell Server Edition,cudnn_oss plan=sdpa_fwd_prefill_sm120[PACK_GQA=0; SCHED_POLICY=0; SPLIT_KV=8; TILE_CGA_M=1; TILE_M=64; TILE_N=32],
deepseek_v4,dsv4_flash-tp4,generation,cudnn_oss,bfloat16,bfloat16,1,1,131072,16,1,512,512,mla_absorbed,,64,0.283652,15.142,473.293,26.4114,20,True,,NVIDIA RTX PRO 6000 Blackwell Server Edition,cudnn_oss plan=sdpa_fwd_prefill_sm120[PACK_GQA=1; SCHED_POLICY=0; SPLIT_KV=128; TILE_CGA_M=1; TILE_M=64; TILE_N=32],
deepseek_v4,dsv4_flash-tp4,generation,cudnn_oss,bfloat16,fp8_e4m3,1,1,131072,16,1,512,512,mla_absorbed,,64,inf,0.0,0.0,,20,False,"                 ^^^^^^^^^^^^^^^^^^^^^^^^^^^^^^^^^
  File ""/home/scratch.yanxu_gpu/fe-sites/computelab_trees/fe_develop_5567e2733/benchmark/attention_inference/benchmark_single_attention.py"", line 270, in setup_cudnn_oss
    return setup_cudnn(args, dtype, oss=True)
           ^^^^^^^^^^^^^^^^^^^^^^^^^^^^^^^^^^
  File ""/home/scratch.yanxu_gpu/fe-sites/computelab_trees/fe_develop_5567e2733/benchmark/attention_inference/benchmark_single_attention.py"", line 167, in setup_cudnn
    return setup_cudnn_fp8(args, cudnn, oss=oss)
           ^^^^^^^^^^^^^^^^^^^^^^^^^^^^^^^^^^^^^
  File ""/home/scratch.yanxu_gpu/fe-sites/computelab_trees/fe_develop_5567e2733/benchmark/attention_inference/benchmark_single_attention.py"", line 336, in setup_cudnn_fp8
    graph.check_support()
  File ""/home/scratch.yanxu_gpu/fe-sites/computelab_trees/fe_develop_5567e2733/python/cudnn/_pygraph.py"", line 1547, in check_support
    self._lowered_graph.check_support()
cudnn._compiled_module.cudnnGraphNotSupportedError: [cudnn_frontend] Error: No execution plans support the graph.",,,
deepseek_v4,dsv4_flash-tp4,generation,cudnn_oss,bfloat16,bfloat16,128,1,131072,16,1,512,512,mla_absorbed,,64,11.346669,48.451,1514.459,84.5122,20,True,,NVIDIA RTX PRO 6000 Blackwell Server Edition,cudnn_oss plan=sdpa_fwd_prefill_sm120[PACK_GQA=1; SCHED_POLICY=0; SPLIT_KV=16; TILE_CGA_M=1; TILE_M=64; TILE_N=32],
deepseek_v4,dsv4_flash-tp4,generation,cudnn_oss,bfloat16,fp8_e4m3,128,1,131072,16,1,512,512,mla_absorbed,,64,inf,0.0,0.0,,20,False,"                 ^^^^^^^^^^^^^^^^^^^^^^^^^^^^^^^^^
  File ""/home/scratch.yanxu_gpu/fe-sites/computelab_trees/fe_develop_5567e2733/benchmark/attention_inference/benchmark_single_attention.py"", line 270, in setup_cudnn_oss
    return setup_cudnn(args, dtype, oss=True)
           ^^^^^^^^^^^^^^^^^^^^^^^^^^^^^^^^^^
  File ""/home/scratch.yanxu_gpu/fe-sites/computelab_trees/fe_develop_5567e2733/benchmark/attention_inference/benchmark_single_attention.py"", line 167, in setup_cudnn
    return setup_cudnn_fp8(args, cudnn, oss=oss)
           ^^^^^^^^^^^^^^^^^^^^^^^^^^^^^^^^^^^^^
  File ""/home/scratch.yanxu_gpu/fe-sites/computelab_trees/fe_develop_5567e2733/benchmark/attention_inference/benchmark_single_attention.py"", line 336, in setup_cudnn_fp8
    graph.check_support()
  File ""/home/scratch.yanxu_gpu/fe-sites/computelab_trees/fe_develop_5567e2733/python/cudnn/_pygraph.py"", line 1547, in check_support
    self._lowered_graph.check_support()
cudnn._compiled_module.cudnnGraphNotSupportedError: [cudnn_frontend] Error: No execution plans support the graph.",,,
deepseek_v4,dsv4_flash-tp4,generation,cudnn_oss,bfloat16,bfloat16,1,2,131072,16,1,512,512,mla_absorbed,,64,0.283389,30.311,473.848,26.4424,20,True,,NVIDIA RTX PRO 6000 Blackwell Server Edition,cudnn_oss plan=sdpa_fwd_prefill_sm120[PACK_GQA=1; SCHED_POLICY=0; SPLIT_KV=128; TILE_CGA_M=1; TILE_M=64; TILE_N=32],
deepseek_v4,dsv4_flash-tp4,generation,cudnn_oss,bfloat16,fp8_e4m3,1,2,131072,16,1,512,512,mla_absorbed,,64,inf,0.0,0.0,,20,False,"                 ^^^^^^^^^^^^^^^^^^^^^^^^^^^^^^^^^
  File ""/home/scratch.yanxu_gpu/fe-sites/computelab_trees/fe_develop_5567e2733/benchmark/attention_inference/benchmark_single_attention.py"", line 270, in setup_cudnn_oss
    return setup_cudnn(args, dtype, oss=True)
           ^^^^^^^^^^^^^^^^^^^^^^^^^^^^^^^^^^
  File ""/home/scratch.yanxu_gpu/fe-sites/computelab_trees/fe_develop_5567e2733/benchmark/attention_inference/benchmark_single_attention.py"", line 167, in setup_cudnn
    return setup_cudnn_fp8(args, cudnn, oss=oss)
           ^^^^^^^^^^^^^^^^^^^^^^^^^^^^^^^^^^^^^
  File ""/home/scratch.yanxu_gpu/fe-sites/computelab_trees/fe_develop_5567e2733/benchmark/attention_inference/benchmark_single_attention.py"", line 336, in setup_cudnn_fp8
    graph.check_support()
  File ""/home/scratch.yanxu_gpu/fe-sites/computelab_trees/fe_develop_5567e2733/python/cudnn/_pygraph.py"", line 1547, in check_support
    self._lowered_graph.check_support()
cudnn._compiled_module.cudnnGraphNotSupportedError: [cudnn_frontend] Error: No execution plans support the graph.",,,
deepseek_v4,dsv4_flash-tp4,generation,cudnn_oss,bfloat16,bfloat16,128,2,131072,16,1,512,512,mla_absorbed,,64,11.427721,96.214,1504.084,83.9333,20,True,,NVIDIA RTX PRO 6000 Blackwell Server Edition,cudnn_oss plan=sdpa_fwd_prefill_sm120[PACK_GQA=1; SCHED_POLICY=0; SPLIT_KV=16; TILE_CGA_M=1; TILE_M=64; TILE_N=32],
deepseek_v4,dsv4_flash-tp4,generation,cudnn_oss,bfloat16,fp8_e4m3,128,2,131072,16,1,512,512,mla_absorbed,,64,inf,0.0,0.0,,20,False,"                 ^^^^^^^^^^^^^^^^^^^^^^^^^^^^^^^^^
  File ""/home/scratch.yanxu_gpu/fe-sites/computelab_trees/fe_develop_5567e2733/benchmark/attention_inference/benchmark_single_attention.py"", line 270, in setup_cudnn_oss
    return setup_cudnn(args, dtype, oss=True)
           ^^^^^^^^^^^^^^^^^^^^^^^^^^^^^^^^^^
  File ""/home/scratch.yanxu_gpu/fe-sites/computelab_trees/fe_develop_5567e2733/benchmark/attention_inference/benchmark_single_attention.py"", line 167, in setup_cudnn
    return setup_cudnn_fp8(args, cudnn, oss=oss)
           ^^^^^^^^^^^^^^^^^^^^^^^^^^^^^^^^^^^^^
  File ""/home/scratch.yanxu_gpu/fe-sites/computelab_trees/fe_develop_5567e2733/benchmark/attention_inference/benchmark_single_attention.py"", line 336, in setup_cudnn_fp8
    graph.check_support()
  File ""/home/scratch.yanxu_gpu/fe-sites/computelab_trees/fe_develop_5567e2733/python/cudnn/_pygraph.py"", line 1547, in check_support
    self._lowered_graph.check_support()
cudnn._compiled_module.cudnnGraphNotSupportedError: [cudnn_frontend] Error: No execution plans support the graph.",,,
deepseek_v4,dsv4_flash-tp4,generation,cudnn_oss,bfloat16,bfloat16,1,3,131072,16,1,512,512,mla_absorbed,,64,0.283518,45.447,473.748,26.4368,20,True,,NVIDIA RTX PRO 6000 Blackwell Server Edition,cudnn_oss plan=sdpa_fwd_prefill_sm120[PACK_GQA=1; SCHED_POLICY=0; SPLIT_KV=128; TILE_CGA_M=1; TILE_M=64; TILE_N=32],
deepseek_v4,dsv4_flash-tp4,generation,cudnn_oss,bfloat16,fp8_e4m3,1,3,131072,16,1,512,512,mla_absorbed,,64,inf,0.0,0.0,,20,False,"                 ^^^^^^^^^^^^^^^^^^^^^^^^^^^^^^^^^
  File ""/home/scratch.yanxu_gpu/fe-sites/computelab_trees/fe_develop_5567e2733/benchmark/attention_inference/benchmark_single_attention.py"", line 270, in setup_cudnn_oss
    return setup_cudnn(args, dtype, oss=True)
           ^^^^^^^^^^^^^^^^^^^^^^^^^^^^^^^^^^
  File ""/home/scratch.yanxu_gpu/fe-sites/computelab_trees/fe_develop_5567e2733/benchmark/attention_inference/benchmark_single_attention.py"", line 167, in setup_cudnn
    return setup_cudnn_fp8(args, cudnn, oss=oss)
           ^^^^^^^^^^^^^^^^^^^^^^^^^^^^^^^^^^^^^
  File ""/home/scratch.yanxu_gpu/fe-sites/computelab_trees/fe_develop_5567e2733/benchmark/attention_inference/benchmark_single_attention.py"", line 336, in setup_cudnn_fp8
    graph.check_support()
  File ""/home/scratch.yanxu_gpu/fe-sites/computelab_trees/fe_develop_5567e2733/python/cudnn/_pygraph.py"", line 1547, in check_support
    self._lowered_graph.check_support()
cudnn._compiled_module.cudnnGraphNotSupportedError: [cudnn_frontend] Error: No execution plans support the graph.",,,
deepseek_v4,dsv4_flash-tp4,generation,cudnn_oss,bfloat16,bfloat16,128,3,131072,16,1,512,512,mla_absorbed,,64,11.515751,143.218,1492.951,83.312,20,True,,NVIDIA RTX PRO 6000 Blackwell Server Edition,cudnn_oss plan=sdpa_fwd_prefill_sm120[PACK_GQA=1; SCHED_POLICY=0; SPLIT_KV=16; TILE_CGA_M=1; TILE_M=64; TILE_N=32],
deepseek_v4,dsv4_flash-tp4,generation,cudnn_oss,bfloat16,fp8_e4m3,128,3,131072,16,1,512,512,mla_absorbed,,64,inf,0.0,0.0,,20,False,"                 ^^^^^^^^^^^^^^^^^^^^^^^^^^^^^^^^^
  File ""/home/scratch.yanxu_gpu/fe-sites/computelab_trees/fe_develop_5567e2733/benchmark/attention_inference/benchmark_single_attention.py"", line 270, in setup_cudnn_oss
    return setup_cudnn(args, dtype, oss=True)
           ^^^^^^^^^^^^^^^^^^^^^^^^^^^^^^^^^^
  File ""/home/scratch.yanxu_gpu/fe-sites/computelab_trees/fe_develop_5567e2733/benchmark/attention_inference/benchmark_single_attention.py"", line 167, in setup_cudnn
    return setup_cudnn_fp8(args, cudnn, oss=oss)
           ^^^^^^^^^^^^^^^^^^^^^^^^^^^^^^^^^^^^^
  File ""/home/scratch.yanxu_gpu/fe-sites/computelab_trees/fe_develop_5567e2733/benchmark/attention_inference/benchmark_single_attention.py"", line 336, in setup_cudnn_fp8
    graph.check_support()
  File ""/home/scratch.yanxu_gpu/fe-sites/computelab_trees/fe_develop_5567e2733/python/cudnn/_pygraph.py"", line 1547, in check_support
    self._lowered_graph.check_support()
cudnn._compiled_module.cudnnGraphNotSupportedError: [cudnn_frontend] Error: No execution plans support the graph.",,,
deepseek_v4,dsv4_flash-tp4,generation,cudnn_oss,bfloat16,bfloat16,1,4,131072,16,1,512,512,mla_absorbed,,64,0.281791,60.967,476.768,26.6053,20,True,,NVIDIA RTX PRO 6000 Blackwell Server Edition,cudnn_oss plan=sdpa_fwd_prefill_sm120[PACK_GQA=1; SCHED_POLICY=0; SPLIT_KV=128; TILE_CGA_M=1; TILE_M=64; TILE_N=32],
deepseek_v4,dsv4_flash-tp4,generation,cudnn_oss,bfloat16,fp8_e4m3,1,4,131072,16,1,512,512,mla_absorbed,,64,inf,0.0,0.0,,20,False,"                 ^^^^^^^^^^^^^^^^^^^^^^^^^^^^^^^^^
  File ""/home/scratch.yanxu_gpu/fe-sites/computelab_trees/fe_develop_5567e2733/benchmark/attention_inference/benchmark_single_attention.py"", line 270, in setup_cudnn_oss
    return setup_cudnn(args, dtype, oss=True)
           ^^^^^^^^^^^^^^^^^^^^^^^^^^^^^^^^^^
  File ""/home/scratch.yanxu_gpu/fe-sites/computelab_trees/fe_develop_5567e2733/benchmark/attention_inference/benchmark_single_attention.py"", line 167, in setup_cudnn
    return setup_cudnn_fp8(args, cudnn, oss=oss)
           ^^^^^^^^^^^^^^^^^^^^^^^^^^^^^^^^^^^^^
  File ""/home/scratch.yanxu_gpu/fe-sites/computelab_trees/fe_develop_5567e2733/benchmark/attention_inference/benchmark_single_attention.py"", line 336, in setup_cudnn_fp8
    graph.check_support()
  File ""/home/scratch.yanxu_gpu/fe-sites/computelab_trees/fe_develop_5567e2733/python/cudnn/_pygraph.py"", line 1547, in check_support
    self._lowered_graph.check_support()
cudnn._compiled_module.cudnnGraphNotSupportedError: [cudnn_frontend] Error: No execution plans support the graph.",,,
deepseek_v4,dsv4_flash-tp4,generation,cudnn_oss,bfloat16,bfloat16,128,4,131072,16,1,512,512,mla_absorbed,,64,11.597965,189.604,1482.73,82.7416,20,True,,NVIDIA RTX PRO 6000 Blackwell Server Edition,cudnn_oss plan=sdpa_fwd_prefill_sm120[PACK_GQA=1; SCHED_POLICY=0; SPLIT_KV=16; TILE_CGA_M=1; TILE_M=64; TILE_N=32],
deepseek_v4,dsv4_flash-tp4,generation,cudnn_oss,bfloat16,fp8_e4m3,128,4,131072,16,1,512,512,mla_absorbed,,64,inf,0.0,0.0,,20,False,"                 ^^^^^^^^^^^^^^^^^^^^^^^^^^^^^^^^^
  File ""/home/scratch.yanxu_gpu/fe-sites/computelab_trees/fe_develop_5567e2733/benchmark/attention_inference/benchmark_single_attention.py"", line 270, in setup_cudnn_oss
    return setup_cudnn(args, dtype, oss=True)
           ^^^^^^^^^^^^^^^^^^^^^^^^^^^^^^^^^^
  File ""/home/scratch.yanxu_gpu/fe-sites/computelab_trees/fe_develop_5567e2733/benchmark/attention_inference/benchmark_single_attention.py"", line 167, in setup_cudnn
    return setup_cudnn_fp8(args, cudnn, oss=oss)
           ^^^^^^^^^^^^^^^^^^^^^^^^^^^^^^^^^^^^^
  File ""/home/scratch.yanxu_gpu/fe-sites/computelab_trees/fe_develop_5567e2733/benchmark/attention_inference/benchmark_single_attention.py"", line 336, in setup_cudnn_fp8
    graph.check_support()
  File ""/home/scratch.yanxu_gpu/fe-sites/computelab_trees/fe_develop_5567e2733/python/cudnn/_pygraph.py"", line 1547, in check_support
    self._lowered_graph.check_support()
cudnn._compiled_module.cudnnGraphNotSupportedError: [cudnn_frontend] Error: No execution plans support the graph.",,,
deepseek_v4,dsv4_flash-tp8,context,cudnn,bfloat16,bfloat16,1,2048,2048,8,1,512,512,mla_absorbed,,64,0.523451,65.641,68.109,3.8007,20,True,,NVIDIA RTX PRO 6000 Blackwell Server Edition,cudnn 9.27.0,
deepseek_v4,dsv4_flash-tp8,context,cudnn,bfloat16,bfloat16,1,8192,8192,8,1,512,512,mla_absorbed,,64,6.19232,88.78,23.03,1.2851,20,True,,NVIDIA RTX PRO 6000 Blackwell Server Edition,cudnn 9.27.0,
deepseek_v4,dsv4_flash-tp8,context,cudnn,bfloat16,bfloat16,1,512,65536,8,1,512,512,mla_absorbed,,64,7.339346,74.905,10.287,0.574,20,True,,NVIDIA RTX PRO 6000 Blackwell Server Edition,cudnn 9.27.0,
deepseek_v4,dsv4_flash-tp8,context,cudnn,bfloat16,bfloat16,1,512,131072,8,1,512,512,mla_absorbed,,64,14.668271,74.959,9.722,0.5425,20,True,,NVIDIA RTX PRO 6000 Blackwell Server Edition,cudnn 9.27.0,
deepseek_v4,dsv4_flash-tp8,context,cudnn,bfloat16,bfloat16,1,1024,65536,8,1,512,512,mla_absorbed,,64,16.1256,68.184,5.202,0.2903,20,True,,NVIDIA RTX PRO 6000 Blackwell Server Edition,cudnn 9.27.0,
deepseek_v4,dsv4_flash-tp8,context,cudnn,bfloat16,bfloat16,1,1024,131072,8,1,512,512,mla_absorbed,,64,32.329511,68.019,4.67,0.2606,20,True,,NVIDIA RTX PRO 6000 Blackwell Server Edition,cudnn 9.27.0,
deepseek_v4,dsv4_flash-tp8,generation,cudnn,bfloat16,bfloat16,1,1,131072,8,1,512,512,mla_absorbed,,64,0.223615,9.603,600.291,33.4984,20,True,,NVIDIA RTX PRO 6000 Blackwell Server Edition,cudnn 9.27.0,
deepseek_v4,dsv4_flash-tp8,generation,cudnn,bfloat16,fp8_e4m3,1,1,131072,8,1,512,512,mla_absorbed,,64,inf,0.0,0.0,,20,False,"Warning: CUDNN_STATUS_NOT_SUPPORTED_GRAPH_PATTERN; Reason: process_knob_choices()
Warning: CUDNN_STATUS_NOT_SUPPORTED; Reason: (CUDNN_STATUS_NOT_INITIALIZED == status) || (CUDNN_STATUS_NOT_SUPPORTED == ((status) / 1000 * 1000))
Warning: CUDNN_STATUS_NOT_SUPPORTED; Reason: ptr->isSupported()
Warning: CUDNN_STATUS_NOT_SUPPORTED; Reason: finalize_internal()

{""engineId"":18,""smVersion"":1200,""knobChoices"":{""CUDNN_KNOB_TYPE_KERNEL_CFG"":-1,""CUDNN_KNOB_TYPE_TILE_CGA_M"":-1,""CUDNN_KNOB_TYPE_STREAM_K"":-1,""CUDNN_KNOB_TYPE_TILE_M"":-1,""CUDNN_KNOB_TYPE_TILE_N"":-1}}
Warning: CUDNN_STATUS_NOT_SUPPORTED_ARCH_MISMATCH; Reason: only Rubin is supported for this engine at: !(1070 <= deviceVer && deviceVer < 1100)
Warning: CUDNN_STATUS_NOT_SUPPORTED; Reason: (CUDNN_STATUS_NOT_INITIALIZED == status) || (CUDNN_STATUS_NOT_SUPPORTED == ((status) / 1000 * 1000))
Warning: CUDNN_STATUS_NOT_SUPPORTED; Reason: ptr->isSupported()
Warning: CUDNN_STATUS_NOT_SUPPORTED; Reason: finalize_internal()

)",,,
deepseek_v4,dsv4_flash-tp8,generation,cudnn,bfloat16,bfloat16,128,1,131072,8,1,512,512,mla_absorbed,,64,18.167962,15.13,945.729,52.775,20,True,,NVIDIA RTX PRO 6000 Blackwell Server Edition,cudnn 9.27.0,
deepseek_v4,dsv4_flash-tp8,generation,cudnn,bfloat16,fp8_e4m3,128,1,131072,8,1,512,512,mla_absorbed,,64,inf,0.0,0.0,,20,False,"Warning: CUDNN_STATUS_NOT_SUPPORTED_GRAPH_PATTERN; Reason: process_knob_choices()
Warning: CUDNN_STATUS_NOT_SUPPORTED; Reason: (CUDNN_STATUS_NOT_INITIALIZED == status) || (CUDNN_STATUS_NOT_SUPPORTED == ((status) / 1000 * 1000))
Warning: CUDNN_STATUS_NOT_SUPPORTED; Reason: ptr->isSupported()
Warning: CUDNN_STATUS_NOT_SUPPORTED; Reason: finalize_internal()

{""engineId"":18,""smVersion"":1200,""knobChoices"":{""CUDNN_KNOB_TYPE_KERNEL_CFG"":-1,""CUDNN_KNOB_TYPE_TILE_CGA_M"":-1,""CUDNN_KNOB_TYPE_STREAM_K"":-1,""CUDNN_KNOB_TYPE_TILE_M"":-1,""CUDNN_KNOB_TYPE_TILE_N"":-1}}
Warning: CUDNN_STATUS_NOT_SUPPORTED_ARCH_MISMATCH; Reason: only Rubin is supported for this engine at: !(1070 <= deviceVer && deviceVer < 1100)
Warning: CUDNN_STATUS_NOT_SUPPORTED; Reason: (CUDNN_STATUS_NOT_INITIALIZED == status) || (CUDNN_STATUS_NOT_SUPPORTED == ((status) / 1000 * 1000))
Warning: CUDNN_STATUS_NOT_SUPPORTED; Reason: ptr->isSupported()
Warning: CUDNN_STATUS_NOT_SUPPORTED; Reason: finalize_internal()

)",,,
deepseek_v4,dsv4_flash-tp8,generation,cudnn,bfloat16,bfloat16,1,2,131072,8,1,512,512,mla_absorbed,,64,11.406565,0.377,11.77,0.6568,20,True,,NVIDIA RTX PRO 6000 Blackwell Server Edition,cudnn 9.27.0,
deepseek_v4,dsv4_flash-tp8,generation,cudnn,bfloat16,fp8_e4m3,1,2,131072,8,1,512,512,mla_absorbed,,64,inf,0.0,0.0,,20,False,"Warning: CUDNN_STATUS_NOT_SUPPORTED_GRAPH_PATTERN; Reason: process_knob_choices()
Warning: CUDNN_STATUS_NOT_SUPPORTED; Reason: (CUDNN_STATUS_NOT_INITIALIZED == status) || (CUDNN_STATUS_NOT_SUPPORTED == ((status) / 1000 * 1000))
Warning: CUDNN_STATUS_NOT_SUPPORTED; Reason: ptr->isSupported()
Warning: CUDNN_STATUS_NOT_SUPPORTED; Reason: finalize_internal()

{""engineId"":18,""smVersion"":1200,""knobChoices"":{""CUDNN_KNOB_TYPE_KERNEL_CFG"":-1,""CUDNN_KNOB_TYPE_TILE_CGA_M"":-1,""CUDNN_KNOB_TYPE_STREAM_K"":-1,""CUDNN_KNOB_TYPE_TILE_M"":-1,""CUDNN_KNOB_TYPE_TILE_N"":-1}}
Warning: CUDNN_STATUS_NOT_SUPPORTED_ARCH_MISMATCH; Reason: only Rubin is supported for this engine at: !(1070 <= deviceVer && deviceVer < 1100)
Warning: CUDNN_STATUS_NOT_SUPPORTED; Reason: (CUDNN_STATUS_NOT_INITIALIZED == status) || (CUDNN_STATUS_NOT_SUPPORTED == ((status) / 1000 * 1000))
Warning: CUDNN_STATUS_NOT_SUPPORTED; Reason: ptr->isSupported()
Warning: CUDNN_STATUS_NOT_SUPPORTED; Reason: finalize_internal()

)",,,
deepseek_v4,dsv4_flash-tp8,generation,cudnn,bfloat16,bfloat16,128,2,131072,8,1,512,512,mla_absorbed,,64,134.147228,4.098,128.099,7.1484,20,True,,NVIDIA RTX PRO 6000 Blackwell Server Edition,cudnn 9.27.0,
deepseek_v4,dsv4_flash-tp8,generation,cudnn,bfloat16,fp8_e4m3,128,2,131072,8,1,512,512,mla_absorbed,,64,inf,0.0,0.0,,20,False,"Warning: CUDNN_STATUS_NOT_SUPPORTED_GRAPH_PATTERN; Reason: process_knob_choices()
Warning: CUDNN_STATUS_NOT_SUPPORTED; Reason: (CUDNN_STATUS_NOT_INITIALIZED == status) || (CUDNN_STATUS_NOT_SUPPORTED == ((status) / 1000 * 1000))
Warning: CUDNN_STATUS_NOT_SUPPORTED; Reason: ptr->isSupported()
Warning: CUDNN_STATUS_NOT_SUPPORTED; Reason: finalize_internal()

{""engineId"":18,""smVersion"":1200,""knobChoices"":{""CUDNN_KNOB_TYPE_KERNEL_CFG"":-1,""CUDNN_KNOB_TYPE_TILE_CGA_M"":-1,""CUDNN_KNOB_TYPE_STREAM_K"":-1,""CUDNN_KNOB_TYPE_TILE_M"":-1,""CUDNN_KNOB_TYPE_TILE_N"":-1}}
Warning: CUDNN_STATUS_NOT_SUPPORTED_ARCH_MISMATCH; Reason: only Rubin is supported for this engine at: !(1070 <= deviceVer && deviceVer < 1100)
Warning: CUDNN_STATUS_NOT_SUPPORTED; Reason: (CUDNN_STATUS_NOT_INITIALIZED == status) || (CUDNN_STATUS_NOT_SUPPORTED == ((status) / 1000 * 1000))
Warning: CUDNN_STATUS_NOT_SUPPORTED; Reason: ptr->isSupported()
Warning: CUDNN_STATUS_NOT_SUPPORTED; Reason: finalize_internal()

)",,,
deepseek_v4,dsv4_flash-tp8,generation,cudnn,bfloat16,bfloat16,1,3,131072,8,1,512,512,mla_absorbed,,64,11.056615,0.583,12.144,0.6777,20,True,,NVIDIA RTX PRO 6000 Blackwell Server Edition,cudnn 9.27.0,
deepseek_v4,dsv4_flash-tp8,generation,cudnn,bfloat16,fp8_e4m3,1,3,131072,8,1,512,512,mla_absorbed,,64,inf,0.0,0.0,,20,False,"Warning: CUDNN_STATUS_NOT_SUPPORTED_GRAPH_PATTERN; Reason: process_knob_choices()
Warning: CUDNN_STATUS_NOT_SUPPORTED; Reason: (CUDNN_STATUS_NOT_INITIALIZED == status) || (CUDNN_STATUS_NOT_SUPPORTED == ((status) / 1000 * 1000))
Warning: CUDNN_STATUS_NOT_SUPPORTED; Reason: ptr->isSupported()
Warning: CUDNN_STATUS_NOT_SUPPORTED; Reason: finalize_internal()

{""engineId"":18,""smVersion"":1200,""knobChoices"":{""CUDNN_KNOB_TYPE_KERNEL_CFG"":-1,""CUDNN_KNOB_TYPE_TILE_CGA_M"":-1,""CUDNN_KNOB_TYPE_STREAM_K"":-1,""CUDNN_KNOB_TYPE_TILE_M"":-1,""CUDNN_KNOB_TYPE_TILE_N"":-1}}
Warning: CUDNN_STATUS_NOT_SUPPORTED_ARCH_MISMATCH; Reason: only Rubin is supported for this engine at: !(1070 <= deviceVer && deviceVer < 1100)
Warning: CUDNN_STATUS_NOT_SUPPORTED; Reason: (CUDNN_STATUS_NOT_INITIALIZED == status) || (CUDNN_STATUS_NOT_SUPPORTED == ((status) / 1000 * 1000))
Warning: CUDNN_STATUS_NOT_SUPPORTED; Reason: ptr->isSupported()
Warning: CUDNN_STATUS_NOT_SUPPORTED; Reason: finalize_internal()

)",,,
deepseek_v4,dsv4_flash-tp8,generation,cudnn,bfloat16,bfloat16,128,3,131072,8,1,512,512,mla_absorbed,,64,134.276502,6.141,127.991,7.1423,20,True,,NVIDIA RTX PRO 6000 Blackwell Server Edition,cudnn 9.27.0,
deepseek_v4,dsv4_flash-tp8,generation,cudnn,bfloat16,fp8_e4m3,128,3,131072,8,1,512,512,mla_absorbed,,64,inf,0.0,0.0,,20,False,"Warning: CUDNN_STATUS_NOT_SUPPORTED_GRAPH_PATTERN; Reason: process_knob_choices()
Warning: CUDNN_STATUS_NOT_SUPPORTED; Reason: (CUDNN_STATUS_NOT_INITIALIZED == status) || (CUDNN_STATUS_NOT_SUPPORTED == ((status) / 1000 * 1000))
Warning: CUDNN_STATUS_NOT_SUPPORTED; Reason: ptr->isSupported()
Warning: CUDNN_STATUS_NOT_SUPPORTED; Reason: finalize_internal()

{""engineId"":18,""smVersion"":1200,""knobChoices"":{""CUDNN_KNOB_TYPE_KERNEL_CFG"":-1,""CUDNN_KNOB_TYPE_TILE_CGA_M"":-1,""CUDNN_KNOB_TYPE_STREAM_K"":-1,""CUDNN_KNOB_TYPE_TILE_M"":-1,""CUDNN_KNOB_TYPE_TILE_N"":-1}}
Warning: CUDNN_STATUS_NOT_SUPPORTED_ARCH_MISMATCH; Reason: only Rubin is supported for this engine at: !(1070 <= deviceVer && deviceVer < 1100)
Warning: CUDNN_STATUS_NOT_SUPPORTED; Reason: (CUDNN_STATUS_NOT_INITIALIZED == status) || (CUDNN_STATUS_NOT_SUPPORTED == ((status) / 1000 * 1000))
Warning: CUDNN_STATUS_NOT_SUPPORTED; Reason: ptr->isSupported()
Warning: CUDNN_STATUS_NOT_SUPPORTED; Reason: finalize_internal()

)",,,
deepseek_v4,dsv4_flash-tp8,generation,cudnn,bfloat16,bfloat16,1,4,131072,8,1,512,512,mla_absorbed,,64,11.057462,0.777,12.144,0.6777,20,True,,NVIDIA RTX PRO 6000 Blackwell Server Edition,cudnn 9.27.0,
deepseek_v4,dsv4_flash-tp8,generation,cudnn,bfloat16,fp8_e4m3,1,4,131072,8,1,512,512,mla_absorbed,,64,inf,0.0,0.0,,20,False,"Warning: CUDNN_STATUS_NOT_SUPPORTED_GRAPH_PATTERN; Reason: process_knob_choices()
Warning: CUDNN_STATUS_NOT_SUPPORTED; Reason: (CUDNN_STATUS_NOT_INITIALIZED == status) || (CUDNN_STATUS_NOT_SUPPORTED == ((status) / 1000 * 1000))
Warning: CUDNN_STATUS_NOT_SUPPORTED; Reason: ptr->isSupported()
Warning: CUDNN_STATUS_NOT_SUPPORTED; Reason: finalize_internal()

{""engineId"":18,""smVersion"":1200,""knobChoices"":{""CUDNN_KNOB_TYPE_KERNEL_CFG"":-1,""CUDNN_KNOB_TYPE_TILE_CGA_M"":-1,""CUDNN_KNOB_TYPE_STREAM_K"":-1,""CUDNN_KNOB_TYPE_TILE_M"":-1,""CUDNN_KNOB_TYPE_TILE_N"":-1}}
Warning: CUDNN_STATUS_NOT_SUPPORTED_ARCH_MISMATCH; Reason: only Rubin is supported for this engine at: !(1070 <= deviceVer && deviceVer < 1100)
Warning: CUDNN_STATUS_NOT_SUPPORTED; Reason: (CUDNN_STATUS_NOT_INITIALIZED == status) || (CUDNN_STATUS_NOT_SUPPORTED == ((status) / 1000 * 1000))
Warning: CUDNN_STATUS_NOT_SUPPORTED; Reason: ptr->isSupported()
Warning: CUDNN_STATUS_NOT_SUPPORTED; Reason: finalize_internal()

)",,,
deepseek_v4,dsv4_flash-tp8,generation,cudnn,bfloat16,bfloat16,128,4,131072,8,1,512,512,mla_absorbed,,64,134.496232,8.175,127.797,7.1315,20,True,,NVIDIA RTX PRO 6000 Blackwell Server Edition,cudnn 9.27.0,
deepseek_v4,dsv4_flash-tp8,generation,cudnn,bfloat16,fp8_e4m3,128,4,131072,8,1,512,512,mla_absorbed,,64,inf,0.0,0.0,,20,False,"Warning: CUDNN_STATUS_NOT_SUPPORTED_GRAPH_PATTERN; Reason: process_knob_choices()
Warning: CUDNN_STATUS_NOT_SUPPORTED; Reason: (CUDNN_STATUS_NOT_INITIALIZED == status) || (CUDNN_STATUS_NOT_SUPPORTED == ((status) / 1000 * 1000))
Warning: CUDNN_STATUS_NOT_SUPPORTED; Reason: ptr->isSupported()
Warning: CUDNN_STATUS_NOT_SUPPORTED; Reason: finalize_internal()

{""engineId"":18,""smVersion"":1200,""knobChoices"":{""CUDNN_KNOB_TYPE_KERNEL_CFG"":-1,""CUDNN_KNOB_TYPE_TILE_CGA_M"":-1,""CUDNN_KNOB_TYPE_STREAM_K"":-1,""CUDNN_KNOB_TYPE_TILE_M"":-1,""CUDNN_KNOB_TYPE_TILE_N"":-1}}
Warning: CUDNN_STATUS_NOT_SUPPORTED_ARCH_MISMATCH; Reason: only Rubin is supported for this engine at: !(1070 <= deviceVer && deviceVer < 1100)
Warning: CUDNN_STATUS_NOT_SUPPORTED; Reason: (CUDNN_STATUS_NOT_INITIALIZED == status) || (CUDNN_STATUS_NOT_SUPPORTED == ((status) / 1000 * 1000))
Warning: CUDNN_STATUS_NOT_SUPPORTED; Reason: ptr->isSupported()
Warning: CUDNN_STATUS_NOT_SUPPORTED; Reason: finalize_internal()

)",,,
deepseek_v4,dsv4_flash-tp8,context,cudnn_oss,bfloat16,bfloat16,1,2048,2048,8,1,512,512,mla_absorbed,,64,0.202818,169.412,175.781,9.8092,20,True,,NVIDIA RTX PRO 6000 Blackwell Server Edition,cudnn_oss plan=sdpa_fwd_prefill_sm120[PACK_GQA=0; SCHED_POLICY=0; SPLIT_KV=2; TILE_CGA_M=1; TILE_M=64; TILE_N=32],
deepseek_v4,dsv4_flash-tp8,context,cudnn_oss,bfloat16,bfloat16,1,8192,8192,8,1,512,512,mla_absorbed,,64,1.570897,349.963,90.78,5.0659,20,True,,NVIDIA RTX PRO 6000 Blackwell Server Edition,cudnn_oss plan=sdpa_fwd_prefill_sm120[PACK_GQA=0; SCHED_POLICY=2; SPLIT_KV=1; TILE_CGA_M=1; TILE_M=64; TILE_N=32],
deepseek_v4,dsv4_flash-tp8,context,cudnn_oss,bfloat16,bfloat16,1,512,65536,8,1,512,512,mla_absorbed,,64,1.698822,323.61,44.441,2.48,20,True,,NVIDIA RTX PRO 6000 Blackwell Server Edition,cudnn_oss plan=sdpa_fwd_prefill_sm120[PACK_GQA=0; SCHED_POLICY=0; SPLIT_KV=8; TILE_CGA_M=1; TILE_M=64; TILE_N=32],
deepseek_v4,dsv4_flash-tp8,context,cudnn_oss,bfloat16,bfloat16,1,512,131072,8,1,512,512,mla_absorbed,,64,3.350869,328.127,42.558,2.3749,20,True,,NVIDIA RTX PRO 6000 Blackwell Server Edition,cudnn_oss plan=sdpa_fwd_prefill_sm120[PACK_GQA=0; SCHED_POLICY=0; SPLIT_KV=8; TILE_CGA_M=1; TILE_M=64; TILE_N=32],
deepseek_v4,dsv4_flash-tp8,context,cudnn_oss,bfloat16,bfloat16,1,1024,65536,8,1,512,512,mla_absorbed,,64,3.325581,330.622,25.224,1.4076,20,True,,NVIDIA RTX PRO 6000 Blackwell Server Edition,cudnn_oss plan=sdpa_fwd_prefill_sm120[PACK_GQA=0; SCHED_POLICY=0; SPLIT_KV=4; TILE_CGA_M=1; TILE_M=64; TILE_N=32],
deepseek_v4,dsv4_flash-tp8,context,cudnn_oss,bfloat16,bfloat16,1,1024,131072,8,1,512,512,mla_absorbed,,64,6.233184,352.793,24.224,1.3518,20,True,,NVIDIA RTX PRO 6000 Blackwell Server Edition,cudnn_oss plan=sdpa_fwd_prefill_sm120[PACK_GQA=0; SCHED_POLICY=0; SPLIT_KV=16; TILE_CGA_M=1; TILE_M=64; TILE_N=32],
deepseek_v4,dsv4_flash-tp8,generation,cudnn_oss,bfloat16,bfloat16,1,1,131072,8,1,512,512,mla_absorbed,,64,0.289791,7.41,463.21,25.8488,20,True,,NVIDIA RTX PRO 6000 Blackwell Server Edition,cudnn_oss plan=sdpa_fwd_prefill_sm120[PACK_GQA=1; SCHED_POLICY=0; SPLIT_KV=128; TILE_CGA_M=1; TILE_M=64; TILE_N=32],
deepseek_v4,dsv4_flash-tp8,generation,cudnn_oss,bfloat16,fp8_e4m3,1,1,131072,8,1,512,512,mla_absorbed,,64,inf,0.0,0.0,,20,False,"                 ^^^^^^^^^^^^^^^^^^^^^^^^^^^^^^^^^
  File ""/home/scratch.yanxu_gpu/fe-sites/computelab_trees/fe_develop_5567e2733/benchmark/attention_inference/benchmark_single_attention.py"", line 270, in setup_cudnn_oss
    return setup_cudnn(args, dtype, oss=True)
           ^^^^^^^^^^^^^^^^^^^^^^^^^^^^^^^^^^
  File ""/home/scratch.yanxu_gpu/fe-sites/computelab_trees/fe_develop_5567e2733/benchmark/attention_inference/benchmark_single_attention.py"", line 167, in setup_cudnn
    return setup_cudnn_fp8(args, cudnn, oss=oss)
           ^^^^^^^^^^^^^^^^^^^^^^^^^^^^^^^^^^^^^
  File ""/home/scratch.yanxu_gpu/fe-sites/computelab_trees/fe_develop_5567e2733/benchmark/attention_inference/benchmark_single_attention.py"", line 336, in setup_cudnn_fp8
    graph.check_support()
  File ""/home/scratch.yanxu_gpu/fe-sites/computelab_trees/fe_develop_5567e2733/python/cudnn/_pygraph.py"", line 1547, in check_support
    self._lowered_graph.check_support()
cudnn._compiled_module.cudnnGraphNotSupportedError: [cudnn_frontend] Error: No execution plans support the graph.",,,
deepseek_v4,dsv4_flash-tp8,generation,cudnn_oss,bfloat16,bfloat16,128,1,131072,8,1,512,512,mla_absorbed,,64,11.311681,24.3,1518.958,84.7633,20,True,,NVIDIA RTX PRO 6000 Blackwell Server Edition,cudnn_oss plan=sdpa_fwd_prefill_sm120[PACK_GQA=1; SCHED_POLICY=0; SPLIT_KV=16; TILE_CGA_M=1; TILE_M=64; TILE_N=32],
deepseek_v4,dsv4_flash-tp8,generation,cudnn_oss,bfloat16,fp8_e4m3,128,1,131072,8,1,512,512,mla_absorbed,,64,inf,0.0,0.0,,20,False,"                 ^^^^^^^^^^^^^^^^^^^^^^^^^^^^^^^^^
  File ""/home/scratch.yanxu_gpu/fe-sites/computelab_trees/fe_develop_5567e2733/benchmark/attention_inference/benchmark_single_attention.py"", line 270, in setup_cudnn_oss
    return setup_cudnn(args, dtype, oss=True)
           ^^^^^^^^^^^^^^^^^^^^^^^^^^^^^^^^^^
  File ""/home/scratch.yanxu_gpu/fe-sites/computelab_trees/fe_develop_5567e2733/benchmark/attention_inference/benchmark_single_attention.py"", line 167, in setup_cudnn
    return setup_cudnn_fp8(args, cudnn, oss=oss)
           ^^^^^^^^^^^^^^^^^^^^^^^^^^^^^^^^^^^^^
  File ""/home/scratch.yanxu_gpu/fe-sites/computelab_trees/fe_develop_5567e2733/benchmark/attention_inference/benchmark_single_attention.py"", line 336, in setup_cudnn_fp8
    graph.check_support()
  File ""/home/scratch.yanxu_gpu/fe-sites/computelab_trees/fe_develop_5567e2733/python/cudnn/_pygraph.py"", line 1547, in check_support
    self._lowered_graph.check_support()
cudnn._compiled_module.cudnnGraphNotSupportedError: [cudnn_frontend] Error: No execution plans support the graph.",,,
deepseek_v4,dsv4_flash-tp8,generation,cudnn_oss,bfloat16,bfloat16,1,2,131072,8,1,512,512,mla_absorbed,,64,0.283008,15.176,474.37,26.4715,20,True,,NVIDIA RTX PRO 6000 Blackwell Server Edition,cudnn_oss plan=sdpa_fwd_prefill_sm120[PACK_GQA=1; SCHED_POLICY=0; SPLIT_KV=128; TILE_CGA_M=1; TILE_M=64; TILE_N=32],
deepseek_v4,dsv4_flash-tp8,generation,cudnn_oss,bfloat16,fp8_e4m3,1,2,131072,8,1,512,512,mla_absorbed,,64,inf,0.0,0.0,,20,False,"                 ^^^^^^^^^^^^^^^^^^^^^^^^^^^^^^^^^
  File ""/home/scratch.yanxu_gpu/fe-sites/computelab_trees/fe_develop_5567e2733/benchmark/attention_inference/benchmark_single_attention.py"", line 270, in setup_cudnn_oss
    return setup_cudnn(args, dtype, oss=True)
           ^^^^^^^^^^^^^^^^^^^^^^^^^^^^^^^^^^
  File ""/home/scratch.yanxu_gpu/fe-sites/computelab_trees/fe_develop_5567e2733/benchmark/attention_inference/benchmark_single_attention.py"", line 167, in setup_cudnn
    return setup_cudnn_fp8(args, cudnn, oss=oss)
           ^^^^^^^^^^^^^^^^^^^^^^^^^^^^^^^^^^^^^
  File ""/home/scratch.yanxu_gpu/fe-sites/computelab_trees/fe_develop_5567e2733/benchmark/attention_inference/benchmark_single_attention.py"", line 336, in setup_cudnn_fp8
    graph.check_support()
  File ""/home/scratch.yanxu_gpu/fe-sites/computelab_trees/fe_develop_5567e2733/python/cudnn/_pygraph.py"", line 1547, in check_support
    self._lowered_graph.check_support()
cudnn._compiled_module.cudnnGraphNotSupportedError: [cudnn_frontend] Error: No execution plans support the graph.",,,
deepseek_v4,dsv4_flash-tp8,generation,cudnn_oss,bfloat16,bfloat16,128,2,131072,8,1,512,512,mla_absorbed,,64,11.343871,48.463,1514.832,84.5331,20,True,,NVIDIA RTX PRO 6000 Blackwell Server Edition,cudnn_oss plan=sdpa_fwd_prefill_sm120[PACK_GQA=1; SCHED_POLICY=0; SPLIT_KV=16; TILE_CGA_M=1; TILE_M=64; TILE_N=32],
deepseek_v4,dsv4_flash-tp8,generation,cudnn_oss,bfloat16,fp8_e4m3,128,2,131072,8,1,512,512,mla_absorbed,,64,inf,0.0,0.0,,20,False,"                 ^^^^^^^^^^^^^^^^^^^^^^^^^^^^^^^^^
  File ""/home/scratch.yanxu_gpu/fe-sites/computelab_trees/fe_develop_5567e2733/benchmark/attention_inference/benchmark_single_attention.py"", line 270, in setup_cudnn_oss
    return setup_cudnn(args, dtype, oss=True)
           ^^^^^^^^^^^^^^^^^^^^^^^^^^^^^^^^^^
  File ""/home/scratch.yanxu_gpu/fe-sites/computelab_trees/fe_develop_5567e2733/benchmark/attention_inference/benchmark_single_attention.py"", line 167, in setup_cudnn
    return setup_cudnn_fp8(args, cudnn, oss=oss)
           ^^^^^^^^^^^^^^^^^^^^^^^^^^^^^^^^^^^^^
  File ""/home/scratch.yanxu_gpu/fe-sites/computelab_trees/fe_develop_5567e2733/benchmark/attention_inference/benchmark_single_attention.py"", line 336, in setup_cudnn_fp8
    graph.check_support()
  File ""/home/scratch.yanxu_gpu/fe-sites/computelab_trees/fe_develop_5567e2733/python/cudnn/_pygraph.py"", line 1547, in check_support
    self._lowered_graph.check_support()
cudnn._compiled_module.cudnnGraphNotSupportedError: [cudnn_frontend] Error: No execution plans support the graph.",,,
deepseek_v4,dsv4_flash-tp8,generation,cudnn_oss,bfloat16,bfloat16,1,3,131072,8,1,512,512,mla_absorbed,,64,0.284132,22.674,472.551,26.37,20,True,,NVIDIA RTX PRO 6000 Blackwell Server Edition,cudnn_oss plan=sdpa_fwd_prefill_sm120[PACK_GQA=1; SCHED_POLICY=0; SPLIT_KV=128; TILE_CGA_M=1; TILE_M=64; TILE_N=32],
deepseek_v4,dsv4_flash-tp8,generation,cudnn_oss,bfloat16,fp8_e4m3,1,3,131072,8,1,512,512,mla_absorbed,,64,inf,0.0,0.0,,20,False,"                 ^^^^^^^^^^^^^^^^^^^^^^^^^^^^^^^^^
  File ""/home/scratch.yanxu_gpu/fe-sites/computelab_trees/fe_develop_5567e2733/benchmark/attention_inference/benchmark_single_attention.py"", line 270, in setup_cudnn_oss
    return setup_cudnn(args, dtype, oss=True)
           ^^^^^^^^^^^^^^^^^^^^^^^^^^^^^^^^^^
  File ""/home/scratch.yanxu_gpu/fe-sites/computelab_trees/fe_develop_5567e2733/benchmark/attention_inference/benchmark_single_attention.py"", line 167, in setup_cudnn
    return setup_cudnn_fp8(args, cudnn, oss=oss)
           ^^^^^^^^^^^^^^^^^^^^^^^^^^^^^^^^^^^^^
  File ""/home/scratch.yanxu_gpu/fe-sites/computelab_trees/fe_develop_5567e2733/benchmark/attention_inference/benchmark_single_attention.py"", line 336, in setup_cudnn_fp8
    graph.check_support()
  File ""/home/scratch.yanxu_gpu/fe-sites/computelab_trees/fe_develop_5567e2733/python/cudnn/_pygraph.py"", line 1547, in check_support
    self._lowered_graph.check_support()
cudnn._compiled_module.cudnnGraphNotSupportedError: [cudnn_frontend] Error: No execution plans support the graph.",,,
deepseek_v4,dsv4_flash-tp8,generation,cudnn_oss,bfloat16,bfloat16,128,3,131072,8,1,512,512,mla_absorbed,,64,11.400821,72.331,1507.449,84.1211,20,True,,NVIDIA RTX PRO 6000 Blackwell Server Edition,cudnn_oss plan=sdpa_fwd_prefill_sm120[PACK_GQA=1; SCHED_POLICY=0; SPLIT_KV=16; TILE_CGA_M=1; TILE_M=64; TILE_N=32],
deepseek_v4,dsv4_flash-tp8,generation,cudnn_oss,bfloat16,fp8_e4m3,128,3,131072,8,1,512,512,mla_absorbed,,64,inf,0.0,0.0,,20,False,"                 ^^^^^^^^^^^^^^^^^^^^^^^^^^^^^^^^^
  File ""/home/scratch.yanxu_gpu/fe-sites/computelab_trees/fe_develop_5567e2733/benchmark/attention_inference/benchmark_single_attention.py"", line 270, in setup_cudnn_oss
    return setup_cudnn(args, dtype, oss=True)
           ^^^^^^^^^^^^^^^^^^^^^^^^^^^^^^^^^^
  File ""/home/scratch.yanxu_gpu/fe-sites/computelab_trees/fe_develop_5567e2733/benchmark/attention_inference/benchmark_single_attention.py"", line 167, in setup_cudnn
    return setup_cudnn_fp8(args, cudnn, oss=oss)
           ^^^^^^^^^^^^^^^^^^^^^^^^^^^^^^^^^^^^^
  File ""/home/scratch.yanxu_gpu/fe-sites/computelab_trees/fe_develop_5567e2733/benchmark/attention_inference/benchmark_single_attention.py"", line 336, in setup_cudnn_fp8
    graph.check_support()
  File ""/home/scratch.yanxu_gpu/fe-sites/computelab_trees/fe_develop_5567e2733/python/cudnn/_pygraph.py"", line 1547, in check_support
    self._lowered_graph.check_support()
cudnn._compiled_module.cudnnGraphNotSupportedError: [cudnn_frontend] Error: No execution plans support the graph.",,,
deepseek_v4,dsv4_flash-tp8,generation,cudnn_oss,bfloat16,bfloat16,1,4,131072,8,1,512,512,mla_absorbed,,64,0.283325,30.318,473.955,26.4484,20,True,,NVIDIA RTX PRO 6000 Blackwell Server Edition,cudnn_oss plan=sdpa_fwd_prefill_sm120[PACK_GQA=1; SCHED_POLICY=0; SPLIT_KV=128; TILE_CGA_M=1; TILE_M=64; TILE_N=32],
deepseek_v4,dsv4_flash-tp8,generation,cudnn_oss,bfloat16,fp8_e4m3,1,4,131072,8,1,512,512,mla_absorbed,,64,inf,0.0,0.0,,20,False,"                 ^^^^^^^^^^^^^^^^^^^^^^^^^^^^^^^^^
  File ""/home/scratch.yanxu_gpu/fe-sites/computelab_trees/fe_develop_5567e2733/benchmark/attention_inference/benchmark_single_attention.py"", line 270, in setup_cudnn_oss
    return setup_cudnn(args, dtype, oss=True)
           ^^^^^^^^^^^^^^^^^^^^^^^^^^^^^^^^^^
  File ""/home/scratch.yanxu_gpu/fe-sites/computelab_trees/fe_develop_5567e2733/benchmark/attention_inference/benchmark_single_attention.py"", line 167, in setup_cudnn
    return setup_cudnn_fp8(args, cudnn, oss=oss)
           ^^^^^^^^^^^^^^^^^^^^^^^^^^^^^^^^^^^^^
  File ""/home/scratch.yanxu_gpu/fe-sites/computelab_trees/fe_develop_5567e2733/benchmark/attention_inference/benchmark_single_attention.py"", line 336, in setup_cudnn_fp8
    graph.check_support()
  File ""/home/scratch.yanxu_gpu/fe-sites/computelab_trees/fe_develop_5567e2733/python/cudnn/_pygraph.py"", line 1547, in check_support
    self._lowered_graph.check_support()
cudnn._compiled_module.cudnnGraphNotSupportedError: [cudnn_frontend] Error: No execution plans support the graph.",,,
deepseek_v4,dsv4_flash-tp8,generation,cudnn_oss,bfloat16,bfloat16,128,4,131072,8,1,512,512,mla_absorbed,,64,11.43126,96.185,1503.619,83.9073,20,True,,NVIDIA RTX PRO 6000 Blackwell Server Edition,cudnn_oss plan=sdpa_fwd_prefill_sm120[PACK_GQA=1; SCHED_POLICY=0; SPLIT_KV=16; TILE_CGA_M=1; TILE_M=64; TILE_N=32],
deepseek_v4,dsv4_flash-tp8,generation,cudnn_oss,bfloat16,fp8_e4m3,128,4,131072,8,1,512,512,mla_absorbed,,64,inf,0.0,0.0,,20,False,"                 ^^^^^^^^^^^^^^^^^^^^^^^^^^^^^^^^^
  File ""/home/scratch.yanxu_gpu/fe-sites/computelab_trees/fe_develop_5567e2733/benchmark/attention_inference/benchmark_single_attention.py"", line 270, in setup_cudnn_oss
    return setup_cudnn(args, dtype, oss=True)
           ^^^^^^^^^^^^^^^^^^^^^^^^^^^^^^^^^^
  File ""/home/scratch.yanxu_gpu/fe-sites/computelab_trees/fe_develop_5567e2733/benchmark/attention_inference/benchmark_single_attention.py"", line 167, in setup_cudnn
    return setup_cudnn_fp8(args, cudnn, oss=oss)
           ^^^^^^^^^^^^^^^^^^^^^^^^^^^^^^^^^^^^^
  File ""/home/scratch.yanxu_gpu/fe-sites/computelab_trees/fe_develop_5567e2733/benchmark/attention_inference/benchmark_single_attention.py"", line 336, in setup_cudnn_fp8
    graph.check_support()
  File ""/home/scratch.yanxu_gpu/fe-sites/computelab_trees/fe_develop_5567e2733/python/cudnn/_pygraph.py"", line 1547, in check_support
    self._lowered_graph.check_support()
cudnn._compiled_module.cudnnGraphNotSupportedError: [cudnn_frontend] Error: No execution plans support the graph.",,,
deepseek_v4,dsv4_pro,context,cudnn,bfloat16,bfloat16,1,2048,2048,128,1,512,512,mla_absorbed,,64,6.101107,90.108,88.339,4.9297,20,True,,NVIDIA RTX PRO 6000 Blackwell Server Edition,cudnn 9.27.0,
deepseek_v4,dsv4_pro,context,cudnn,bfloat16,bfloat16,1,8192,8192,128,1,512,512,mla_absorbed,,64,92.459027,95.135,23.317,1.3012,20,True,,NVIDIA RTX PRO 6000 Blackwell Server Edition,cudnn 9.27.0,
deepseek_v4,dsv4_pro,context,cudnn,bfloat16,bfloat16,1,512,65536,128,1,512,512,mla_absorbed,,64,92.135071,95.47,2.185,0.1219,20,True,,NVIDIA RTX PRO 6000 Blackwell Server Edition,cudnn 9.27.0,
deepseek_v4,dsv4_pro,context,cudnn,bfloat16,bfloat16,1,512,131072,128,1,512,512,mla_absorbed,,64,184.541465,95.329,1.455,0.0812,20,True,,NVIDIA RTX PRO 6000 Blackwell Server Edition,cudnn 9.27.0,
deepseek_v4,dsv4_pro,context,cudnn,bfloat16,bfloat16,1,1024,65536,128,1,512,512,mla_absorbed,,64,182.519632,96.385,1.838,0.1026,20,True,,NVIDIA RTX PRO 6000 Blackwell Server Edition,cudnn 9.27.0,
deepseek_v4,dsv4_pro,context,cudnn,bfloat16,bfloat16,1,1024,131072,128,1,512,512,mla_absorbed,,64,368.347773,95.519,1.093,0.061,20,True,,NVIDIA RTX PRO 6000 Blackwell Server Edition,cudnn 9.27.0,
deepseek_v4,dsv4_pro,generation,cudnn,bfloat16,bfloat16,1,1,131072,128,1,512,512,mla_absorbed,,64,1.198443,28.67,112.212,6.2618,20,True,,NVIDIA RTX PRO 6000 Blackwell Server Edition,cudnn 9.27.0,
deepseek_v4,dsv4_pro,generation,cudnn,bfloat16,fp8_e4m3,1,1,131072,128,1,512,512,mla_absorbed,,64,inf,0.0,0.0,,20,False,"Warning: CUDNN_STATUS_NOT_SUPPORTED_GRAPH_PATTERN; Reason: process_knob_choices()
Warning: CUDNN_STATUS_NOT_SUPPORTED; Reason: (CUDNN_STATUS_NOT_INITIALIZED == status) || (CUDNN_STATUS_NOT_SUPPORTED == ((status) / 1000 * 1000))
Warning: CUDNN_STATUS_NOT_SUPPORTED; Reason: ptr->isSupported()
Warning: CUDNN_STATUS_NOT_SUPPORTED; Reason: finalize_internal()

{""engineId"":18,""smVersion"":1200,""knobChoices"":{""CUDNN_KNOB_TYPE_KERNEL_CFG"":-1,""CUDNN_KNOB_TYPE_TILE_CGA_M"":-1,""CUDNN_KNOB_TYPE_STREAM_K"":-1,""CUDNN_KNOB_TYPE_TILE_M"":-1,""CUDNN_KNOB_TYPE_TILE_N"":-1}}
Warning: CUDNN_STATUS_NOT_SUPPORTED_ARCH_MISMATCH; Reason: only Rubin is supported for this engine at: !(1070 <= deviceVer && deviceVer < 1100)
Warning: CUDNN_STATUS_NOT_SUPPORTED; Reason: (CUDNN_STATUS_NOT_INITIALIZED == status) || (CUDNN_STATUS_NOT_SUPPORTED == ((status) / 1000 * 1000))
Warning: CUDNN_STATUS_NOT_SUPPORTED; Reason: ptr->isSupported()
Warning: CUDNN_STATUS_NOT_SUPPORTED; Reason: finalize_internal()

)",,,
deepseek_v4,dsv4_pro,generation,cudnn,bfloat16,bfloat16,128,1,131072,128,1,512,512,mla_absorbed,,64,135.912787,32.359,126.651,7.0676,20,True,,NVIDIA RTX PRO 6000 Blackwell Server Edition,cudnn 9.27.0,
deepseek_v4,dsv4_pro,generation,cudnn,bfloat16,fp8_e4m3,128,1,131072,128,1,512,512,mla_absorbed,,64,inf,0.0,0.0,,20,False,"Warning: CUDNN_STATUS_NOT_SUPPORTED_GRAPH_PATTERN; Reason: process_knob_choices()
Warning: CUDNN_STATUS_NOT_SUPPORTED; Reason: (CUDNN_STATUS_NOT_INITIALIZED == status) || (CUDNN_STATUS_NOT_SUPPORTED == ((status) / 1000 * 1000))
Warning: CUDNN_STATUS_NOT_SUPPORTED; Reason: ptr->isSupported()
Warning: CUDNN_STATUS_NOT_SUPPORTED; Reason: finalize_internal()

{""engineId"":18,""smVersion"":1200,""knobChoices"":{""CUDNN_KNOB_TYPE_KERNEL_CFG"":-1,""CUDNN_KNOB_TYPE_TILE_CGA_M"":-1,""CUDNN_KNOB_TYPE_STREAM_K"":-1,""CUDNN_KNOB_TYPE_TILE_M"":-1,""CUDNN_KNOB_TYPE_TILE_N"":-1}}
Warning: CUDNN_STATUS_NOT_SUPPORTED_ARCH_MISMATCH; Reason: only Rubin is supported for this engine at: !(1070 <= deviceVer && deviceVer < 1100)
Warning: CUDNN_STATUS_NOT_SUPPORTED; Reason: (CUDNN_STATUS_NOT_INITIALIZED == status) || (CUDNN_STATUS_NOT_SUPPORTED == ((status) / 1000 * 1000))
Warning: CUDNN_STATUS_NOT_SUPPORTED; Reason: ptr->isSupported()
Warning: CUDNN_STATUS_NOT_SUPPORTED; Reason: finalize_internal()

)",,,
deepseek_v4,dsv4_pro,generation,cudnn,bfloat16,bfloat16,1,2,131072,128,1,512,512,mla_absorbed,,64,21.550046,3.189,6.253,0.3489,20,True,,NVIDIA RTX PRO 6000 Blackwell Server Edition,cudnn 9.27.0,
deepseek_v4,dsv4_pro,generation,cudnn,bfloat16,fp8_e4m3,1,2,131072,128,1,512,512,mla_absorbed,,64,inf,0.0,0.0,,20,False,"Warning: CUDNN_STATUS_NOT_SUPPORTED_GRAPH_PATTERN; Reason: process_knob_choices()
Warning: CUDNN_STATUS_NOT_SUPPORTED; Reason: (CUDNN_STATUS_NOT_INITIALIZED == status) || (CUDNN_STATUS_NOT_SUPPORTED == ((status) / 1000 * 1000))
Warning: CUDNN_STATUS_NOT_SUPPORTED; Reason: ptr->isSupported()
Warning: CUDNN_STATUS_NOT_SUPPORTED; Reason: finalize_internal()

{""engineId"":18,""smVersion"":1200,""knobChoices"":{""CUDNN_KNOB_TYPE_KERNEL_CFG"":-1,""CUDNN_KNOB_TYPE_TILE_CGA_M"":-1,""CUDNN_KNOB_TYPE_STREAM_K"":-1,""CUDNN_KNOB_TYPE_TILE_M"":-1,""CUDNN_KNOB_TYPE_TILE_N"":-1}}
Warning: CUDNN_STATUS_NOT_SUPPORTED_ARCH_MISMATCH; Reason: only Rubin is supported for this engine at: !(1070 <= deviceVer && deviceVer < 1100)
Warning: CUDNN_STATUS_NOT_SUPPORTED; Reason: (CUDNN_STATUS_NOT_INITIALIZED == status) || (CUDNN_STATUS_NOT_SUPPORTED == ((status) / 1000 * 1000))
Warning: CUDNN_STATUS_NOT_SUPPORTED; Reason: ptr->isSupported()
Warning: CUDNN_STATUS_NOT_SUPPORTED; Reason: finalize_internal()

)",,,
deepseek_v4,dsv4_pro,generation,cudnn,bfloat16,bfloat16,128,2,131072,128,1,512,512,mla_absorbed,,64,2150.932812,4.089,8.018,0.4475,20,True,,NVIDIA RTX PRO 6000 Blackwell Server Edition,cudnn 9.27.0,
deepseek_v4,dsv4_pro,generation,cudnn,bfloat16,fp8_e4m3,128,2,131072,128,1,512,512,mla_absorbed,,64,inf,0.0,0.0,,20,False,"Warning: CUDNN_STATUS_NOT_SUPPORTED_GRAPH_PATTERN; Reason: process_knob_choices()
Warning: CUDNN_STATUS_NOT_SUPPORTED; Reason: (CUDNN_STATUS_NOT_INITIALIZED == status) || (CUDNN_STATUS_NOT_SUPPORTED == ((status) / 1000 * 1000))
Warning: CUDNN_STATUS_NOT_SUPPORTED; Reason: ptr->isSupported()
Warning: CUDNN_STATUS_NOT_SUPPORTED; Reason: finalize_internal()

{""engineId"":18,""smVersion"":1200,""knobChoices"":{""CUDNN_KNOB_TYPE_KERNEL_CFG"":-1,""CUDNN_KNOB_TYPE_TILE_CGA_M"":-1,""CUDNN_KNOB_TYPE_STREAM_K"":-1,""CUDNN_KNOB_TYPE_TILE_M"":-1,""CUDNN_KNOB_TYPE_TILE_N"":-1}}
Warning: CUDNN_STATUS_NOT_SUPPORTED_ARCH_MISMATCH; Reason: only Rubin is supported for this engine at: !(1070 <= deviceVer && deviceVer < 1100)
Warning: CUDNN_STATUS_NOT_SUPPORTED; Reason: (CUDNN_STATUS_NOT_INITIALIZED == status) || (CUDNN_STATUS_NOT_SUPPORTED == ((status) / 1000 * 1000))
Warning: CUDNN_STATUS_NOT_SUPPORTED; Reason: ptr->isSupported()
Warning: CUDNN_STATUS_NOT_SUPPORTED; Reason: finalize_internal()

)",,,
deepseek_v4,dsv4_pro,generation,cudnn,bfloat16,bfloat16,1,3,131072,128,1,512,512,mla_absorbed,,64,21.533797,4.787,6.269,0.3499,20,True,,NVIDIA RTX PRO 6000 Blackwell Server Edition,cudnn 9.27.0,
deepseek_v4,dsv4_pro,generation,cudnn,bfloat16,fp8_e4m3,1,3,131072,128,1,512,512,mla_absorbed,,64,inf,0.0,0.0,,20,False,"Warning: CUDNN_STATUS_NOT_SUPPORTED_GRAPH_PATTERN; Reason: process_knob_choices()
Warning: CUDNN_STATUS_NOT_SUPPORTED; Reason: (CUDNN_STATUS_NOT_INITIALIZED == status) || (CUDNN_STATUS_NOT_SUPPORTED == ((status) / 1000 * 1000))
Warning: CUDNN_STATUS_NOT_SUPPORTED; Reason: ptr->isSupported()
Warning: CUDNN_STATUS_NOT_SUPPORTED; Reason: finalize_internal()

{""engineId"":18,""smVersion"":1200,""knobChoices"":{""CUDNN_KNOB_TYPE_KERNEL_CFG"":-1,""CUDNN_KNOB_TYPE_TILE_CGA_M"":-1,""CUDNN_KNOB_TYPE_STREAM_K"":-1,""CUDNN_KNOB_TYPE_TILE_M"":-1,""CUDNN_KNOB_TYPE_TILE_N"":-1}}
Warning: CUDNN_STATUS_NOT_SUPPORTED_ARCH_MISMATCH; Reason: only Rubin is supported for this engine at: !(1070 <= deviceVer && deviceVer < 1100)
Warning: CUDNN_STATUS_NOT_SUPPORTED; Reason: (CUDNN_STATUS_NOT_INITIALIZED == status) || (CUDNN_STATUS_NOT_SUPPORTED == ((status) / 1000 * 1000))
Warning: CUDNN_STATUS_NOT_SUPPORTED; Reason: ptr->isSupported()
Warning: CUDNN_STATUS_NOT_SUPPORTED; Reason: finalize_internal()

)",,,
deepseek_v4,dsv4_pro,generation,cudnn,bfloat16,bfloat16,128,3,131072,128,1,512,512,mla_absorbed,,64,2228.846835,5.92,7.753,0.4327,20,True,,NVIDIA RTX PRO 6000 Blackwell Server Edition,cudnn 9.27.0,
deepseek_v4,dsv4_pro,generation,cudnn,bfloat16,fp8_e4m3,128,3,131072,128,1,512,512,mla_absorbed,,64,inf,0.0,0.0,,20,False,"Warning: CUDNN_STATUS_NOT_SUPPORTED_GRAPH_PATTERN; Reason: process_knob_choices()
Warning: CUDNN_STATUS_NOT_SUPPORTED; Reason: (CUDNN_STATUS_NOT_INITIALIZED == status) || (CUDNN_STATUS_NOT_SUPPORTED == ((status) / 1000 * 1000))
Warning: CUDNN_STATUS_NOT_SUPPORTED; Reason: ptr->isSupported()
Warning: CUDNN_STATUS_NOT_SUPPORTED; Reason: finalize_internal()

{""engineId"":18,""smVersion"":1200,""knobChoices"":{""CUDNN_KNOB_TYPE_KERNEL_CFG"":-1,""CUDNN_KNOB_TYPE_TILE_CGA_M"":-1,""CUDNN_KNOB_TYPE_STREAM_K"":-1,""CUDNN_KNOB_TYPE_TILE_M"":-1,""CUDNN_KNOB_TYPE_TILE_N"":-1}}
Warning: CUDNN_STATUS_NOT_SUPPORTED_ARCH_MISMATCH; Reason: only Rubin is supported for this engine at: !(1070 <= deviceVer && deviceVer < 1100)
Warning: CUDNN_STATUS_NOT_SUPPORTED; Reason: (CUDNN_STATUS_NOT_INITIALIZED == status) || (CUDNN_STATUS_NOT_SUPPORTED == ((status) / 1000 * 1000))
Warning: CUDNN_STATUS_NOT_SUPPORTED; Reason: ptr->isSupported()
Warning: CUDNN_STATUS_NOT_SUPPORTED; Reason: finalize_internal()

)",,,
deepseek_v4,dsv4_pro,generation,cudnn,bfloat16,bfloat16,1,4,131072,128,1,512,512,mla_absorbed,,64,21.55482,6.376,6.275,0.3502,20,True,,NVIDIA RTX PRO 6000 Blackwell Server Edition,cudnn 9.27.0,
deepseek_v4,dsv4_pro,generation,cudnn,bfloat16,fp8_e4m3,1,4,131072,128,1,512,512,mla_absorbed,,64,inf,0.0,0.0,,20,False,"Warning: CUDNN_STATUS_NOT_SUPPORTED_GRAPH_PATTERN; Reason: process_knob_choices()
Warning: CUDNN_STATUS_NOT_SUPPORTED; Reason: (CUDNN_STATUS_NOT_INITIALIZED == status) || (CUDNN_STATUS_NOT_SUPPORTED == ((status) / 1000 * 1000))
Warning: CUDNN_STATUS_NOT_SUPPORTED; Reason: ptr->isSupported()
Warning: CUDNN_STATUS_NOT_SUPPORTED; Reason: finalize_internal()

{""engineId"":18,""smVersion"":1200,""knobChoices"":{""CUDNN_KNOB_TYPE_KERNEL_CFG"":-1,""CUDNN_KNOB_TYPE_TILE_CGA_M"":-1,""CUDNN_KNOB_TYPE_STREAM_K"":-1,""CUDNN_KNOB_TYPE_TILE_M"":-1,""CUDNN_KNOB_TYPE_TILE_N"":-1}}
Warning: CUDNN_STATUS_NOT_SUPPORTED_ARCH_MISMATCH; Reason: only Rubin is supported for this engine at: !(1070 <= deviceVer && deviceVer < 1100)
Warning: CUDNN_STATUS_NOT_SUPPORTED; Reason: (CUDNN_STATUS_NOT_INITIALIZED == status) || (CUDNN_STATUS_NOT_SUPPORTED == ((status) / 1000 * 1000))
Warning: CUDNN_STATUS_NOT_SUPPORTED; Reason: ptr->isSupported()
Warning: CUDNN_STATUS_NOT_SUPPORTED; Reason: finalize_internal()

)",,,
deepseek_v4,dsv4_pro,generation,cudnn,bfloat16,bfloat16,128,4,131072,128,1,512,512,mla_absorbed,,64,2238.722001,7.858,7.734,0.4316,20,True,,NVIDIA RTX PRO 6000 Blackwell Server Edition,cudnn 9.27.0,
deepseek_v4,dsv4_pro,generation,cudnn,bfloat16,fp8_e4m3,128,4,131072,128,1,512,512,mla_absorbed,,64,inf,0.0,0.0,,20,False,"Warning: CUDNN_STATUS_NOT_SUPPORTED_GRAPH_PATTERN; Reason: process_knob_choices()
Warning: CUDNN_STATUS_NOT_SUPPORTED; Reason: (CUDNN_STATUS_NOT_INITIALIZED == status) || (CUDNN_STATUS_NOT_SUPPORTED == ((status) / 1000 * 1000))
Warning: CUDNN_STATUS_NOT_SUPPORTED; Reason: ptr->isSupported()
Warning: CUDNN_STATUS_NOT_SUPPORTED; Reason: finalize_internal()

{""engineId"":18,""smVersion"":1200,""knobChoices"":{""CUDNN_KNOB_TYPE_KERNEL_CFG"":-1,""CUDNN_KNOB_TYPE_TILE_CGA_M"":-1,""CUDNN_KNOB_TYPE_STREAM_K"":-1,""CUDNN_KNOB_TYPE_TILE_M"":-1,""CUDNN_KNOB_TYPE_TILE_N"":-1}}
Warning: CUDNN_STATUS_NOT_SUPPORTED_ARCH_MISMATCH; Reason: only Rubin is supported for this engine at: !(1070 <= deviceVer && deviceVer < 1100)
Warning: CUDNN_STATUS_NOT_SUPPORTED; Reason: (CUDNN_STATUS_NOT_INITIALIZED == status) || (CUDNN_STATUS_NOT_SUPPORTED == ((status) / 1000 * 1000))
Warning: CUDNN_STATUS_NOT_SUPPORTED; Reason: ptr->isSupported()
Warning: CUDNN_STATUS_NOT_SUPPORTED; Reason: finalize_internal()

)",,,
deepseek_v4,dsv4_pro,context,cudnn_oss,bfloat16,bfloat16,1,2048,2048,128,1,512,512,mla_absorbed,,64,1.690479,325.207,318.826,17.7916,20,True,,NVIDIA RTX PRO 6000 Blackwell Server Edition,cudnn_oss plan=sdpa_fwd_prefill_sm120[PACK_GQA=0; SCHED_POLICY=2; SPLIT_KV=1; TILE_CGA_M=1; TILE_M=64; TILE_N=32],
deepseek_v4,dsv4_pro,context,cudnn_oss,bfloat16,bfloat16,1,8192,8192,128,1,512,512,mla_absorbed,,64,25.326241,347.311,85.124,4.7502,20,True,,NVIDIA RTX PRO 6000 Blackwell Server Edition,cudnn_oss plan=sdpa_fwd_prefill_sm120[PACK_GQA=0; SCHED_POLICY=2; SPLIT_KV=1; TILE_CGA_M=1; TILE_M=64; TILE_N=32],
deepseek_v4,dsv4_pro,context,cudnn_oss,bfloat16,bfloat16,1,512,65536,128,1,512,512,mla_absorbed,,64,24.457694,359.645,8.232,0.4594,20,True,,NVIDIA RTX PRO 6000 Blackwell Server Edition,cudnn_oss plan=sdpa_fwd_prefill_sm120[PACK_GQA=0; SCHED_POLICY=0; SPLIT_KV=2; TILE_CGA_M=1; TILE_M=64; TILE_N=32],
deepseek_v4,dsv4_pro,context,cudnn_oss,bfloat16,bfloat16,1,512,131072,128,1,512,512,mla_absorbed,,64,49.749008,353.619,5.396,0.3011,20,True,,NVIDIA RTX PRO 6000 Blackwell Server Edition,cudnn_oss plan=sdpa_fwd_prefill_sm120[PACK_GQA=0; SCHED_POLICY=0; SPLIT_KV=2; TILE_CGA_M=1; TILE_M=64; TILE_N=32],
deepseek_v4,dsv4_pro,context,cudnn_oss,bfloat16,bfloat16,1,1024,65536,128,1,512,512,mla_absorbed,,64,49.407182,356.065,6.791,0.379,20,True,,NVIDIA RTX PRO 6000 Blackwell Server Edition,cudnn_oss plan=sdpa_fwd_prefill_sm120[PACK_GQA=0; SCHED_POLICY=1; SPLIT_KV=1; TILE_CGA_M=1; TILE_M=64; TILE_N=32],
deepseek_v4,dsv4_pro,context,cudnn_oss,bfloat16,bfloat16,1,1024,131072,128,1,512,512,mla_absorbed,,64,99.990284,351.878,4.027,0.2247,20,True,,NVIDIA RTX PRO 6000 Blackwell Server Edition,cudnn_oss plan=sdpa_fwd_prefill_sm120[PACK_GQA=0; SCHED_POLICY=1; SPLIT_KV=1; TILE_CGA_M=1; TILE_M=64; TILE_N=32],
deepseek_v4,dsv4_pro,generation,cudnn_oss,bfloat16,bfloat16,1,1,131072,128,1,512,512,mla_absorbed,,64,6.051174,5.678,22.224,1.2402,20,True,,NVIDIA RTX PRO 6000 Blackwell Server Edition,cudnn_oss plan=sdpa_fwd_prefill_sm120[PACK_GQA=0; SCHED_POLICY=0; SPLIT_KV=16; TILE_CGA_M=1; TILE_M=64; TILE_N=32],
deepseek_v4,dsv4_pro,generation,cudnn_oss,bfloat16,fp8_e4m3,1,1,131072,128,1,512,512,mla_absorbed,,64,inf,0.0,0.0,,20,False,"                 ^^^^^^^^^^^^^^^^^^^^^^^^^^^^^^^^^
  File ""/home/scratch.yanxu_gpu/fe-sites/computelab_trees/fe_develop_5567e2733/benchmark/attention_inference/benchmark_single_attention.py"", line 270, in setup_cudnn_oss
    return setup_cudnn(args, dtype, oss=True)
           ^^^^^^^^^^^^^^^^^^^^^^^^^^^^^^^^^^
  File ""/home/scratch.yanxu_gpu/fe-sites/computelab_trees/fe_develop_5567e2733/benchmark/attention_inference/benchmark_single_attention.py"", line 167, in setup_cudnn
    return setup_cudnn_fp8(args, cudnn, oss=oss)
           ^^^^^^^^^^^^^^^^^^^^^^^^^^^^^^^^^^^^^
  File ""/home/scratch.yanxu_gpu/fe-sites/computelab_trees/fe_develop_5567e2733/benchmark/attention_inference/benchmark_single_attention.py"", line 336, in setup_cudnn_fp8
    graph.check_support()
  File ""/home/scratch.yanxu_gpu/fe-sites/computelab_trees/fe_develop_5567e2733/python/cudnn/_pygraph.py"", line 1547, in check_support
    self._lowered_graph.check_support()
cudnn._compiled_module.cudnnGraphNotSupportedError: [cudnn_frontend] Error: No execution plans support the graph.",,,
deepseek_v4,dsv4_pro,generation,cudnn_oss,bfloat16,bfloat16,128,1,131072,128,1,512,512,mla_absorbed,,64,1406.399708,3.127,12.239,0.683,20,True,,NVIDIA RTX PRO 6000 Blackwell Server Edition,cudnn_oss plan=sdpa_fwd_prefill_sm120[PACK_GQA=0; SCHED_POLICY=0; SPLIT_KV=2; TILE_CGA_M=1; TILE_M=64; TILE_N=32],
deepseek_v4,dsv4_pro,generation,cudnn_oss,bfloat16,fp8_e4m3,128,1,131072,128,1,512,512,mla_absorbed,,64,inf,0.0,0.0,,20,False,"                 ^^^^^^^^^^^^^^^^^^^^^^^^^^^^^^^^^
  File ""/home/scratch.yanxu_gpu/fe-sites/computelab_trees/fe_develop_5567e2733/benchmark/attention_inference/benchmark_single_attention.py"", line 270, in setup_cudnn_oss
    return setup_cudnn(args, dtype, oss=True)
           ^^^^^^^^^^^^^^^^^^^^^^^^^^^^^^^^^^
  File ""/home/scratch.yanxu_gpu/fe-sites/computelab_trees/fe_develop_5567e2733/benchmark/attention_inference/benchmark_single_attention.py"", line 167, in setup_cudnn
    return setup_cudnn_fp8(args, cudnn, oss=oss)
           ^^^^^^^^^^^^^^^^^^^^^^^^^^^^^^^^^^^^^
  File ""/home/scratch.yanxu_gpu/fe-sites/computelab_trees/fe_develop_5567e2733/benchmark/attention_inference/benchmark_single_attention.py"", line 336, in setup_cudnn_fp8
    graph.check_support()
  File ""/home/scratch.yanxu_gpu/fe-sites/computelab_trees/fe_develop_5567e2733/python/cudnn/_pygraph.py"", line 1547, in check_support
    self._lowered_graph.check_support()
cudnn._compiled_module.cudnnGraphNotSupportedError: [cudnn_frontend] Error: No execution plans support the graph.",,,
deepseek_v4,dsv4_pro,generation,cudnn_oss,bfloat16,bfloat16,1,2,131072,128,1,512,512,mla_absorbed,,64,6.091364,11.281,22.12,1.2344,20,True,,NVIDIA RTX PRO 6000 Blackwell Server Edition,cudnn_oss plan=sdpa_fwd_prefill_sm120[PACK_GQA=0; SCHED_POLICY=0; SPLIT_KV=16; TILE_CGA_M=1; TILE_M=64; TILE_N=32],
deepseek_v4,dsv4_pro,generation,cudnn_oss,bfloat16,fp8_e4m3,1,2,131072,128,1,512,512,mla_absorbed,,64,inf,0.0,0.0,,20,False,"                 ^^^^^^^^^^^^^^^^^^^^^^^^^^^^^^^^^
  File ""/home/scratch.yanxu_gpu/fe-sites/computelab_trees/fe_develop_5567e2733/benchmark/attention_inference/benchmark_single_attention.py"", line 270, in setup_cudnn_oss
    return setup_cudnn(args, dtype, oss=True)
           ^^^^^^^^^^^^^^^^^^^^^^^^^^^^^^^^^^
  File ""/home/scratch.yanxu_gpu/fe-sites/computelab_trees/fe_develop_5567e2733/benchmark/attention_inference/benchmark_single_attention.py"", line 167, in setup_cudnn
    return setup_cudnn_fp8(args, cudnn, oss=oss)
           ^^^^^^^^^^^^^^^^^^^^^^^^^^^^^^^^^^^^^
  File ""/home/scratch.yanxu_gpu/fe-sites/computelab_trees/fe_develop_5567e2733/benchmark/attention_inference/benchmark_single_attention.py"", line 336, in setup_cudnn_fp8
    graph.check_support()
  File ""/home/scratch.yanxu_gpu/fe-sites/computelab_trees/fe_develop_5567e2733/python/cudnn/_pygraph.py"", line 1547, in check_support
    self._lowered_graph.check_support()
cudnn._compiled_module.cudnnGraphNotSupportedError: [cudnn_frontend] Error: No execution plans support the graph.",,,
deepseek_v4,dsv4_pro,generation,cudnn_oss,bfloat16,bfloat16,128,2,131072,128,1,512,512,mla_absorbed,,64,1394.943552,6.306,12.364,0.69,20,True,,NVIDIA RTX PRO 6000 Blackwell Server Edition,cudnn_oss plan=sdpa_fwd_prefill_sm120[PACK_GQA=0; SCHED_POLICY=0; SPLIT_KV=2; TILE_CGA_M=1; TILE_M=64; TILE_N=32],
deepseek_v4,dsv4_pro,generation,cudnn_oss,bfloat16,fp8_e4m3,128,2,131072,128,1,512,512,mla_absorbed,,64,inf,0.0,0.0,,20,False,"                 ^^^^^^^^^^^^^^^^^^^^^^^^^^^^^^^^^
  File ""/home/scratch.yanxu_gpu/fe-sites/computelab_trees/fe_develop_5567e2733/benchmark/attention_inference/benchmark_single_attention.py"", line 270, in setup_cudnn_oss
    return setup_cudnn(args, dtype, oss=True)
           ^^^^^^^^^^^^^^^^^^^^^^^^^^^^^^^^^^
  File ""/home/scratch.yanxu_gpu/fe-sites/computelab_trees/fe_develop_5567e2733/benchmark/attention_inference/benchmark_single_attention.py"", line 167, in setup_cudnn
    return setup_cudnn_fp8(args, cudnn, oss=oss)
           ^^^^^^^^^^^^^^^^^^^^^^^^^^^^^^^^^^^^^
  File ""/home/scratch.yanxu_gpu/fe-sites/computelab_trees/fe_develop_5567e2733/benchmark/attention_inference/benchmark_single_attention.py"", line 336, in setup_cudnn_fp8
    graph.check_support()
  File ""/home/scratch.yanxu_gpu/fe-sites/computelab_trees/fe_develop_5567e2733/python/cudnn/_pygraph.py"", line 1547, in check_support
    self._lowered_graph.check_support()
cudnn._compiled_module.cudnnGraphNotSupportedError: [cudnn_frontend] Error: No execution plans support the graph.",,,
deepseek_v4,dsv4_pro,generation,cudnn_oss,bfloat16,bfloat16,1,3,131072,128,1,512,512,mla_absorbed,,64,6.092966,16.918,22.157,1.2365,20,True,,NVIDIA RTX PRO 6000 Blackwell Server Edition,cudnn_oss plan=sdpa_fwd_prefill_sm120[PACK_GQA=0; SCHED_POLICY=0; SPLIT_KV=16; TILE_CGA_M=1; TILE_M=64; TILE_N=32],
deepseek_v4,dsv4_pro,generation,cudnn_oss,bfloat16,fp8_e4m3,1,3,131072,128,1,512,512,mla_absorbed,,64,inf,0.0,0.0,,20,False,"                 ^^^^^^^^^^^^^^^^^^^^^^^^^^^^^^^^^
  File ""/home/scratch.yanxu_gpu/fe-sites/computelab_trees/fe_develop_5567e2733/benchmark/attention_inference/benchmark_single_attention.py"", line 270, in setup_cudnn_oss
    return setup_cudnn(args, dtype, oss=True)
           ^^^^^^^^^^^^^^^^^^^^^^^^^^^^^^^^^^
  File ""/home/scratch.yanxu_gpu/fe-sites/computelab_trees/fe_develop_5567e2733/benchmark/attention_inference/benchmark_single_attention.py"", line 167, in setup_cudnn
    return setup_cudnn_fp8(args, cudnn, oss=oss)
           ^^^^^^^^^^^^^^^^^^^^^^^^^^^^^^^^^^^^^
  File ""/home/scratch.yanxu_gpu/fe-sites/computelab_trees/fe_develop_5567e2733/benchmark/attention_inference/benchmark_single_attention.py"", line 336, in setup_cudnn_fp8
    graph.check_support()
  File ""/home/scratch.yanxu_gpu/fe-sites/computelab_trees/fe_develop_5567e2733/python/cudnn/_pygraph.py"", line 1547, in check_support
    self._lowered_graph.check_support()
cudnn._compiled_module.cudnnGraphNotSupportedError: [cudnn_frontend] Error: No execution plans support the graph.",,,
deepseek_v4,dsv4_pro,generation,cudnn_oss,bfloat16,bfloat16,128,3,131072,128,1,512,512,mla_absorbed,,64,1409.731903,9.359,12.258,0.684,20,True,,NVIDIA RTX PRO 6000 Blackwell Server Edition,cudnn_oss plan=sdpa_fwd_prefill_sm120[PACK_GQA=0; SCHED_POLICY=0; SPLIT_KV=2; TILE_CGA_M=1; TILE_M=64; TILE_N=32],
deepseek_v4,dsv4_pro,generation,cudnn_oss,bfloat16,fp8_e4m3,128,3,131072,128,1,512,512,mla_absorbed,,64,inf,0.0,0.0,,20,False,"                 ^^^^^^^^^^^^^^^^^^^^^^^^^^^^^^^^^
  File ""/home/scratch.yanxu_gpu/fe-sites/computelab_trees/fe_develop_5567e2733/benchmark/attention_inference/benchmark_single_attention.py"", line 270, in setup_cudnn_oss
    return setup_cudnn(args, dtype, oss=True)
           ^^^^^^^^^^^^^^^^^^^^^^^^^^^^^^^^^^
  File ""/home/scratch.yanxu_gpu/fe-sites/computelab_trees/fe_develop_5567e2733/benchmark/attention_inference/benchmark_single_attention.py"", line 167, in setup_cudnn
    return setup_cudnn_fp8(args, cudnn, oss=oss)
           ^^^^^^^^^^^^^^^^^^^^^^^^^^^^^^^^^^^^^
  File ""/home/scratch.yanxu_gpu/fe-sites/computelab_trees/fe_develop_5567e2733/benchmark/attention_inference/benchmark_single_attention.py"", line 336, in setup_cudnn_fp8
    graph.check_support()
  File ""/home/scratch.yanxu_gpu/fe-sites/computelab_trees/fe_develop_5567e2733/python/cudnn/_pygraph.py"", line 1547, in check_support
    self._lowered_graph.check_support()
cudnn._compiled_module.cudnnGraphNotSupportedError: [cudnn_frontend] Error: No execution plans support the graph.",,,
deepseek_v4,dsv4_pro,generation,cudnn_oss,bfloat16,bfloat16,1,4,131072,128,1,512,512,mla_absorbed,,64,6.094799,22.55,22.194,1.2385,20,True,,NVIDIA RTX PRO 6000 Blackwell Server Edition,cudnn_oss plan=sdpa_fwd_prefill_sm120[PACK_GQA=0; SCHED_POLICY=0; SPLIT_KV=16; TILE_CGA_M=1; TILE_M=64; TILE_N=32],
deepseek_v4,dsv4_pro,generation,cudnn_oss,bfloat16,fp8_e4m3,1,4,131072,128,1,512,512,mla_absorbed,,64,inf,0.0,0.0,,20,False,"                 ^^^^^^^^^^^^^^^^^^^^^^^^^^^^^^^^^
  File ""/home/scratch.yanxu_gpu/fe-sites/computelab_trees/fe_develop_5567e2733/benchmark/attention_inference/benchmark_single_attention.py"", line 270, in setup_cudnn_oss
    return setup_cudnn(args, dtype, oss=True)
           ^^^^^^^^^^^^^^^^^^^^^^^^^^^^^^^^^^
  File ""/home/scratch.yanxu_gpu/fe-sites/computelab_trees/fe_develop_5567e2733/benchmark/attention_inference/benchmark_single_attention.py"", line 167, in setup_cudnn
    return setup_cudnn_fp8(args, cudnn, oss=oss)
           ^^^^^^^^^^^^^^^^^^^^^^^^^^^^^^^^^^^^^
  File ""/home/scratch.yanxu_gpu/fe-sites/computelab_trees/fe_develop_5567e2733/benchmark/attention_inference/benchmark_single_attention.py"", line 336, in setup_cudnn_fp8
    graph.check_support()
  File ""/home/scratch.yanxu_gpu/fe-sites/computelab_trees/fe_develop_5567e2733/python/cudnn/_pygraph.py"", line 1547, in check_support
    self._lowered_graph.check_support()
cudnn._compiled_module.cudnnGraphNotSupportedError: [cudnn_frontend] Error: No execution plans support the graph.",,,
deepseek_v4,dsv4_pro,generation,cudnn_oss,bfloat16,bfloat16,128,4,131072,128,1,512,512,mla_absorbed,,64,1404.364653,12.527,12.329,0.688,20,True,,NVIDIA RTX PRO 6000 Blackwell Server Edition,cudnn_oss plan=sdpa_fwd_prefill_sm120[PACK_GQA=0; SCHED_POLICY=0; SPLIT_KV=2; TILE_CGA_M=1; TILE_M=64; TILE_N=32],
deepseek_v4,dsv4_pro,generation,cudnn_oss,bfloat16,fp8_e4m3,128,4,131072,128,1,512,512,mla_absorbed,,64,inf,0.0,0.0,,20,False,"                 ^^^^^^^^^^^^^^^^^^^^^^^^^^^^^^^^^
  File ""/home/scratch.yanxu_gpu/fe-sites/computelab_trees/fe_develop_5567e2733/benchmark/attention_inference/benchmark_single_attention.py"", line 270, in setup_cudnn_oss
    return setup_cudnn(args, dtype, oss=True)
           ^^^^^^^^^^^^^^^^^^^^^^^^^^^^^^^^^^
  File ""/home/scratch.yanxu_gpu/fe-sites/computelab_trees/fe_develop_5567e2733/benchmark/attention_inference/benchmark_single_attention.py"", line 167, in setup_cudnn
    return setup_cudnn_fp8(args, cudnn, oss=oss)
           ^^^^^^^^^^^^^^^^^^^^^^^^^^^^^^^^^^^^^
  File ""/home/scratch.yanxu_gpu/fe-sites/computelab_trees/fe_develop_5567e2733/benchmark/attention_inference/benchmark_single_attention.py"", line 336, in setup_cudnn_fp8
    graph.check_support()
  File ""/home/scratch.yanxu_gpu/fe-sites/computelab_trees/fe_develop_5567e2733/python/cudnn/_pygraph.py"", line 1547, in check_support
    self._lowered_graph.check_support()
cudnn._compiled_module.cudnnGraphNotSupportedError: [cudnn_frontend] Error: No execution plans support the graph.",,,
deepseek_v4,dsv4_pro-tp2,context,cudnn,bfloat16,bfloat16,1,2048,2048,64,1,512,512,mla_absorbed,,64,3.135637,87.663,86.277,4.8146,20,True,,NVIDIA RTX PRO 6000 Blackwell Server Edition,cudnn 9.27.0,
deepseek_v4,dsv4_pro-tp2,context,cudnn,bfloat16,bfloat16,1,8192,8192,64,1,512,512,mla_absorbed,,64,46.858882,93.857,23.093,1.2887,20,True,,NVIDIA RTX PRO 6000 Blackwell Server Edition,cudnn 9.27.0,
deepseek_v4,dsv4_pro-tp2,context,cudnn,bfloat16,bfloat16,1,512,65536,64,1,512,512,mla_absorbed,,64,49.319807,89.174,2.721,0.1519,20,True,,NVIDIA RTX PRO 6000 Blackwell Server Edition,cudnn 9.27.0,
deepseek_v4,dsv4_pro-tp2,context,cudnn,bfloat16,bfloat16,1,512,131072,64,1,512,512,mla_absorbed,,64,98.824576,89.007,2.037,0.1137,20,True,,NVIDIA RTX PRO 6000 Blackwell Server Edition,cudnn 9.27.0,
deepseek_v4,dsv4_pro-tp2,context,cudnn,bfloat16,bfloat16,1,1024,65536,64,1,512,512,mla_absorbed,,64,92.870475,94.714,2.168,0.121,20,True,,NVIDIA RTX PRO 6000 Blackwell Server Edition,cudnn 9.27.0,
deepseek_v4,dsv4_pro-tp2,context,cudnn,bfloat16,bfloat16,1,1024,131072,64,1,512,512,mla_absorbed,,64,186.275955,94.442,1.441,0.0804,20,True,,NVIDIA RTX PRO 6000 Blackwell Server Edition,cudnn 9.27.0,
deepseek_v4,dsv4_pro-tp2,generation,cudnn,bfloat16,bfloat16,1,1,131072,64,1,512,512,mla_absorbed,,64,0.614487,27.958,218.636,12.2007,20,True,,NVIDIA RTX PRO 6000 Blackwell Server Edition,cudnn 9.27.0,
deepseek_v4,dsv4_pro-tp2,generation,cudnn,bfloat16,fp8_e4m3,1,1,131072,64,1,512,512,mla_absorbed,,64,inf,0.0,0.0,,20,False,"Warning: CUDNN_STATUS_NOT_SUPPORTED_GRAPH_PATTERN; Reason: process_knob_choices()
Warning: CUDNN_STATUS_NOT_SUPPORTED; Reason: (CUDNN_STATUS_NOT_INITIALIZED == status) || (CUDNN_STATUS_NOT_SUPPORTED == ((status) / 1000 * 1000))
Warning: CUDNN_STATUS_NOT_SUPPORTED; Reason: ptr->isSupported()
Warning: CUDNN_STATUS_NOT_SUPPORTED; Reason: finalize_internal()

{""engineId"":18,""smVersion"":1200,""knobChoices"":{""CUDNN_KNOB_TYPE_KERNEL_CFG"":-1,""CUDNN_KNOB_TYPE_TILE_CGA_M"":-1,""CUDNN_KNOB_TYPE_STREAM_K"":-1,""CUDNN_KNOB_TYPE_TILE_M"":-1,""CUDNN_KNOB_TYPE_TILE_N"":-1}}
Warning: CUDNN_STATUS_NOT_SUPPORTED_ARCH_MISMATCH; Reason: only Rubin is supported for this engine at: !(1070 <= deviceVer && deviceVer < 1100)
Warning: CUDNN_STATUS_NOT_SUPPORTED; Reason: (CUDNN_STATUS_NOT_INITIALIZED == status) || (CUDNN_STATUS_NOT_SUPPORTED == ((status) / 1000 * 1000))
Warning: CUDNN_STATUS_NOT_SUPPORTED; Reason: ptr->isSupported()
Warning: CUDNN_STATUS_NOT_SUPPORTED; Reason: finalize_internal()

)",,,
deepseek_v4,dsv4_pro-tp2,generation,cudnn,bfloat16,bfloat16,128,1,131072,64,1,512,512,mla_absorbed,,64,68.086371,32.298,252.571,14.0944,20,True,,NVIDIA RTX PRO 6000 Blackwell Server Edition,cudnn 9.27.0,
deepseek_v4,dsv4_pro-tp2,generation,cudnn,bfloat16,fp8_e4m3,128,1,131072,64,1,512,512,mla_absorbed,,64,inf,0.0,0.0,,20,False,"Warning: CUDNN_STATUS_NOT_SUPPORTED_GRAPH_PATTERN; Reason: process_knob_choices()
Warning: CUDNN_STATUS_NOT_SUPPORTED; Reason: (CUDNN_STATUS_NOT_INITIALIZED == status) || (CUDNN_STATUS_NOT_SUPPORTED == ((status) / 1000 * 1000))
Warning: CUDNN_STATUS_NOT_SUPPORTED; Reason: ptr->isSupported()
Warning: CUDNN_STATUS_NOT_SUPPORTED; Reason: finalize_internal()

{""engineId"":18,""smVersion"":1200,""knobChoices"":{""CUDNN_KNOB_TYPE_KERNEL_CFG"":-1,""CUDNN_KNOB_TYPE_TILE_CGA_M"":-1,""CUDNN_KNOB_TYPE_STREAM_K"":-1,""CUDNN_KNOB_TYPE_TILE_M"":-1,""CUDNN_KNOB_TYPE_TILE_N"":-1}}
Warning: CUDNN_STATUS_NOT_SUPPORTED_ARCH_MISMATCH; Reason: only Rubin is supported for this engine at: !(1070 <= deviceVer && deviceVer < 1100)
Warning: CUDNN_STATUS_NOT_SUPPORTED; Reason: (CUDNN_STATUS_NOT_INITIALIZED == status) || (CUDNN_STATUS_NOT_SUPPORTED == ((status) / 1000 * 1000))
Warning: CUDNN_STATUS_NOT_SUPPORTED; Reason: ptr->isSupported()
Warning: CUDNN_STATUS_NOT_SUPPORTED; Reason: finalize_internal()

)",,,
deepseek_v4,dsv4_pro-tp2,generation,cudnn,bfloat16,bfloat16,1,2,131072,64,1,512,512,mla_absorbed,,64,12.894386,2.665,10.429,0.582,20,True,,NVIDIA RTX PRO 6000 Blackwell Server Edition,cudnn 9.27.0,
deepseek_v4,dsv4_pro-tp2,generation,cudnn,bfloat16,fp8_e4m3,1,2,131072,64,1,512,512,mla_absorbed,,64,inf,0.0,0.0,,20,False,"Warning: CUDNN_STATUS_NOT_SUPPORTED_GRAPH_PATTERN; Reason: process_knob_choices()
Warning: CUDNN_STATUS_NOT_SUPPORTED; Reason: (CUDNN_STATUS_NOT_INITIALIZED == status) || (CUDNN_STATUS_NOT_SUPPORTED == ((status) / 1000 * 1000))
Warning: CUDNN_STATUS_NOT_SUPPORTED; Reason: ptr->isSupported()
Warning: CUDNN_STATUS_NOT_SUPPORTED; Reason: finalize_internal()

{""engineId"":18,""smVersion"":1200,""knobChoices"":{""CUDNN_KNOB_TYPE_KERNEL_CFG"":-1,""CUDNN_KNOB_TYPE_TILE_CGA_M"":-1,""CUDNN_KNOB_TYPE_STREAM_K"":-1,""CUDNN_KNOB_TYPE_TILE_M"":-1,""CUDNN_KNOB_TYPE_TILE_N"":-1}}
Warning: CUDNN_STATUS_NOT_SUPPORTED_ARCH_MISMATCH; Reason: only Rubin is supported for this engine at: !(1070 <= deviceVer && deviceVer < 1100)
Warning: CUDNN_STATUS_NOT_SUPPORTED; Reason: (CUDNN_STATUS_NOT_INITIALIZED == status) || (CUDNN_STATUS_NOT_SUPPORTED == ((status) / 1000 * 1000))
Warning: CUDNN_STATUS_NOT_SUPPORTED; Reason: ptr->isSupported()
Warning: CUDNN_STATUS_NOT_SUPPORTED; Reason: finalize_internal()

)",,,
deepseek_v4,dsv4_pro-tp2,generation,cudnn,bfloat16,bfloat16,128,2,131072,64,1,512,512,mla_absorbed,,64,1065.84321,4.126,16.15,0.9012,20,True,,NVIDIA RTX PRO 6000 Blackwell Server Edition,cudnn 9.27.0,
deepseek_v4,dsv4_pro-tp2,generation,cudnn,bfloat16,fp8_e4m3,128,2,131072,64,1,512,512,mla_absorbed,,64,inf,0.0,0.0,,20,False,"Warning: CUDNN_STATUS_NOT_SUPPORTED_GRAPH_PATTERN; Reason: process_knob_choices()
Warning: CUDNN_STATUS_NOT_SUPPORTED; Reason: (CUDNN_STATUS_NOT_INITIALIZED == status) || (CUDNN_STATUS_NOT_SUPPORTED == ((status) / 1000 * 1000))
Warning: CUDNN_STATUS_NOT_SUPPORTED; Reason: ptr->isSupported()
Warning: CUDNN_STATUS_NOT_SUPPORTED; Reason: finalize_internal()

{""engineId"":18,""smVersion"":1200,""knobChoices"":{""CUDNN_KNOB_TYPE_KERNEL_CFG"":-1,""CUDNN_KNOB_TYPE_TILE_CGA_M"":-1,""CUDNN_KNOB_TYPE_STREAM_K"":-1,""CUDNN_KNOB_TYPE_TILE_M"":-1,""CUDNN_KNOB_TYPE_TILE_N"":-1}}
Warning: CUDNN_STATUS_NOT_SUPPORTED_ARCH_MISMATCH; Reason: only Rubin is supported for this engine at: !(1070 <= deviceVer && deviceVer < 1100)
Warning: CUDNN_STATUS_NOT_SUPPORTED; Reason: (CUDNN_STATUS_NOT_INITIALIZED == status) || (CUDNN_STATUS_NOT_SUPPORTED == ((status) / 1000 * 1000))
Warning: CUDNN_STATUS_NOT_SUPPORTED; Reason: ptr->isSupported()
Warning: CUDNN_STATUS_NOT_SUPPORTED; Reason: finalize_internal()

)",,,
deepseek_v4,dsv4_pro-tp2,generation,cudnn,bfloat16,bfloat16,1,3,131072,64,1,512,512,mla_absorbed,,64,12.942282,3.982,10.401,0.5804,20,True,,NVIDIA RTX PRO 6000 Blackwell Server Edition,cudnn 9.27.0,
deepseek_v4,dsv4_pro-tp2,generation,cudnn,bfloat16,fp8_e4m3,1,3,131072,64,1,512,512,mla_absorbed,,64,inf,0.0,0.0,,20,False,"Warning: CUDNN_STATUS_NOT_SUPPORTED_GRAPH_PATTERN; Reason: process_knob_choices()
Warning: CUDNN_STATUS_NOT_SUPPORTED; Reason: (CUDNN_STATUS_NOT_INITIALIZED == status) || (CUDNN_STATUS_NOT_SUPPORTED == ((status) / 1000 * 1000))
Warning: CUDNN_STATUS_NOT_SUPPORTED; Reason: ptr->isSupported()
Warning: CUDNN_STATUS_NOT_SUPPORTED; Reason: finalize_internal()

{""engineId"":18,""smVersion"":1200,""knobChoices"":{""CUDNN_KNOB_TYPE_KERNEL_CFG"":-1,""CUDNN_KNOB_TYPE_TILE_CGA_M"":-1,""CUDNN_KNOB_TYPE_STREAM_K"":-1,""CUDNN_KNOB_TYPE_TILE_M"":-1,""CUDNN_KNOB_TYPE_TILE_N"":-1}}
Warning: CUDNN_STATUS_NOT_SUPPORTED_ARCH_MISMATCH; Reason: only Rubin is supported for this engine at: !(1070 <= deviceVer && deviceVer < 1100)
Warning: CUDNN_STATUS_NOT_SUPPORTED; Reason: (CUDNN_STATUS_NOT_INITIALIZED == status) || (CUDNN_STATUS_NOT_SUPPORTED == ((status) / 1000 * 1000))
Warning: CUDNN_STATUS_NOT_SUPPORTED; Reason: ptr->isSupported()
Warning: CUDNN_STATUS_NOT_SUPPORTED; Reason: finalize_internal()

)",,,
deepseek_v4,dsv4_pro-tp2,generation,cudnn,bfloat16,bfloat16,128,3,131072,64,1,512,512,mla_absorbed,,64,1077.467838,6.123,15.991,0.8924,20,True,,NVIDIA RTX PRO 6000 Blackwell Server Edition,cudnn 9.27.0,
deepseek_v4,dsv4_pro-tp2,generation,cudnn,bfloat16,fp8_e4m3,128,3,131072,64,1,512,512,mla_absorbed,,64,inf,0.0,0.0,,20,False,"Warning: CUDNN_STATUS_NOT_SUPPORTED_GRAPH_PATTERN; Reason: process_knob_choices()
Warning: CUDNN_STATUS_NOT_SUPPORTED; Reason: (CUDNN_STATUS_NOT_INITIALIZED == status) || (CUDNN_STATUS_NOT_SUPPORTED == ((status) / 1000 * 1000))
Warning: CUDNN_STATUS_NOT_SUPPORTED; Reason: ptr->isSupported()
Warning: CUDNN_STATUS_NOT_SUPPORTED; Reason: finalize_internal()

{""engineId"":18,""smVersion"":1200,""knobChoices"":{""CUDNN_KNOB_TYPE_KERNEL_CFG"":-1,""CUDNN_KNOB_TYPE_TILE_CGA_M"":-1,""CUDNN_KNOB_TYPE_STREAM_K"":-1,""CUDNN_KNOB_TYPE_TILE_M"":-1,""CUDNN_KNOB_TYPE_TILE_N"":-1}}
Warning: CUDNN_STATUS_NOT_SUPPORTED_ARCH_MISMATCH; Reason: only Rubin is supported for this engine at: !(1070 <= deviceVer && deviceVer < 1100)
Warning: CUDNN_STATUS_NOT_SUPPORTED; Reason: (CUDNN_STATUS_NOT_INITIALIZED == status) || (CUDNN_STATUS_NOT_SUPPORTED == ((status) / 1000 * 1000))
Warning: CUDNN_STATUS_NOT_SUPPORTED; Reason: ptr->isSupported()
Warning: CUDNN_STATUS_NOT_SUPPORTED; Reason: finalize_internal()

)",,,
deepseek_v4,dsv4_pro-tp2,generation,cudnn,bfloat16,bfloat16,1,4,131072,64,1,512,512,mla_absorbed,,64,12.9662,5.3,10.392,0.5799,20,True,,NVIDIA RTX PRO 6000 Blackwell Server Edition,cudnn 9.27.0,
deepseek_v4,dsv4_pro-tp2,generation,cudnn,bfloat16,fp8_e4m3,1,4,131072,64,1,512,512,mla_absorbed,,64,inf,0.0,0.0,,20,False,"Warning: CUDNN_STATUS_NOT_SUPPORTED_GRAPH_PATTERN; Reason: process_knob_choices()
Warning: CUDNN_STATUS_NOT_SUPPORTED; Reason: (CUDNN_STATUS_NOT_INITIALIZED == status) || (CUDNN_STATUS_NOT_SUPPORTED == ((status) / 1000 * 1000))
Warning: CUDNN_STATUS_NOT_SUPPORTED; Reason: ptr->isSupported()
Warning: CUDNN_STATUS_NOT_SUPPORTED; Reason: finalize_internal()

{""engineId"":18,""smVersion"":1200,""knobChoices"":{""CUDNN_KNOB_TYPE_KERNEL_CFG"":-1,""CUDNN_KNOB_TYPE_TILE_CGA_M"":-1,""CUDNN_KNOB_TYPE_STREAM_K"":-1,""CUDNN_KNOB_TYPE_TILE_M"":-1,""CUDNN_KNOB_TYPE_TILE_N"":-1}}
Warning: CUDNN_STATUS_NOT_SUPPORTED_ARCH_MISMATCH; Reason: only Rubin is supported for this engine at: !(1070 <= deviceVer && deviceVer < 1100)
Warning: CUDNN_STATUS_NOT_SUPPORTED; Reason: (CUDNN_STATUS_NOT_INITIALIZED == status) || (CUDNN_STATUS_NOT_SUPPORTED == ((status) / 1000 * 1000))
Warning: CUDNN_STATUS_NOT_SUPPORTED; Reason: ptr->isSupported()
Warning: CUDNN_STATUS_NOT_SUPPORTED; Reason: finalize_internal()

)",,,
deepseek_v4,dsv4_pro-tp2,generation,cudnn,bfloat16,bfloat16,128,4,131072,64,1,512,512,mla_absorbed,,64,1082.342687,8.127,15.935,0.8892,20,True,,NVIDIA RTX PRO 6000 Blackwell Server Edition,cudnn 9.27.0,
deepseek_v4,dsv4_pro-tp2,generation,cudnn,bfloat16,fp8_e4m3,128,4,131072,64,1,512,512,mla_absorbed,,64,inf,0.0,0.0,,20,False,"Warning: CUDNN_STATUS_NOT_SUPPORTED_GRAPH_PATTERN; Reason: process_knob_choices()
Warning: CUDNN_STATUS_NOT_SUPPORTED; Reason: (CUDNN_STATUS_NOT_INITIALIZED == status) || (CUDNN_STATUS_NOT_SUPPORTED == ((status) / 1000 * 1000))
Warning: CUDNN_STATUS_NOT_SUPPORTED; Reason: ptr->isSupported()
Warning: CUDNN_STATUS_NOT_SUPPORTED; Reason: finalize_internal()

{""engineId"":18,""smVersion"":1200,""knobChoices"":{""CUDNN_KNOB_TYPE_KERNEL_CFG"":-1,""CUDNN_KNOB_TYPE_TILE_CGA_M"":-1,""CUDNN_KNOB_TYPE_STREAM_K"":-1,""CUDNN_KNOB_TYPE_TILE_M"":-1,""CUDNN_KNOB_TYPE_TILE_N"":-1}}
Warning: CUDNN_STATUS_NOT_SUPPORTED_ARCH_MISMATCH; Reason: only Rubin is supported for this engine at: !(1070 <= deviceVer && deviceVer < 1100)
Warning: CUDNN_STATUS_NOT_SUPPORTED; Reason: (CUDNN_STATUS_NOT_INITIALIZED == status) || (CUDNN_STATUS_NOT_SUPPORTED == ((status) / 1000 * 1000))
Warning: CUDNN_STATUS_NOT_SUPPORTED; Reason: ptr->isSupported()
Warning: CUDNN_STATUS_NOT_SUPPORTED; Reason: finalize_internal()

)",,,
deepseek_v4,dsv4_pro-tp2,context,cudnn_oss,bfloat16,bfloat16,1,2048,2048,64,1,512,512,mla_absorbed,,64,0.86004,319.611,314.558,17.5535,20,True,,NVIDIA RTX PRO 6000 Blackwell Server Edition,cudnn_oss plan=sdpa_fwd_prefill_sm120[PACK_GQA=0; SCHED_POLICY=2; SPLIT_KV=1; TILE_CGA_M=1; TILE_M=64; TILE_N=32],
deepseek_v4,dsv4_pro-tp2,context,cudnn_oss,bfloat16,bfloat16,1,8192,8192,64,1,512,512,mla_absorbed,,64,12.275565,358.277,88.153,4.9193,20,True,,NVIDIA RTX PRO 6000 Blackwell Server Edition,cudnn_oss plan=sdpa_fwd_prefill_sm120[PACK_GQA=0; SCHED_POLICY=2; SPLIT_KV=1; TILE_CGA_M=1; TILE_M=64; TILE_N=32],
deepseek_v4,dsv4_pro-tp2,context,cudnn_oss,bfloat16,bfloat16,1,512,65536,64,1,512,512,mla_absorbed,,64,12.246125,359.138,10.96,0.6116,20,True,,NVIDIA RTX PRO 6000 Blackwell Server Edition,cudnn_oss plan=sdpa_fwd_prefill_sm120[PACK_GQA=0; SCHED_POLICY=0; SPLIT_KV=4; TILE_CGA_M=1; TILE_M=64; TILE_N=32],
deepseek_v4,dsv4_pro-tp2,context,cudnn_oss,bfloat16,bfloat16,1,512,131072,64,1,512,512,mla_absorbed,,64,25.069934,350.862,8.031,0.4481,20,True,,NVIDIA RTX PRO 6000 Blackwell Server Edition,cudnn_oss plan=sdpa_fwd_prefill_sm120[PACK_GQA=0; SCHED_POLICY=0; SPLIT_KV=4; TILE_CGA_M=1; TILE_M=64; TILE_N=32],
deepseek_v4,dsv4_pro-tp2,context,cudnn_oss,bfloat16,bfloat16,1,1024,65536,64,1,512,512,mla_absorbed,,64,24.15758,364.113,8.334,0.4651,20,True,,NVIDIA RTX PRO 6000 Blackwell Server Edition,cudnn_oss plan=sdpa_fwd_prefill_sm120[PACK_GQA=0; SCHED_POLICY=0; SPLIT_KV=2; TILE_CGA_M=1; TILE_M=64; TILE_N=32],
deepseek_v4,dsv4_pro-tp2,context,cudnn_oss,bfloat16,bfloat16,1,1024,131072,64,1,512,512,mla_absorbed,,64,49.576117,354.852,5.415,0.3022,20,True,,NVIDIA RTX PRO 6000 Blackwell Server Edition,cudnn_oss plan=sdpa_fwd_prefill_sm120[PACK_GQA=0; SCHED_POLICY=0; SPLIT_KV=2; TILE_CGA_M=1; TILE_M=64; TILE_N=32],
deepseek_v4,dsv4_pro-tp2,generation,cudnn_oss,bfloat16,bfloat16,1,1,131072,64,1,512,512,mla_absorbed,,64,0.27338,62.842,491.436,27.4239,20,True,,NVIDIA RTX PRO 6000 Blackwell Server Edition,cudnn_oss plan=sdpa_fwd_prefill_sm120[PACK_GQA=1; SCHED_POLICY=0; SPLIT_KV=128; TILE_CGA_M=1; TILE_M=64; TILE_N=32],
deepseek_v4,dsv4_pro-tp2,generation,cudnn_oss,bfloat16,fp8_e4m3,1,1,131072,64,1,512,512,mla_absorbed,,64,inf,0.0,0.0,,20,False,"                 ^^^^^^^^^^^^^^^^^^^^^^^^^^^^^^^^^
  File ""/home/scratch.yanxu_gpu/fe-sites/computelab_trees/fe_develop_5567e2733/benchmark/attention_inference/benchmark_single_attention.py"", line 270, in setup_cudnn_oss
    return setup_cudnn(args, dtype, oss=True)
           ^^^^^^^^^^^^^^^^^^^^^^^^^^^^^^^^^^
  File ""/home/scratch.yanxu_gpu/fe-sites/computelab_trees/fe_develop_5567e2733/benchmark/attention_inference/benchmark_single_attention.py"", line 167, in setup_cudnn
    return setup_cudnn_fp8(args, cudnn, oss=oss)
           ^^^^^^^^^^^^^^^^^^^^^^^^^^^^^^^^^^^^^
  File ""/home/scratch.yanxu_gpu/fe-sites/computelab_trees/fe_develop_5567e2733/benchmark/attention_inference/benchmark_single_attention.py"", line 336, in setup_cudnn_fp8
    graph.check_support()
  File ""/home/scratch.yanxu_gpu/fe-sites/computelab_trees/fe_develop_5567e2733/python/cudnn/_pygraph.py"", line 1547, in check_support
    self._lowered_graph.check_support()
cudnn._compiled_module.cudnnGraphNotSupportedError: [cudnn_frontend] Error: No execution plans support the graph.",,,
deepseek_v4,dsv4_pro-tp2,generation,cudnn_oss,bfloat16,bfloat16,128,1,131072,64,1,512,512,mla_absorbed,,64,11.599447,189.58,1482.54,82.731,20,True,,NVIDIA RTX PRO 6000 Blackwell Server Edition,cudnn_oss plan=sdpa_fwd_prefill_sm120[PACK_GQA=1; SCHED_POLICY=0; SPLIT_KV=16; TILE_CGA_M=1; TILE_M=64; TILE_N=32],
deepseek_v4,dsv4_pro-tp2,generation,cudnn_oss,bfloat16,fp8_e4m3,128,1,131072,64,1,512,512,mla_absorbed,,64,inf,0.0,0.0,,20,False,"                 ^^^^^^^^^^^^^^^^^^^^^^^^^^^^^^^^^
  File ""/home/scratch.yanxu_gpu/fe-sites/computelab_trees/fe_develop_5567e2733/benchmark/attention_inference/benchmark_single_attention.py"", line 270, in setup_cudnn_oss
    return setup_cudnn(args, dtype, oss=True)
           ^^^^^^^^^^^^^^^^^^^^^^^^^^^^^^^^^^
  File ""/home/scratch.yanxu_gpu/fe-sites/computelab_trees/fe_develop_5567e2733/benchmark/attention_inference/benchmark_single_attention.py"", line 167, in setup_cudnn
    return setup_cudnn_fp8(args, cudnn, oss=oss)
           ^^^^^^^^^^^^^^^^^^^^^^^^^^^^^^^^^^^^^
  File ""/home/scratch.yanxu_gpu/fe-sites/computelab_trees/fe_develop_5567e2733/benchmark/attention_inference/benchmark_single_attention.py"", line 336, in setup_cudnn_fp8
    graph.check_support()
  File ""/home/scratch.yanxu_gpu/fe-sites/computelab_trees/fe_develop_5567e2733/python/cudnn/_pygraph.py"", line 1547, in check_support
    self._lowered_graph.check_support()
cudnn._compiled_module.cudnnGraphNotSupportedError: [cudnn_frontend] Error: No execution plans support the graph.",,,
deepseek_v4,dsv4_pro-tp2,generation,cudnn_oss,bfloat16,bfloat16,1,2,131072,64,1,512,512,mla_absorbed,,64,0.241154,142.48,557.651,31.1189,20,True,,NVIDIA RTX PRO 6000 Blackwell Server Edition,cudnn_oss plan=sdpa_fwd_prefill_sm120[PACK_GQA=1; SCHED_POLICY=0; SPLIT_KV=64; TILE_CGA_M=1; TILE_M=64; TILE_N=32],
deepseek_v4,dsv4_pro-tp2,generation,cudnn_oss,bfloat16,fp8_e4m3,1,2,131072,64,1,512,512,mla_absorbed,,64,inf,0.0,0.0,,20,False,"                 ^^^^^^^^^^^^^^^^^^^^^^^^^^^^^^^^^
  File ""/home/scratch.yanxu_gpu/fe-sites/computelab_trees/fe_develop_5567e2733/benchmark/attention_inference/benchmark_single_attention.py"", line 270, in setup_cudnn_oss
    return setup_cudnn(args, dtype, oss=True)
           ^^^^^^^^^^^^^^^^^^^^^^^^^^^^^^^^^^
  File ""/home/scratch.yanxu_gpu/fe-sites/computelab_trees/fe_develop_5567e2733/benchmark/attention_inference/benchmark_single_attention.py"", line 167, in setup_cudnn
    return setup_cudnn_fp8(args, cudnn, oss=oss)
           ^^^^^^^^^^^^^^^^^^^^^^^^^^^^^^^^^^^^^
  File ""/home/scratch.yanxu_gpu/fe-sites/computelab_trees/fe_develop_5567e2733/benchmark/attention_inference/benchmark_single_attention.py"", line 336, in setup_cudnn_fp8
    graph.check_support()
  File ""/home/scratch.yanxu_gpu/fe-sites/computelab_trees/fe_develop_5567e2733/python/cudnn/_pygraph.py"", line 1547, in check_support
    self._lowered_graph.check_support()
cudnn._compiled_module.cudnnGraphNotSupportedError: [cudnn_frontend] Error: No execution plans support the graph.",,,
deepseek_v4,dsv4_pro-tp2,generation,cudnn_oss,bfloat16,bfloat16,128,2,131072,64,1,512,512,mla_absorbed,,64,12.923127,340.324,1331.986,74.3296,20,True,,NVIDIA RTX PRO 6000 Blackwell Server Edition,cudnn_oss plan=sdpa_fwd_prefill_sm120[PACK_GQA=1; SCHED_POLICY=0; SPLIT_KV=8; TILE_CGA_M=1; TILE_M=64; TILE_N=32],
deepseek_v4,dsv4_pro-tp2,generation,cudnn_oss,bfloat16,fp8_e4m3,128,2,131072,64,1,512,512,mla_absorbed,,64,inf,0.0,0.0,,20,False,"                 ^^^^^^^^^^^^^^^^^^^^^^^^^^^^^^^^^
  File ""/home/scratch.yanxu_gpu/fe-sites/computelab_trees/fe_develop_5567e2733/benchmark/attention_inference/benchmark_single_attention.py"", line 270, in setup_cudnn_oss
    return setup_cudnn(args, dtype, oss=True)
           ^^^^^^^^^^^^^^^^^^^^^^^^^^^^^^^^^^
  File ""/home/scratch.yanxu_gpu/fe-sites/computelab_trees/fe_develop_5567e2733/benchmark/attention_inference/benchmark_single_attention.py"", line 167, in setup_cudnn
    return setup_cudnn_fp8(args, cudnn, oss=oss)
           ^^^^^^^^^^^^^^^^^^^^^^^^^^^^^^^^^^^^^
  File ""/home/scratch.yanxu_gpu/fe-sites/computelab_trees/fe_develop_5567e2733/benchmark/attention_inference/benchmark_single_attention.py"", line 336, in setup_cudnn_fp8
    graph.check_support()
  File ""/home/scratch.yanxu_gpu/fe-sites/computelab_trees/fe_develop_5567e2733/python/cudnn/_pygraph.py"", line 1547, in check_support
    self._lowered_graph.check_support()
cudnn._compiled_module.cudnnGraphNotSupportedError: [cudnn_frontend] Error: No execution plans support the graph.",,,
deepseek_v4,dsv4_pro-tp2,generation,cudnn_oss,bfloat16,bfloat16,1,3,131072,64,1,512,512,mla_absorbed,,64,0.315808,163.199,426.243,23.7859,20,True,,NVIDIA RTX PRO 6000 Blackwell Server Edition,cudnn_oss plan=sdpa_fwd_prefill_sm120[PACK_GQA=1; SCHED_POLICY=0; SPLIT_KV=32; TILE_CGA_M=1; TILE_M=64; TILE_N=32],
deepseek_v4,dsv4_pro-tp2,generation,cudnn_oss,bfloat16,fp8_e4m3,1,3,131072,64,1,512,512,mla_absorbed,,64,inf,0.0,0.0,,20,False,"                 ^^^^^^^^^^^^^^^^^^^^^^^^^^^^^^^^^
  File ""/home/scratch.yanxu_gpu/fe-sites/computelab_trees/fe_develop_5567e2733/benchmark/attention_inference/benchmark_single_attention.py"", line 270, in setup_cudnn_oss
    return setup_cudnn(args, dtype, oss=True)
           ^^^^^^^^^^^^^^^^^^^^^^^^^^^^^^^^^^
  File ""/home/scratch.yanxu_gpu/fe-sites/computelab_trees/fe_develop_5567e2733/benchmark/attention_inference/benchmark_single_attention.py"", line 167, in setup_cudnn
    return setup_cudnn_fp8(args, cudnn, oss=oss)
           ^^^^^^^^^^^^^^^^^^^^^^^^^^^^^^^^^^^^^
  File ""/home/scratch.yanxu_gpu/fe-sites/computelab_trees/fe_develop_5567e2733/benchmark/attention_inference/benchmark_single_attention.py"", line 336, in setup_cudnn_fp8
    graph.check_support()
  File ""/home/scratch.yanxu_gpu/fe-sites/computelab_trees/fe_develop_5567e2733/python/cudnn/_pygraph.py"", line 1547, in check_support
    self._lowered_graph.check_support()
cudnn._compiled_module.cudnnGraphNotSupportedError: [cudnn_frontend] Error: No execution plans support the graph.",,,
deepseek_v4,dsv4_pro-tp2,generation,cudnn_oss,bfloat16,bfloat16,128,3,131072,64,1,512,512,mla_absorbed,,64,19.513943,338.07,882.969,49.2728,20,True,,NVIDIA RTX PRO 6000 Blackwell Server Edition,cudnn_oss plan=sdpa_fwd_prefill_sm120[PACK_GQA=1; SCHED_POLICY=0; SPLIT_KV=8; TILE_CGA_M=1; TILE_M=64; TILE_N=32],
deepseek_v4,dsv4_pro-tp2,generation,cudnn_oss,bfloat16,fp8_e4m3,128,3,131072,64,1,512,512,mla_absorbed,,64,inf,0.0,0.0,,20,False,"                 ^^^^^^^^^^^^^^^^^^^^^^^^^^^^^^^^^
  File ""/home/scratch.yanxu_gpu/fe-sites/computelab_trees/fe_develop_5567e2733/benchmark/attention_inference/benchmark_single_attention.py"", line 270, in setup_cudnn_oss
    return setup_cudnn(args, dtype, oss=True)
           ^^^^^^^^^^^^^^^^^^^^^^^^^^^^^^^^^^
  File ""/home/scratch.yanxu_gpu/fe-sites/computelab_trees/fe_develop_5567e2733/benchmark/attention_inference/benchmark_single_attention.py"", line 167, in setup_cudnn
    return setup_cudnn_fp8(args, cudnn, oss=oss)
           ^^^^^^^^^^^^^^^^^^^^^^^^^^^^^^^^^^^^^
  File ""/home/scratch.yanxu_gpu/fe-sites/computelab_trees/fe_develop_5567e2733/benchmark/attention_inference/benchmark_single_attention.py"", line 336, in setup_cudnn_fp8
    graph.check_support()
  File ""/home/scratch.yanxu_gpu/fe-sites/computelab_trees/fe_develop_5567e2733/python/cudnn/_pygraph.py"", line 1547, in check_support
    self._lowered_graph.check_support()
cudnn._compiled_module.cudnnGraphNotSupportedError: [cudnn_frontend] Error: No execution plans support the graph.",,,
deepseek_v4,dsv4_pro-tp2,generation,cudnn_oss,bfloat16,bfloat16,1,4,131072,64,1,512,512,mla_absorbed,,64,0.320641,214.319,420.227,23.4502,20,True,,NVIDIA RTX PRO 6000 Blackwell Server Edition,cudnn_oss plan=sdpa_fwd_prefill_sm120[PACK_GQA=1; SCHED_POLICY=0; SPLIT_KV=32; TILE_CGA_M=1; TILE_M=64; TILE_N=32],
deepseek_v4,dsv4_pro-tp2,generation,cudnn_oss,bfloat16,fp8_e4m3,1,4,131072,64,1,512,512,mla_absorbed,,64,inf,0.0,0.0,,20,False,"                 ^^^^^^^^^^^^^^^^^^^^^^^^^^^^^^^^^
  File ""/home/scratch.yanxu_gpu/fe-sites/computelab_trees/fe_develop_5567e2733/benchmark/attention_inference/benchmark_single_attention.py"", line 270, in setup_cudnn_oss
    return setup_cudnn(args, dtype, oss=True)
           ^^^^^^^^^^^^^^^^^^^^^^^^^^^^^^^^^^
  File ""/home/scratch.yanxu_gpu/fe-sites/computelab_trees/fe_develop_5567e2733/benchmark/attention_inference/benchmark_single_attention.py"", line 167, in setup_cudnn
    return setup_cudnn_fp8(args, cudnn, oss=oss)
           ^^^^^^^^^^^^^^^^^^^^^^^^^^^^^^^^^^^^^
  File ""/home/scratch.yanxu_gpu/fe-sites/computelab_trees/fe_develop_5567e2733/benchmark/attention_inference/benchmark_single_attention.py"", line 336, in setup_cudnn_fp8
    graph.check_support()
  File ""/home/scratch.yanxu_gpu/fe-sites/computelab_trees/fe_develop_5567e2733/python/cudnn/_pygraph.py"", line 1547, in check_support
    self._lowered_graph.check_support()
cudnn._compiled_module.cudnnGraphNotSupportedError: [cudnn_frontend] Error: No execution plans support the graph.",,,
deepseek_v4,dsv4_pro-tp2,generation,cudnn_oss,bfloat16,bfloat16,128,4,131072,64,1,512,512,mla_absorbed,,64,25.62036,343.324,673.175,37.5656,20,True,,NVIDIA RTX PRO 6000 Blackwell Server Edition,cudnn_oss plan=sdpa_fwd_prefill_sm120[PACK_GQA=1; SCHED_POLICY=0; SPLIT_KV=4; TILE_CGA_M=1; TILE_M=64; TILE_N=32],
deepseek_v4,dsv4_pro-tp2,generation,cudnn_oss,bfloat16,fp8_e4m3,128,4,131072,64,1,512,512,mla_absorbed,,64,inf,0.0,0.0,,20,False,"                 ^^^^^^^^^^^^^^^^^^^^^^^^^^^^^^^^^
  File ""/home/scratch.yanxu_gpu/fe-sites/computelab_trees/fe_develop_5567e2733/benchmark/attention_inference/benchmark_single_attention.py"", line 270, in setup_cudnn_oss
    return setup_cudnn(args, dtype, oss=True)
           ^^^^^^^^^^^^^^^^^^^^^^^^^^^^^^^^^^
  File ""/home/scratch.yanxu_gpu/fe-sites/computelab_trees/fe_develop_5567e2733/benchmark/attention_inference/benchmark_single_attention.py"", line 167, in setup_cudnn
    return setup_cudnn_fp8(args, cudnn, oss=oss)
           ^^^^^^^^^^^^^^^^^^^^^^^^^^^^^^^^^^^^^
  File ""/home/scratch.yanxu_gpu/fe-sites/computelab_trees/fe_develop_5567e2733/benchmark/attention_inference/benchmark_single_attention.py"", line 336, in setup_cudnn_fp8
    graph.check_support()
  File ""/home/scratch.yanxu_gpu/fe-sites/computelab_trees/fe_develop_5567e2733/python/cudnn/_pygraph.py"", line 1547, in check_support
    self._lowered_graph.check_support()
cudnn._compiled_module.cudnnGraphNotSupportedError: [cudnn_frontend] Error: No execution plans support the graph.",,,
deepseek_v4,dsv4_pro-tp4,context,cudnn,bfloat16,bfloat16,1,2048,2048,32,1,512,512,mla_absorbed,,64,1.628723,84.384,83.694,4.6704,20,True,,NVIDIA RTX PRO 6000 Blackwell Server Edition,cudnn 9.27.0,
deepseek_v4,dsv4_pro-tp4,context,cudnn,bfloat16,bfloat16,1,8192,8192,32,1,512,512,mla_absorbed,,64,23.665193,92.922,23.041,1.2857,20,True,,NVIDIA RTX PRO 6000 Blackwell Server Edition,cudnn 9.27.0,
deepseek_v4,dsv4_pro-tp4,context,cudnn,bfloat16,bfloat16,1,512,65536,32,1,512,512,mla_absorbed,,64,25.356534,86.724,3.97,0.2215,20,True,,NVIDIA RTX PRO 6000 Blackwell Server Edition,cudnn 9.27.0,
deepseek_v4,dsv4_pro-tp4,context,cudnn,bfloat16,bfloat16,1,512,131072,32,1,512,512,mla_absorbed,,64,51.18009,85.933,3.278,0.1829,20,True,,NVIDIA RTX PRO 6000 Blackwell Server Edition,cudnn 9.27.0,
deepseek_v4,dsv4_pro-tp4,context,cudnn,bfloat16,bfloat16,1,1024,65536,32,1,512,512,mla_absorbed,,64,49.114431,89.547,2.733,0.1525,20,True,,NVIDIA RTX PRO 6000 Blackwell Server Edition,cudnn 9.27.0,
deepseek_v4,dsv4_pro-tp4,context,cudnn,bfloat16,bfloat16,1,1024,131072,32,1,512,512,mla_absorbed,,64,98.523763,89.279,2.043,0.114,20,True,,NVIDIA RTX PRO 6000 Blackwell Server Edition,cudnn 9.27.0,
deepseek_v4,dsv4_pro-tp4,generation,cudnn,bfloat16,bfloat16,1,1,131072,32,1,512,512,mla_absorbed,,64,0.323328,26.567,415.316,23.1761,20,True,,NVIDIA RTX PRO 6000 Blackwell Server Edition,cudnn 9.27.0,
deepseek_v4,dsv4_pro-tp4,generation,cudnn,bfloat16,fp8_e4m3,1,1,131072,32,1,512,512,mla_absorbed,,64,inf,0.0,0.0,,20,False,"Warning: CUDNN_STATUS_NOT_SUPPORTED_GRAPH_PATTERN; Reason: process_knob_choices()
Warning: CUDNN_STATUS_NOT_SUPPORTED; Reason: (CUDNN_STATUS_NOT_INITIALIZED == status) || (CUDNN_STATUS_NOT_SUPPORTED == ((status) / 1000 * 1000))
Warning: CUDNN_STATUS_NOT_SUPPORTED; Reason: ptr->isSupported()
Warning: CUDNN_STATUS_NOT_SUPPORTED; Reason: finalize_internal()

{""engineId"":18,""smVersion"":1200,""knobChoices"":{""CUDNN_KNOB_TYPE_KERNEL_CFG"":-1,""CUDNN_KNOB_TYPE_TILE_CGA_M"":-1,""CUDNN_KNOB_TYPE_STREAM_K"":-1,""CUDNN_KNOB_TYPE_TILE_M"":-1,""CUDNN_KNOB_TYPE_TILE_N"":-1}}
Warning: CUDNN_STATUS_NOT_SUPPORTED_ARCH_MISMATCH; Reason: only Rubin is supported for this engine at: !(1070 <= deviceVer && deviceVer < 1100)
Warning: CUDNN_STATUS_NOT_SUPPORTED; Reason: (CUDNN_STATUS_NOT_INITIALIZED == status) || (CUDNN_STATUS_NOT_SUPPORTED == ((status) / 1000 * 1000))
Warning: CUDNN_STATUS_NOT_SUPPORTED; Reason: ptr->isSupported()
Warning: CUDNN_STATUS_NOT_SUPPORTED; Reason: finalize_internal()

)",,,
deepseek_v4,dsv4_pro-tp4,generation,cudnn,bfloat16,bfloat16,128,1,131072,32,1,512,512,mla_absorbed,,64,36.555768,30.078,470.193,26.2384,20,True,,NVIDIA RTX PRO 6000 Blackwell Server Edition,cudnn 9.27.0,
deepseek_v4,dsv4_pro-tp4,generation,cudnn,bfloat16,fp8_e4m3,128,1,131072,32,1,512,512,mla_absorbed,,64,inf,0.0,0.0,,20,False,"Warning: CUDNN_STATUS_NOT_SUPPORTED_GRAPH_PATTERN; Reason: process_knob_choices()
Warning: CUDNN_STATUS_NOT_SUPPORTED; Reason: (CUDNN_STATUS_NOT_INITIALIZED == status) || (CUDNN_STATUS_NOT_SUPPORTED == ((status) / 1000 * 1000))
Warning: CUDNN_STATUS_NOT_SUPPORTED; Reason: ptr->isSupported()
Warning: CUDNN_STATUS_NOT_SUPPORTED; Reason: finalize_internal()

{""engineId"":18,""smVersion"":1200,""knobChoices"":{""CUDNN_KNOB_TYPE_KERNEL_CFG"":-1,""CUDNN_KNOB_TYPE_TILE_CGA_M"":-1,""CUDNN_KNOB_TYPE_STREAM_K"":-1,""CUDNN_KNOB_TYPE_TILE_M"":-1,""CUDNN_KNOB_TYPE_TILE_N"":-1}}
Warning: CUDNN_STATUS_NOT_SUPPORTED_ARCH_MISMATCH; Reason: only Rubin is supported for this engine at: !(1070 <= deviceVer && deviceVer < 1100)
Warning: CUDNN_STATUS_NOT_SUPPORTED; Reason: (CUDNN_STATUS_NOT_INITIALIZED == status) || (CUDNN_STATUS_NOT_SUPPORTED == ((status) / 1000 * 1000))
Warning: CUDNN_STATUS_NOT_SUPPORTED; Reason: ptr->isSupported()
Warning: CUDNN_STATUS_NOT_SUPPORTED; Reason: finalize_internal()

)",,,
deepseek_v4,dsv4_pro-tp4,generation,cudnn,bfloat16,bfloat16,1,2,131072,32,1,512,512,mla_absorbed,,64,11.02104,1.559,12.19,0.6803,20,True,,NVIDIA RTX PRO 6000 Blackwell Server Edition,cudnn 9.27.0,
deepseek_v4,dsv4_pro-tp4,generation,cudnn,bfloat16,fp8_e4m3,1,2,131072,32,1,512,512,mla_absorbed,,64,inf,0.0,0.0,,20,False,"Warning: CUDNN_STATUS_NOT_SUPPORTED_GRAPH_PATTERN; Reason: process_knob_choices()
Warning: CUDNN_STATUS_NOT_SUPPORTED; Reason: (CUDNN_STATUS_NOT_INITIALIZED == status) || (CUDNN_STATUS_NOT_SUPPORTED == ((status) / 1000 * 1000))
Warning: CUDNN_STATUS_NOT_SUPPORTED; Reason: ptr->isSupported()
Warning: CUDNN_STATUS_NOT_SUPPORTED; Reason: finalize_internal()

{""engineId"":18,""smVersion"":1200,""knobChoices"":{""CUDNN_KNOB_TYPE_KERNEL_CFG"":-1,""CUDNN_KNOB_TYPE_TILE_CGA_M"":-1,""CUDNN_KNOB_TYPE_STREAM_K"":-1,""CUDNN_KNOB_TYPE_TILE_M"":-1,""CUDNN_KNOB_TYPE_TILE_N"":-1}}
Warning: CUDNN_STATUS_NOT_SUPPORTED_ARCH_MISMATCH; Reason: only Rubin is supported for this engine at: !(1070 <= deviceVer && deviceVer < 1100)
Warning: CUDNN_STATUS_NOT_SUPPORTED; Reason: (CUDNN_STATUS_NOT_INITIALIZED == status) || (CUDNN_STATUS_NOT_SUPPORTED == ((status) / 1000 * 1000))
Warning: CUDNN_STATUS_NOT_SUPPORTED; Reason: ptr->isSupported()
Warning: CUDNN_STATUS_NOT_SUPPORTED; Reason: finalize_internal()

)",,,
deepseek_v4,dsv4_pro-tp4,generation,cudnn,bfloat16,bfloat16,128,2,131072,32,1,512,512,mla_absorbed,,64,529.350563,4.154,32.486,1.8129,20,True,,NVIDIA RTX PRO 6000 Blackwell Server Edition,cudnn 9.27.0,
deepseek_v4,dsv4_pro-tp4,generation,cudnn,bfloat16,fp8_e4m3,128,2,131072,32,1,512,512,mla_absorbed,,64,inf,0.0,0.0,,20,False,"Warning: CUDNN_STATUS_NOT_SUPPORTED_GRAPH_PATTERN; Reason: process_knob_choices()
Warning: CUDNN_STATUS_NOT_SUPPORTED; Reason: (CUDNN_STATUS_NOT_INITIALIZED == status) || (CUDNN_STATUS_NOT_SUPPORTED == ((status) / 1000 * 1000))
Warning: CUDNN_STATUS_NOT_SUPPORTED; Reason: ptr->isSupported()
Warning: CUDNN_STATUS_NOT_SUPPORTED; Reason: finalize_internal()

{""engineId"":18,""smVersion"":1200,""knobChoices"":{""CUDNN_KNOB_TYPE_KERNEL_CFG"":-1,""CUDNN_KNOB_TYPE_TILE_CGA_M"":-1,""CUDNN_KNOB_TYPE_STREAM_K"":-1,""CUDNN_KNOB_TYPE_TILE_M"":-1,""CUDNN_KNOB_TYPE_TILE_N"":-1}}
Warning: CUDNN_STATUS_NOT_SUPPORTED_ARCH_MISMATCH; Reason: only Rubin is supported for this engine at: !(1070 <= deviceVer && deviceVer < 1100)
Warning: CUDNN_STATUS_NOT_SUPPORTED; Reason: (CUDNN_STATUS_NOT_INITIALIZED == status) || (CUDNN_STATUS_NOT_SUPPORTED == ((status) / 1000 * 1000))
Warning: CUDNN_STATUS_NOT_SUPPORTED; Reason: ptr->isSupported()
Warning: CUDNN_STATUS_NOT_SUPPORTED; Reason: finalize_internal()

)",,,
deepseek_v4,dsv4_pro-tp4,generation,cudnn,bfloat16,bfloat16,1,3,131072,32,1,512,512,mla_absorbed,,64,11.022224,2.338,12.195,0.6805,20,True,,NVIDIA RTX PRO 6000 Blackwell Server Edition,cudnn 9.27.0,
deepseek_v4,dsv4_pro-tp4,generation,cudnn,bfloat16,fp8_e4m3,1,3,131072,32,1,512,512,mla_absorbed,,64,inf,0.0,0.0,,20,False,"Warning: CUDNN_STATUS_NOT_SUPPORTED_GRAPH_PATTERN; Reason: process_knob_choices()
Warning: CUDNN_STATUS_NOT_SUPPORTED; Reason: (CUDNN_STATUS_NOT_INITIALIZED == status) || (CUDNN_STATUS_NOT_SUPPORTED == ((status) / 1000 * 1000))
Warning: CUDNN_STATUS_NOT_SUPPORTED; Reason: ptr->isSupported()
Warning: CUDNN_STATUS_NOT_SUPPORTED; Reason: finalize_internal()

{""engineId"":18,""smVersion"":1200,""knobChoices"":{""CUDNN_KNOB_TYPE_KERNEL_CFG"":-1,""CUDNN_KNOB_TYPE_TILE_CGA_M"":-1,""CUDNN_KNOB_TYPE_STREAM_K"":-1,""CUDNN_KNOB_TYPE_TILE_M"":-1,""CUDNN_KNOB_TYPE_TILE_N"":-1}}
Warning: CUDNN_STATUS_NOT_SUPPORTED_ARCH_MISMATCH; Reason: only Rubin is supported for this engine at: !(1070 <= deviceVer && deviceVer < 1100)
Warning: CUDNN_STATUS_NOT_SUPPORTED; Reason: (CUDNN_STATUS_NOT_INITIALIZED == status) || (CUDNN_STATUS_NOT_SUPPORTED == ((status) / 1000 * 1000))
Warning: CUDNN_STATUS_NOT_SUPPORTED; Reason: ptr->isSupported()
Warning: CUDNN_STATUS_NOT_SUPPORTED; Reason: finalize_internal()

)",,,
deepseek_v4,dsv4_pro-tp4,generation,cudnn,bfloat16,bfloat16,128,3,131072,32,1,512,512,mla_absorbed,,64,536.190681,6.152,32.088,1.7906,20,True,,NVIDIA RTX PRO 6000 Blackwell Server Edition,cudnn 9.27.0,
deepseek_v4,dsv4_pro-tp4,generation,cudnn,bfloat16,fp8_e4m3,128,3,131072,32,1,512,512,mla_absorbed,,64,inf,0.0,0.0,,20,False,"Warning: CUDNN_STATUS_NOT_SUPPORTED_GRAPH_PATTERN; Reason: process_knob_choices()
Warning: CUDNN_STATUS_NOT_SUPPORTED; Reason: (CUDNN_STATUS_NOT_INITIALIZED == status) || (CUDNN_STATUS_NOT_SUPPORTED == ((status) / 1000 * 1000))
Warning: CUDNN_STATUS_NOT_SUPPORTED; Reason: ptr->isSupported()
Warning: CUDNN_STATUS_NOT_SUPPORTED; Reason: finalize_internal()

{""engineId"":18,""smVersion"":1200,""knobChoices"":{""CUDNN_KNOB_TYPE_KERNEL_CFG"":-1,""CUDNN_KNOB_TYPE_TILE_CGA_M"":-1,""CUDNN_KNOB_TYPE_STREAM_K"":-1,""CUDNN_KNOB_TYPE_TILE_M"":-1,""CUDNN_KNOB_TYPE_TILE_N"":-1}}
Warning: CUDNN_STATUS_NOT_SUPPORTED_ARCH_MISMATCH; Reason: only Rubin is supported for this engine at: !(1070 <= deviceVer && deviceVer < 1100)
Warning: CUDNN_STATUS_NOT_SUPPORTED; Reason: (CUDNN_STATUS_NOT_INITIALIZED == status) || (CUDNN_STATUS_NOT_SUPPORTED == ((status) / 1000 * 1000))
Warning: CUDNN_STATUS_NOT_SUPPORTED; Reason: ptr->isSupported()
Warning: CUDNN_STATUS_NOT_SUPPORTED; Reason: finalize_internal()

)",,,
deepseek_v4,dsv4_pro-tp4,generation,cudnn,bfloat16,bfloat16,1,4,131072,32,1,512,512,mla_absorbed,,64,11.024635,3.117,12.198,0.6807,20,True,,NVIDIA RTX PRO 6000 Blackwell Server Edition,cudnn 9.27.0,
deepseek_v4,dsv4_pro-tp4,generation,cudnn,bfloat16,fp8_e4m3,1,4,131072,32,1,512,512,mla_absorbed,,64,inf,0.0,0.0,,20,False,"Warning: CUDNN_STATUS_NOT_SUPPORTED_GRAPH_PATTERN; Reason: process_knob_choices()
Warning: CUDNN_STATUS_NOT_SUPPORTED; Reason: (CUDNN_STATUS_NOT_INITIALIZED == status) || (CUDNN_STATUS_NOT_SUPPORTED == ((status) / 1000 * 1000))
Warning: CUDNN_STATUS_NOT_SUPPORTED; Reason: ptr->isSupported()
Warning: CUDNN_STATUS_NOT_SUPPORTED; Reason: finalize_internal()

{""engineId"":18,""smVersion"":1200,""knobChoices"":{""CUDNN_KNOB_TYPE_KERNEL_CFG"":-1,""CUDNN_KNOB_TYPE_TILE_CGA_M"":-1,""CUDNN_KNOB_TYPE_STREAM_K"":-1,""CUDNN_KNOB_TYPE_TILE_M"":-1,""CUDNN_KNOB_TYPE_TILE_N"":-1}}
Warning: CUDNN_STATUS_NOT_SUPPORTED_ARCH_MISMATCH; Reason: only Rubin is supported for this engine at: !(1070 <= deviceVer && deviceVer < 1100)
Warning: CUDNN_STATUS_NOT_SUPPORTED; Reason: (CUDNN_STATUS_NOT_INITIALIZED == status) || (CUDNN_STATUS_NOT_SUPPORTED == ((status) / 1000 * 1000))
Warning: CUDNN_STATUS_NOT_SUPPORTED; Reason: ptr->isSupported()
Warning: CUDNN_STATUS_NOT_SUPPORTED; Reason: finalize_internal()

)",,,
deepseek_v4,dsv4_pro-tp4,generation,cudnn,bfloat16,bfloat16,128,4,131072,32,1,512,512,mla_absorbed,,64,539.812598,8.147,31.888,1.7795,20,True,,NVIDIA RTX PRO 6000 Blackwell Server Edition,cudnn 9.27.0,
deepseek_v4,dsv4_pro-tp4,generation,cudnn,bfloat16,fp8_e4m3,128,4,131072,32,1,512,512,mla_absorbed,,64,inf,0.0,0.0,,20,False,"Warning: CUDNN_STATUS_NOT_SUPPORTED_GRAPH_PATTERN; Reason: process_knob_choices()
Warning: CUDNN_STATUS_NOT_SUPPORTED; Reason: (CUDNN_STATUS_NOT_INITIALIZED == status) || (CUDNN_STATUS_NOT_SUPPORTED == ((status) / 1000 * 1000))
Warning: CUDNN_STATUS_NOT_SUPPORTED; Reason: ptr->isSupported()
Warning: CUDNN_STATUS_NOT_SUPPORTED; Reason: finalize_internal()

{""engineId"":18,""smVersion"":1200,""knobChoices"":{""CUDNN_KNOB_TYPE_KERNEL_CFG"":-1,""CUDNN_KNOB_TYPE_TILE_CGA_M"":-1,""CUDNN_KNOB_TYPE_STREAM_K"":-1,""CUDNN_KNOB_TYPE_TILE_M"":-1,""CUDNN_KNOB_TYPE_TILE_N"":-1}}
Warning: CUDNN_STATUS_NOT_SUPPORTED_ARCH_MISMATCH; Reason: only Rubin is supported for this engine at: !(1070 <= deviceVer && deviceVer < 1100)
Warning: CUDNN_STATUS_NOT_SUPPORTED; Reason: (CUDNN_STATUS_NOT_INITIALIZED == status) || (CUDNN_STATUS_NOT_SUPPORTED == ((status) / 1000 * 1000))
Warning: CUDNN_STATUS_NOT_SUPPORTED; Reason: ptr->isSupported()
Warning: CUDNN_STATUS_NOT_SUPPORTED; Reason: finalize_internal()

)",,,
deepseek_v4,dsv4_pro-tp4,context,cudnn_oss,bfloat16,bfloat16,1,2048,2048,32,1,512,512,mla_absorbed,,64,0.447011,307.462,304.947,17.0172,20,True,,NVIDIA RTX PRO 6000 Blackwell Server Edition,cudnn_oss plan=sdpa_fwd_prefill_sm120[PACK_GQA=0; SCHED_POLICY=2; SPLIT_KV=1; TILE_CGA_M=1; TILE_M=64; TILE_N=32],
deepseek_v4,dsv4_pro-tp4,context,cudnn_oss,bfloat16,bfloat16,1,8192,8192,32,1,512,512,mla_absorbed,,64,6.10201,360.377,89.357,4.9865,20,True,,NVIDIA RTX PRO 6000 Blackwell Server Edition,cudnn_oss plan=sdpa_fwd_prefill_sm120[PACK_GQA=0; SCHED_POLICY=2; SPLIT_KV=1; TILE_CGA_M=1; TILE_M=64; TILE_N=32],
deepseek_v4,dsv4_pro-tp4,context,cudnn_oss,bfloat16,bfloat16,1,512,65536,32,1,512,512,mla_absorbed,,64,6.252641,351.695,16.099,0.8984,20,True,,NVIDIA RTX PRO 6000 Blackwell Server Edition,cudnn_oss plan=sdpa_fwd_prefill_sm120[PACK_GQA=0; SCHED_POLICY=0; SPLIT_KV=8; TILE_CGA_M=1; TILE_M=64; TILE_N=32],
deepseek_v4,dsv4_pro-tp4,context,cudnn_oss,bfloat16,bfloat16,1,512,131072,32,1,512,512,mla_absorbed,,64,12.246393,359.13,13.7,0.7645,20,True,,NVIDIA RTX PRO 6000 Blackwell Server Edition,cudnn_oss plan=sdpa_fwd_prefill_sm120[PACK_GQA=0; SCHED_POLICY=0; SPLIT_KV=8; TILE_CGA_M=1; TILE_M=64; TILE_N=32],
deepseek_v4,dsv4_pro-tp4,context,cudnn_oss,bfloat16,bfloat16,1,1024,65536,32,1,512,512,mla_absorbed,,64,12.199518,360.51,11.002,0.6139,20,True,,NVIDIA RTX PRO 6000 Blackwell Server Edition,cudnn_oss plan=sdpa_fwd_prefill_sm120[PACK_GQA=0; SCHED_POLICY=0; SPLIT_KV=4; TILE_CGA_M=1; TILE_M=64; TILE_N=32],
deepseek_v4,dsv4_pro-tp4,context,cudnn_oss,bfloat16,bfloat16,1,1024,131072,32,1,512,512,mla_absorbed,,64,24.24282,362.833,8.305,0.4634,20,True,,NVIDIA RTX PRO 6000 Blackwell Server Edition,cudnn_oss plan=sdpa_fwd_prefill_sm120[PACK_GQA=0; SCHED_POLICY=0; SPLIT_KV=4; TILE_CGA_M=1; TILE_M=64; TILE_N=32],
deepseek_v4,dsv4_pro-tp4,generation,cudnn_oss,bfloat16,bfloat16,1,1,131072,32,1,512,512,mla_absorbed,,64,0.27507,31.228,488.179,27.2421,20,True,,NVIDIA RTX PRO 6000 Blackwell Server Edition,cudnn_oss plan=sdpa_fwd_prefill_sm120[PACK_GQA=1; SCHED_POLICY=0; SPLIT_KV=128; TILE_CGA_M=1; TILE_M=64; TILE_N=32],
deepseek_v4,dsv4_pro-tp4,generation,cudnn_oss,bfloat16,fp8_e4m3,1,1,131072,32,1,512,512,mla_absorbed,,64,inf,0.0,0.0,,20,False,"                 ^^^^^^^^^^^^^^^^^^^^^^^^^^^^^^^^^
  File ""/home/scratch.yanxu_gpu/fe-sites/computelab_trees/fe_develop_5567e2733/benchmark/attention_inference/benchmark_single_attention.py"", line 270, in setup_cudnn_oss
    return setup_cudnn(args, dtype, oss=True)
           ^^^^^^^^^^^^^^^^^^^^^^^^^^^^^^^^^^
  File ""/home/scratch.yanxu_gpu/fe-sites/computelab_trees/fe_develop_5567e2733/benchmark/attention_inference/benchmark_single_attention.py"", line 167, in setup_cudnn
    return setup_cudnn_fp8(args, cudnn, oss=oss)
           ^^^^^^^^^^^^^^^^^^^^^^^^^^^^^^^^^^^^^
  File ""/home/scratch.yanxu_gpu/fe-sites/computelab_trees/fe_develop_5567e2733/benchmark/attention_inference/benchmark_single_attention.py"", line 336, in setup_cudnn_fp8
    graph.check_support()
  File ""/home/scratch.yanxu_gpu/fe-sites/computelab_trees/fe_develop_5567e2733/python/cudnn/_pygraph.py"", line 1547, in check_support
    self._lowered_graph.check_support()
cudnn._compiled_module.cudnnGraphNotSupportedError: [cudnn_frontend] Error: No execution plans support the graph.",,,
deepseek_v4,dsv4_pro-tp4,generation,cudnn_oss,bfloat16,bfloat16,128,1,131072,32,1,512,512,mla_absorbed,,64,11.429846,96.197,1503.805,83.9177,20,True,,NVIDIA RTX PRO 6000 Blackwell Server Edition,cudnn_oss plan=sdpa_fwd_prefill_sm120[PACK_GQA=1; SCHED_POLICY=0; SPLIT_KV=16; TILE_CGA_M=1; TILE_M=64; TILE_N=32],
deepseek_v4,dsv4_pro-tp4,generation,cudnn_oss,bfloat16,fp8_e4m3,128,1,131072,32,1,512,512,mla_absorbed,,64,inf,0.0,0.0,,20,False,"                 ^^^^^^^^^^^^^^^^^^^^^^^^^^^^^^^^^
  File ""/home/scratch.yanxu_gpu/fe-sites/computelab_trees/fe_develop_5567e2733/benchmark/attention_inference/benchmark_single_attention.py"", line 270, in setup_cudnn_oss
    return setup_cudnn(args, dtype, oss=True)
           ^^^^^^^^^^^^^^^^^^^^^^^^^^^^^^^^^^
  File ""/home/scratch.yanxu_gpu/fe-sites/computelab_trees/fe_develop_5567e2733/benchmark/attention_inference/benchmark_single_attention.py"", line 167, in setup_cudnn
    return setup_cudnn_fp8(args, cudnn, oss=oss)
           ^^^^^^^^^^^^^^^^^^^^^^^^^^^^^^^^^^^^^
  File ""/home/scratch.yanxu_gpu/fe-sites/computelab_trees/fe_develop_5567e2733/benchmark/attention_inference/benchmark_single_attention.py"", line 336, in setup_cudnn_fp8
    graph.check_support()
  File ""/home/scratch.yanxu_gpu/fe-sites/computelab_trees/fe_develop_5567e2733/python/cudnn/_pygraph.py"", line 1547, in check_support
    self._lowered_graph.check_support()
cudnn._compiled_module.cudnnGraphNotSupportedError: [cudnn_frontend] Error: No execution plans support the graph.",,,
deepseek_v4,dsv4_pro-tp4,generation,cudnn_oss,bfloat16,bfloat16,1,2,131072,32,1,512,512,mla_absorbed,,64,0.273346,62.85,491.497,27.4273,20,True,,NVIDIA RTX PRO 6000 Blackwell Server Edition,cudnn_oss plan=sdpa_fwd_prefill_sm120[PACK_GQA=1; SCHED_POLICY=0; SPLIT_KV=128; TILE_CGA_M=1; TILE_M=64; TILE_N=32],
deepseek_v4,dsv4_pro-tp4,generation,cudnn_oss,bfloat16,fp8_e4m3,1,2,131072,32,1,512,512,mla_absorbed,,64,inf,0.0,0.0,,20,False,"                 ^^^^^^^^^^^^^^^^^^^^^^^^^^^^^^^^^
  File ""/home/scratch.yanxu_gpu/fe-sites/computelab_trees/fe_develop_5567e2733/benchmark/attention_inference/benchmark_single_attention.py"", line 270, in setup_cudnn_oss
    return setup_cudnn(args, dtype, oss=True)
           ^^^^^^^^^^^^^^^^^^^^^^^^^^^^^^^^^^
  File ""/home/scratch.yanxu_gpu/fe-sites/computelab_trees/fe_develop_5567e2733/benchmark/attention_inference/benchmark_single_attention.py"", line 167, in setup_cudnn
    return setup_cudnn_fp8(args, cudnn, oss=oss)
           ^^^^^^^^^^^^^^^^^^^^^^^^^^^^^^^^^^^^^
  File ""/home/scratch.yanxu_gpu/fe-sites/computelab_trees/fe_develop_5567e2733/benchmark/attention_inference/benchmark_single_attention.py"", line 336, in setup_cudnn_fp8
    graph.check_support()
  File ""/home/scratch.yanxu_gpu/fe-sites/computelab_trees/fe_develop_5567e2733/python/cudnn/_pygraph.py"", line 1547, in check_support
    self._lowered_graph.check_support()
cudnn._compiled_module.cudnnGraphNotSupportedError: [cudnn_frontend] Error: No execution plans support the graph.",,,
deepseek_v4,dsv4_pro-tp4,generation,cudnn_oss,bfloat16,bfloat16,128,2,131072,32,1,512,512,mla_absorbed,,64,11.596839,189.623,1482.874,82.7496,20,True,,NVIDIA RTX PRO 6000 Blackwell Server Edition,cudnn_oss plan=sdpa_fwd_prefill_sm120[PACK_GQA=1; SCHED_POLICY=0; SPLIT_KV=16; TILE_CGA_M=1; TILE_M=64; TILE_N=32],
deepseek_v4,dsv4_pro-tp4,generation,cudnn_oss,bfloat16,fp8_e4m3,128,2,131072,32,1,512,512,mla_absorbed,,64,inf,0.0,0.0,,20,False,"                 ^^^^^^^^^^^^^^^^^^^^^^^^^^^^^^^^^
  File ""/home/scratch.yanxu_gpu/fe-sites/computelab_trees/fe_develop_5567e2733/benchmark/attention_inference/benchmark_single_attention.py"", line 270, in setup_cudnn_oss
    return setup_cudnn(args, dtype, oss=True)
           ^^^^^^^^^^^^^^^^^^^^^^^^^^^^^^^^^^
  File ""/home/scratch.yanxu_gpu/fe-sites/computelab_trees/fe_develop_5567e2733/benchmark/attention_inference/benchmark_single_attention.py"", line 167, in setup_cudnn
    return setup_cudnn_fp8(args, cudnn, oss=oss)
           ^^^^^^^^^^^^^^^^^^^^^^^^^^^^^^^^^^^^^
  File ""/home/scratch.yanxu_gpu/fe-sites/computelab_trees/fe_develop_5567e2733/benchmark/attention_inference/benchmark_single_attention.py"", line 336, in setup_cudnn_fp8
    graph.check_support()
  File ""/home/scratch.yanxu_gpu/fe-sites/computelab_trees/fe_develop_5567e2733/python/cudnn/_pygraph.py"", line 1547, in check_support
    self._lowered_graph.check_support()
cudnn._compiled_module.cudnnGraphNotSupportedError: [cudnn_frontend] Error: No execution plans support the graph.",,,
deepseek_v4,dsv4_pro-tp4,generation,cudnn_oss,bfloat16,bfloat16,1,3,131072,32,1,512,512,mla_absorbed,,64,0.24336,105.892,552.327,30.8218,20,True,,NVIDIA RTX PRO 6000 Blackwell Server Edition,cudnn_oss plan=sdpa_fwd_prefill_sm120[PACK_GQA=1; SCHED_POLICY=0; SPLIT_KV=64; TILE_CGA_M=1; TILE_M=64; TILE_N=32],
deepseek_v4,dsv4_pro-tp4,generation,cudnn_oss,bfloat16,fp8_e4m3,1,3,131072,32,1,512,512,mla_absorbed,,64,inf,0.0,0.0,,20,False,"                 ^^^^^^^^^^^^^^^^^^^^^^^^^^^^^^^^^
  File ""/home/scratch.yanxu_gpu/fe-sites/computelab_trees/fe_develop_5567e2733/benchmark/attention_inference/benchmark_single_attention.py"", line 270, in setup_cudnn_oss
    return setup_cudnn(args, dtype, oss=True)
           ^^^^^^^^^^^^^^^^^^^^^^^^^^^^^^^^^^
  File ""/home/scratch.yanxu_gpu/fe-sites/computelab_trees/fe_develop_5567e2733/benchmark/attention_inference/benchmark_single_attention.py"", line 167, in setup_cudnn
    return setup_cudnn_fp8(args, cudnn, oss=oss)
           ^^^^^^^^^^^^^^^^^^^^^^^^^^^^^^^^^^^^^
  File ""/home/scratch.yanxu_gpu/fe-sites/computelab_trees/fe_develop_5567e2733/benchmark/attention_inference/benchmark_single_attention.py"", line 336, in setup_cudnn_fp8
    graph.check_support()
  File ""/home/scratch.yanxu_gpu/fe-sites/computelab_trees/fe_develop_5567e2733/python/cudnn/_pygraph.py"", line 1547, in check_support
    self._lowered_graph.check_support()
cudnn._compiled_module.cudnnGraphNotSupportedError: [cudnn_frontend] Error: No execution plans support the graph.",,,
deepseek_v4,dsv4_pro-tp4,generation,cudnn_oss,bfloat16,bfloat16,128,3,131072,32,1,512,512,mla_absorbed,,64,12.687545,259.982,1356.057,75.6728,20,True,,NVIDIA RTX PRO 6000 Blackwell Server Edition,cudnn_oss plan=sdpa_fwd_prefill_sm120[PACK_GQA=1; SCHED_POLICY=0; SPLIT_KV=8; TILE_CGA_M=1; TILE_M=64; TILE_N=32],
deepseek_v4,dsv4_pro-tp4,generation,cudnn_oss,bfloat16,fp8_e4m3,128,3,131072,32,1,512,512,mla_absorbed,,64,inf,0.0,0.0,,20,False,"                 ^^^^^^^^^^^^^^^^^^^^^^^^^^^^^^^^^
  File ""/home/scratch.yanxu_gpu/fe-sites/computelab_trees/fe_develop_5567e2733/benchmark/attention_inference/benchmark_single_attention.py"", line 270, in setup_cudnn_oss
    return setup_cudnn(args, dtype, oss=True)
           ^^^^^^^^^^^^^^^^^^^^^^^^^^^^^^^^^^
  File ""/home/scratch.yanxu_gpu/fe-sites/computelab_trees/fe_develop_5567e2733/benchmark/attention_inference/benchmark_single_attention.py"", line 167, in setup_cudnn
    return setup_cudnn_fp8(args, cudnn, oss=oss)
           ^^^^^^^^^^^^^^^^^^^^^^^^^^^^^^^^^^^^^
  File ""/home/scratch.yanxu_gpu/fe-sites/computelab_trees/fe_develop_5567e2733/benchmark/attention_inference/benchmark_single_attention.py"", line 336, in setup_cudnn_fp8
    graph.check_support()
  File ""/home/scratch.yanxu_gpu/fe-sites/computelab_trees/fe_develop_5567e2733/python/cudnn/_pygraph.py"", line 1547, in check_support
    self._lowered_graph.check_support()
cudnn._compiled_module.cudnnGraphNotSupportedError: [cudnn_frontend] Error: No execution plans support the graph.",,,
deepseek_v4,dsv4_pro-tp4,generation,cudnn_oss,bfloat16,bfloat16,1,4,131072,32,1,512,512,mla_absorbed,,64,0.243393,141.17,552.522,30.8327,20,True,,NVIDIA RTX PRO 6000 Blackwell Server Edition,cudnn_oss plan=sdpa_fwd_prefill_sm120[PACK_GQA=1; SCHED_POLICY=0; SPLIT_KV=64; TILE_CGA_M=1; TILE_M=64; TILE_N=32],
deepseek_v4,dsv4_pro-tp4,generation,cudnn_oss,bfloat16,fp8_e4m3,1,4,131072,32,1,512,512,mla_absorbed,,64,inf,0.0,0.0,,20,False,"                 ^^^^^^^^^^^^^^^^^^^^^^^^^^^^^^^^^
  File ""/home/scratch.yanxu_gpu/fe-sites/computelab_trees/fe_develop_5567e2733/benchmark/attention_inference/benchmark_single_attention.py"", line 270, in setup_cudnn_oss
    return setup_cudnn(args, dtype, oss=True)
           ^^^^^^^^^^^^^^^^^^^^^^^^^^^^^^^^^^
  File ""/home/scratch.yanxu_gpu/fe-sites/computelab_trees/fe_develop_5567e2733/benchmark/attention_inference/benchmark_single_attention.py"", line 167, in setup_cudnn
    return setup_cudnn_fp8(args, cudnn, oss=oss)
           ^^^^^^^^^^^^^^^^^^^^^^^^^^^^^^^^^^^^^
  File ""/home/scratch.yanxu_gpu/fe-sites/computelab_trees/fe_develop_5567e2733/benchmark/attention_inference/benchmark_single_attention.py"", line 336, in setup_cudnn_fp8
    graph.check_support()
  File ""/home/scratch.yanxu_gpu/fe-sites/computelab_trees/fe_develop_5567e2733/python/cudnn/_pygraph.py"", line 1547, in check_support
    self._lowered_graph.check_support()
cudnn._compiled_module.cudnnGraphNotSupportedError: [cudnn_frontend] Error: No execution plans support the graph.",,,
deepseek_v4,dsv4_pro-tp4,generation,cudnn_oss,bfloat16,bfloat16,128,4,131072,32,1,512,512,mla_absorbed,,64,12.875174,341.591,1336.947,74.6064,20,True,,NVIDIA RTX PRO 6000 Blackwell Server Edition,cudnn_oss plan=sdpa_fwd_prefill_sm120[PACK_GQA=1; SCHED_POLICY=0; SPLIT_KV=8; TILE_CGA_M=1; TILE_M=64; TILE_N=32],
deepseek_v4,dsv4_pro-tp4,generation,cudnn_oss,bfloat16,fp8_e4m3,128,4,131072,32,1,512,512,mla_absorbed,,64,inf,0.0,0.0,,20,False,"                 ^^^^^^^^^^^^^^^^^^^^^^^^^^^^^^^^^
  File ""/home/scratch.yanxu_gpu/fe-sites/computelab_trees/fe_develop_5567e2733/benchmark/attention_inference/benchmark_single_attention.py"", line 270, in setup_cudnn_oss
    return setup_cudnn(args, dtype, oss=True)
           ^^^^^^^^^^^^^^^^^^^^^^^^^^^^^^^^^^
  File ""/home/scratch.yanxu_gpu/fe-sites/computelab_trees/fe_develop_5567e2733/benchmark/attention_inference/benchmark_single_attention.py"", line 167, in setup_cudnn
    return setup_cudnn_fp8(args, cudnn, oss=oss)
           ^^^^^^^^^^^^^^^^^^^^^^^^^^^^^^^^^^^^^
  File ""/home/scratch.yanxu_gpu/fe-sites/computelab_trees/fe_develop_5567e2733/benchmark/attention_inference/benchmark_single_attention.py"", line 336, in setup_cudnn_fp8
    graph.check_support()
  File ""/home/scratch.yanxu_gpu/fe-sites/computelab_trees/fe_develop_5567e2733/python/cudnn/_pygraph.py"", line 1547, in check_support
    self._lowered_graph.check_support()
cudnn._compiled_module.cudnnGraphNotSupportedError: [cudnn_frontend] Error: No execution plans support the graph.",,,
deepseek_v4,dsv4_pro-tp8,context,cudnn,bfloat16,bfloat16,1,2048,2048,16,1,512,512,mla_absorbed,,64,0.891915,77.047,77.593,4.3299,20,True,,NVIDIA RTX PRO 6000 Blackwell Server Edition,cudnn 9.27.0,
deepseek_v4,dsv4_pro-tp8,context,cudnn,bfloat16,bfloat16,1,8192,8192,16,1,512,512,mla_absorbed,,64,12.14597,90.525,22.791,1.2718,20,True,,NVIDIA RTX PRO 6000 Blackwell Server Edition,cudnn 9.27.0,
deepseek_v4,dsv4_pro-tp8,context,cudnn,bfloat16,bfloat16,1,512,65536,16,1,512,512,mla_absorbed,,64,15.843842,69.397,5.295,0.2955,20,True,,NVIDIA RTX PRO 6000 Blackwell Server Edition,cudnn 9.27.0,
deepseek_v4,dsv4_pro-tp8,context,cudnn,bfloat16,bfloat16,1,512,131072,16,1,512,512,mla_absorbed,,64,31.524324,69.756,4.79,0.2673,20,True,,NVIDIA RTX PRO 6000 Blackwell Server Edition,cudnn 9.27.0,
deepseek_v4,dsv4_pro-tp8,context,cudnn,bfloat16,bfloat16,1,1024,65536,16,1,512,512,mla_absorbed,,64,24.778653,88.747,4.063,0.2267,20,True,,NVIDIA RTX PRO 6000 Blackwell Server Edition,cudnn 9.27.0,
deepseek_v4,dsv4_pro-tp8,context,cudnn,bfloat16,bfloat16,1,1024,131072,16,1,512,512,mla_absorbed,,64,49.807269,88.301,3.368,0.188,20,True,,NVIDIA RTX PRO 6000 Blackwell Server Edition,cudnn 9.27.0,
deepseek_v4,dsv4_pro-tp8,generation,cudnn,bfloat16,bfloat16,1,1,131072,16,1,512,512,mla_absorbed,,64,0.219811,19.539,610.754,34.0823,20,True,,NVIDIA RTX PRO 6000 Blackwell Server Edition,cudnn 9.27.0,
deepseek_v4,dsv4_pro-tp8,generation,cudnn,bfloat16,fp8_e4m3,1,1,131072,16,1,512,512,mla_absorbed,,64,inf,0.0,0.0,,20,False,"Warning: CUDNN_STATUS_NOT_SUPPORTED_GRAPH_PATTERN; Reason: process_knob_choices()
Warning: CUDNN_STATUS_NOT_SUPPORTED; Reason: (CUDNN_STATUS_NOT_INITIALIZED == status) || (CUDNN_STATUS_NOT_SUPPORTED == ((status) / 1000 * 1000))
Warning: CUDNN_STATUS_NOT_SUPPORTED; Reason: ptr->isSupported()
Warning: CUDNN_STATUS_NOT_SUPPORTED; Reason: finalize_internal()

{""engineId"":18,""smVersion"":1200,""knobChoices"":{""CUDNN_KNOB_TYPE_KERNEL_CFG"":-1,""CUDNN_KNOB_TYPE_TILE_CGA_M"":-1,""CUDNN_KNOB_TYPE_STREAM_K"":-1,""CUDNN_KNOB_TYPE_TILE_M"":-1,""CUDNN_KNOB_TYPE_TILE_N"":-1}}
Warning: CUDNN_STATUS_NOT_SUPPORTED_ARCH_MISMATCH; Reason: only Rubin is supported for this engine at: !(1070 <= deviceVer && deviceVer < 1100)
Warning: CUDNN_STATUS_NOT_SUPPORTED; Reason: (CUDNN_STATUS_NOT_INITIALIZED == status) || (CUDNN_STATUS_NOT_SUPPORTED == ((status) / 1000 * 1000))
Warning: CUDNN_STATUS_NOT_SUPPORTED; Reason: ptr->isSupported()
Warning: CUDNN_STATUS_NOT_SUPPORTED; Reason: finalize_internal()

)",,,
deepseek_v4,dsv4_pro-tp8,generation,cudnn,bfloat16,bfloat16,128,1,131072,16,1,512,512,mla_absorbed,,64,18.446416,29.803,931.567,51.9847,20,True,,NVIDIA RTX PRO 6000 Blackwell Server Edition,cudnn 9.27.0,
deepseek_v4,dsv4_pro-tp8,generation,cudnn,bfloat16,fp8_e4m3,128,1,131072,16,1,512,512,mla_absorbed,,64,inf,0.0,0.0,,20,False,"Warning: CUDNN_STATUS_NOT_SUPPORTED_GRAPH_PATTERN; Reason: process_knob_choices()
Warning: CUDNN_STATUS_NOT_SUPPORTED; Reason: (CUDNN_STATUS_NOT_INITIALIZED == status) || (CUDNN_STATUS_NOT_SUPPORTED == ((status) / 1000 * 1000))
Warning: CUDNN_STATUS_NOT_SUPPORTED; Reason: ptr->isSupported()
Warning: CUDNN_STATUS_NOT_SUPPORTED; Reason: finalize_internal()

{""engineId"":18,""smVersion"":1200,""knobChoices"":{""CUDNN_KNOB_TYPE_KERNEL_CFG"":-1,""CUDNN_KNOB_TYPE_TILE_CGA_M"":-1,""CUDNN_KNOB_TYPE_STREAM_K"":-1,""CUDNN_KNOB_TYPE_TILE_M"":-1,""CUDNN_KNOB_TYPE_TILE_N"":-1}}
Warning: CUDNN_STATUS_NOT_SUPPORTED_ARCH_MISMATCH; Reason: only Rubin is supported for this engine at: !(1070 <= deviceVer && deviceVer < 1100)
Warning: CUDNN_STATUS_NOT_SUPPORTED; Reason: (CUDNN_STATUS_NOT_INITIALIZED == status) || (CUDNN_STATUS_NOT_SUPPORTED == ((status) / 1000 * 1000))
Warning: CUDNN_STATUS_NOT_SUPPORTED; Reason: ptr->isSupported()
Warning: CUDNN_STATUS_NOT_SUPPORTED; Reason: finalize_internal()

)",,,
deepseek_v4,dsv4_pro-tp8,generation,cudnn,bfloat16,bfloat16,1,2,131072,16,1,512,512,mla_absorbed,,64,11.025934,0.779,12.179,0.6796,20,True,,NVIDIA RTX PRO 6000 Blackwell Server Edition,cudnn 9.27.0,
deepseek_v4,dsv4_pro-tp8,generation,cudnn,bfloat16,fp8_e4m3,1,2,131072,16,1,512,512,mla_absorbed,,64,inf,0.0,0.0,,20,False,"Warning: CUDNN_STATUS_NOT_SUPPORTED_GRAPH_PATTERN; Reason: process_knob_choices()
Warning: CUDNN_STATUS_NOT_SUPPORTED; Reason: (CUDNN_STATUS_NOT_INITIALIZED == status) || (CUDNN_STATUS_NOT_SUPPORTED == ((status) / 1000 * 1000))
Warning: CUDNN_STATUS_NOT_SUPPORTED; Reason: ptr->isSupported()
Warning: CUDNN_STATUS_NOT_SUPPORTED; Reason: finalize_internal()

{""engineId"":18,""smVersion"":1200,""knobChoices"":{""CUDNN_KNOB_TYPE_KERNEL_CFG"":-1,""CUDNN_KNOB_TYPE_TILE_CGA_M"":-1,""CUDNN_KNOB_TYPE_STREAM_K"":-1,""CUDNN_KNOB_TYPE_TILE_M"":-1,""CUDNN_KNOB_TYPE_TILE_N"":-1}}
Warning: CUDNN_STATUS_NOT_SUPPORTED_ARCH_MISMATCH; Reason: only Rubin is supported for this engine at: !(1070 <= deviceVer && deviceVer < 1100)
Warning: CUDNN_STATUS_NOT_SUPPORTED; Reason: (CUDNN_STATUS_NOT_INITIALIZED == status) || (CUDNN_STATUS_NOT_SUPPORTED == ((status) / 1000 * 1000))
Warning: CUDNN_STATUS_NOT_SUPPORTED; Reason: ptr->isSupported()
Warning: CUDNN_STATUS_NOT_SUPPORTED; Reason: finalize_internal()

)",,,
deepseek_v4,dsv4_pro-tp8,generation,cudnn,bfloat16,bfloat16,128,2,131072,16,1,512,512,mla_absorbed,,64,265.538521,4.141,64.73,3.6122,20,True,,NVIDIA RTX PRO 6000 Blackwell Server Edition,cudnn 9.27.0,
deepseek_v4,dsv4_pro-tp8,generation,cudnn,bfloat16,fp8_e4m3,128,2,131072,16,1,512,512,mla_absorbed,,64,inf,0.0,0.0,,20,False,"Warning: CUDNN_STATUS_NOT_SUPPORTED_GRAPH_PATTERN; Reason: process_knob_choices()
Warning: CUDNN_STATUS_NOT_SUPPORTED; Reason: (CUDNN_STATUS_NOT_INITIALIZED == status) || (CUDNN_STATUS_NOT_SUPPORTED == ((status) / 1000 * 1000))
Warning: CUDNN_STATUS_NOT_SUPPORTED; Reason: ptr->isSupported()
Warning: CUDNN_STATUS_NOT_SUPPORTED; Reason: finalize_internal()

{""engineId"":18,""smVersion"":1200,""knobChoices"":{""CUDNN_KNOB_TYPE_KERNEL_CFG"":-1,""CUDNN_KNOB_TYPE_TILE_CGA_M"":-1,""CUDNN_KNOB_TYPE_STREAM_K"":-1,""CUDNN_KNOB_TYPE_TILE_M"":-1,""CUDNN_KNOB_TYPE_TILE_N"":-1}}
Warning: CUDNN_STATUS_NOT_SUPPORTED_ARCH_MISMATCH; Reason: only Rubin is supported for this engine at: !(1070 <= deviceVer && deviceVer < 1100)
Warning: CUDNN_STATUS_NOT_SUPPORTED; Reason: (CUDNN_STATUS_NOT_INITIALIZED == status) || (CUDNN_STATUS_NOT_SUPPORTED == ((status) / 1000 * 1000))
Warning: CUDNN_STATUS_NOT_SUPPORTED; Reason: ptr->isSupported()
Warning: CUDNN_STATUS_NOT_SUPPORTED; Reason: finalize_internal()

)",,,
deepseek_v4,dsv4_pro-tp8,generation,cudnn,bfloat16,bfloat16,1,3,131072,16,1,512,512,mla_absorbed,,64,11.028727,1.168,12.179,0.6796,20,True,,NVIDIA RTX PRO 6000 Blackwell Server Edition,cudnn 9.27.0,
deepseek_v4,dsv4_pro-tp8,generation,cudnn,bfloat16,fp8_e4m3,1,3,131072,16,1,512,512,mla_absorbed,,64,inf,0.0,0.0,,20,False,"Warning: CUDNN_STATUS_NOT_SUPPORTED_GRAPH_PATTERN; Reason: process_knob_choices()
Warning: CUDNN_STATUS_NOT_SUPPORTED; Reason: (CUDNN_STATUS_NOT_INITIALIZED == status) || (CUDNN_STATUS_NOT_SUPPORTED == ((status) / 1000 * 1000))
Warning: CUDNN_STATUS_NOT_SUPPORTED; Reason: ptr->isSupported()
Warning: CUDNN_STATUS_NOT_SUPPORTED; Reason: finalize_internal()

{""engineId"":18,""smVersion"":1200,""knobChoices"":{""CUDNN_KNOB_TYPE_KERNEL_CFG"":-1,""CUDNN_KNOB_TYPE_TILE_CGA_M"":-1,""CUDNN_KNOB_TYPE_STREAM_K"":-1,""CUDNN_KNOB_TYPE_TILE_M"":-1,""CUDNN_KNOB_TYPE_TILE_N"":-1}}
Warning: CUDNN_STATUS_NOT_SUPPORTED_ARCH_MISMATCH; Reason: only Rubin is supported for this engine at: !(1070 <= deviceVer && deviceVer < 1100)
Warning: CUDNN_STATUS_NOT_SUPPORTED; Reason: (CUDNN_STATUS_NOT_INITIALIZED == status) || (CUDNN_STATUS_NOT_SUPPORTED == ((status) / 1000 * 1000))
Warning: CUDNN_STATUS_NOT_SUPPORTED; Reason: ptr->isSupported()
Warning: CUDNN_STATUS_NOT_SUPPORTED; Reason: finalize_internal()

)",,,
deepseek_v4,dsv4_pro-tp8,generation,cudnn,bfloat16,bfloat16,128,3,131072,16,1,512,512,mla_absorbed,,64,267.296056,6.17,64.32,3.5893,20,True,,NVIDIA RTX PRO 6000 Blackwell Server Edition,cudnn 9.27.0,
deepseek_v4,dsv4_pro-tp8,generation,cudnn,bfloat16,fp8_e4m3,128,3,131072,16,1,512,512,mla_absorbed,,64,inf,0.0,0.0,,20,False,"Warning: CUDNN_STATUS_NOT_SUPPORTED_GRAPH_PATTERN; Reason: process_knob_choices()
Warning: CUDNN_STATUS_NOT_SUPPORTED; Reason: (CUDNN_STATUS_NOT_INITIALIZED == status) || (CUDNN_STATUS_NOT_SUPPORTED == ((status) / 1000 * 1000))
Warning: CUDNN_STATUS_NOT_SUPPORTED; Reason: ptr->isSupported()
Warning: CUDNN_STATUS_NOT_SUPPORTED; Reason: finalize_internal()

{""engineId"":18,""smVersion"":1200,""knobChoices"":{""CUDNN_KNOB_TYPE_KERNEL_CFG"":-1,""CUDNN_KNOB_TYPE_TILE_CGA_M"":-1,""CUDNN_KNOB_TYPE_STREAM_K"":-1,""CUDNN_KNOB_TYPE_TILE_M"":-1,""CUDNN_KNOB_TYPE_TILE_N"":-1}}
Warning: CUDNN_STATUS_NOT_SUPPORTED_ARCH_MISMATCH; Reason: only Rubin is supported for this engine at: !(1070 <= deviceVer && deviceVer < 1100)
Warning: CUDNN_STATUS_NOT_SUPPORTED; Reason: (CUDNN_STATUS_NOT_INITIALIZED == status) || (CUDNN_STATUS_NOT_SUPPORTED == ((status) / 1000 * 1000))
Warning: CUDNN_STATUS_NOT_SUPPORTED; Reason: ptr->isSupported()
Warning: CUDNN_STATUS_NOT_SUPPORTED; Reason: finalize_internal()

)",,,
deepseek_v4,dsv4_pro-tp8,generation,cudnn,bfloat16,bfloat16,1,4,131072,16,1,512,512,mla_absorbed,,64,11.029122,1.558,12.181,0.6798,20,True,,NVIDIA RTX PRO 6000 Blackwell Server Edition,cudnn 9.27.0,
deepseek_v4,dsv4_pro-tp8,generation,cudnn,bfloat16,fp8_e4m3,1,4,131072,16,1,512,512,mla_absorbed,,64,inf,0.0,0.0,,20,False,"Warning: CUDNN_STATUS_NOT_SUPPORTED_GRAPH_PATTERN; Reason: process_knob_choices()
Warning: CUDNN_STATUS_NOT_SUPPORTED; Reason: (CUDNN_STATUS_NOT_INITIALIZED == status) || (CUDNN_STATUS_NOT_SUPPORTED == ((status) / 1000 * 1000))
Warning: CUDNN_STATUS_NOT_SUPPORTED; Reason: ptr->isSupported()
Warning: CUDNN_STATUS_NOT_SUPPORTED; Reason: finalize_internal()

{""engineId"":18,""smVersion"":1200,""knobChoices"":{""CUDNN_KNOB_TYPE_KERNEL_CFG"":-1,""CUDNN_KNOB_TYPE_TILE_CGA_M"":-1,""CUDNN_KNOB_TYPE_STREAM_K"":-1,""CUDNN_KNOB_TYPE_TILE_M"":-1,""CUDNN_KNOB_TYPE_TILE_N"":-1}}
Warning: CUDNN_STATUS_NOT_SUPPORTED_ARCH_MISMATCH; Reason: only Rubin is supported for this engine at: !(1070 <= deviceVer && deviceVer < 1100)
Warning: CUDNN_STATUS_NOT_SUPPORTED; Reason: (CUDNN_STATUS_NOT_INITIALIZED == status) || (CUDNN_STATUS_NOT_SUPPORTED == ((status) / 1000 * 1000))
Warning: CUDNN_STATUS_NOT_SUPPORTED; Reason: ptr->isSupported()
Warning: CUDNN_STATUS_NOT_SUPPORTED; Reason: finalize_internal()

)",,,
deepseek_v4,dsv4_pro-tp8,generation,cudnn,bfloat16,bfloat16,128,4,131072,16,1,512,512,mla_absorbed,,64,268.651537,8.185,64.011,3.572,20,True,,NVIDIA RTX PRO 6000 Blackwell Server Edition,cudnn 9.27.0,
deepseek_v4,dsv4_pro-tp8,generation,cudnn,bfloat16,fp8_e4m3,128,4,131072,16,1,512,512,mla_absorbed,,64,inf,0.0,0.0,,20,False,"Warning: CUDNN_STATUS_NOT_SUPPORTED_GRAPH_PATTERN; Reason: process_knob_choices()
Warning: CUDNN_STATUS_NOT_SUPPORTED; Reason: (CUDNN_STATUS_NOT_INITIALIZED == status) || (CUDNN_STATUS_NOT_SUPPORTED == ((status) / 1000 * 1000))
Warning: CUDNN_STATUS_NOT_SUPPORTED; Reason: ptr->isSupported()
Warning: CUDNN_STATUS_NOT_SUPPORTED; Reason: finalize_internal()

{""engineId"":18,""smVersion"":1200,""knobChoices"":{""CUDNN_KNOB_TYPE_KERNEL_CFG"":-1,""CUDNN_KNOB_TYPE_TILE_CGA_M"":-1,""CUDNN_KNOB_TYPE_STREAM_K"":-1,""CUDNN_KNOB_TYPE_TILE_M"":-1,""CUDNN_KNOB_TYPE_TILE_N"":-1}}
Warning: CUDNN_STATUS_NOT_SUPPORTED_ARCH_MISMATCH; Reason: only Rubin is supported for this engine at: !(1070 <= deviceVer && deviceVer < 1100)
Warning: CUDNN_STATUS_NOT_SUPPORTED; Reason: (CUDNN_STATUS_NOT_INITIALIZED == status) || (CUDNN_STATUS_NOT_SUPPORTED == ((status) / 1000 * 1000))
Warning: CUDNN_STATUS_NOT_SUPPORTED; Reason: ptr->isSupported()
Warning: CUDNN_STATUS_NOT_SUPPORTED; Reason: finalize_internal()

)",,,
deepseek_v4,dsv4_pro-tp8,context,cudnn_oss,bfloat16,bfloat16,1,2048,2048,16,1,512,512,mla_absorbed,,64,0.249376,275.566,277.517,15.4864,20,True,,NVIDIA RTX PRO 6000 Blackwell Server Edition,cudnn_oss plan=sdpa_fwd_prefill_sm120[PACK_GQA=0; SCHED_POLICY=2; SPLIT_KV=1; TILE_CGA_M=1; TILE_M=64; TILE_N=32],
deepseek_v4,dsv4_pro-tp8,context,cudnn_oss,bfloat16,bfloat16,1,8192,8192,16,1,512,512,mla_absorbed,,64,3.082019,356.75,89.819,5.0122,20,True,,NVIDIA RTX PRO 6000 Blackwell Server Edition,cudnn_oss plan=sdpa_fwd_prefill_sm120[PACK_GQA=0; SCHED_POLICY=2; SPLIT_KV=1; TILE_CGA_M=1; TILE_M=64; TILE_N=32],
deepseek_v4,dsv4_pro-tp8,context,cudnn_oss,bfloat16,bfloat16,1,512,65536,16,1,512,512,mla_absorbed,,64,3.330708,330.113,25.186,1.4054,20,True,,NVIDIA RTX PRO 6000 Blackwell Server Edition,cudnn_oss plan=sdpa_fwd_prefill_sm120[PACK_GQA=0; SCHED_POLICY=0; SPLIT_KV=4; TILE_CGA_M=1; TILE_M=64; TILE_N=32],
deepseek_v4,dsv4_pro-tp8,context,cudnn_oss,bfloat16,bfloat16,1,512,131072,16,1,512,512,mla_absorbed,,64,6.258914,351.343,24.125,1.3462,20,True,,NVIDIA RTX PRO 6000 Blackwell Server Edition,cudnn_oss plan=sdpa_fwd_prefill_sm120[PACK_GQA=0; SCHED_POLICY=0; SPLIT_KV=16; TILE_CGA_M=1; TILE_M=64; TILE_N=32],
deepseek_v4,dsv4_pro-tp8,context,cudnn_oss,bfloat16,bfloat16,1,1024,65536,16,1,512,512,mla_absorbed,,64,6.237899,352.526,16.137,0.9005,20,True,,NVIDIA RTX PRO 6000 Blackwell Server Edition,cudnn_oss plan=sdpa_fwd_prefill_sm120[PACK_GQA=0; SCHED_POLICY=0; SPLIT_KV=8; TILE_CGA_M=1; TILE_M=64; TILE_N=32],
deepseek_v4,dsv4_pro-tp8,context,cudnn_oss,bfloat16,bfloat16,1,1024,131072,16,1,512,512,mla_absorbed,,64,12.223482,359.803,13.725,0.7659,20,True,,NVIDIA RTX PRO 6000 Blackwell Server Edition,cudnn_oss plan=sdpa_fwd_prefill_sm120[PACK_GQA=0; SCHED_POLICY=0; SPLIT_KV=8; TILE_CGA_M=1; TILE_M=64; TILE_N=32],
deepseek_v4,dsv4_pro-tp8,generation,cudnn_oss,bfloat16,bfloat16,1,1,131072,16,1,512,512,mla_absorbed,,64,0.279971,15.341,479.516,26.7587,20,True,,NVIDIA RTX PRO 6000 Blackwell Server Edition,cudnn_oss plan=sdpa_fwd_prefill_sm120[PACK_GQA=1; SCHED_POLICY=0; SPLIT_KV=128; TILE_CGA_M=1; TILE_M=64; TILE_N=32],
deepseek_v4,dsv4_pro-tp8,generation,cudnn_oss,bfloat16,fp8_e4m3,1,1,131072,16,1,512,512,mla_absorbed,,64,inf,0.0,0.0,,20,False,"                 ^^^^^^^^^^^^^^^^^^^^^^^^^^^^^^^^^
  File ""/home/scratch.yanxu_gpu/fe-sites/computelab_trees/fe_develop_5567e2733/benchmark/attention_inference/benchmark_single_attention.py"", line 270, in setup_cudnn_oss
    return setup_cudnn(args, dtype, oss=True)
           ^^^^^^^^^^^^^^^^^^^^^^^^^^^^^^^^^^
  File ""/home/scratch.yanxu_gpu/fe-sites/computelab_trees/fe_develop_5567e2733/benchmark/attention_inference/benchmark_single_attention.py"", line 167, in setup_cudnn
    return setup_cudnn_fp8(args, cudnn, oss=oss)
           ^^^^^^^^^^^^^^^^^^^^^^^^^^^^^^^^^^^^^
  File ""/home/scratch.yanxu_gpu/fe-sites/computelab_trees/fe_develop_5567e2733/benchmark/attention_inference/benchmark_single_attention.py"", line 336, in setup_cudnn_fp8
    graph.check_support()
  File ""/home/scratch.yanxu_gpu/fe-sites/computelab_trees/fe_develop_5567e2733/python/cudnn/_pygraph.py"", line 1547, in check_support
    self._lowered_graph.check_support()
cudnn._compiled_module.cudnnGraphNotSupportedError: [cudnn_frontend] Error: No execution plans support the graph.",,,
deepseek_v4,dsv4_pro-tp8,generation,cudnn_oss,bfloat16,bfloat16,128,1,131072,16,1,512,512,mla_absorbed,,64,11.343881,48.463,1514.831,84.533,20,True,,NVIDIA RTX PRO 6000 Blackwell Server Edition,cudnn_oss plan=sdpa_fwd_prefill_sm120[PACK_GQA=1; SCHED_POLICY=0; SPLIT_KV=16; TILE_CGA_M=1; TILE_M=64; TILE_N=32],
deepseek_v4,dsv4_pro-tp8,generation,cudnn_oss,bfloat16,fp8_e4m3,128,1,131072,16,1,512,512,mla_absorbed,,64,inf,0.0,0.0,,20,False,"                 ^^^^^^^^^^^^^^^^^^^^^^^^^^^^^^^^^
  File ""/home/scratch.yanxu_gpu/fe-sites/computelab_trees/fe_develop_5567e2733/benchmark/attention_inference/benchmark_single_attention.py"", line 270, in setup_cudnn_oss
    return setup_cudnn(args, dtype, oss=True)
           ^^^^^^^^^^^^^^^^^^^^^^^^^^^^^^^^^^
  File ""/home/scratch.yanxu_gpu/fe-sites/computelab_trees/fe_develop_5567e2733/benchmark/attention_inference/benchmark_single_attention.py"", line 167, in setup_cudnn
    return setup_cudnn_fp8(args, cudnn, oss=oss)
           ^^^^^^^^^^^^^^^^^^^^^^^^^^^^^^^^^^^^^
  File ""/home/scratch.yanxu_gpu/fe-sites/computelab_trees/fe_develop_5567e2733/benchmark/attention_inference/benchmark_single_attention.py"", line 336, in setup_cudnn_fp8
    graph.check_support()
  File ""/home/scratch.yanxu_gpu/fe-sites/computelab_trees/fe_develop_5567e2733/python/cudnn/_pygraph.py"", line 1547, in check_support
    self._lowered_graph.check_support()
cudnn._compiled_module.cudnnGraphNotSupportedError: [cudnn_frontend] Error: No execution plans support the graph.",,,
deepseek_v4,dsv4_pro-tp8,generation,cudnn_oss,bfloat16,bfloat16,1,2,131072,16,1,512,512,mla_absorbed,,64,0.280129,30.664,479.362,26.7501,20,True,,NVIDIA RTX PRO 6000 Blackwell Server Edition,cudnn_oss plan=sdpa_fwd_prefill_sm120[PACK_GQA=1; SCHED_POLICY=0; SPLIT_KV=128; TILE_CGA_M=1; TILE_M=64; TILE_N=32],
deepseek_v4,dsv4_pro-tp8,generation,cudnn_oss,bfloat16,fp8_e4m3,1,2,131072,16,1,512,512,mla_absorbed,,64,inf,0.0,0.0,,20,False,"                 ^^^^^^^^^^^^^^^^^^^^^^^^^^^^^^^^^
  File ""/home/scratch.yanxu_gpu/fe-sites/computelab_trees/fe_develop_5567e2733/benchmark/attention_inference/benchmark_single_attention.py"", line 270, in setup_cudnn_oss
    return setup_cudnn(args, dtype, oss=True)
           ^^^^^^^^^^^^^^^^^^^^^^^^^^^^^^^^^^
  File ""/home/scratch.yanxu_gpu/fe-sites/computelab_trees/fe_develop_5567e2733/benchmark/attention_inference/benchmark_single_attention.py"", line 167, in setup_cudnn
    return setup_cudnn_fp8(args, cudnn, oss=oss)
           ^^^^^^^^^^^^^^^^^^^^^^^^^^^^^^^^^^^^^
  File ""/home/scratch.yanxu_gpu/fe-sites/computelab_trees/fe_develop_5567e2733/benchmark/attention_inference/benchmark_single_attention.py"", line 336, in setup_cudnn_fp8
    graph.check_support()
  File ""/home/scratch.yanxu_gpu/fe-sites/computelab_trees/fe_develop_5567e2733/python/cudnn/_pygraph.py"", line 1547, in check_support
    self._lowered_graph.check_support()
cudnn._compiled_module.cudnnGraphNotSupportedError: [cudnn_frontend] Error: No execution plans support the graph.",,,
deepseek_v4,dsv4_pro-tp8,generation,cudnn_oss,bfloat16,bfloat16,128,2,131072,16,1,512,512,mla_absorbed,,64,11.432259,96.176,1503.487,83.9,20,True,,NVIDIA RTX PRO 6000 Blackwell Server Edition,cudnn_oss plan=sdpa_fwd_prefill_sm120[PACK_GQA=1; SCHED_POLICY=0; SPLIT_KV=16; TILE_CGA_M=1; TILE_M=64; TILE_N=32],
deepseek_v4,dsv4_pro-tp8,generation,cudnn_oss,bfloat16,fp8_e4m3,128,2,131072,16,1,512,512,mla_absorbed,,64,inf,0.0,0.0,,20,False,"                 ^^^^^^^^^^^^^^^^^^^^^^^^^^^^^^^^^
  File ""/home/scratch.yanxu_gpu/fe-sites/computelab_trees/fe_develop_5567e2733/benchmark/attention_inference/benchmark_single_attention.py"", line 270, in setup_cudnn_oss
    return setup_cudnn(args, dtype, oss=True)
           ^^^^^^^^^^^^^^^^^^^^^^^^^^^^^^^^^^
  File ""/home/scratch.yanxu_gpu/fe-sites/computelab_trees/fe_develop_5567e2733/benchmark/attention_inference/benchmark_single_attention.py"", line 167, in setup_cudnn
    return setup_cudnn_fp8(args, cudnn, oss=oss)
           ^^^^^^^^^^^^^^^^^^^^^^^^^^^^^^^^^^^^^
  File ""/home/scratch.yanxu_gpu/fe-sites/computelab_trees/fe_develop_5567e2733/benchmark/attention_inference/benchmark_single_attention.py"", line 336, in setup_cudnn_fp8
    graph.check_support()
  File ""/home/scratch.yanxu_gpu/fe-sites/computelab_trees/fe_develop_5567e2733/python/cudnn/_pygraph.py"", line 1547, in check_support
    self._lowered_graph.check_support()
cudnn._compiled_module.cudnnGraphNotSupportedError: [cudnn_frontend] Error: No execution plans support the graph.",,,
deepseek_v4,dsv4_pro-tp8,generation,cudnn_oss,bfloat16,bfloat16,1,3,131072,16,1,512,512,mla_absorbed,,64,0.28365,45.425,473.527,26.4245,20,True,,NVIDIA RTX PRO 6000 Blackwell Server Edition,cudnn_oss plan=sdpa_fwd_prefill_sm120[PACK_GQA=1; SCHED_POLICY=0; SPLIT_KV=128; TILE_CGA_M=1; TILE_M=64; TILE_N=32],
deepseek_v4,dsv4_pro-tp8,generation,cudnn_oss,bfloat16,fp8_e4m3,1,3,131072,16,1,512,512,mla_absorbed,,64,inf,0.0,0.0,,20,False,"                 ^^^^^^^^^^^^^^^^^^^^^^^^^^^^^^^^^
  File ""/home/scratch.yanxu_gpu/fe-sites/computelab_trees/fe_develop_5567e2733/benchmark/attention_inference/benchmark_single_attention.py"", line 270, in setup_cudnn_oss
    return setup_cudnn(args, dtype, oss=True)
           ^^^^^^^^^^^^^^^^^^^^^^^^^^^^^^^^^^
  File ""/home/scratch.yanxu_gpu/fe-sites/computelab_trees/fe_develop_5567e2733/benchmark/attention_inference/benchmark_single_attention.py"", line 167, in setup_cudnn
    return setup_cudnn_fp8(args, cudnn, oss=oss)
           ^^^^^^^^^^^^^^^^^^^^^^^^^^^^^^^^^^^^^
  File ""/home/scratch.yanxu_gpu/fe-sites/computelab_trees/fe_develop_5567e2733/benchmark/attention_inference/benchmark_single_attention.py"", line 336, in setup_cudnn_fp8
    graph.check_support()
  File ""/home/scratch.yanxu_gpu/fe-sites/computelab_trees/fe_develop_5567e2733/python/cudnn/_pygraph.py"", line 1547, in check_support
    self._lowered_graph.check_support()
cudnn._compiled_module.cudnnGraphNotSupportedError: [cudnn_frontend] Error: No execution plans support the graph.",,,
deepseek_v4,dsv4_pro-tp8,generation,cudnn_oss,bfloat16,bfloat16,128,3,131072,16,1,512,512,mla_absorbed,,64,11.511155,143.276,1493.547,83.3453,20,True,,NVIDIA RTX PRO 6000 Blackwell Server Edition,cudnn_oss plan=sdpa_fwd_prefill_sm120[PACK_GQA=1; SCHED_POLICY=0; SPLIT_KV=16; TILE_CGA_M=1; TILE_M=64; TILE_N=32],
deepseek_v4,dsv4_pro-tp8,generation,cudnn_oss,bfloat16,fp8_e4m3,128,3,131072,16,1,512,512,mla_absorbed,,64,inf,0.0,0.0,,20,False,"                 ^^^^^^^^^^^^^^^^^^^^^^^^^^^^^^^^^
  File ""/home/scratch.yanxu_gpu/fe-sites/computelab_trees/fe_develop_5567e2733/benchmark/attention_inference/benchmark_single_attention.py"", line 270, in setup_cudnn_oss
    return setup_cudnn(args, dtype, oss=True)
           ^^^^^^^^^^^^^^^^^^^^^^^^^^^^^^^^^^
  File ""/home/scratch.yanxu_gpu/fe-sites/computelab_trees/fe_develop_5567e2733/benchmark/attention_inference/benchmark_single_attention.py"", line 167, in setup_cudnn
    return setup_cudnn_fp8(args, cudnn, oss=oss)
           ^^^^^^^^^^^^^^^^^^^^^^^^^^^^^^^^^^^^^
  File ""/home/scratch.yanxu_gpu/fe-sites/computelab_trees/fe_develop_5567e2733/benchmark/attention_inference/benchmark_single_attention.py"", line 336, in setup_cudnn_fp8
    graph.check_support()
  File ""/home/scratch.yanxu_gpu/fe-sites/computelab_trees/fe_develop_5567e2733/python/cudnn/_pygraph.py"", line 1547, in check_support
    self._lowered_graph.check_support()
cudnn._compiled_module.cudnnGraphNotSupportedError: [cudnn_frontend] Error: No execution plans support the graph.",,,
deepseek_v4,dsv4_pro-tp8,generation,cudnn_oss,bfloat16,bfloat16,1,4,131072,16,1,512,512,mla_absorbed,,64,0.281442,61.042,477.359,26.6383,20,True,,NVIDIA RTX PRO 6000 Blackwell Server Edition,cudnn_oss plan=sdpa_fwd_prefill_sm120[PACK_GQA=1; SCHED_POLICY=0; SPLIT_KV=128; TILE_CGA_M=1; TILE_M=64; TILE_N=32],
deepseek_v4,dsv4_pro-tp8,generation,cudnn_oss,bfloat16,fp8_e4m3,1,4,131072,16,1,512,512,mla_absorbed,,64,inf,0.0,0.0,,20,False,"                 ^^^^^^^^^^^^^^^^^^^^^^^^^^^^^^^^^
  File ""/home/scratch.yanxu_gpu/fe-sites/computelab_trees/fe_develop_5567e2733/benchmark/attention_inference/benchmark_single_attention.py"", line 270, in setup_cudnn_oss
    return setup_cudnn(args, dtype, oss=True)
           ^^^^^^^^^^^^^^^^^^^^^^^^^^^^^^^^^^
  File ""/home/scratch.yanxu_gpu/fe-sites/computelab_trees/fe_develop_5567e2733/benchmark/attention_inference/benchmark_single_attention.py"", line 167, in setup_cudnn
    return setup_cudnn_fp8(args, cudnn, oss=oss)
           ^^^^^^^^^^^^^^^^^^^^^^^^^^^^^^^^^^^^^
  File ""/home/scratch.yanxu_gpu/fe-sites/computelab_trees/fe_develop_5567e2733/benchmark/attention_inference/benchmark_single_attention.py"", line 336, in setup_cudnn_fp8
    graph.check_support()
  File ""/home/scratch.yanxu_gpu/fe-sites/computelab_trees/fe_develop_5567e2733/python/cudnn/_pygraph.py"", line 1547, in check_support
    self._lowered_graph.check_support()
cudnn._compiled_module.cudnnGraphNotSupportedError: [cudnn_frontend] Error: No execution plans support the graph.",,,
deepseek_v4,dsv4_pro-tp8,generation,cudnn_oss,bfloat16,bfloat16,128,4,131072,16,1,512,512,mla_absorbed,,64,11.601855,189.541,1482.232,82.7139,20,True,,NVIDIA RTX PRO 6000 Blackwell Server Edition,cudnn_oss plan=sdpa_fwd_prefill_sm120[PACK_GQA=1; SCHED_POLICY=0; SPLIT_KV=16; TILE_CGA_M=1; TILE_M=64; TILE_N=32],
deepseek_v4,dsv4_pro-tp8,generation,cudnn_oss,bfloat16,fp8_e4m3,128,4,131072,16,1,512,512,mla_absorbed,,64,inf,0.0,0.0,,20,False,"                 ^^^^^^^^^^^^^^^^^^^^^^^^^^^^^^^^^
  File ""/home/scratch.yanxu_gpu/fe-sites/computelab_trees/fe_develop_5567e2733/benchmark/attention_inference/benchmark_single_attention.py"", line 270, in setup_cudnn_oss
    return setup_cudnn(args, dtype, oss=True)
           ^^^^^^^^^^^^^^^^^^^^^^^^^^^^^^^^^^
  File ""/home/scratch.yanxu_gpu/fe-sites/computelab_trees/fe_develop_5567e2733/benchmark/attention_inference/benchmark_single_attention.py"", line 167, in setup_cudnn
    return setup_cudnn_fp8(args, cudnn, oss=oss)
           ^^^^^^^^^^^^^^^^^^^^^^^^^^^^^^^^^^^^^
  File ""/home/scratch.yanxu_gpu/fe-sites/computelab_trees/fe_develop_5567e2733/benchmark/attention_inference/benchmark_single_attention.py"", line 336, in setup_cudnn_fp8
    graph.check_support()
  File ""/home/scratch.yanxu_gpu/fe-sites/computelab_trees/fe_develop_5567e2733/python/cudnn/_pygraph.py"", line 1547, in check_support
    self._lowered_graph.check_support()
cudnn._compiled_module.cudnnGraphNotSupportedError: [cudnn_frontend] Error: No execution plans support the graph.",,,
