config_name,model_name,phase,backend,data_type,kv_cache_dtype,batch_size,q_tokens,kv_len,num_q_heads,num_kv_heads,head_dim_qk,head_dim_vo,kind,sliding_window_size,page_size,time_ms,tflops,gbps,sol_pct,num_iterations,success,error_message,gpu_name,backend_detail,cudnn_backend_version
deepseek_v4,dsv4_flash,context,cudnn,bfloat16,bfloat16,1,2048,2048,64,1,512,512,mla_absorbed,,64,0.549056,500.637,492.723,6.159,20,True,,NVIDIA B300 SXM6 AC,cudnn 9.25.0,
deepseek_v4,dsv4_flash,context,cudnn,bfloat16,bfloat16,1,8192,8192,64,1,512,512,mla_absorbed,,64,8.900352,494.143,121.583,1.5198,20,True,,NVIDIA B300 SXM6 AC,cudnn 9.25.0,
deepseek_v4,dsv4_flash,context,cudnn,bfloat16,bfloat16,1,512,65536,64,1,512,512,mla_absorbed,,64,8.831904,497.973,15.197,0.19,20,True,,NVIDIA B300 SXM6 AC,cudnn 9.25.0,
deepseek_v4,dsv4_flash,context,cudnn,bfloat16,bfloat16,1,512,131072,64,1,512,512,mla_absorbed,,64,17.95232,489.97,11.215,0.1402,20,True,,NVIDIA B300 SXM6 AC,cudnn 9.25.0,
deepseek_v4,dsv4_flash,context,cudnn,bfloat16,bfloat16,1,1024,65536,64,1,512,512,mla_absorbed,,64,16.63936,528.632,12.099,0.1512,20,True,,NVIDIA B300 SXM6 AC,cudnn 9.25.0,
deepseek_v4,dsv4_flash,context,cudnn,bfloat16,bfloat16,1,1024,131072,64,1,512,512,mla_absorbed,,64,34.043488,516.756,7.885,0.0986,20,True,,NVIDIA B300 SXM6 AC,cudnn 9.25.0,
deepseek_v4,dsv4_flash,generation,cudnn,bfloat16,bfloat16,1,1,131072,64,1,512,512,mla_absorbed,,64,0.39136,43.898,343.287,4.2911,20,True,,NVIDIA B300 SXM6 AC,cudnn 9.25.0,
deepseek_v4,dsv4_flash,generation,cudnn,bfloat16,fp8_e4m3,1,1,131072,64,1,512,512,mla_absorbed,,64,inf,0.0,0.0,,20,False,"    main()
  File ""/home/vagarwalla/attn_inf/cudnn-frontend/benchmark/attention_inference/benchmark_single_attention.py"", line 718, in main
    fn, detail = SETUPS[args.backend](args, dtype)
                 ^^^^^^^^^^^^^^^^^^^^^^^^^^^^^^^^^
  File ""/home/vagarwalla/attn_inf/cudnn-frontend/benchmark/attention_inference/benchmark_single_attention.py"", line 119, in setup_cudnn
    return setup_cudnn_fp8(args, cudnn, oss=oss)
           ^^^^^^^^^^^^^^^^^^^^^^^^^^^^^^^^^^^^^
  File ""/home/vagarwalla/attn_inf/cudnn-frontend/benchmark/attention_inference/benchmark_single_attention.py"", line 261, in setup_cudnn_fp8
    graph.validate()
  File ""/home/vagarwalla/attn_inf/cudnn-frontend/python/cudnn/_pygraph.py"", line 776, in validate
    self._lowered_graph.validate()
cudnn._compiled_module.cudnnGraphNotSupportedError: hidden_dim d_qk should be less than or equal to 128 and hidden_dim d_qk should be multiple of 16 unless d_qk == 192 and d_v == 128 (requires cuDNN 9.19+)",,,
deepseek_v4,dsv4_flash,generation,cudnn,bfloat16,bfloat16,128,1,131072,64,1,512,512,mla_absorbed,,64,37.441826,58.732,459.29,5.7411,20,True,,NVIDIA B300 SXM6 AC,cudnn 9.25.0,
deepseek_v4,dsv4_flash,generation,cudnn,bfloat16,fp8_e4m3,128,1,131072,64,1,512,512,mla_absorbed,,64,inf,0.0,0.0,,20,False,"    main()
  File ""/home/vagarwalla/attn_inf/cudnn-frontend/benchmark/attention_inference/benchmark_single_attention.py"", line 718, in main
    fn, detail = SETUPS[args.backend](args, dtype)
                 ^^^^^^^^^^^^^^^^^^^^^^^^^^^^^^^^^
  File ""/home/vagarwalla/attn_inf/cudnn-frontend/benchmark/attention_inference/benchmark_single_attention.py"", line 119, in setup_cudnn
    return setup_cudnn_fp8(args, cudnn, oss=oss)
           ^^^^^^^^^^^^^^^^^^^^^^^^^^^^^^^^^^^^^
  File ""/home/vagarwalla/attn_inf/cudnn-frontend/benchmark/attention_inference/benchmark_single_attention.py"", line 261, in setup_cudnn_fp8
    graph.validate()
  File ""/home/vagarwalla/attn_inf/cudnn-frontend/python/cudnn/_pygraph.py"", line 776, in validate
    self._lowered_graph.validate()
cudnn._compiled_module.cudnnGraphNotSupportedError: hidden_dim d_qk should be less than or equal to 128 and hidden_dim d_qk should be multiple of 16 unless d_qk == 192 and d_v == 128 (requires cuDNN 9.19+)",,,
deepseek_v4,dsv4_flash,generation,cudnn,bfloat16,bfloat16,1,2,131072,64,1,512,512,mla_absorbed,,64,10.663296,3.222,12.611,0.1576,20,True,,NVIDIA B300 SXM6 AC,cudnn 9.25.0,
deepseek_v4,dsv4_flash,generation,cudnn,bfloat16,fp8_e4m3,1,2,131072,64,1,512,512,mla_absorbed,,64,inf,0.0,0.0,,20,False,"    main()
  File ""/home/vagarwalla/attn_inf/cudnn-frontend/benchmark/attention_inference/benchmark_single_attention.py"", line 718, in main
    fn, detail = SETUPS[args.backend](args, dtype)
                 ^^^^^^^^^^^^^^^^^^^^^^^^^^^^^^^^^
  File ""/home/vagarwalla/attn_inf/cudnn-frontend/benchmark/attention_inference/benchmark_single_attention.py"", line 119, in setup_cudnn
    return setup_cudnn_fp8(args, cudnn, oss=oss)
           ^^^^^^^^^^^^^^^^^^^^^^^^^^^^^^^^^^^^^
  File ""/home/vagarwalla/attn_inf/cudnn-frontend/benchmark/attention_inference/benchmark_single_attention.py"", line 261, in setup_cudnn_fp8
    graph.validate()
  File ""/home/vagarwalla/attn_inf/cudnn-frontend/python/cudnn/_pygraph.py"", line 776, in validate
    self._lowered_graph.validate()
cudnn._compiled_module.cudnnGraphNotSupportedError: hidden_dim d_qk should be less than or equal to 128 and hidden_dim d_qk should be multiple of 16 unless d_qk == 192 and d_v == 128 (requires cuDNN 9.19+)",,,
deepseek_v4,dsv4_flash,generation,cudnn,bfloat16,bfloat16,128,2,131072,64,1,512,512,mla_absorbed,,64,1315.338745,3.344,13.087,0.1636,20,True,,NVIDIA B300 SXM6 AC,cudnn 9.25.0,
deepseek_v4,dsv4_flash,generation,cudnn,bfloat16,fp8_e4m3,128,2,131072,64,1,512,512,mla_absorbed,,64,inf,0.0,0.0,,20,False,"    main()
  File ""/home/vagarwalla/attn_inf/cudnn-frontend/benchmark/attention_inference/benchmark_single_attention.py"", line 718, in main
    fn, detail = SETUPS[args.backend](args, dtype)
                 ^^^^^^^^^^^^^^^^^^^^^^^^^^^^^^^^^
  File ""/home/vagarwalla/attn_inf/cudnn-frontend/benchmark/attention_inference/benchmark_single_attention.py"", line 119, in setup_cudnn
    return setup_cudnn_fp8(args, cudnn, oss=oss)
           ^^^^^^^^^^^^^^^^^^^^^^^^^^^^^^^^^^^^^
  File ""/home/vagarwalla/attn_inf/cudnn-frontend/benchmark/attention_inference/benchmark_single_attention.py"", line 261, in setup_cudnn_fp8
    graph.validate()
  File ""/home/vagarwalla/attn_inf/cudnn-frontend/python/cudnn/_pygraph.py"", line 776, in validate
    self._lowered_graph.validate()
cudnn._compiled_module.cudnnGraphNotSupportedError: hidden_dim d_qk should be less than or equal to 128 and hidden_dim d_qk should be multiple of 16 unless d_qk == 192 and d_v == 128 (requires cuDNN 9.19+)",,,
deepseek_v4,dsv4_flash,generation,cudnn,bfloat16,bfloat16,1,3,131072,64,1,512,512,mla_absorbed,,64,10.642976,4.843,12.648,0.1581,20,True,,NVIDIA B300 SXM6 AC,cudnn 9.25.0,
deepseek_v4,dsv4_flash,generation,cudnn,bfloat16,fp8_e4m3,1,3,131072,64,1,512,512,mla_absorbed,,64,inf,0.0,0.0,,20,False,"    main()
  File ""/home/vagarwalla/attn_inf/cudnn-frontend/benchmark/attention_inference/benchmark_single_attention.py"", line 718, in main
    fn, detail = SETUPS[args.backend](args, dtype)
                 ^^^^^^^^^^^^^^^^^^^^^^^^^^^^^^^^^
  File ""/home/vagarwalla/attn_inf/cudnn-frontend/benchmark/attention_inference/benchmark_single_attention.py"", line 119, in setup_cudnn
    return setup_cudnn_fp8(args, cudnn, oss=oss)
           ^^^^^^^^^^^^^^^^^^^^^^^^^^^^^^^^^^^^^
  File ""/home/vagarwalla/attn_inf/cudnn-frontend/benchmark/attention_inference/benchmark_single_attention.py"", line 261, in setup_cudnn_fp8
    graph.validate()
  File ""/home/vagarwalla/attn_inf/cudnn-frontend/python/cudnn/_pygraph.py"", line 776, in validate
    self._lowered_graph.validate()
cudnn._compiled_module.cudnnGraphNotSupportedError: hidden_dim d_qk should be less than or equal to 128 and hidden_dim d_qk should be multiple of 16 unless d_qk == 192 and d_v == 128 (requires cuDNN 9.19+)",,,
deepseek_v4,dsv4_flash,generation,cudnn,bfloat16,bfloat16,128,3,131072,64,1,512,512,mla_absorbed,,64,1313.978638,5.021,13.113,0.1639,20,True,,NVIDIA B300 SXM6 AC,cudnn 9.25.0,
deepseek_v4,dsv4_flash,generation,cudnn,bfloat16,fp8_e4m3,128,3,131072,64,1,512,512,mla_absorbed,,64,inf,0.0,0.0,,20,False,"    main()
  File ""/home/vagarwalla/attn_inf/cudnn-frontend/benchmark/attention_inference/benchmark_single_attention.py"", line 718, in main
    fn, detail = SETUPS[args.backend](args, dtype)
                 ^^^^^^^^^^^^^^^^^^^^^^^^^^^^^^^^^
  File ""/home/vagarwalla/attn_inf/cudnn-frontend/benchmark/attention_inference/benchmark_single_attention.py"", line 119, in setup_cudnn
    return setup_cudnn_fp8(args, cudnn, oss=oss)
           ^^^^^^^^^^^^^^^^^^^^^^^^^^^^^^^^^^^^^
  File ""/home/vagarwalla/attn_inf/cudnn-frontend/benchmark/attention_inference/benchmark_single_attention.py"", line 261, in setup_cudnn_fp8
    graph.validate()
  File ""/home/vagarwalla/attn_inf/cudnn-frontend/python/cudnn/_pygraph.py"", line 776, in validate
    self._lowered_graph.validate()
cudnn._compiled_module.cudnnGraphNotSupportedError: hidden_dim d_qk should be less than or equal to 128 and hidden_dim d_qk should be multiple of 16 unless d_qk == 192 and d_v == 128 (requires cuDNN 9.19+)",,,
deepseek_v4,dsv4_flash,generation,cudnn,bfloat16,bfloat16,1,4,131072,64,1,512,512,mla_absorbed,,64,10.637408,6.46,12.667,0.1583,20,True,,NVIDIA B300 SXM6 AC,cudnn 9.25.0,
deepseek_v4,dsv4_flash,generation,cudnn,bfloat16,fp8_e4m3,1,4,131072,64,1,512,512,mla_absorbed,,64,inf,0.0,0.0,,20,False,"    main()
  File ""/home/vagarwalla/attn_inf/cudnn-frontend/benchmark/attention_inference/benchmark_single_attention.py"", line 718, in main
    fn, detail = SETUPS[args.backend](args, dtype)
                 ^^^^^^^^^^^^^^^^^^^^^^^^^^^^^^^^^
  File ""/home/vagarwalla/attn_inf/cudnn-frontend/benchmark/attention_inference/benchmark_single_attention.py"", line 119, in setup_cudnn
    return setup_cudnn_fp8(args, cudnn, oss=oss)
           ^^^^^^^^^^^^^^^^^^^^^^^^^^^^^^^^^^^^^
  File ""/home/vagarwalla/attn_inf/cudnn-frontend/benchmark/attention_inference/benchmark_single_attention.py"", line 261, in setup_cudnn_fp8
    graph.validate()
  File ""/home/vagarwalla/attn_inf/cudnn-frontend/python/cudnn/_pygraph.py"", line 776, in validate
    self._lowered_graph.validate()
cudnn._compiled_module.cudnnGraphNotSupportedError: hidden_dim d_qk should be less than or equal to 128 and hidden_dim d_qk should be multiple of 16 unless d_qk == 192 and d_v == 128 (requires cuDNN 9.19+)",,,
deepseek_v4,dsv4_flash,generation,cudnn,bfloat16,bfloat16,128,4,131072,64,1,512,512,mla_absorbed,,64,1313.105225,6.699,13.134,0.1642,20,True,,NVIDIA B300 SXM6 AC,cudnn 9.25.0,
deepseek_v4,dsv4_flash,generation,cudnn,bfloat16,fp8_e4m3,128,4,131072,64,1,512,512,mla_absorbed,,64,inf,0.0,0.0,,20,False,"    main()
  File ""/home/vagarwalla/attn_inf/cudnn-frontend/benchmark/attention_inference/benchmark_single_attention.py"", line 718, in main
    fn, detail = SETUPS[args.backend](args, dtype)
                 ^^^^^^^^^^^^^^^^^^^^^^^^^^^^^^^^^
  File ""/home/vagarwalla/attn_inf/cudnn-frontend/benchmark/attention_inference/benchmark_single_attention.py"", line 119, in setup_cudnn
    return setup_cudnn_fp8(args, cudnn, oss=oss)
           ^^^^^^^^^^^^^^^^^^^^^^^^^^^^^^^^^^^^^
  File ""/home/vagarwalla/attn_inf/cudnn-frontend/benchmark/attention_inference/benchmark_single_attention.py"", line 261, in setup_cudnn_fp8
    graph.validate()
  File ""/home/vagarwalla/attn_inf/cudnn-frontend/python/cudnn/_pygraph.py"", line 776, in validate
    self._lowered_graph.validate()
cudnn._compiled_module.cudnnGraphNotSupportedError: hidden_dim d_qk should be less than or equal to 128 and hidden_dim d_qk should be multiple of 16 unless d_qk == 192 and d_v == 128 (requires cuDNN 9.19+)",,,
deepseek_v4,dsv4_flash,context,cudnn_oss,bfloat16,bfloat16,1,2048,2048,64,1,512,512,mla_absorbed,,64,0.641792,428.297,421.527,5.2691,20,True,,NVIDIA B300 SXM6 AC,cudnn_oss plan=sdpa_fwd_prefill_sm100_d512[SdpaFwdKnobs(sched_policy=0; tile_m=128; tile_n=128; cga=2)],
deepseek_v4,dsv4_flash,context,cudnn_oss,bfloat16,bfloat16,1,8192,8192,64,1,512,512,mla_absorbed,,64,4.296672,1023.594,251.853,3.1482,20,True,,NVIDIA B300 SXM6 AC,cudnn_oss plan=sdpa_fwd_prefill_sm100_d512[SdpaFwdKnobs(sched_policy=0; tile_m=128; tile_n=128; cga=2)],
deepseek_v4,dsv4_flash,context,cudnn_oss,bfloat16,bfloat16,1,512,65536,64,1,512,512,mla_absorbed,,64,2.856032,1539.915,46.994,0.5874,20,True,,NVIDIA B300 SXM6 AC,cudnn_oss plan=sdpa_fwd_prefill_sm100_d512[SdpaFwdKnobs(sched_policy=0; tile_m=128; tile_n=128; cga=2)],
deepseek_v4,dsv4_flash,context,cudnn_oss,bfloat16,bfloat16,1,512,131072,64,1,512,512,mla_absorbed,,64,6.15424,1429.274,32.713,0.4089,20,True,,NVIDIA B300 SXM6 AC,cudnn_oss plan=sdpa_fwd_prefill_sm100_d512[SdpaFwdKnobs(sched_policy=0; tile_m=128; tile_n=128; cga=2)],
deepseek_v4,dsv4_flash,context,cudnn_oss,bfloat16,bfloat16,1,1024,65536,64,1,512,512,mla_absorbed,,64,6.272352,1402.36,32.097,0.4012,20,True,,NVIDIA B300 SXM6 AC,cudnn_oss plan=sdpa_fwd_prefill_sm100_d512[SdpaFwdKnobs(sched_policy=0; tile_m=128; tile_n=128; cga=2)],
deepseek_v4,dsv4_flash,context,cudnn_oss,bfloat16,bfloat16,1,1024,131072,64,1,512,512,mla_absorbed,,64,12.426624,1415.685,21.602,0.27,20,True,,NVIDIA B300 SXM6 AC,cudnn_oss plan=sdpa_fwd_prefill_sm100_d512[SdpaFwdKnobs(sched_policy=0; tile_m=128; tile_n=128; cga=2)],
deepseek_v4,dsv4_flash,generation,cudnn_oss,bfloat16,bfloat16,1,1,131072,64,1,512,512,mla_absorbed,,64,2.720864,6.314,49.377,0.6172,20,True,,NVIDIA B300 SXM6 AC,cudnn_oss plan=sdpa_fwd_prefill_sm100_d512[SdpaFwdKnobs(sched_policy=0; tile_m=128; tile_n=128; cga=2)],
deepseek_v4,dsv4_flash,generation,cudnn_oss,bfloat16,fp8_e4m3,1,1,131072,64,1,512,512,mla_absorbed,,64,inf,0.0,0.0,,20,False,"                 ^^^^^^^^^^^^^^^^^^^^^^^^^^^^^^^^^
  File ""/home/vagarwalla/attn_inf/cudnn-frontend/benchmark/attention_inference/benchmark_single_attention.py"", line 215, in setup_cudnn_oss
    return setup_cudnn(args, dtype, oss=True)
           ^^^^^^^^^^^^^^^^^^^^^^^^^^^^^^^^^^
  File ""/home/vagarwalla/attn_inf/cudnn-frontend/benchmark/attention_inference/benchmark_single_attention.py"", line 119, in setup_cudnn
    return setup_cudnn_fp8(args, cudnn, oss=oss)
           ^^^^^^^^^^^^^^^^^^^^^^^^^^^^^^^^^^^^^
  File ""/home/vagarwalla/attn_inf/cudnn-frontend/benchmark/attention_inference/benchmark_single_attention.py"", line 261, in setup_cudnn_fp8
    graph.validate()
  File ""/home/vagarwalla/attn_inf/cudnn-frontend/python/cudnn/_pygraph.py"", line 776, in validate
    self._lowered_graph.validate()
cudnn._compiled_module.cudnnGraphNotSupportedError: hidden_dim d_qk should be less than or equal to 128 and hidden_dim d_qk should be multiple of 16 unless d_qk == 192 and d_v == 128 (requires cuDNN 9.19+)",,,
deepseek_v4,dsv4_flash,generation,cudnn_oss,bfloat16,bfloat16,128,1,131072,64,1,512,512,mla_absorbed,,64,356.01236,6.177,48.304,0.6038,20,True,,NVIDIA B300 SXM6 AC,cudnn_oss plan=sdpa_fwd_prefill_sm100_d512[SdpaFwdKnobs(sched_policy=0; tile_m=128; tile_n=128; cga=2)],
deepseek_v4,dsv4_flash,generation,cudnn_oss,bfloat16,fp8_e4m3,128,1,131072,64,1,512,512,mla_absorbed,,64,inf,0.0,0.0,,20,False,"                 ^^^^^^^^^^^^^^^^^^^^^^^^^^^^^^^^^
  File ""/home/vagarwalla/attn_inf/cudnn-frontend/benchmark/attention_inference/benchmark_single_attention.py"", line 215, in setup_cudnn_oss
    return setup_cudnn(args, dtype, oss=True)
           ^^^^^^^^^^^^^^^^^^^^^^^^^^^^^^^^^^
  File ""/home/vagarwalla/attn_inf/cudnn-frontend/benchmark/attention_inference/benchmark_single_attention.py"", line 119, in setup_cudnn
    return setup_cudnn_fp8(args, cudnn, oss=oss)
           ^^^^^^^^^^^^^^^^^^^^^^^^^^^^^^^^^^^^^
  File ""/home/vagarwalla/attn_inf/cudnn-frontend/benchmark/attention_inference/benchmark_single_attention.py"", line 261, in setup_cudnn_fp8
    graph.validate()
  File ""/home/vagarwalla/attn_inf/cudnn-frontend/python/cudnn/_pygraph.py"", line 776, in validate
    self._lowered_graph.validate()
cudnn._compiled_module.cudnnGraphNotSupportedError: hidden_dim d_qk should be less than or equal to 128 and hidden_dim d_qk should be multiple of 16 unless d_qk == 192 and d_v == 128 (requires cuDNN 9.19+)",,,
deepseek_v4,dsv4_flash,generation,cudnn_oss,bfloat16,bfloat16,1,2,131072,64,1,512,512,mla_absorbed,,64,2.743232,12.525,49.022,0.6128,20,True,,NVIDIA B300 SXM6 AC,cudnn_oss plan=sdpa_fwd_prefill_sm100_d512[SdpaFwdKnobs(sched_policy=0; tile_m=128; tile_n=128; cga=2)],
deepseek_v4,dsv4_flash,generation,cudnn_oss,bfloat16,fp8_e4m3,1,2,131072,64,1,512,512,mla_absorbed,,64,inf,0.0,0.0,,20,False,"                 ^^^^^^^^^^^^^^^^^^^^^^^^^^^^^^^^^
  File ""/home/vagarwalla/attn_inf/cudnn-frontend/benchmark/attention_inference/benchmark_single_attention.py"", line 215, in setup_cudnn_oss
    return setup_cudnn(args, dtype, oss=True)
           ^^^^^^^^^^^^^^^^^^^^^^^^^^^^^^^^^^
  File ""/home/vagarwalla/attn_inf/cudnn-frontend/benchmark/attention_inference/benchmark_single_attention.py"", line 119, in setup_cudnn
    return setup_cudnn_fp8(args, cudnn, oss=oss)
           ^^^^^^^^^^^^^^^^^^^^^^^^^^^^^^^^^^^^^
  File ""/home/vagarwalla/attn_inf/cudnn-frontend/benchmark/attention_inference/benchmark_single_attention.py"", line 261, in setup_cudnn_fp8
    graph.validate()
  File ""/home/vagarwalla/attn_inf/cudnn-frontend/python/cudnn/_pygraph.py"", line 776, in validate
    self._lowered_graph.validate()
cudnn._compiled_module.cudnnGraphNotSupportedError: hidden_dim d_qk should be less than or equal to 128 and hidden_dim d_qk should be multiple of 16 unless d_qk == 192 and d_v == 128 (requires cuDNN 9.19+)",,,
deepseek_v4,dsv4_flash,generation,cudnn_oss,bfloat16,bfloat16,128,2,131072,64,1,512,512,mla_absorbed,,64,359.084839,12.248,47.937,0.5992,20,True,,NVIDIA B300 SXM6 AC,cudnn_oss plan=sdpa_fwd_prefill_sm100_d512[SdpaFwdKnobs(sched_policy=0; tile_m=128; tile_n=128; cga=2)],
deepseek_v4,dsv4_flash,generation,cudnn_oss,bfloat16,fp8_e4m3,128,2,131072,64,1,512,512,mla_absorbed,,64,inf,0.0,0.0,,20,False,"                 ^^^^^^^^^^^^^^^^^^^^^^^^^^^^^^^^^
  File ""/home/vagarwalla/attn_inf/cudnn-frontend/benchmark/attention_inference/benchmark_single_attention.py"", line 215, in setup_cudnn_oss
    return setup_cudnn(args, dtype, oss=True)
           ^^^^^^^^^^^^^^^^^^^^^^^^^^^^^^^^^^
  File ""/home/vagarwalla/attn_inf/cudnn-frontend/benchmark/attention_inference/benchmark_single_attention.py"", line 119, in setup_cudnn
    return setup_cudnn_fp8(args, cudnn, oss=oss)
           ^^^^^^^^^^^^^^^^^^^^^^^^^^^^^^^^^^^^^
  File ""/home/vagarwalla/attn_inf/cudnn-frontend/benchmark/attention_inference/benchmark_single_attention.py"", line 261, in setup_cudnn_fp8
    graph.validate()
  File ""/home/vagarwalla/attn_inf/cudnn-frontend/python/cudnn/_pygraph.py"", line 776, in validate
    self._lowered_graph.validate()
cudnn._compiled_module.cudnnGraphNotSupportedError: hidden_dim d_qk should be less than or equal to 128 and hidden_dim d_qk should be multiple of 16 unless d_qk == 192 and d_v == 128 (requires cuDNN 9.19+)",,,
deepseek_v4,dsv4_flash,generation,cudnn_oss,bfloat16,bfloat16,1,3,131072,64,1,512,512,mla_absorbed,,64,2.747136,18.761,49.0,0.6125,20,True,,NVIDIA B300 SXM6 AC,cudnn_oss plan=sdpa_fwd_prefill_sm100_d512[SdpaFwdKnobs(sched_policy=0; tile_m=128; tile_n=128; cga=2)],
deepseek_v4,dsv4_flash,generation,cudnn_oss,bfloat16,fp8_e4m3,1,3,131072,64,1,512,512,mla_absorbed,,64,inf,0.0,0.0,,20,False,"                 ^^^^^^^^^^^^^^^^^^^^^^^^^^^^^^^^^
  File ""/home/vagarwalla/attn_inf/cudnn-frontend/benchmark/attention_inference/benchmark_single_attention.py"", line 215, in setup_cudnn_oss
    return setup_cudnn(args, dtype, oss=True)
           ^^^^^^^^^^^^^^^^^^^^^^^^^^^^^^^^^^
  File ""/home/vagarwalla/attn_inf/cudnn-frontend/benchmark/attention_inference/benchmark_single_attention.py"", line 119, in setup_cudnn
    return setup_cudnn_fp8(args, cudnn, oss=oss)
           ^^^^^^^^^^^^^^^^^^^^^^^^^^^^^^^^^^^^^
  File ""/home/vagarwalla/attn_inf/cudnn-frontend/benchmark/attention_inference/benchmark_single_attention.py"", line 261, in setup_cudnn_fp8
    graph.validate()
  File ""/home/vagarwalla/attn_inf/cudnn-frontend/python/cudnn/_pygraph.py"", line 776, in validate
    self._lowered_graph.validate()
cudnn._compiled_module.cudnnGraphNotSupportedError: hidden_dim d_qk should be less than or equal to 128 and hidden_dim d_qk should be multiple of 16 unless d_qk == 192 and d_v == 128 (requires cuDNN 9.19+)",,,
deepseek_v4,dsv4_flash,generation,cudnn_oss,bfloat16,bfloat16,128,3,131072,64,1,512,512,mla_absorbed,,64,359.111969,18.371,47.98,0.5998,20,True,,NVIDIA B300 SXM6 AC,cudnn_oss plan=sdpa_fwd_prefill_sm100_d512[SdpaFwdKnobs(sched_policy=0; tile_m=128; tile_n=128; cga=2)],
deepseek_v4,dsv4_flash,generation,cudnn_oss,bfloat16,fp8_e4m3,128,3,131072,64,1,512,512,mla_absorbed,,64,inf,0.0,0.0,,20,False,"                 ^^^^^^^^^^^^^^^^^^^^^^^^^^^^^^^^^
  File ""/home/vagarwalla/attn_inf/cudnn-frontend/benchmark/attention_inference/benchmark_single_attention.py"", line 215, in setup_cudnn_oss
    return setup_cudnn(args, dtype, oss=True)
           ^^^^^^^^^^^^^^^^^^^^^^^^^^^^^^^^^^
  File ""/home/vagarwalla/attn_inf/cudnn-frontend/benchmark/attention_inference/benchmark_single_attention.py"", line 119, in setup_cudnn
    return setup_cudnn_fp8(args, cudnn, oss=oss)
           ^^^^^^^^^^^^^^^^^^^^^^^^^^^^^^^^^^^^^
  File ""/home/vagarwalla/attn_inf/cudnn-frontend/benchmark/attention_inference/benchmark_single_attention.py"", line 261, in setup_cudnn_fp8
    graph.validate()
  File ""/home/vagarwalla/attn_inf/cudnn-frontend/python/cudnn/_pygraph.py"", line 776, in validate
    self._lowered_graph.validate()
cudnn._compiled_module.cudnnGraphNotSupportedError: hidden_dim d_qk should be less than or equal to 128 and hidden_dim d_qk should be multiple of 16 unless d_qk == 192 and d_v == 128 (requires cuDNN 9.19+)",,,
deepseek_v4,dsv4_flash,generation,cudnn_oss,bfloat16,bfloat16,1,4,131072,64,1,512,512,mla_absorbed,,64,2.74272,25.055,49.127,0.6141,20,True,,NVIDIA B300 SXM6 AC,cudnn_oss plan=sdpa_fwd_prefill_sm100_d512[SdpaFwdKnobs(sched_policy=0; tile_m=128; tile_n=128; cga=2)],
deepseek_v4,dsv4_flash,generation,cudnn_oss,bfloat16,fp8_e4m3,1,4,131072,64,1,512,512,mla_absorbed,,64,inf,0.0,0.0,,20,False,"                 ^^^^^^^^^^^^^^^^^^^^^^^^^^^^^^^^^
  File ""/home/vagarwalla/attn_inf/cudnn-frontend/benchmark/attention_inference/benchmark_single_attention.py"", line 215, in setup_cudnn_oss
    return setup_cudnn(args, dtype, oss=True)
           ^^^^^^^^^^^^^^^^^^^^^^^^^^^^^^^^^^
  File ""/home/vagarwalla/attn_inf/cudnn-frontend/benchmark/attention_inference/benchmark_single_attention.py"", line 119, in setup_cudnn
    return setup_cudnn_fp8(args, cudnn, oss=oss)
           ^^^^^^^^^^^^^^^^^^^^^^^^^^^^^^^^^^^^^
  File ""/home/vagarwalla/attn_inf/cudnn-frontend/benchmark/attention_inference/benchmark_single_attention.py"", line 261, in setup_cudnn_fp8
    graph.validate()
  File ""/home/vagarwalla/attn_inf/cudnn-frontend/python/cudnn/_pygraph.py"", line 776, in validate
    self._lowered_graph.validate()
cudnn._compiled_module.cudnnGraphNotSupportedError: hidden_dim d_qk should be less than or equal to 128 and hidden_dim d_qk should be multiple of 16 unless d_qk == 192 and d_v == 128 (requires cuDNN 9.19+)",,,
deepseek_v4,dsv4_flash,generation,cudnn_oss,bfloat16,bfloat16,128,4,131072,64,1,512,512,mla_absorbed,,64,359.237946,24.485,48.01,0.6001,20,True,,NVIDIA B300 SXM6 AC,cudnn_oss plan=sdpa_fwd_prefill_sm100_d512[SdpaFwdKnobs(sched_policy=0; tile_m=128; tile_n=128; cga=2)],
deepseek_v4,dsv4_flash,generation,cudnn_oss,bfloat16,fp8_e4m3,128,4,131072,64,1,512,512,mla_absorbed,,64,inf,0.0,0.0,,20,False,"                 ^^^^^^^^^^^^^^^^^^^^^^^^^^^^^^^^^
  File ""/home/vagarwalla/attn_inf/cudnn-frontend/benchmark/attention_inference/benchmark_single_attention.py"", line 215, in setup_cudnn_oss
    return setup_cudnn(args, dtype, oss=True)
           ^^^^^^^^^^^^^^^^^^^^^^^^^^^^^^^^^^
  File ""/home/vagarwalla/attn_inf/cudnn-frontend/benchmark/attention_inference/benchmark_single_attention.py"", line 119, in setup_cudnn
    return setup_cudnn_fp8(args, cudnn, oss=oss)
           ^^^^^^^^^^^^^^^^^^^^^^^^^^^^^^^^^^^^^
  File ""/home/vagarwalla/attn_inf/cudnn-frontend/benchmark/attention_inference/benchmark_single_attention.py"", line 261, in setup_cudnn_fp8
    graph.validate()
  File ""/home/vagarwalla/attn_inf/cudnn-frontend/python/cudnn/_pygraph.py"", line 776, in validate
    self._lowered_graph.validate()
cudnn._compiled_module.cudnnGraphNotSupportedError: hidden_dim d_qk should be less than or equal to 128 and hidden_dim d_qk should be multiple of 16 unless d_qk == 192 and d_v == 128 (requires cuDNN 9.19+)",,,
deepseek_v4,dsv4_flash-tp2,context,cudnn,bfloat16,bfloat16,1,2048,2048,32,1,512,512,mla_absorbed,,64,0.29168,471.198,467.344,5.8418,20,True,,NVIDIA B300 SXM6 AC,cudnn 9.25.0,
deepseek_v4,dsv4_flash-tp2,context,cudnn,bfloat16,bfloat16,1,8192,8192,32,1,512,512,mla_absorbed,,64,4.3008,511.306,126.781,1.5848,20,True,,NVIDIA B300 SXM6 AC,cudnn 9.25.0,
deepseek_v4,dsv4_flash-tp2,context,cudnn,bfloat16,bfloat16,1,512,65536,32,1,512,512,mla_absorbed,,64,3.957376,555.677,25.437,0.318,20,True,,NVIDIA B300 SXM6 AC,cudnn 9.25.0,
deepseek_v4,dsv4_flash-tp2,context,cudnn,bfloat16,bfloat16,1,512,131072,32,1,512,512,mla_absorbed,,64,8.830752,498.038,18.999,0.2375,20,True,,NVIDIA B300 SXM6 AC,cudnn 9.25.0,
deepseek_v4,dsv4_flash-tp2,context,cudnn,bfloat16,bfloat16,1,1024,65536,32,1,512,512,mla_absorbed,,64,8.813184,499.03,15.229,0.1904,20,True,,NVIDIA B300 SXM6 AC,cudnn 9.25.0,
deepseek_v4,dsv4_flash-tp2,context,cudnn,bfloat16,bfloat16,1,1024,131072,32,1,512,512,mla_absorbed,,64,17.876545,492.047,11.262,0.1408,20,True,,NVIDIA B300 SXM6 AC,cudnn 9.25.0,
deepseek_v4,dsv4_flash-tp2,generation,cudnn,bfloat16,bfloat16,1,1,131072,32,1,512,512,mla_absorbed,,64,0.22464,38.239,597.771,7.4721,20,True,,NVIDIA B300 SXM6 AC,cudnn 9.25.0,
deepseek_v4,dsv4_flash-tp2,generation,cudnn,bfloat16,fp8_e4m3,1,1,131072,32,1,512,512,mla_absorbed,,64,inf,0.0,0.0,,20,False,"    main()
  File ""/home/vagarwalla/attn_inf/cudnn-frontend/benchmark/attention_inference/benchmark_single_attention.py"", line 718, in main
    fn, detail = SETUPS[args.backend](args, dtype)
                 ^^^^^^^^^^^^^^^^^^^^^^^^^^^^^^^^^
  File ""/home/vagarwalla/attn_inf/cudnn-frontend/benchmark/attention_inference/benchmark_single_attention.py"", line 119, in setup_cudnn
    return setup_cudnn_fp8(args, cudnn, oss=oss)
           ^^^^^^^^^^^^^^^^^^^^^^^^^^^^^^^^^^^^^
  File ""/home/vagarwalla/attn_inf/cudnn-frontend/benchmark/attention_inference/benchmark_single_attention.py"", line 261, in setup_cudnn_fp8
    graph.validate()
  File ""/home/vagarwalla/attn_inf/cudnn-frontend/python/cudnn/_pygraph.py"", line 776, in validate
    self._lowered_graph.validate()
cudnn._compiled_module.cudnnGraphNotSupportedError: hidden_dim d_qk should be less than or equal to 128 and hidden_dim d_qk should be multiple of 16 unless d_qk == 192 and d_v == 128 (requires cuDNN 9.19+)",,,
deepseek_v4,dsv4_flash-tp2,generation,cudnn,bfloat16,bfloat16,128,1,131072,32,1,512,512,mla_absorbed,,64,21.766369,50.514,789.67,9.8709,20,True,,NVIDIA B300 SXM6 AC,cudnn 9.25.0,
deepseek_v4,dsv4_flash-tp2,generation,cudnn,bfloat16,fp8_e4m3,128,1,131072,32,1,512,512,mla_absorbed,,64,inf,0.0,0.0,,20,False,"    main()
  File ""/home/vagarwalla/attn_inf/cudnn-frontend/benchmark/attention_inference/benchmark_single_attention.py"", line 718, in main
    fn, detail = SETUPS[args.backend](args, dtype)
                 ^^^^^^^^^^^^^^^^^^^^^^^^^^^^^^^^^
  File ""/home/vagarwalla/attn_inf/cudnn-frontend/benchmark/attention_inference/benchmark_single_attention.py"", line 119, in setup_cudnn
    return setup_cudnn_fp8(args, cudnn, oss=oss)
           ^^^^^^^^^^^^^^^^^^^^^^^^^^^^^^^^^^^^^
  File ""/home/vagarwalla/attn_inf/cudnn-frontend/benchmark/attention_inference/benchmark_single_attention.py"", line 261, in setup_cudnn_fp8
    graph.validate()
  File ""/home/vagarwalla/attn_inf/cudnn-frontend/python/cudnn/_pygraph.py"", line 776, in validate
    self._lowered_graph.validate()
cudnn._compiled_module.cudnnGraphNotSupportedError: hidden_dim d_qk should be less than or equal to 128 and hidden_dim d_qk should be multiple of 16 unless d_qk == 192 and d_v == 128 (requires cuDNN 9.19+)",,,
deepseek_v4,dsv4_flash-tp2,generation,cudnn,bfloat16,bfloat16,1,2,131072,32,1,512,512,mla_absorbed,,64,10.749952,1.598,12.498,0.1562,20,True,,NVIDIA B300 SXM6 AC,cudnn 9.25.0,
deepseek_v4,dsv4_flash-tp2,generation,cudnn,bfloat16,fp8_e4m3,1,2,131072,32,1,512,512,mla_absorbed,,64,inf,0.0,0.0,,20,False,"    main()
  File ""/home/vagarwalla/attn_inf/cudnn-frontend/benchmark/attention_inference/benchmark_single_attention.py"", line 718, in main
    fn, detail = SETUPS[args.backend](args, dtype)
                 ^^^^^^^^^^^^^^^^^^^^^^^^^^^^^^^^^
  File ""/home/vagarwalla/attn_inf/cudnn-frontend/benchmark/attention_inference/benchmark_single_attention.py"", line 119, in setup_cudnn
    return setup_cudnn_fp8(args, cudnn, oss=oss)
           ^^^^^^^^^^^^^^^^^^^^^^^^^^^^^^^^^^^^^
  File ""/home/vagarwalla/attn_inf/cudnn-frontend/benchmark/attention_inference/benchmark_single_attention.py"", line 261, in setup_cudnn_fp8
    graph.validate()
  File ""/home/vagarwalla/attn_inf/cudnn-frontend/python/cudnn/_pygraph.py"", line 776, in validate
    self._lowered_graph.validate()
cudnn._compiled_module.cudnnGraphNotSupportedError: hidden_dim d_qk should be less than or equal to 128 and hidden_dim d_qk should be multiple of 16 unless d_qk == 192 and d_v == 128 (requires cuDNN 9.19+)",,,
deepseek_v4,dsv4_flash-tp2,generation,cudnn,bfloat16,bfloat16,128,2,131072,32,1,512,512,mla_absorbed,,64,643.538879,3.417,26.722,0.334,20,True,,NVIDIA B300 SXM6 AC,cudnn 9.25.0,
deepseek_v4,dsv4_flash-tp2,generation,cudnn,bfloat16,fp8_e4m3,128,2,131072,32,1,512,512,mla_absorbed,,64,inf,0.0,0.0,,20,False,"    main()
  File ""/home/vagarwalla/attn_inf/cudnn-frontend/benchmark/attention_inference/benchmark_single_attention.py"", line 718, in main
    fn, detail = SETUPS[args.backend](args, dtype)
                 ^^^^^^^^^^^^^^^^^^^^^^^^^^^^^^^^^
  File ""/home/vagarwalla/attn_inf/cudnn-frontend/benchmark/attention_inference/benchmark_single_attention.py"", line 119, in setup_cudnn
    return setup_cudnn_fp8(args, cudnn, oss=oss)
           ^^^^^^^^^^^^^^^^^^^^^^^^^^^^^^^^^^^^^
  File ""/home/vagarwalla/attn_inf/cudnn-frontend/benchmark/attention_inference/benchmark_single_attention.py"", line 261, in setup_cudnn_fp8
    graph.validate()
  File ""/home/vagarwalla/attn_inf/cudnn-frontend/python/cudnn/_pygraph.py"", line 776, in validate
    self._lowered_graph.validate()
cudnn._compiled_module.cudnnGraphNotSupportedError: hidden_dim d_qk should be less than or equal to 128 and hidden_dim d_qk should be multiple of 16 unless d_qk == 192 and d_v == 128 (requires cuDNN 9.19+)",,,
deepseek_v4,dsv4_flash-tp2,generation,cudnn,bfloat16,bfloat16,1,3,131072,32,1,512,512,mla_absorbed,,64,10.732992,2.401,12.523,0.1565,20,True,,NVIDIA B300 SXM6 AC,cudnn 9.25.0,
deepseek_v4,dsv4_flash-tp2,generation,cudnn,bfloat16,fp8_e4m3,1,3,131072,32,1,512,512,mla_absorbed,,64,inf,0.0,0.0,,20,False,"    main()
  File ""/home/vagarwalla/attn_inf/cudnn-frontend/benchmark/attention_inference/benchmark_single_attention.py"", line 718, in main
    fn, detail = SETUPS[args.backend](args, dtype)
                 ^^^^^^^^^^^^^^^^^^^^^^^^^^^^^^^^^
  File ""/home/vagarwalla/attn_inf/cudnn-frontend/benchmark/attention_inference/benchmark_single_attention.py"", line 119, in setup_cudnn
    return setup_cudnn_fp8(args, cudnn, oss=oss)
           ^^^^^^^^^^^^^^^^^^^^^^^^^^^^^^^^^^^^^
  File ""/home/vagarwalla/attn_inf/cudnn-frontend/benchmark/attention_inference/benchmark_single_attention.py"", line 261, in setup_cudnn_fp8
    graph.validate()
  File ""/home/vagarwalla/attn_inf/cudnn-frontend/python/cudnn/_pygraph.py"", line 776, in validate
    self._lowered_graph.validate()
cudnn._compiled_module.cudnnGraphNotSupportedError: hidden_dim d_qk should be less than or equal to 128 and hidden_dim d_qk should be multiple of 16 unless d_qk == 192 and d_v == 128 (requires cuDNN 9.19+)",,,
deepseek_v4,dsv4_flash-tp2,generation,cudnn,bfloat16,bfloat16,128,3,131072,32,1,512,512,mla_absorbed,,64,642.983887,5.13,26.758,0.3345,20,True,,NVIDIA B300 SXM6 AC,cudnn 9.25.0,
deepseek_v4,dsv4_flash-tp2,generation,cudnn,bfloat16,fp8_e4m3,128,3,131072,32,1,512,512,mla_absorbed,,64,inf,0.0,0.0,,20,False,"    main()
  File ""/home/vagarwalla/attn_inf/cudnn-frontend/benchmark/attention_inference/benchmark_single_attention.py"", line 718, in main
    fn, detail = SETUPS[args.backend](args, dtype)
                 ^^^^^^^^^^^^^^^^^^^^^^^^^^^^^^^^^
  File ""/home/vagarwalla/attn_inf/cudnn-frontend/benchmark/attention_inference/benchmark_single_attention.py"", line 119, in setup_cudnn
    return setup_cudnn_fp8(args, cudnn, oss=oss)
           ^^^^^^^^^^^^^^^^^^^^^^^^^^^^^^^^^^^^^
  File ""/home/vagarwalla/attn_inf/cudnn-frontend/benchmark/attention_inference/benchmark_single_attention.py"", line 261, in setup_cudnn_fp8
    graph.validate()
  File ""/home/vagarwalla/attn_inf/cudnn-frontend/python/cudnn/_pygraph.py"", line 776, in validate
    self._lowered_graph.validate()
cudnn._compiled_module.cudnnGraphNotSupportedError: hidden_dim d_qk should be less than or equal to 128 and hidden_dim d_qk should be multiple of 16 unless d_qk == 192 and d_v == 128 (requires cuDNN 9.19+)",,,
deepseek_v4,dsv4_flash-tp2,generation,cudnn,bfloat16,bfloat16,1,4,131072,32,1,512,512,mla_absorbed,,64,10.727776,3.203,12.536,0.1567,20,True,,NVIDIA B300 SXM6 AC,cudnn 9.25.0,
deepseek_v4,dsv4_flash-tp2,generation,cudnn,bfloat16,fp8_e4m3,1,4,131072,32,1,512,512,mla_absorbed,,64,inf,0.0,0.0,,20,False,"    main()
  File ""/home/vagarwalla/attn_inf/cudnn-frontend/benchmark/attention_inference/benchmark_single_attention.py"", line 718, in main
    fn, detail = SETUPS[args.backend](args, dtype)
                 ^^^^^^^^^^^^^^^^^^^^^^^^^^^^^^^^^
  File ""/home/vagarwalla/attn_inf/cudnn-frontend/benchmark/attention_inference/benchmark_single_attention.py"", line 119, in setup_cudnn
    return setup_cudnn_fp8(args, cudnn, oss=oss)
           ^^^^^^^^^^^^^^^^^^^^^^^^^^^^^^^^^^^^^
  File ""/home/vagarwalla/attn_inf/cudnn-frontend/benchmark/attention_inference/benchmark_single_attention.py"", line 261, in setup_cudnn_fp8
    graph.validate()
  File ""/home/vagarwalla/attn_inf/cudnn-frontend/python/cudnn/_pygraph.py"", line 776, in validate
    self._lowered_graph.validate()
cudnn._compiled_module.cudnnGraphNotSupportedError: hidden_dim d_qk should be less than or equal to 128 and hidden_dim d_qk should be multiple of 16 unless d_qk == 192 and d_v == 128 (requires cuDNN 9.19+)",,,
deepseek_v4,dsv4_flash-tp2,generation,cudnn,bfloat16,bfloat16,128,4,131072,32,1,512,512,mla_absorbed,,64,642.24408,6.848,26.802,0.335,20,True,,NVIDIA B300 SXM6 AC,cudnn 9.25.0,
deepseek_v4,dsv4_flash-tp2,generation,cudnn,bfloat16,fp8_e4m3,128,4,131072,32,1,512,512,mla_absorbed,,64,inf,0.0,0.0,,20,False,"    main()
  File ""/home/vagarwalla/attn_inf/cudnn-frontend/benchmark/attention_inference/benchmark_single_attention.py"", line 718, in main
    fn, detail = SETUPS[args.backend](args, dtype)
                 ^^^^^^^^^^^^^^^^^^^^^^^^^^^^^^^^^
  File ""/home/vagarwalla/attn_inf/cudnn-frontend/benchmark/attention_inference/benchmark_single_attention.py"", line 119, in setup_cudnn
    return setup_cudnn_fp8(args, cudnn, oss=oss)
           ^^^^^^^^^^^^^^^^^^^^^^^^^^^^^^^^^^^^^
  File ""/home/vagarwalla/attn_inf/cudnn-frontend/benchmark/attention_inference/benchmark_single_attention.py"", line 261, in setup_cudnn_fp8
    graph.validate()
  File ""/home/vagarwalla/attn_inf/cudnn-frontend/python/cudnn/_pygraph.py"", line 776, in validate
    self._lowered_graph.validate()
cudnn._compiled_module.cudnnGraphNotSupportedError: hidden_dim d_qk should be less than or equal to 128 and hidden_dim d_qk should be multiple of 16 unless d_qk == 192 and d_v == 128 (requires cuDNN 9.19+)",,,
deepseek_v4,dsv4_flash-tp2,context,cudnn_oss,bfloat16,bfloat16,1,2048,2048,32,1,512,512,mla_absorbed,,64,0.37024,371.216,368.18,4.6022,20,True,,NVIDIA B300 SXM6 AC,cudnn_oss plan=sdpa_fwd_prefill_sm100_d512[SdpaFwdKnobs(sched_policy=0; tile_m=128; tile_n=128; cga=2)],
deepseek_v4,dsv4_flash-tp2,context,cudnn_oss,bfloat16,bfloat16,1,8192,8192,32,1,512,512,mla_absorbed,,64,2.199328,999.861,247.921,3.099,20,True,,NVIDIA B300 SXM6 AC,cudnn_oss plan=sdpa_fwd_prefill_sm100_d512[SdpaFwdKnobs(sched_policy=0; tile_m=128; tile_n=128; cga=2)],
deepseek_v4,dsv4_flash-tp2,context,cudnn_oss,bfloat16,bfloat16,1,512,65536,32,1,512,512,mla_absorbed,,64,1.456672,1509.621,69.105,0.8638,20,True,,NVIDIA B300 SXM6 AC,cudnn_oss plan=sdpa_fwd_prefill_sm100_d512[SdpaFwdKnobs(sched_policy=0; tile_m=128; tile_n=128; cga=2)],
deepseek_v4,dsv4_flash-tp2,context,cudnn_oss,bfloat16,bfloat16,1,512,131072,32,1,512,512,mla_absorbed,,64,2.797024,1572.402,59.982,0.7498,20,True,,NVIDIA B300 SXM6 AC,cudnn_oss plan=sdpa_fwd_prefill_sm100_d512[SdpaFwdKnobs(sched_policy=0; tile_m=128; tile_n=128; cga=2)],
deepseek_v4,dsv4_flash-tp2,context,cudnn_oss,bfloat16,bfloat16,1,1024,65536,32,1,512,512,mla_absorbed,,64,3.023616,1454.565,44.39,0.5549,20,True,,NVIDIA B300 SXM6 AC,cudnn_oss plan=sdpa_fwd_prefill_sm100_d512[SdpaFwdKnobs(sched_policy=0; tile_m=128; tile_n=128; cga=2)],
deepseek_v4,dsv4_flash-tp2,context,cudnn_oss,bfloat16,bfloat16,1,1024,131072,32,1,512,512,mla_absorbed,,64,6.298976,1396.432,31.962,0.3995,20,True,,NVIDIA B300 SXM6 AC,cudnn_oss plan=sdpa_fwd_prefill_sm100_d512[SdpaFwdKnobs(sched_policy=0; tile_m=128; tile_n=128; cga=2)],
deepseek_v4,dsv4_flash-tp2,generation,cudnn_oss,bfloat16,bfloat16,1,1,131072,32,1,512,512,mla_absorbed,,64,1.400416,6.134,95.888,1.1986,20,True,,NVIDIA B300 SXM6 AC,cudnn_oss plan=sdpa_fwd_prefill_sm100_d512[SdpaFwdKnobs(sched_policy=0; tile_m=128; tile_n=128; cga=2)],
deepseek_v4,dsv4_flash-tp2,generation,cudnn_oss,bfloat16,fp8_e4m3,1,1,131072,32,1,512,512,mla_absorbed,,64,inf,0.0,0.0,,20,False,"                 ^^^^^^^^^^^^^^^^^^^^^^^^^^^^^^^^^
  File ""/home/vagarwalla/attn_inf/cudnn-frontend/benchmark/attention_inference/benchmark_single_attention.py"", line 215, in setup_cudnn_oss
    return setup_cudnn(args, dtype, oss=True)
           ^^^^^^^^^^^^^^^^^^^^^^^^^^^^^^^^^^
  File ""/home/vagarwalla/attn_inf/cudnn-frontend/benchmark/attention_inference/benchmark_single_attention.py"", line 119, in setup_cudnn
    return setup_cudnn_fp8(args, cudnn, oss=oss)
           ^^^^^^^^^^^^^^^^^^^^^^^^^^^^^^^^^^^^^
  File ""/home/vagarwalla/attn_inf/cudnn-frontend/benchmark/attention_inference/benchmark_single_attention.py"", line 261, in setup_cudnn_fp8
    graph.validate()
  File ""/home/vagarwalla/attn_inf/cudnn-frontend/python/cudnn/_pygraph.py"", line 776, in validate
    self._lowered_graph.validate()
cudnn._compiled_module.cudnnGraphNotSupportedError: hidden_dim d_qk should be less than or equal to 128 and hidden_dim d_qk should be multiple of 16 unless d_qk == 192 and d_v == 128 (requires cuDNN 9.19+)",,,
deepseek_v4,dsv4_flash-tp2,generation,cudnn_oss,bfloat16,bfloat16,128,1,131072,32,1,512,512,mla_absorbed,,64,177.681793,6.188,96.736,1.2092,20,True,,NVIDIA B300 SXM6 AC,cudnn_oss plan=sdpa_fwd_prefill_sm100_d512[SdpaFwdKnobs(sched_policy=0; tile_m=128; tile_n=128; cga=2)],
deepseek_v4,dsv4_flash-tp2,generation,cudnn_oss,bfloat16,fp8_e4m3,128,1,131072,32,1,512,512,mla_absorbed,,64,inf,0.0,0.0,,20,False,"                 ^^^^^^^^^^^^^^^^^^^^^^^^^^^^^^^^^
  File ""/home/vagarwalla/attn_inf/cudnn-frontend/benchmark/attention_inference/benchmark_single_attention.py"", line 215, in setup_cudnn_oss
    return setup_cudnn(args, dtype, oss=True)
           ^^^^^^^^^^^^^^^^^^^^^^^^^^^^^^^^^^
  File ""/home/vagarwalla/attn_inf/cudnn-frontend/benchmark/attention_inference/benchmark_single_attention.py"", line 119, in setup_cudnn
    return setup_cudnn_fp8(args, cudnn, oss=oss)
           ^^^^^^^^^^^^^^^^^^^^^^^^^^^^^^^^^^^^^
  File ""/home/vagarwalla/attn_inf/cudnn-frontend/benchmark/attention_inference/benchmark_single_attention.py"", line 261, in setup_cudnn_fp8
    graph.validate()
  File ""/home/vagarwalla/attn_inf/cudnn-frontend/python/cudnn/_pygraph.py"", line 776, in validate
    self._lowered_graph.validate()
cudnn._compiled_module.cudnnGraphNotSupportedError: hidden_dim d_qk should be less than or equal to 128 and hidden_dim d_qk should be multiple of 16 unless d_qk == 192 and d_v == 128 (requires cuDNN 9.19+)",,,
deepseek_v4,dsv4_flash-tp2,generation,cudnn_oss,bfloat16,bfloat16,1,2,131072,32,1,512,512,mla_absorbed,,64,1.42544,12.052,94.251,1.1781,20,True,,NVIDIA B300 SXM6 AC,cudnn_oss plan=sdpa_fwd_prefill_sm100_d512[SdpaFwdKnobs(sched_policy=0; tile_m=128; tile_n=128; cga=2)],
deepseek_v4,dsv4_flash-tp2,generation,cudnn_oss,bfloat16,fp8_e4m3,1,2,131072,32,1,512,512,mla_absorbed,,64,inf,0.0,0.0,,20,False,"                 ^^^^^^^^^^^^^^^^^^^^^^^^^^^^^^^^^
  File ""/home/vagarwalla/attn_inf/cudnn-frontend/benchmark/attention_inference/benchmark_single_attention.py"", line 215, in setup_cudnn_oss
    return setup_cudnn(args, dtype, oss=True)
           ^^^^^^^^^^^^^^^^^^^^^^^^^^^^^^^^^^
  File ""/home/vagarwalla/attn_inf/cudnn-frontend/benchmark/attention_inference/benchmark_single_attention.py"", line 119, in setup_cudnn
    return setup_cudnn_fp8(args, cudnn, oss=oss)
           ^^^^^^^^^^^^^^^^^^^^^^^^^^^^^^^^^^^^^
  File ""/home/vagarwalla/attn_inf/cudnn-frontend/benchmark/attention_inference/benchmark_single_attention.py"", line 261, in setup_cudnn_fp8
    graph.validate()
  File ""/home/vagarwalla/attn_inf/cudnn-frontend/python/cudnn/_pygraph.py"", line 776, in validate
    self._lowered_graph.validate()
cudnn._compiled_module.cudnnGraphNotSupportedError: hidden_dim d_qk should be less than or equal to 128 and hidden_dim d_qk should be multiple of 16 unless d_qk == 192 and d_v == 128 (requires cuDNN 9.19+)",,,
deepseek_v4,dsv4_flash-tp2,generation,cudnn_oss,bfloat16,bfloat16,128,2,131072,32,1,512,512,mla_absorbed,,64,178.158081,12.343,96.525,1.2066,20,True,,NVIDIA B300 SXM6 AC,cudnn_oss plan=sdpa_fwd_prefill_sm100_d512[SdpaFwdKnobs(sched_policy=0; tile_m=128; tile_n=128; cga=2)],
deepseek_v4,dsv4_flash-tp2,generation,cudnn_oss,bfloat16,fp8_e4m3,128,2,131072,32,1,512,512,mla_absorbed,,64,inf,0.0,0.0,,20,False,"                 ^^^^^^^^^^^^^^^^^^^^^^^^^^^^^^^^^
  File ""/home/vagarwalla/attn_inf/cudnn-frontend/benchmark/attention_inference/benchmark_single_attention.py"", line 215, in setup_cudnn_oss
    return setup_cudnn(args, dtype, oss=True)
           ^^^^^^^^^^^^^^^^^^^^^^^^^^^^^^^^^^
  File ""/home/vagarwalla/attn_inf/cudnn-frontend/benchmark/attention_inference/benchmark_single_attention.py"", line 119, in setup_cudnn
    return setup_cudnn_fp8(args, cudnn, oss=oss)
           ^^^^^^^^^^^^^^^^^^^^^^^^^^^^^^^^^^^^^
  File ""/home/vagarwalla/attn_inf/cudnn-frontend/benchmark/attention_inference/benchmark_single_attention.py"", line 261, in setup_cudnn_fp8
    graph.validate()
  File ""/home/vagarwalla/attn_inf/cudnn-frontend/python/cudnn/_pygraph.py"", line 776, in validate
    self._lowered_graph.validate()
cudnn._compiled_module.cudnnGraphNotSupportedError: hidden_dim d_qk should be less than or equal to 128 and hidden_dim d_qk should be multiple of 16 unless d_qk == 192 and d_v == 128 (requires cuDNN 9.19+)",,,
deepseek_v4,dsv4_flash-tp2,generation,cudnn_oss,bfloat16,bfloat16,1,3,131072,32,1,512,512,mla_absorbed,,64,1.423936,18.098,94.396,1.18,20,True,,NVIDIA B300 SXM6 AC,cudnn_oss plan=sdpa_fwd_prefill_sm100_d512[SdpaFwdKnobs(sched_policy=0; tile_m=128; tile_n=128; cga=2)],
deepseek_v4,dsv4_flash-tp2,generation,cudnn_oss,bfloat16,fp8_e4m3,1,3,131072,32,1,512,512,mla_absorbed,,64,inf,0.0,0.0,,20,False,"                 ^^^^^^^^^^^^^^^^^^^^^^^^^^^^^^^^^
  File ""/home/vagarwalla/attn_inf/cudnn-frontend/benchmark/attention_inference/benchmark_single_attention.py"", line 215, in setup_cudnn_oss
    return setup_cudnn(args, dtype, oss=True)
           ^^^^^^^^^^^^^^^^^^^^^^^^^^^^^^^^^^
  File ""/home/vagarwalla/attn_inf/cudnn-frontend/benchmark/attention_inference/benchmark_single_attention.py"", line 119, in setup_cudnn
    return setup_cudnn_fp8(args, cudnn, oss=oss)
           ^^^^^^^^^^^^^^^^^^^^^^^^^^^^^^^^^^^^^
  File ""/home/vagarwalla/attn_inf/cudnn-frontend/benchmark/attention_inference/benchmark_single_attention.py"", line 261, in setup_cudnn_fp8
    graph.validate()
  File ""/home/vagarwalla/attn_inf/cudnn-frontend/python/cudnn/_pygraph.py"", line 776, in validate
    self._lowered_graph.validate()
cudnn._compiled_module.cudnnGraphNotSupportedError: hidden_dim d_qk should be less than or equal to 128 and hidden_dim d_qk should be multiple of 16 unless d_qk == 192 and d_v == 128 (requires cuDNN 9.19+)",,,
deepseek_v4,dsv4_flash-tp2,generation,cudnn_oss,bfloat16,bfloat16,128,3,131072,32,1,512,512,mla_absorbed,,64,178.137955,18.517,96.583,1.2073,20,True,,NVIDIA B300 SXM6 AC,cudnn_oss plan=sdpa_fwd_prefill_sm100_d512[SdpaFwdKnobs(sched_policy=0; tile_m=128; tile_n=128; cga=2)],
deepseek_v4,dsv4_flash-tp2,generation,cudnn_oss,bfloat16,fp8_e4m3,128,3,131072,32,1,512,512,mla_absorbed,,64,inf,0.0,0.0,,20,False,"                 ^^^^^^^^^^^^^^^^^^^^^^^^^^^^^^^^^
  File ""/home/vagarwalla/attn_inf/cudnn-frontend/benchmark/attention_inference/benchmark_single_attention.py"", line 215, in setup_cudnn_oss
    return setup_cudnn(args, dtype, oss=True)
           ^^^^^^^^^^^^^^^^^^^^^^^^^^^^^^^^^^
  File ""/home/vagarwalla/attn_inf/cudnn-frontend/benchmark/attention_inference/benchmark_single_attention.py"", line 119, in setup_cudnn
    return setup_cudnn_fp8(args, cudnn, oss=oss)
           ^^^^^^^^^^^^^^^^^^^^^^^^^^^^^^^^^^^^^
  File ""/home/vagarwalla/attn_inf/cudnn-frontend/benchmark/attention_inference/benchmark_single_attention.py"", line 261, in setup_cudnn_fp8
    graph.validate()
  File ""/home/vagarwalla/attn_inf/cudnn-frontend/python/cudnn/_pygraph.py"", line 776, in validate
    self._lowered_graph.validate()
cudnn._compiled_module.cudnnGraphNotSupportedError: hidden_dim d_qk should be less than or equal to 128 and hidden_dim d_qk should be multiple of 16 unless d_qk == 192 and d_v == 128 (requires cuDNN 9.19+)",,,
deepseek_v4,dsv4_flash-tp2,generation,cudnn_oss,bfloat16,bfloat16,1,4,131072,32,1,512,512,mla_absorbed,,64,1.421824,24.166,94.583,1.1823,20,True,,NVIDIA B300 SXM6 AC,cudnn_oss plan=sdpa_fwd_prefill_sm100_d512[SdpaFwdKnobs(sched_policy=0; tile_m=128; tile_n=128; cga=2)],
deepseek_v4,dsv4_flash-tp2,generation,cudnn_oss,bfloat16,fp8_e4m3,1,4,131072,32,1,512,512,mla_absorbed,,64,inf,0.0,0.0,,20,False,"                 ^^^^^^^^^^^^^^^^^^^^^^^^^^^^^^^^^
  File ""/home/vagarwalla/attn_inf/cudnn-frontend/benchmark/attention_inference/benchmark_single_attention.py"", line 215, in setup_cudnn_oss
    return setup_cudnn(args, dtype, oss=True)
           ^^^^^^^^^^^^^^^^^^^^^^^^^^^^^^^^^^
  File ""/home/vagarwalla/attn_inf/cudnn-frontend/benchmark/attention_inference/benchmark_single_attention.py"", line 119, in setup_cudnn
    return setup_cudnn_fp8(args, cudnn, oss=oss)
           ^^^^^^^^^^^^^^^^^^^^^^^^^^^^^^^^^^^^^
  File ""/home/vagarwalla/attn_inf/cudnn-frontend/benchmark/attention_inference/benchmark_single_attention.py"", line 261, in setup_cudnn_fp8
    graph.validate()
  File ""/home/vagarwalla/attn_inf/cudnn-frontend/python/cudnn/_pygraph.py"", line 776, in validate
    self._lowered_graph.validate()
cudnn._compiled_module.cudnnGraphNotSupportedError: hidden_dim d_qk should be less than or equal to 128 and hidden_dim d_qk should be multiple of 16 unless d_qk == 192 and d_v == 128 (requires cuDNN 9.19+)",,,
deepseek_v4,dsv4_flash-tp2,generation,cudnn_oss,bfloat16,bfloat16,128,4,131072,32,1,512,512,mla_absorbed,,64,178.495193,24.64,96.436,1.2055,20,True,,NVIDIA B300 SXM6 AC,cudnn_oss plan=sdpa_fwd_prefill_sm100_d512[SdpaFwdKnobs(sched_policy=0; tile_m=128; tile_n=128; cga=2)],
deepseek_v4,dsv4_flash-tp2,generation,cudnn_oss,bfloat16,fp8_e4m3,128,4,131072,32,1,512,512,mla_absorbed,,64,inf,0.0,0.0,,20,False,"                 ^^^^^^^^^^^^^^^^^^^^^^^^^^^^^^^^^
  File ""/home/vagarwalla/attn_inf/cudnn-frontend/benchmark/attention_inference/benchmark_single_attention.py"", line 215, in setup_cudnn_oss
    return setup_cudnn(args, dtype, oss=True)
           ^^^^^^^^^^^^^^^^^^^^^^^^^^^^^^^^^^
  File ""/home/vagarwalla/attn_inf/cudnn-frontend/benchmark/attention_inference/benchmark_single_attention.py"", line 119, in setup_cudnn
    return setup_cudnn_fp8(args, cudnn, oss=oss)
           ^^^^^^^^^^^^^^^^^^^^^^^^^^^^^^^^^^^^^
  File ""/home/vagarwalla/attn_inf/cudnn-frontend/benchmark/attention_inference/benchmark_single_attention.py"", line 261, in setup_cudnn_fp8
    graph.validate()
  File ""/home/vagarwalla/attn_inf/cudnn-frontend/python/cudnn/_pygraph.py"", line 776, in validate
    self._lowered_graph.validate()
cudnn._compiled_module.cudnnGraphNotSupportedError: hidden_dim d_qk should be less than or equal to 128 and hidden_dim d_qk should be multiple of 16 unless d_qk == 192 and d_v == 128 (requires cuDNN 9.19+)",,,
deepseek_v4,dsv4_flash-tp4,context,cudnn,bfloat16,bfloat16,1,2048,2048,16,1,512,512,mla_absorbed,,64,0.161472,425.581,428.595,5.3574,20,True,,NVIDIA B300 SXM6 AC,cudnn 9.25.0,
deepseek_v4,dsv4_flash-tp4,context,cudnn,bfloat16,bfloat16,1,8192,8192,16,1,512,512,mla_absorbed,,64,1.881824,584.28,147.104,1.8388,20,True,,NVIDIA B300 SXM6 AC,cudnn 9.25.0,
deepseek_v4,dsv4_flash-tp4,context,cudnn,bfloat16,bfloat16,1,512,65536,16,1,512,512,mla_absorbed,,64,1.89904,578.983,44.173,0.5522,20,True,,NVIDIA B300 SXM6 AC,cudnn 9.25.0,
deepseek_v4,dsv4_flash-tp4,context,cudnn,bfloat16,bfloat16,1,512,131072,16,1,512,512,mla_absorbed,,64,3.800928,578.549,39.726,0.4966,20,True,,NVIDIA B300 SXM6 AC,cudnn 9.25.0,
deepseek_v4,dsv4_flash-tp4,context,cudnn,bfloat16,bfloat16,1,1024,65536,16,1,512,512,mla_absorbed,,64,4.23584,519.147,23.765,0.2971,20,True,,NVIDIA B300 SXM6 AC,cudnn 9.25.0,
deepseek_v4,dsv4_flash-tp4,context,cudnn,bfloat16,bfloat16,1,1024,131072,16,1,512,512,mla_absorbed,,64,8.725568,504.041,19.228,0.2403,20,True,,NVIDIA B300 SXM6 AC,cudnn 9.25.0,
deepseek_v4,dsv4_flash-tp4,generation,cudnn,bfloat16,bfloat16,1,1,131072,16,1,512,512,mla_absorbed,,64,0.136672,31.425,982.282,12.2785,20,True,,NVIDIA B300 SXM6 AC,cudnn 9.25.0,
deepseek_v4,dsv4_flash-tp4,generation,cudnn,bfloat16,fp8_e4m3,1,1,131072,16,1,512,512,mla_absorbed,,64,inf,0.0,0.0,,20,False,"    main()
  File ""/home/vagarwalla/attn_inf/cudnn-frontend/benchmark/attention_inference/benchmark_single_attention.py"", line 718, in main
    fn, detail = SETUPS[args.backend](args, dtype)
                 ^^^^^^^^^^^^^^^^^^^^^^^^^^^^^^^^^
  File ""/home/vagarwalla/attn_inf/cudnn-frontend/benchmark/attention_inference/benchmark_single_attention.py"", line 119, in setup_cudnn
    return setup_cudnn_fp8(args, cudnn, oss=oss)
           ^^^^^^^^^^^^^^^^^^^^^^^^^^^^^^^^^^^^^
  File ""/home/vagarwalla/attn_inf/cudnn-frontend/benchmark/attention_inference/benchmark_single_attention.py"", line 261, in setup_cudnn_fp8
    graph.validate()
  File ""/home/vagarwalla/attn_inf/cudnn-frontend/python/cudnn/_pygraph.py"", line 776, in validate
    self._lowered_graph.validate()
cudnn._compiled_module.cudnnGraphNotSupportedError: hidden_dim d_qk should be less than or equal to 128 and hidden_dim d_qk should be multiple of 16 unless d_qk == 192 and d_v == 128 (requires cuDNN 9.19+)",,,
deepseek_v4,dsv4_flash-tp4,generation,cudnn,bfloat16,bfloat16,128,1,131072,16,1,512,512,mla_absorbed,,64,11.614816,47.332,1479.495,18.4937,20,True,,NVIDIA B300 SXM6 AC,cudnn 9.25.0,
deepseek_v4,dsv4_flash-tp4,generation,cudnn,bfloat16,fp8_e4m3,128,1,131072,16,1,512,512,mla_absorbed,,64,inf,0.0,0.0,,20,False,"    main()
  File ""/home/vagarwalla/attn_inf/cudnn-frontend/benchmark/attention_inference/benchmark_single_attention.py"", line 718, in main
    fn, detail = SETUPS[args.backend](args, dtype)
                 ^^^^^^^^^^^^^^^^^^^^^^^^^^^^^^^^^
  File ""/home/vagarwalla/attn_inf/cudnn-frontend/benchmark/attention_inference/benchmark_single_attention.py"", line 119, in setup_cudnn
    return setup_cudnn_fp8(args, cudnn, oss=oss)
           ^^^^^^^^^^^^^^^^^^^^^^^^^^^^^^^^^^^^^
  File ""/home/vagarwalla/attn_inf/cudnn-frontend/benchmark/attention_inference/benchmark_single_attention.py"", line 261, in setup_cudnn_fp8
    graph.validate()
  File ""/home/vagarwalla/attn_inf/cudnn-frontend/python/cudnn/_pygraph.py"", line 776, in validate
    self._lowered_graph.validate()
cudnn._compiled_module.cudnnGraphNotSupportedError: hidden_dim d_qk should be less than or equal to 128 and hidden_dim d_qk should be multiple of 16 unless d_qk == 192 and d_v == 128 (requires cuDNN 9.19+)",,,
deepseek_v4,dsv4_flash-tp4,generation,cudnn,bfloat16,bfloat16,1,2,131072,16,1,512,512,mla_absorbed,,64,10.679328,0.804,12.574,0.1572,20,True,,NVIDIA B300 SXM6 AC,cudnn 9.25.0,
deepseek_v4,dsv4_flash-tp4,generation,cudnn,bfloat16,fp8_e4m3,1,2,131072,16,1,512,512,mla_absorbed,,64,inf,0.0,0.0,,20,False,"    main()
  File ""/home/vagarwalla/attn_inf/cudnn-frontend/benchmark/attention_inference/benchmark_single_attention.py"", line 718, in main
    fn, detail = SETUPS[args.backend](args, dtype)
                 ^^^^^^^^^^^^^^^^^^^^^^^^^^^^^^^^^
  File ""/home/vagarwalla/attn_inf/cudnn-frontend/benchmark/attention_inference/benchmark_single_attention.py"", line 119, in setup_cudnn
    return setup_cudnn_fp8(args, cudnn, oss=oss)
           ^^^^^^^^^^^^^^^^^^^^^^^^^^^^^^^^^^^^^
  File ""/home/vagarwalla/attn_inf/cudnn-frontend/benchmark/attention_inference/benchmark_single_attention.py"", line 261, in setup_cudnn_fp8
    graph.validate()
  File ""/home/vagarwalla/attn_inf/cudnn-frontend/python/cudnn/_pygraph.py"", line 776, in validate
    self._lowered_graph.validate()
cudnn._compiled_module.cudnnGraphNotSupportedError: hidden_dim d_qk should be less than or equal to 128 and hidden_dim d_qk should be multiple of 16 unless d_qk == 192 and d_v == 128 (requires cuDNN 9.19+)",,,
deepseek_v4,dsv4_flash-tp4,generation,cudnn,bfloat16,bfloat16,128,2,131072,16,1,512,512,mla_absorbed,,64,317.801819,3.46,54.085,0.6761,20,True,,NVIDIA B300 SXM6 AC,cudnn 9.25.0,
deepseek_v4,dsv4_flash-tp4,generation,cudnn,bfloat16,fp8_e4m3,128,2,131072,16,1,512,512,mla_absorbed,,64,inf,0.0,0.0,,20,False,"    main()
  File ""/home/vagarwalla/attn_inf/cudnn-frontend/benchmark/attention_inference/benchmark_single_attention.py"", line 718, in main
    fn, detail = SETUPS[args.backend](args, dtype)
                 ^^^^^^^^^^^^^^^^^^^^^^^^^^^^^^^^^
  File ""/home/vagarwalla/attn_inf/cudnn-frontend/benchmark/attention_inference/benchmark_single_attention.py"", line 119, in setup_cudnn
    return setup_cudnn_fp8(args, cudnn, oss=oss)
           ^^^^^^^^^^^^^^^^^^^^^^^^^^^^^^^^^^^^^
  File ""/home/vagarwalla/attn_inf/cudnn-frontend/benchmark/attention_inference/benchmark_single_attention.py"", line 261, in setup_cudnn_fp8
    graph.validate()
  File ""/home/vagarwalla/attn_inf/cudnn-frontend/python/cudnn/_pygraph.py"", line 776, in validate
    self._lowered_graph.validate()
cudnn._compiled_module.cudnnGraphNotSupportedError: hidden_dim d_qk should be less than or equal to 128 and hidden_dim d_qk should be multiple of 16 unless d_qk == 192 and d_v == 128 (requires cuDNN 9.19+)",,,
deepseek_v4,dsv4_flash-tp4,generation,cudnn,bfloat16,bfloat16,1,3,131072,16,1,512,512,mla_absorbed,,64,10.652576,1.21,12.609,0.1576,20,True,,NVIDIA B300 SXM6 AC,cudnn 9.25.0,
deepseek_v4,dsv4_flash-tp4,generation,cudnn,bfloat16,fp8_e4m3,1,3,131072,16,1,512,512,mla_absorbed,,64,inf,0.0,0.0,,20,False,"    main()
  File ""/home/vagarwalla/attn_inf/cudnn-frontend/benchmark/attention_inference/benchmark_single_attention.py"", line 718, in main
    fn, detail = SETUPS[args.backend](args, dtype)
                 ^^^^^^^^^^^^^^^^^^^^^^^^^^^^^^^^^
  File ""/home/vagarwalla/attn_inf/cudnn-frontend/benchmark/attention_inference/benchmark_single_attention.py"", line 119, in setup_cudnn
    return setup_cudnn_fp8(args, cudnn, oss=oss)
           ^^^^^^^^^^^^^^^^^^^^^^^^^^^^^^^^^^^^^
  File ""/home/vagarwalla/attn_inf/cudnn-frontend/benchmark/attention_inference/benchmark_single_attention.py"", line 261, in setup_cudnn_fp8
    graph.validate()
  File ""/home/vagarwalla/attn_inf/cudnn-frontend/python/cudnn/_pygraph.py"", line 776, in validate
    self._lowered_graph.validate()
cudnn._compiled_module.cudnnGraphNotSupportedError: hidden_dim d_qk should be less than or equal to 128 and hidden_dim d_qk should be multiple of 16 unless d_qk == 192 and d_v == 128 (requires cuDNN 9.19+)",,,
deepseek_v4,dsv4_flash-tp4,generation,cudnn,bfloat16,bfloat16,128,3,131072,16,1,512,512,mla_absorbed,,64,318.435852,5.179,53.99,0.6749,20,True,,NVIDIA B300 SXM6 AC,cudnn 9.25.0,
deepseek_v4,dsv4_flash-tp4,generation,cudnn,bfloat16,fp8_e4m3,128,3,131072,16,1,512,512,mla_absorbed,,64,inf,0.0,0.0,,20,False,"    main()
  File ""/home/vagarwalla/attn_inf/cudnn-frontend/benchmark/attention_inference/benchmark_single_attention.py"", line 718, in main
    fn, detail = SETUPS[args.backend](args, dtype)
                 ^^^^^^^^^^^^^^^^^^^^^^^^^^^^^^^^^
  File ""/home/vagarwalla/attn_inf/cudnn-frontend/benchmark/attention_inference/benchmark_single_attention.py"", line 119, in setup_cudnn
    return setup_cudnn_fp8(args, cudnn, oss=oss)
           ^^^^^^^^^^^^^^^^^^^^^^^^^^^^^^^^^^^^^
  File ""/home/vagarwalla/attn_inf/cudnn-frontend/benchmark/attention_inference/benchmark_single_attention.py"", line 261, in setup_cudnn_fp8
    graph.validate()
  File ""/home/vagarwalla/attn_inf/cudnn-frontend/python/cudnn/_pygraph.py"", line 776, in validate
    self._lowered_graph.validate()
cudnn._compiled_module.cudnnGraphNotSupportedError: hidden_dim d_qk should be less than or equal to 128 and hidden_dim d_qk should be multiple of 16 unless d_qk == 192 and d_v == 128 (requires cuDNN 9.19+)",,,
deepseek_v4,dsv4_flash-tp4,generation,cudnn,bfloat16,bfloat16,1,4,131072,16,1,512,512,mla_absorbed,,64,10.64736,1.614,12.618,0.1577,20,True,,NVIDIA B300 SXM6 AC,cudnn 9.25.0,
deepseek_v4,dsv4_flash-tp4,generation,cudnn,bfloat16,fp8_e4m3,1,4,131072,16,1,512,512,mla_absorbed,,64,inf,0.0,0.0,,20,False,"    main()
  File ""/home/vagarwalla/attn_inf/cudnn-frontend/benchmark/attention_inference/benchmark_single_attention.py"", line 718, in main
    fn, detail = SETUPS[args.backend](args, dtype)
                 ^^^^^^^^^^^^^^^^^^^^^^^^^^^^^^^^^
  File ""/home/vagarwalla/attn_inf/cudnn-frontend/benchmark/attention_inference/benchmark_single_attention.py"", line 119, in setup_cudnn
    return setup_cudnn_fp8(args, cudnn, oss=oss)
           ^^^^^^^^^^^^^^^^^^^^^^^^^^^^^^^^^^^^^
  File ""/home/vagarwalla/attn_inf/cudnn-frontend/benchmark/attention_inference/benchmark_single_attention.py"", line 261, in setup_cudnn_fp8
    graph.validate()
  File ""/home/vagarwalla/attn_inf/cudnn-frontend/python/cudnn/_pygraph.py"", line 776, in validate
    self._lowered_graph.validate()
cudnn._compiled_module.cudnnGraphNotSupportedError: hidden_dim d_qk should be less than or equal to 128 and hidden_dim d_qk should be multiple of 16 unless d_qk == 192 and d_v == 128 (requires cuDNN 9.19+)",,,
deepseek_v4,dsv4_flash-tp4,generation,cudnn,bfloat16,bfloat16,128,4,131072,16,1,512,512,mla_absorbed,,64,317.758636,6.92,54.119,0.6765,20,True,,NVIDIA B300 SXM6 AC,cudnn 9.25.0,
deepseek_v4,dsv4_flash-tp4,generation,cudnn,bfloat16,fp8_e4m3,128,4,131072,16,1,512,512,mla_absorbed,,64,inf,0.0,0.0,,20,False,"    main()
  File ""/home/vagarwalla/attn_inf/cudnn-frontend/benchmark/attention_inference/benchmark_single_attention.py"", line 718, in main
    fn, detail = SETUPS[args.backend](args, dtype)
                 ^^^^^^^^^^^^^^^^^^^^^^^^^^^^^^^^^
  File ""/home/vagarwalla/attn_inf/cudnn-frontend/benchmark/attention_inference/benchmark_single_attention.py"", line 119, in setup_cudnn
    return setup_cudnn_fp8(args, cudnn, oss=oss)
           ^^^^^^^^^^^^^^^^^^^^^^^^^^^^^^^^^^^^^
  File ""/home/vagarwalla/attn_inf/cudnn-frontend/benchmark/attention_inference/benchmark_single_attention.py"", line 261, in setup_cudnn_fp8
    graph.validate()
  File ""/home/vagarwalla/attn_inf/cudnn-frontend/python/cudnn/_pygraph.py"", line 776, in validate
    self._lowered_graph.validate()
cudnn._compiled_module.cudnnGraphNotSupportedError: hidden_dim d_qk should be less than or equal to 128 and hidden_dim d_qk should be multiple of 16 unless d_qk == 192 and d_v == 128 (requires cuDNN 9.19+)",,,
deepseek_v4,dsv4_flash-tp4,context,cudnn_oss,bfloat16,bfloat16,1,2048,2048,16,1,512,512,mla_absorbed,,64,0.224608,305.953,308.119,3.8515,20,True,,NVIDIA B300 SXM6 AC,cudnn_oss plan=sdpa_fwd_prefill_sm100_d512[SdpaFwdKnobs(sched_policy=0; tile_m=128; tile_n=128; cga=2)],
deepseek_v4,dsv4_flash-tp4,context,cudnn_oss,bfloat16,bfloat16,1,8192,8192,16,1,512,512,mla_absorbed,,64,1.179776,931.966,234.641,2.933,20,True,,NVIDIA B300 SXM6 AC,cudnn_oss plan=sdpa_fwd_prefill_sm100_d512[SdpaFwdKnobs(sched_policy=0; tile_m=128; tile_n=128; cga=2)],
deepseek_v4,dsv4_flash-tp4,context,cudnn_oss,bfloat16,bfloat16,1,512,65536,16,1,512,512,mla_absorbed,,64,0.778752,1411.889,107.719,1.3465,20,True,,NVIDIA B300 SXM6 AC,cudnn_oss plan=sdpa_fwd_prefill_sm100_d512[SdpaFwdKnobs(sched_policy=0; tile_m=128; tile_n=128; cga=2)],
deepseek_v4,dsv4_flash-tp4,context,cudnn_oss,bfloat16,bfloat16,1,512,131072,16,1,512,512,mla_absorbed,,64,1.397728,1573.284,108.029,1.3504,20,True,,NVIDIA B300 SXM6 AC,cudnn_oss plan=sdpa_fwd_prefill_sm100_d512[SdpaFwdKnobs(sched_policy=0; tile_m=128; tile_n=128; cga=2)],
deepseek_v4,dsv4_flash-tp4,context,cudnn_oss,bfloat16,bfloat16,1,1024,65536,16,1,512,512,mla_absorbed,,64,1.417152,1551.72,71.032,0.8879,20,True,,NVIDIA B300 SXM6 AC,cudnn_oss plan=sdpa_fwd_prefill_sm100_d512[SdpaFwdKnobs(sched_policy=0; tile_m=128; tile_n=128; cga=2)],
deepseek_v4,dsv4_flash-tp4,context,cudnn_oss,bfloat16,bfloat16,1,1024,131072,16,1,512,512,mla_absorbed,,64,2.950528,1490.596,56.862,0.7108,20,True,,NVIDIA B300 SXM6 AC,cudnn_oss plan=sdpa_fwd_prefill_sm100_d512[SdpaFwdKnobs(sched_policy=0; tile_m=128; tile_n=128; cga=2)],
deepseek_v4,dsv4_flash-tp4,generation,cudnn_oss,bfloat16,bfloat16,1,1,131072,16,1,512,512,mla_absorbed,,64,1.398656,3.071,95.985,1.1998,20,True,,NVIDIA B300 SXM6 AC,cudnn_oss plan=sdpa_fwd_prefill_sm100_d512[SdpaFwdKnobs(sched_policy=0; tile_m=128; tile_n=128; cga=2)],
deepseek_v4,dsv4_flash-tp4,generation,cudnn_oss,bfloat16,fp8_e4m3,1,1,131072,16,1,512,512,mla_absorbed,,64,inf,0.0,0.0,,20,False,"                 ^^^^^^^^^^^^^^^^^^^^^^^^^^^^^^^^^
  File ""/home/vagarwalla/attn_inf/cudnn-frontend/benchmark/attention_inference/benchmark_single_attention.py"", line 215, in setup_cudnn_oss
    return setup_cudnn(args, dtype, oss=True)
           ^^^^^^^^^^^^^^^^^^^^^^^^^^^^^^^^^^
  File ""/home/vagarwalla/attn_inf/cudnn-frontend/benchmark/attention_inference/benchmark_single_attention.py"", line 119, in setup_cudnn
    return setup_cudnn_fp8(args, cudnn, oss=oss)
           ^^^^^^^^^^^^^^^^^^^^^^^^^^^^^^^^^^^^^
  File ""/home/vagarwalla/attn_inf/cudnn-frontend/benchmark/attention_inference/benchmark_single_attention.py"", line 261, in setup_cudnn_fp8
    graph.validate()
  File ""/home/vagarwalla/attn_inf/cudnn-frontend/python/cudnn/_pygraph.py"", line 776, in validate
    self._lowered_graph.validate()
cudnn._compiled_module.cudnnGraphNotSupportedError: hidden_dim d_qk should be less than or equal to 128 and hidden_dim d_qk should be multiple of 16 unless d_qk == 192 and d_v == 128 (requires cuDNN 9.19+)",,,
deepseek_v4,dsv4_flash-tp4,generation,cudnn_oss,bfloat16,bfloat16,128,1,131072,16,1,512,512,mla_absorbed,,64,89.72451,6.127,191.52,2.394,20,True,,NVIDIA B300 SXM6 AC,cudnn_oss plan=sdpa_fwd_prefill_sm100_d512[SdpaFwdKnobs(sched_policy=0; tile_m=128; tile_n=128; cga=2)],
deepseek_v4,dsv4_flash-tp4,generation,cudnn_oss,bfloat16,fp8_e4m3,128,1,131072,16,1,512,512,mla_absorbed,,64,inf,0.0,0.0,,20,False,"                 ^^^^^^^^^^^^^^^^^^^^^^^^^^^^^^^^^
  File ""/home/vagarwalla/attn_inf/cudnn-frontend/benchmark/attention_inference/benchmark_single_attention.py"", line 215, in setup_cudnn_oss
    return setup_cudnn(args, dtype, oss=True)
           ^^^^^^^^^^^^^^^^^^^^^^^^^^^^^^^^^^
  File ""/home/vagarwalla/attn_inf/cudnn-frontend/benchmark/attention_inference/benchmark_single_attention.py"", line 119, in setup_cudnn
    return setup_cudnn_fp8(args, cudnn, oss=oss)
           ^^^^^^^^^^^^^^^^^^^^^^^^^^^^^^^^^^^^^
  File ""/home/vagarwalla/attn_inf/cudnn-frontend/benchmark/attention_inference/benchmark_single_attention.py"", line 261, in setup_cudnn_fp8
    graph.validate()
  File ""/home/vagarwalla/attn_inf/cudnn-frontend/python/cudnn/_pygraph.py"", line 776, in validate
    self._lowered_graph.validate()
cudnn._compiled_module.cudnnGraphNotSupportedError: hidden_dim d_qk should be less than or equal to 128 and hidden_dim d_qk should be multiple of 16 unless d_qk == 192 and d_v == 128 (requires cuDNN 9.19+)",,,
deepseek_v4,dsv4_flash-tp4,generation,cudnn_oss,bfloat16,bfloat16,1,2,131072,16,1,512,512,mla_absorbed,,64,1.418656,6.055,94.655,1.1832,20,True,,NVIDIA B300 SXM6 AC,cudnn_oss plan=sdpa_fwd_prefill_sm100_d512[SdpaFwdKnobs(sched_policy=0; tile_m=128; tile_n=128; cga=2)],
deepseek_v4,dsv4_flash-tp4,generation,cudnn_oss,bfloat16,fp8_e4m3,1,2,131072,16,1,512,512,mla_absorbed,,64,inf,0.0,0.0,,20,False,"                 ^^^^^^^^^^^^^^^^^^^^^^^^^^^^^^^^^
  File ""/home/vagarwalla/attn_inf/cudnn-frontend/benchmark/attention_inference/benchmark_single_attention.py"", line 215, in setup_cudnn_oss
    return setup_cudnn(args, dtype, oss=True)
           ^^^^^^^^^^^^^^^^^^^^^^^^^^^^^^^^^^
  File ""/home/vagarwalla/attn_inf/cudnn-frontend/benchmark/attention_inference/benchmark_single_attention.py"", line 119, in setup_cudnn
    return setup_cudnn_fp8(args, cudnn, oss=oss)
           ^^^^^^^^^^^^^^^^^^^^^^^^^^^^^^^^^^^^^
  File ""/home/vagarwalla/attn_inf/cudnn-frontend/benchmark/attention_inference/benchmark_single_attention.py"", line 261, in setup_cudnn_fp8
    graph.validate()
  File ""/home/vagarwalla/attn_inf/cudnn-frontend/python/cudnn/_pygraph.py"", line 776, in validate
    self._lowered_graph.validate()
cudnn._compiled_module.cudnnGraphNotSupportedError: hidden_dim d_qk should be less than or equal to 128 and hidden_dim d_qk should be multiple of 16 unless d_qk == 192 and d_v == 128 (requires cuDNN 9.19+)",,,
deepseek_v4,dsv4_flash-tp4,generation,cudnn_oss,bfloat16,bfloat16,128,2,131072,16,1,512,512,mla_absorbed,,64,89.774628,12.247,191.46,2.3933,20,True,,NVIDIA B300 SXM6 AC,cudnn_oss plan=sdpa_fwd_prefill_sm100_d512[SdpaFwdKnobs(sched_policy=0; tile_m=128; tile_n=128; cga=2)],
deepseek_v4,dsv4_flash-tp4,generation,cudnn_oss,bfloat16,fp8_e4m3,128,2,131072,16,1,512,512,mla_absorbed,,64,inf,0.0,0.0,,20,False,"                 ^^^^^^^^^^^^^^^^^^^^^^^^^^^^^^^^^
  File ""/home/vagarwalla/attn_inf/cudnn-frontend/benchmark/attention_inference/benchmark_single_attention.py"", line 215, in setup_cudnn_oss
    return setup_cudnn(args, dtype, oss=True)
           ^^^^^^^^^^^^^^^^^^^^^^^^^^^^^^^^^^
  File ""/home/vagarwalla/attn_inf/cudnn-frontend/benchmark/attention_inference/benchmark_single_attention.py"", line 119, in setup_cudnn
    return setup_cudnn_fp8(args, cudnn, oss=oss)
           ^^^^^^^^^^^^^^^^^^^^^^^^^^^^^^^^^^^^^
  File ""/home/vagarwalla/attn_inf/cudnn-frontend/benchmark/attention_inference/benchmark_single_attention.py"", line 261, in setup_cudnn_fp8
    graph.validate()
  File ""/home/vagarwalla/attn_inf/cudnn-frontend/python/cudnn/_pygraph.py"", line 776, in validate
    self._lowered_graph.validate()
cudnn._compiled_module.cudnnGraphNotSupportedError: hidden_dim d_qk should be less than or equal to 128 and hidden_dim d_qk should be multiple of 16 unless d_qk == 192 and d_v == 128 (requires cuDNN 9.19+)",,,
deepseek_v4,dsv4_flash-tp4,generation,cudnn_oss,bfloat16,bfloat16,1,3,131072,16,1,512,512,mla_absorbed,,64,1.422272,9.059,94.438,1.1805,20,True,,NVIDIA B300 SXM6 AC,cudnn_oss plan=sdpa_fwd_prefill_sm100_d512[SdpaFwdKnobs(sched_policy=0; tile_m=128; tile_n=128; cga=2)],
deepseek_v4,dsv4_flash-tp4,generation,cudnn_oss,bfloat16,fp8_e4m3,1,3,131072,16,1,512,512,mla_absorbed,,64,inf,0.0,0.0,,20,False,"                 ^^^^^^^^^^^^^^^^^^^^^^^^^^^^^^^^^
  File ""/home/vagarwalla/attn_inf/cudnn-frontend/benchmark/attention_inference/benchmark_single_attention.py"", line 215, in setup_cudnn_oss
    return setup_cudnn(args, dtype, oss=True)
           ^^^^^^^^^^^^^^^^^^^^^^^^^^^^^^^^^^
  File ""/home/vagarwalla/attn_inf/cudnn-frontend/benchmark/attention_inference/benchmark_single_attention.py"", line 119, in setup_cudnn
    return setup_cudnn_fp8(args, cudnn, oss=oss)
           ^^^^^^^^^^^^^^^^^^^^^^^^^^^^^^^^^^^^^
  File ""/home/vagarwalla/attn_inf/cudnn-frontend/benchmark/attention_inference/benchmark_single_attention.py"", line 261, in setup_cudnn_fp8
    graph.validate()
  File ""/home/vagarwalla/attn_inf/cudnn-frontend/python/cudnn/_pygraph.py"", line 776, in validate
    self._lowered_graph.validate()
cudnn._compiled_module.cudnnGraphNotSupportedError: hidden_dim d_qk should be less than or equal to 128 and hidden_dim d_qk should be multiple of 16 unless d_qk == 192 and d_v == 128 (requires cuDNN 9.19+)",,,
deepseek_v4,dsv4_flash-tp4,generation,cudnn_oss,bfloat16,bfloat16,128,3,131072,16,1,512,512,mla_absorbed,,64,89.791199,18.368,191.471,2.3934,20,True,,NVIDIA B300 SXM6 AC,cudnn_oss plan=sdpa_fwd_prefill_sm100_d512[SdpaFwdKnobs(sched_policy=0; tile_m=128; tile_n=128; cga=2)],
deepseek_v4,dsv4_flash-tp4,generation,cudnn_oss,bfloat16,fp8_e4m3,128,3,131072,16,1,512,512,mla_absorbed,,64,inf,0.0,0.0,,20,False,"                 ^^^^^^^^^^^^^^^^^^^^^^^^^^^^^^^^^
  File ""/home/vagarwalla/attn_inf/cudnn-frontend/benchmark/attention_inference/benchmark_single_attention.py"", line 215, in setup_cudnn_oss
    return setup_cudnn(args, dtype, oss=True)
           ^^^^^^^^^^^^^^^^^^^^^^^^^^^^^^^^^^
  File ""/home/vagarwalla/attn_inf/cudnn-frontend/benchmark/attention_inference/benchmark_single_attention.py"", line 119, in setup_cudnn
    return setup_cudnn_fp8(args, cudnn, oss=oss)
           ^^^^^^^^^^^^^^^^^^^^^^^^^^^^^^^^^^^^^
  File ""/home/vagarwalla/attn_inf/cudnn-frontend/benchmark/attention_inference/benchmark_single_attention.py"", line 261, in setup_cudnn_fp8
    graph.validate()
  File ""/home/vagarwalla/attn_inf/cudnn-frontend/python/cudnn/_pygraph.py"", line 776, in validate
    self._lowered_graph.validate()
cudnn._compiled_module.cudnnGraphNotSupportedError: hidden_dim d_qk should be less than or equal to 128 and hidden_dim d_qk should be multiple of 16 unless d_qk == 192 and d_v == 128 (requires cuDNN 9.19+)",,,
deepseek_v4,dsv4_flash-tp4,generation,cudnn_oss,bfloat16,bfloat16,1,4,131072,16,1,512,512,mla_absorbed,,64,1.420576,12.094,94.573,1.1822,20,True,,NVIDIA B300 SXM6 AC,cudnn_oss plan=sdpa_fwd_prefill_sm100_d512[SdpaFwdKnobs(sched_policy=0; tile_m=128; tile_n=128; cga=2)],
deepseek_v4,dsv4_flash-tp4,generation,cudnn_oss,bfloat16,fp8_e4m3,1,4,131072,16,1,512,512,mla_absorbed,,64,inf,0.0,0.0,,20,False,"                 ^^^^^^^^^^^^^^^^^^^^^^^^^^^^^^^^^
  File ""/home/vagarwalla/attn_inf/cudnn-frontend/benchmark/attention_inference/benchmark_single_attention.py"", line 215, in setup_cudnn_oss
    return setup_cudnn(args, dtype, oss=True)
           ^^^^^^^^^^^^^^^^^^^^^^^^^^^^^^^^^^
  File ""/home/vagarwalla/attn_inf/cudnn-frontend/benchmark/attention_inference/benchmark_single_attention.py"", line 119, in setup_cudnn
    return setup_cudnn_fp8(args, cudnn, oss=oss)
           ^^^^^^^^^^^^^^^^^^^^^^^^^^^^^^^^^^^^^
  File ""/home/vagarwalla/attn_inf/cudnn-frontend/benchmark/attention_inference/benchmark_single_attention.py"", line 261, in setup_cudnn_fp8
    graph.validate()
  File ""/home/vagarwalla/attn_inf/cudnn-frontend/python/cudnn/_pygraph.py"", line 776, in validate
    self._lowered_graph.validate()
cudnn._compiled_module.cudnnGraphNotSupportedError: hidden_dim d_qk should be less than or equal to 128 and hidden_dim d_qk should be multiple of 16 unless d_qk == 192 and d_v == 128 (requires cuDNN 9.19+)",,,
deepseek_v4,dsv4_flash-tp4,generation,cudnn_oss,bfloat16,bfloat16,128,4,131072,16,1,512,512,mla_absorbed,,64,89.856163,24.473,191.38,2.3922,20,True,,NVIDIA B300 SXM6 AC,cudnn_oss plan=sdpa_fwd_prefill_sm100_d512[SdpaFwdKnobs(sched_policy=0; tile_m=128; tile_n=128; cga=2)],
deepseek_v4,dsv4_flash-tp4,generation,cudnn_oss,bfloat16,fp8_e4m3,128,4,131072,16,1,512,512,mla_absorbed,,64,inf,0.0,0.0,,20,False,"                 ^^^^^^^^^^^^^^^^^^^^^^^^^^^^^^^^^
  File ""/home/vagarwalla/attn_inf/cudnn-frontend/benchmark/attention_inference/benchmark_single_attention.py"", line 215, in setup_cudnn_oss
    return setup_cudnn(args, dtype, oss=True)
           ^^^^^^^^^^^^^^^^^^^^^^^^^^^^^^^^^^
  File ""/home/vagarwalla/attn_inf/cudnn-frontend/benchmark/attention_inference/benchmark_single_attention.py"", line 119, in setup_cudnn
    return setup_cudnn_fp8(args, cudnn, oss=oss)
           ^^^^^^^^^^^^^^^^^^^^^^^^^^^^^^^^^^^^^
  File ""/home/vagarwalla/attn_inf/cudnn-frontend/benchmark/attention_inference/benchmark_single_attention.py"", line 261, in setup_cudnn_fp8
    graph.validate()
  File ""/home/vagarwalla/attn_inf/cudnn-frontend/python/cudnn/_pygraph.py"", line 776, in validate
    self._lowered_graph.validate()
cudnn._compiled_module.cudnnGraphNotSupportedError: hidden_dim d_qk should be less than or equal to 128 and hidden_dim d_qk should be multiple of 16 unless d_qk == 192 and d_v == 128 (requires cuDNN 9.19+)",,,
deepseek_v4,dsv4_flash-tp8,context,cudnn,bfloat16,bfloat16,1,2048,2048,8,1,512,512,mla_absorbed,,64,0.095328,360.437,373.989,4.6749,20,True,,NVIDIA B300 SXM6 AC,cudnn 9.25.0,
deepseek_v4,dsv4_flash-tp8,context,cudnn,bfloat16,bfloat16,1,8192,8192,8,1,512,512,mla_absorbed,,64,0.944512,582.053,150.984,1.8873,20,True,,NVIDIA B300 SXM6 AC,cudnn 9.25.0,
deepseek_v4,dsv4_flash-tp8,context,cudnn,bfloat16,bfloat16,1,512,65536,8,1,512,512,mla_absorbed,,64,1.77776,309.241,42.468,0.5308,20,True,,NVIDIA B300 SXM6 AC,cudnn 9.25.0,
deepseek_v4,dsv4_flash-tp8,context,cudnn,bfloat16,bfloat16,1,512,131072,8,1,512,512,mla_absorbed,,64,3.546784,310.002,40.207,0.5026,20,True,,NVIDIA B300 SXM6 AC,cudnn 9.25.0,
deepseek_v4,dsv4_flash-tp8,context,cudnn,bfloat16,bfloat16,1,1024,65536,8,1,512,512,mla_absorbed,,64,1.866112,589.199,44.952,0.5619,20,True,,NVIDIA B300 SXM6 AC,cudnn 9.25.0,
deepseek_v4,dsv4_flash-tp8,context,cudnn,bfloat16,bfloat16,1,1024,131072,8,1,512,512,mla_absorbed,,64,3.710496,592.649,40.694,0.5087,20,True,,NVIDIA B300 SXM6 AC,cudnn 9.25.0,
deepseek_v4,dsv4_flash-tp8,generation,cudnn,bfloat16,bfloat16,1,1,131072,8,1,512,512,mla_absorbed,,64,0.13632,15.753,984.699,12.3087,20,True,,NVIDIA B300 SXM6 AC,cudnn 9.25.0,
deepseek_v4,dsv4_flash-tp8,generation,cudnn,bfloat16,fp8_e4m3,1,1,131072,8,1,512,512,mla_absorbed,,64,inf,0.0,0.0,,20,False,"    main()
  File ""/home/vagarwalla/attn_inf/cudnn-frontend/benchmark/attention_inference/benchmark_single_attention.py"", line 718, in main
    fn, detail = SETUPS[args.backend](args, dtype)
                 ^^^^^^^^^^^^^^^^^^^^^^^^^^^^^^^^^
  File ""/home/vagarwalla/attn_inf/cudnn-frontend/benchmark/attention_inference/benchmark_single_attention.py"", line 119, in setup_cudnn
    return setup_cudnn_fp8(args, cudnn, oss=oss)
           ^^^^^^^^^^^^^^^^^^^^^^^^^^^^^^^^^^^^^
  File ""/home/vagarwalla/attn_inf/cudnn-frontend/benchmark/attention_inference/benchmark_single_attention.py"", line 261, in setup_cudnn_fp8
    graph.validate()
  File ""/home/vagarwalla/attn_inf/cudnn-frontend/python/cudnn/_pygraph.py"", line 776, in validate
    self._lowered_graph.validate()
cudnn._compiled_module.cudnnGraphNotSupportedError: hidden_dim d_qk should be less than or equal to 128 and hidden_dim d_qk should be multiple of 16 unless d_qk == 192 and d_v == 128 (requires cuDNN 9.19+)",,,
deepseek_v4,dsv4_flash-tp8,generation,cudnn,bfloat16,bfloat16,128,1,131072,8,1,512,512,mla_absorbed,,64,11.6168,23.662,1479.062,18.4883,20,True,,NVIDIA B300 SXM6 AC,cudnn 9.25.0,
deepseek_v4,dsv4_flash-tp8,generation,cudnn,bfloat16,fp8_e4m3,128,1,131072,8,1,512,512,mla_absorbed,,64,inf,0.0,0.0,,20,False,"    main()
  File ""/home/vagarwalla/attn_inf/cudnn-frontend/benchmark/attention_inference/benchmark_single_attention.py"", line 718, in main
    fn, detail = SETUPS[args.backend](args, dtype)
                 ^^^^^^^^^^^^^^^^^^^^^^^^^^^^^^^^^
  File ""/home/vagarwalla/attn_inf/cudnn-frontend/benchmark/attention_inference/benchmark_single_attention.py"", line 119, in setup_cudnn
    return setup_cudnn_fp8(args, cudnn, oss=oss)
           ^^^^^^^^^^^^^^^^^^^^^^^^^^^^^^^^^^^^^
  File ""/home/vagarwalla/attn_inf/cudnn-frontend/benchmark/attention_inference/benchmark_single_attention.py"", line 261, in setup_cudnn_fp8
    graph.validate()
  File ""/home/vagarwalla/attn_inf/cudnn-frontend/python/cudnn/_pygraph.py"", line 776, in validate
    self._lowered_graph.validate()
cudnn._compiled_module.cudnnGraphNotSupportedError: hidden_dim d_qk should be less than or equal to 128 and hidden_dim d_qk should be multiple of 16 unless d_qk == 192 and d_v == 128 (requires cuDNN 9.19+)",,,
deepseek_v4,dsv4_flash-tp8,generation,cudnn,bfloat16,bfloat16,1,2,131072,8,1,512,512,mla_absorbed,,64,10.658784,0.403,12.595,0.1574,20,True,,NVIDIA B300 SXM6 AC,cudnn 9.25.0,
deepseek_v4,dsv4_flash-tp8,generation,cudnn,bfloat16,fp8_e4m3,1,2,131072,8,1,512,512,mla_absorbed,,64,inf,0.0,0.0,,20,False,"    main()
  File ""/home/vagarwalla/attn_inf/cudnn-frontend/benchmark/attention_inference/benchmark_single_attention.py"", line 718, in main
    fn, detail = SETUPS[args.backend](args, dtype)
                 ^^^^^^^^^^^^^^^^^^^^^^^^^^^^^^^^^
  File ""/home/vagarwalla/attn_inf/cudnn-frontend/benchmark/attention_inference/benchmark_single_attention.py"", line 119, in setup_cudnn
    return setup_cudnn_fp8(args, cudnn, oss=oss)
           ^^^^^^^^^^^^^^^^^^^^^^^^^^^^^^^^^^^^^
  File ""/home/vagarwalla/attn_inf/cudnn-frontend/benchmark/attention_inference/benchmark_single_attention.py"", line 261, in setup_cudnn_fp8
    graph.validate()
  File ""/home/vagarwalla/attn_inf/cudnn-frontend/python/cudnn/_pygraph.py"", line 776, in validate
    self._lowered_graph.validate()
cudnn._compiled_module.cudnnGraphNotSupportedError: hidden_dim d_qk should be less than or equal to 128 and hidden_dim d_qk should be multiple of 16 unless d_qk == 192 and d_v == 128 (requires cuDNN 9.19+)",,,
deepseek_v4,dsv4_flash-tp8,generation,cudnn,bfloat16,bfloat16,128,2,131072,8,1,512,512,mla_absorbed,,64,160.321503,3.429,107.185,1.3398,20,True,,NVIDIA B300 SXM6 AC,cudnn 9.25.0,
deepseek_v4,dsv4_flash-tp8,generation,cudnn,bfloat16,fp8_e4m3,128,2,131072,8,1,512,512,mla_absorbed,,64,inf,0.0,0.0,,20,False,"    main()
  File ""/home/vagarwalla/attn_inf/cudnn-frontend/benchmark/attention_inference/benchmark_single_attention.py"", line 718, in main
    fn, detail = SETUPS[args.backend](args, dtype)
                 ^^^^^^^^^^^^^^^^^^^^^^^^^^^^^^^^^
  File ""/home/vagarwalla/attn_inf/cudnn-frontend/benchmark/attention_inference/benchmark_single_attention.py"", line 119, in setup_cudnn
    return setup_cudnn_fp8(args, cudnn, oss=oss)
           ^^^^^^^^^^^^^^^^^^^^^^^^^^^^^^^^^^^^^
  File ""/home/vagarwalla/attn_inf/cudnn-frontend/benchmark/attention_inference/benchmark_single_attention.py"", line 261, in setup_cudnn_fp8
    graph.validate()
  File ""/home/vagarwalla/attn_inf/cudnn-frontend/python/cudnn/_pygraph.py"", line 776, in validate
    self._lowered_graph.validate()
cudnn._compiled_module.cudnnGraphNotSupportedError: hidden_dim d_qk should be less than or equal to 128 and hidden_dim d_qk should be multiple of 16 unless d_qk == 192 and d_v == 128 (requires cuDNN 9.19+)",,,
deepseek_v4,dsv4_flash-tp8,generation,cudnn,bfloat16,bfloat16,1,3,131072,8,1,512,512,mla_absorbed,,64,10.635008,0.606,12.625,0.1578,20,True,,NVIDIA B300 SXM6 AC,cudnn 9.25.0,
deepseek_v4,dsv4_flash-tp8,generation,cudnn,bfloat16,fp8_e4m3,1,3,131072,8,1,512,512,mla_absorbed,,64,inf,0.0,0.0,,20,False,"    main()
  File ""/home/vagarwalla/attn_inf/cudnn-frontend/benchmark/attention_inference/benchmark_single_attention.py"", line 718, in main
    fn, detail = SETUPS[args.backend](args, dtype)
                 ^^^^^^^^^^^^^^^^^^^^^^^^^^^^^^^^^
  File ""/home/vagarwalla/attn_inf/cudnn-frontend/benchmark/attention_inference/benchmark_single_attention.py"", line 119, in setup_cudnn
    return setup_cudnn_fp8(args, cudnn, oss=oss)
           ^^^^^^^^^^^^^^^^^^^^^^^^^^^^^^^^^^^^^
  File ""/home/vagarwalla/attn_inf/cudnn-frontend/benchmark/attention_inference/benchmark_single_attention.py"", line 261, in setup_cudnn_fp8
    graph.validate()
  File ""/home/vagarwalla/attn_inf/cudnn-frontend/python/cudnn/_pygraph.py"", line 776, in validate
    self._lowered_graph.validate()
cudnn._compiled_module.cudnnGraphNotSupportedError: hidden_dim d_qk should be less than or equal to 128 and hidden_dim d_qk should be multiple of 16 unless d_qk == 192 and d_v == 128 (requires cuDNN 9.19+)",,,
deepseek_v4,dsv4_flash-tp8,generation,cudnn,bfloat16,bfloat16,128,3,131072,8,1,512,512,mla_absorbed,,64,160.087067,5.151,107.355,1.3419,20,True,,NVIDIA B300 SXM6 AC,cudnn 9.25.0,
deepseek_v4,dsv4_flash-tp8,generation,cudnn,bfloat16,fp8_e4m3,128,3,131072,8,1,512,512,mla_absorbed,,64,inf,0.0,0.0,,20,False,"    main()
  File ""/home/vagarwalla/attn_inf/cudnn-frontend/benchmark/attention_inference/benchmark_single_attention.py"", line 718, in main
    fn, detail = SETUPS[args.backend](args, dtype)
                 ^^^^^^^^^^^^^^^^^^^^^^^^^^^^^^^^^
  File ""/home/vagarwalla/attn_inf/cudnn-frontend/benchmark/attention_inference/benchmark_single_attention.py"", line 119, in setup_cudnn
    return setup_cudnn_fp8(args, cudnn, oss=oss)
           ^^^^^^^^^^^^^^^^^^^^^^^^^^^^^^^^^^^^^
  File ""/home/vagarwalla/attn_inf/cudnn-frontend/benchmark/attention_inference/benchmark_single_attention.py"", line 261, in setup_cudnn_fp8
    graph.validate()
  File ""/home/vagarwalla/attn_inf/cudnn-frontend/python/cudnn/_pygraph.py"", line 776, in validate
    self._lowered_graph.validate()
cudnn._compiled_module.cudnnGraphNotSupportedError: hidden_dim d_qk should be less than or equal to 128 and hidden_dim d_qk should be multiple of 16 unless d_qk == 192 and d_v == 128 (requires cuDNN 9.19+)",,,
deepseek_v4,dsv4_flash-tp8,generation,cudnn,bfloat16,bfloat16,1,4,131072,8,1,512,512,mla_absorbed,,64,10.62352,0.809,12.64,0.158,20,True,,NVIDIA B300 SXM6 AC,cudnn 9.25.0,
deepseek_v4,dsv4_flash-tp8,generation,cudnn,bfloat16,fp8_e4m3,1,4,131072,8,1,512,512,mla_absorbed,,64,inf,0.0,0.0,,20,False,"    main()
  File ""/home/vagarwalla/attn_inf/cudnn-frontend/benchmark/attention_inference/benchmark_single_attention.py"", line 718, in main
    fn, detail = SETUPS[args.backend](args, dtype)
                 ^^^^^^^^^^^^^^^^^^^^^^^^^^^^^^^^^
  File ""/home/vagarwalla/attn_inf/cudnn-frontend/benchmark/attention_inference/benchmark_single_attention.py"", line 119, in setup_cudnn
    return setup_cudnn_fp8(args, cudnn, oss=oss)
           ^^^^^^^^^^^^^^^^^^^^^^^^^^^^^^^^^^^^^
  File ""/home/vagarwalla/attn_inf/cudnn-frontend/benchmark/attention_inference/benchmark_single_attention.py"", line 261, in setup_cudnn_fp8
    graph.validate()
  File ""/home/vagarwalla/attn_inf/cudnn-frontend/python/cudnn/_pygraph.py"", line 776, in validate
    self._lowered_graph.validate()
cudnn._compiled_module.cudnnGraphNotSupportedError: hidden_dim d_qk should be less than or equal to 128 and hidden_dim d_qk should be multiple of 16 unless d_qk == 192 and d_v == 128 (requires cuDNN 9.19+)",,,
deepseek_v4,dsv4_flash-tp8,generation,cudnn,bfloat16,bfloat16,128,4,131072,8,1,512,512,mla_absorbed,,64,160.008102,6.872,107.421,1.3428,20,True,,NVIDIA B300 SXM6 AC,cudnn 9.25.0,
deepseek_v4,dsv4_flash-tp8,generation,cudnn,bfloat16,fp8_e4m3,128,4,131072,8,1,512,512,mla_absorbed,,64,inf,0.0,0.0,,20,False,"    main()
  File ""/home/vagarwalla/attn_inf/cudnn-frontend/benchmark/attention_inference/benchmark_single_attention.py"", line 718, in main
    fn, detail = SETUPS[args.backend](args, dtype)
                 ^^^^^^^^^^^^^^^^^^^^^^^^^^^^^^^^^
  File ""/home/vagarwalla/attn_inf/cudnn-frontend/benchmark/attention_inference/benchmark_single_attention.py"", line 119, in setup_cudnn
    return setup_cudnn_fp8(args, cudnn, oss=oss)
           ^^^^^^^^^^^^^^^^^^^^^^^^^^^^^^^^^^^^^
  File ""/home/vagarwalla/attn_inf/cudnn-frontend/benchmark/attention_inference/benchmark_single_attention.py"", line 261, in setup_cudnn_fp8
    graph.validate()
  File ""/home/vagarwalla/attn_inf/cudnn-frontend/python/cudnn/_pygraph.py"", line 776, in validate
    self._lowered_graph.validate()
cudnn._compiled_module.cudnnGraphNotSupportedError: hidden_dim d_qk should be less than or equal to 128 and hidden_dim d_qk should be multiple of 16 unless d_qk == 192 and d_v == 128 (requires cuDNN 9.19+)",,,
deepseek_v4,dsv4_flash-tp8,context,cudnn_oss,bfloat16,bfloat16,1,2048,2048,8,1,512,512,mla_absorbed,,64,0.163648,209.961,217.855,2.7232,20,True,,NVIDIA B300 SXM6 AC,cudnn_oss plan=sdpa_fwd_prefill_sm100_d512[SdpaFwdKnobs(sched_policy=0; tile_m=128; tile_n=128; cga=2)],
deepseek_v4,dsv4_flash-tp8,context,cudnn_oss,bfloat16,bfloat16,1,8192,8192,8,1,512,512,mla_absorbed,,64,0.666912,824.33,213.831,2.6729,20,True,,NVIDIA B300 SXM6 AC,cudnn_oss plan=sdpa_fwd_prefill_sm100_d512[SdpaFwdKnobs(sched_policy=0; tile_m=128; tile_n=128; cga=2)],
deepseek_v4,dsv4_flash-tp8,context,cudnn_oss,bfloat16,bfloat16,1,512,65536,8,1,512,512,mla_absorbed,,64,0.76944,714.488,98.12,1.2265,20,True,,NVIDIA B300 SXM6 AC,cudnn_oss plan=sdpa_fwd_prefill_sm100_d512[SdpaFwdKnobs(sched_policy=0; tile_m=128; tile_n=128; cga=2)],
deepseek_v4,dsv4_flash-tp8,context,cudnn_oss,bfloat16,bfloat16,1,512,131072,8,1,512,512,mla_absorbed,,64,1.426272,770.899,99.985,1.2498,20,True,,NVIDIA B300 SXM6 AC,cudnn_oss plan=sdpa_fwd_prefill_sm100_d512[SdpaFwdKnobs(sched_policy=0; tile_m=128; tile_n=128; cga=2)],
deepseek_v4,dsv4_flash-tp8,context,cudnn_oss,bfloat16,bfloat16,1,1024,65536,8,1,512,512,mla_absorbed,,64,0.777792,1413.632,107.852,1.3481,20,True,,NVIDIA B300 SXM6 AC,cudnn_oss plan=sdpa_fwd_prefill_sm100_d512[SdpaFwdKnobs(sched_policy=0; tile_m=128; tile_n=128; cga=2)],
deepseek_v4,dsv4_flash-tp8,context,cudnn_oss,bfloat16,bfloat16,1,1024,131072,8,1,512,512,mla_absorbed,,64,1.439968,1527.133,104.86,1.3107,20,True,,NVIDIA B300 SXM6 AC,cudnn_oss plan=sdpa_fwd_prefill_sm100_d512[SdpaFwdKnobs(sched_policy=0; tile_m=128; tile_n=128; cga=2)],
deepseek_v4,dsv4_flash-tp8,generation,cudnn_oss,bfloat16,bfloat16,1,1,131072,8,1,512,512,mla_absorbed,,64,1.399584,1.534,95.91,1.1989,20,True,,NVIDIA B300 SXM6 AC,cudnn_oss plan=sdpa_fwd_prefill_sm100_d512[SdpaFwdKnobs(sched_policy=0; tile_m=128; tile_n=128; cga=2)],
deepseek_v4,dsv4_flash-tp8,generation,cudnn_oss,bfloat16,fp8_e4m3,1,1,131072,8,1,512,512,mla_absorbed,,64,inf,0.0,0.0,,20,False,"                 ^^^^^^^^^^^^^^^^^^^^^^^^^^^^^^^^^
  File ""/home/vagarwalla/attn_inf/cudnn-frontend/benchmark/attention_inference/benchmark_single_attention.py"", line 215, in setup_cudnn_oss
    return setup_cudnn(args, dtype, oss=True)
           ^^^^^^^^^^^^^^^^^^^^^^^^^^^^^^^^^^
  File ""/home/vagarwalla/attn_inf/cudnn-frontend/benchmark/attention_inference/benchmark_single_attention.py"", line 119, in setup_cudnn
    return setup_cudnn_fp8(args, cudnn, oss=oss)
           ^^^^^^^^^^^^^^^^^^^^^^^^^^^^^^^^^^^^^
  File ""/home/vagarwalla/attn_inf/cudnn-frontend/benchmark/attention_inference/benchmark_single_attention.py"", line 261, in setup_cudnn_fp8
    graph.validate()
  File ""/home/vagarwalla/attn_inf/cudnn-frontend/python/cudnn/_pygraph.py"", line 776, in validate
    self._lowered_graph.validate()
cudnn._compiled_module.cudnnGraphNotSupportedError: hidden_dim d_qk should be less than or equal to 128 and hidden_dim d_qk should be multiple of 16 unless d_qk == 192 and d_v == 128 (requires cuDNN 9.19+)",,,
deepseek_v4,dsv4_flash-tp8,generation,cudnn_oss,bfloat16,bfloat16,128,1,131072,8,1,512,512,mla_absorbed,,64,45.753922,6.008,375.53,4.6941,20,True,,NVIDIA B300 SXM6 AC,cudnn_oss plan=sdpa_fwd_prefill_sm100_d512[SdpaFwdKnobs(sched_policy=0; tile_m=128; tile_n=128; cga=2)],
deepseek_v4,dsv4_flash-tp8,generation,cudnn_oss,bfloat16,fp8_e4m3,128,1,131072,8,1,512,512,mla_absorbed,,64,inf,0.0,0.0,,20,False,"                 ^^^^^^^^^^^^^^^^^^^^^^^^^^^^^^^^^
  File ""/home/vagarwalla/attn_inf/cudnn-frontend/benchmark/attention_inference/benchmark_single_attention.py"", line 215, in setup_cudnn_oss
    return setup_cudnn(args, dtype, oss=True)
           ^^^^^^^^^^^^^^^^^^^^^^^^^^^^^^^^^^
  File ""/home/vagarwalla/attn_inf/cudnn-frontend/benchmark/attention_inference/benchmark_single_attention.py"", line 119, in setup_cudnn
    return setup_cudnn_fp8(args, cudnn, oss=oss)
           ^^^^^^^^^^^^^^^^^^^^^^^^^^^^^^^^^^^^^
  File ""/home/vagarwalla/attn_inf/cudnn-frontend/benchmark/attention_inference/benchmark_single_attention.py"", line 261, in setup_cudnn_fp8
    graph.validate()
  File ""/home/vagarwalla/attn_inf/cudnn-frontend/python/cudnn/_pygraph.py"", line 776, in validate
    self._lowered_graph.validate()
cudnn._compiled_module.cudnnGraphNotSupportedError: hidden_dim d_qk should be less than or equal to 128 and hidden_dim d_qk should be multiple of 16 unless d_qk == 192 and d_v == 128 (requires cuDNN 9.19+)",,,
deepseek_v4,dsv4_flash-tp8,generation,cudnn_oss,bfloat16,bfloat16,1,2,131072,8,1,512,512,mla_absorbed,,64,1.419424,3.026,94.581,1.1823,20,True,,NVIDIA B300 SXM6 AC,cudnn_oss plan=sdpa_fwd_prefill_sm100_d512[SdpaFwdKnobs(sched_policy=0; tile_m=128; tile_n=128; cga=2)],
deepseek_v4,dsv4_flash-tp8,generation,cudnn_oss,bfloat16,fp8_e4m3,1,2,131072,8,1,512,512,mla_absorbed,,64,inf,0.0,0.0,,20,False,"                 ^^^^^^^^^^^^^^^^^^^^^^^^^^^^^^^^^
  File ""/home/vagarwalla/attn_inf/cudnn-frontend/benchmark/attention_inference/benchmark_single_attention.py"", line 215, in setup_cudnn_oss
    return setup_cudnn(args, dtype, oss=True)
           ^^^^^^^^^^^^^^^^^^^^^^^^^^^^^^^^^^
  File ""/home/vagarwalla/attn_inf/cudnn-frontend/benchmark/attention_inference/benchmark_single_attention.py"", line 119, in setup_cudnn
    return setup_cudnn_fp8(args, cudnn, oss=oss)
           ^^^^^^^^^^^^^^^^^^^^^^^^^^^^^^^^^^^^^
  File ""/home/vagarwalla/attn_inf/cudnn-frontend/benchmark/attention_inference/benchmark_single_attention.py"", line 261, in setup_cudnn_fp8
    graph.validate()
  File ""/home/vagarwalla/attn_inf/cudnn-frontend/python/cudnn/_pygraph.py"", line 776, in validate
    self._lowered_graph.validate()
cudnn._compiled_module.cudnnGraphNotSupportedError: hidden_dim d_qk should be less than or equal to 128 and hidden_dim d_qk should be multiple of 16 unless d_qk == 192 and d_v == 128 (requires cuDNN 9.19+)",,,
deepseek_v4,dsv4_flash-tp8,generation,cudnn_oss,bfloat16,bfloat16,128,2,131072,8,1,512,512,mla_absorbed,,64,45.820801,11.998,375.028,4.6878,20,True,,NVIDIA B300 SXM6 AC,cudnn_oss plan=sdpa_fwd_prefill_sm100_d512[SdpaFwdKnobs(sched_policy=0; tile_m=128; tile_n=128; cga=2)],
deepseek_v4,dsv4_flash-tp8,generation,cudnn_oss,bfloat16,fp8_e4m3,128,2,131072,8,1,512,512,mla_absorbed,,64,inf,0.0,0.0,,20,False,"                 ^^^^^^^^^^^^^^^^^^^^^^^^^^^^^^^^^
  File ""/home/vagarwalla/attn_inf/cudnn-frontend/benchmark/attention_inference/benchmark_single_attention.py"", line 215, in setup_cudnn_oss
    return setup_cudnn(args, dtype, oss=True)
           ^^^^^^^^^^^^^^^^^^^^^^^^^^^^^^^^^^
  File ""/home/vagarwalla/attn_inf/cudnn-frontend/benchmark/attention_inference/benchmark_single_attention.py"", line 119, in setup_cudnn
    return setup_cudnn_fp8(args, cudnn, oss=oss)
           ^^^^^^^^^^^^^^^^^^^^^^^^^^^^^^^^^^^^^
  File ""/home/vagarwalla/attn_inf/cudnn-frontend/benchmark/attention_inference/benchmark_single_attention.py"", line 261, in setup_cudnn_fp8
    graph.validate()
  File ""/home/vagarwalla/attn_inf/cudnn-frontend/python/cudnn/_pygraph.py"", line 776, in validate
    self._lowered_graph.validate()
cudnn._compiled_module.cudnnGraphNotSupportedError: hidden_dim d_qk should be less than or equal to 128 and hidden_dim d_qk should be multiple of 16 unless d_qk == 192 and d_v == 128 (requires cuDNN 9.19+)",,,
deepseek_v4,dsv4_flash-tp8,generation,cudnn_oss,bfloat16,bfloat16,1,3,131072,8,1,512,512,mla_absorbed,,64,1.418624,4.541,94.646,1.1831,20,True,,NVIDIA B300 SXM6 AC,cudnn_oss plan=sdpa_fwd_prefill_sm100_d512[SdpaFwdKnobs(sched_policy=0; tile_m=128; tile_n=128; cga=2)],
deepseek_v4,dsv4_flash-tp8,generation,cudnn_oss,bfloat16,fp8_e4m3,1,3,131072,8,1,512,512,mla_absorbed,,64,inf,0.0,0.0,,20,False,"                 ^^^^^^^^^^^^^^^^^^^^^^^^^^^^^^^^^
  File ""/home/vagarwalla/attn_inf/cudnn-frontend/benchmark/attention_inference/benchmark_single_attention.py"", line 215, in setup_cudnn_oss
    return setup_cudnn(args, dtype, oss=True)
           ^^^^^^^^^^^^^^^^^^^^^^^^^^^^^^^^^^
  File ""/home/vagarwalla/attn_inf/cudnn-frontend/benchmark/attention_inference/benchmark_single_attention.py"", line 119, in setup_cudnn
    return setup_cudnn_fp8(args, cudnn, oss=oss)
           ^^^^^^^^^^^^^^^^^^^^^^^^^^^^^^^^^^^^^
  File ""/home/vagarwalla/attn_inf/cudnn-frontend/benchmark/attention_inference/benchmark_single_attention.py"", line 261, in setup_cudnn_fp8
    graph.validate()
  File ""/home/vagarwalla/attn_inf/cudnn-frontend/python/cudnn/_pygraph.py"", line 776, in validate
    self._lowered_graph.validate()
cudnn._compiled_module.cudnnGraphNotSupportedError: hidden_dim d_qk should be less than or equal to 128 and hidden_dim d_qk should be multiple of 16 unless d_qk == 192 and d_v == 128 (requires cuDNN 9.19+)",,,
deepseek_v4,dsv4_flash-tp8,generation,cudnn_oss,bfloat16,bfloat16,128,3,131072,8,1,512,512,mla_absorbed,,64,45.678143,18.053,376.245,4.7031,20,True,,NVIDIA B300 SXM6 AC,cudnn_oss plan=sdpa_fwd_prefill_sm100_d512[SdpaFwdKnobs(sched_policy=0; tile_m=128; tile_n=128; cga=2)],
deepseek_v4,dsv4_flash-tp8,generation,cudnn_oss,bfloat16,fp8_e4m3,128,3,131072,8,1,512,512,mla_absorbed,,64,inf,0.0,0.0,,20,False,"                 ^^^^^^^^^^^^^^^^^^^^^^^^^^^^^^^^^
  File ""/home/vagarwalla/attn_inf/cudnn-frontend/benchmark/attention_inference/benchmark_single_attention.py"", line 215, in setup_cudnn_oss
    return setup_cudnn(args, dtype, oss=True)
           ^^^^^^^^^^^^^^^^^^^^^^^^^^^^^^^^^^
  File ""/home/vagarwalla/attn_inf/cudnn-frontend/benchmark/attention_inference/benchmark_single_attention.py"", line 119, in setup_cudnn
    return setup_cudnn_fp8(args, cudnn, oss=oss)
           ^^^^^^^^^^^^^^^^^^^^^^^^^^^^^^^^^^^^^
  File ""/home/vagarwalla/attn_inf/cudnn-frontend/benchmark/attention_inference/benchmark_single_attention.py"", line 261, in setup_cudnn_fp8
    graph.validate()
  File ""/home/vagarwalla/attn_inf/cudnn-frontend/python/cudnn/_pygraph.py"", line 776, in validate
    self._lowered_graph.validate()
cudnn._compiled_module.cudnnGraphNotSupportedError: hidden_dim d_qk should be less than or equal to 128 and hidden_dim d_qk should be multiple of 16 unless d_qk == 192 and d_v == 128 (requires cuDNN 9.19+)",,,
deepseek_v4,dsv4_flash-tp8,generation,cudnn_oss,bfloat16,bfloat16,1,4,131072,8,1,512,512,mla_absorbed,,64,1.42096,6.045,94.502,1.1813,20,True,,NVIDIA B300 SXM6 AC,cudnn_oss plan=sdpa_fwd_prefill_sm100_d512[SdpaFwdKnobs(sched_policy=0; tile_m=128; tile_n=128; cga=2)],
deepseek_v4,dsv4_flash-tp8,generation,cudnn_oss,bfloat16,fp8_e4m3,1,4,131072,8,1,512,512,mla_absorbed,,64,inf,0.0,0.0,,20,False,"                 ^^^^^^^^^^^^^^^^^^^^^^^^^^^^^^^^^
  File ""/home/vagarwalla/attn_inf/cudnn-frontend/benchmark/attention_inference/benchmark_single_attention.py"", line 215, in setup_cudnn_oss
    return setup_cudnn(args, dtype, oss=True)
           ^^^^^^^^^^^^^^^^^^^^^^^^^^^^^^^^^^
  File ""/home/vagarwalla/attn_inf/cudnn-frontend/benchmark/attention_inference/benchmark_single_attention.py"", line 119, in setup_cudnn
    return setup_cudnn_fp8(args, cudnn, oss=oss)
           ^^^^^^^^^^^^^^^^^^^^^^^^^^^^^^^^^^^^^
  File ""/home/vagarwalla/attn_inf/cudnn-frontend/benchmark/attention_inference/benchmark_single_attention.py"", line 261, in setup_cudnn_fp8
    graph.validate()
  File ""/home/vagarwalla/attn_inf/cudnn-frontend/python/cudnn/_pygraph.py"", line 776, in validate
    self._lowered_graph.validate()
cudnn._compiled_module.cudnnGraphNotSupportedError: hidden_dim d_qk should be less than or equal to 128 and hidden_dim d_qk should be multiple of 16 unless d_qk == 192 and d_v == 128 (requires cuDNN 9.19+)",,,
deepseek_v4,dsv4_flash-tp8,generation,cudnn_oss,bfloat16,bfloat16,128,4,131072,8,1,512,512,mla_absorbed,,64,45.87085,23.97,374.71,4.6839,20,True,,NVIDIA B300 SXM6 AC,cudnn_oss plan=sdpa_fwd_prefill_sm100_d512[SdpaFwdKnobs(sched_policy=0; tile_m=128; tile_n=128; cga=2)],
deepseek_v4,dsv4_flash-tp8,generation,cudnn_oss,bfloat16,fp8_e4m3,128,4,131072,8,1,512,512,mla_absorbed,,64,inf,0.0,0.0,,20,False,"                 ^^^^^^^^^^^^^^^^^^^^^^^^^^^^^^^^^
  File ""/home/vagarwalla/attn_inf/cudnn-frontend/benchmark/attention_inference/benchmark_single_attention.py"", line 215, in setup_cudnn_oss
    return setup_cudnn(args, dtype, oss=True)
           ^^^^^^^^^^^^^^^^^^^^^^^^^^^^^^^^^^
  File ""/home/vagarwalla/attn_inf/cudnn-frontend/benchmark/attention_inference/benchmark_single_attention.py"", line 119, in setup_cudnn
    return setup_cudnn_fp8(args, cudnn, oss=oss)
           ^^^^^^^^^^^^^^^^^^^^^^^^^^^^^^^^^^^^^
  File ""/home/vagarwalla/attn_inf/cudnn-frontend/benchmark/attention_inference/benchmark_single_attention.py"", line 261, in setup_cudnn_fp8
    graph.validate()
  File ""/home/vagarwalla/attn_inf/cudnn-frontend/python/cudnn/_pygraph.py"", line 776, in validate
    self._lowered_graph.validate()
cudnn._compiled_module.cudnnGraphNotSupportedError: hidden_dim d_qk should be less than or equal to 128 and hidden_dim d_qk should be multiple of 16 unless d_qk == 192 and d_v == 128 (requires cuDNN 9.19+)",,,
deepseek_v4,dsv4_pro,context,cudnn,bfloat16,bfloat16,1,2048,2048,128,1,512,512,mla_absorbed,,64,1.071456,513.092,503.024,6.2878,20,True,,NVIDIA B300 SXM6 AC,cudnn 9.25.0,
deepseek_v4,dsv4_pro,context,cudnn,bfloat16,bfloat16,1,8192,8192,128,1,512,512,mla_absorbed,,64,17.802912,494.082,121.097,1.5137,20,True,,NVIDIA B300 SXM6 AC,cudnn 9.25.0,
deepseek_v4,dsv4_pro,context,cudnn,bfloat16,bfloat16,1,512,65536,128,1,512,512,mla_absorbed,,64,16.733919,525.645,12.031,0.1504,20,True,,NVIDIA B300 SXM6 AC,cudnn 9.25.0,
deepseek_v4,dsv4_pro,context,cudnn,bfloat16,bfloat16,1,512,131072,128,1,512,512,mla_absorbed,,64,34.20771,514.275,7.847,0.0981,20,True,,NVIDIA B300 SXM6 AC,cudnn 9.25.0,
deepseek_v4,dsv4_pro,context,cudnn,bfloat16,bfloat16,1,1024,65536,128,1,512,512,mla_absorbed,,64,33.949951,518.18,9.883,0.1235,20,True,,NVIDIA B300 SXM6 AC,cudnn 9.25.0,
deepseek_v4,dsv4_pro,context,cudnn,bfloat16,bfloat16,1,1024,131072,128,1,512,512,mla_absorbed,,64,68.48288,513.769,5.88,0.0735,20,True,,NVIDIA B300 SXM6 AC,cudnn 9.25.0,
deepseek_v4,dsv4_pro,generation,cudnn,bfloat16,bfloat16,1,1,131072,128,1,512,512,mla_absorbed,,64,0.697728,49.245,192.74,2.4092,20,True,,NVIDIA B300 SXM6 AC,cudnn 9.25.0,
deepseek_v4,dsv4_pro,generation,cudnn,bfloat16,fp8_e4m3,1,1,131072,128,1,512,512,mla_absorbed,,64,inf,0.0,0.0,,20,False,"    main()
  File ""/home/vagarwalla/attn_inf/cudnn-frontend/benchmark/attention_inference/benchmark_single_attention.py"", line 718, in main
    fn, detail = SETUPS[args.backend](args, dtype)
                 ^^^^^^^^^^^^^^^^^^^^^^^^^^^^^^^^^
  File ""/home/vagarwalla/attn_inf/cudnn-frontend/benchmark/attention_inference/benchmark_single_attention.py"", line 119, in setup_cudnn
    return setup_cudnn_fp8(args, cudnn, oss=oss)
           ^^^^^^^^^^^^^^^^^^^^^^^^^^^^^^^^^^^^^
  File ""/home/vagarwalla/attn_inf/cudnn-frontend/benchmark/attention_inference/benchmark_single_attention.py"", line 261, in setup_cudnn_fp8
    graph.validate()
  File ""/home/vagarwalla/attn_inf/cudnn-frontend/python/cudnn/_pygraph.py"", line 776, in validate
    self._lowered_graph.validate()
cudnn._compiled_module.cudnnGraphNotSupportedError: hidden_dim d_qk should be less than or equal to 128 and hidden_dim d_qk should be multiple of 16 unless d_qk == 192 and d_v == 128 (requires cuDNN 9.19+)",,,
deepseek_v4,dsv4_pro,generation,cudnn,bfloat16,bfloat16,128,1,131072,128,1,512,512,mla_absorbed,,64,72.595711,60.583,237.114,2.9639,20,True,,NVIDIA B300 SXM6 AC,cudnn 9.25.0,
deepseek_v4,dsv4_pro,generation,cudnn,bfloat16,fp8_e4m3,128,1,131072,128,1,512,512,mla_absorbed,,64,inf,0.0,0.0,,20,False,"    main()
  File ""/home/vagarwalla/attn_inf/cudnn-frontend/benchmark/attention_inference/benchmark_single_attention.py"", line 718, in main
    fn, detail = SETUPS[args.backend](args, dtype)
                 ^^^^^^^^^^^^^^^^^^^^^^^^^^^^^^^^^
  File ""/home/vagarwalla/attn_inf/cudnn-frontend/benchmark/attention_inference/benchmark_single_attention.py"", line 119, in setup_cudnn
    return setup_cudnn_fp8(args, cudnn, oss=oss)
           ^^^^^^^^^^^^^^^^^^^^^^^^^^^^^^^^^^^^^
  File ""/home/vagarwalla/attn_inf/cudnn-frontend/benchmark/attention_inference/benchmark_single_attention.py"", line 261, in setup_cudnn_fp8
    graph.validate()
  File ""/home/vagarwalla/attn_inf/cudnn-frontend/python/cudnn/_pygraph.py"", line 776, in validate
    self._lowered_graph.validate()
cudnn._compiled_module.cudnnGraphNotSupportedError: hidden_dim d_qk should be less than or equal to 128 and hidden_dim d_qk should be multiple of 16 unless d_qk == 192 and d_v == 128 (requires cuDNN 9.19+)",,,
deepseek_v4,dsv4_pro,generation,cudnn,bfloat16,bfloat16,1,2,131072,128,1,512,512,mla_absorbed,,64,23.722656,2.897,5.68,0.071,20,True,,NVIDIA B300 SXM6 AC,cudnn 9.25.0,
deepseek_v4,dsv4_pro,generation,cudnn,bfloat16,fp8_e4m3,1,2,131072,128,1,512,512,mla_absorbed,,64,inf,0.0,0.0,,20,False,"    main()
  File ""/home/vagarwalla/attn_inf/cudnn-frontend/benchmark/attention_inference/benchmark_single_attention.py"", line 718, in main
    fn, detail = SETUPS[args.backend](args, dtype)
                 ^^^^^^^^^^^^^^^^^^^^^^^^^^^^^^^^^
  File ""/home/vagarwalla/attn_inf/cudnn-frontend/benchmark/attention_inference/benchmark_single_attention.py"", line 119, in setup_cudnn
    return setup_cudnn_fp8(args, cudnn, oss=oss)
           ^^^^^^^^^^^^^^^^^^^^^^^^^^^^^^^^^^^^^
  File ""/home/vagarwalla/attn_inf/cudnn-frontend/benchmark/attention_inference/benchmark_single_attention.py"", line 261, in setup_cudnn_fp8
    graph.validate()
  File ""/home/vagarwalla/attn_inf/cudnn-frontend/python/cudnn/_pygraph.py"", line 776, in validate
    self._lowered_graph.validate()
cudnn._compiled_module.cudnnGraphNotSupportedError: hidden_dim d_qk should be less than or equal to 128 and hidden_dim d_qk should be multiple of 16 unless d_qk == 192 and d_v == 128 (requires cuDNN 9.19+)",,,
deepseek_v4,dsv4_pro,generation,cudnn,bfloat16,bfloat16,128,2,131072,128,1,512,512,mla_absorbed,,64,2752.263672,3.196,6.266,0.0783,20,True,,NVIDIA B300 SXM6 AC,cudnn 9.25.0,
deepseek_v4,dsv4_pro,generation,cudnn,bfloat16,fp8_e4m3,128,2,131072,128,1,512,512,mla_absorbed,,64,inf,0.0,0.0,,20,False,"    main()
  File ""/home/vagarwalla/attn_inf/cudnn-frontend/benchmark/attention_inference/benchmark_single_attention.py"", line 718, in main
    fn, detail = SETUPS[args.backend](args, dtype)
                 ^^^^^^^^^^^^^^^^^^^^^^^^^^^^^^^^^
  File ""/home/vagarwalla/attn_inf/cudnn-frontend/benchmark/attention_inference/benchmark_single_attention.py"", line 119, in setup_cudnn
    return setup_cudnn_fp8(args, cudnn, oss=oss)
           ^^^^^^^^^^^^^^^^^^^^^^^^^^^^^^^^^^^^^
  File ""/home/vagarwalla/attn_inf/cudnn-frontend/benchmark/attention_inference/benchmark_single_attention.py"", line 261, in setup_cudnn_fp8
    graph.validate()
  File ""/home/vagarwalla/attn_inf/cudnn-frontend/python/cudnn/_pygraph.py"", line 776, in validate
    self._lowered_graph.validate()
cudnn._compiled_module.cudnnGraphNotSupportedError: hidden_dim d_qk should be less than or equal to 128 and hidden_dim d_qk should be multiple of 16 unless d_qk == 192 and d_v == 128 (requires cuDNN 9.19+)",,,
deepseek_v4,dsv4_pro,generation,cudnn,bfloat16,bfloat16,1,3,131072,128,1,512,512,mla_absorbed,,64,23.694944,4.35,5.698,0.0712,20,True,,NVIDIA B300 SXM6 AC,cudnn 9.25.0,
deepseek_v4,dsv4_pro,generation,cudnn,bfloat16,fp8_e4m3,1,3,131072,128,1,512,512,mla_absorbed,,64,inf,0.0,0.0,,20,False,"    main()
  File ""/home/vagarwalla/attn_inf/cudnn-frontend/benchmark/attention_inference/benchmark_single_attention.py"", line 718, in main
    fn, detail = SETUPS[args.backend](args, dtype)
                 ^^^^^^^^^^^^^^^^^^^^^^^^^^^^^^^^^
  File ""/home/vagarwalla/attn_inf/cudnn-frontend/benchmark/attention_inference/benchmark_single_attention.py"", line 119, in setup_cudnn
    return setup_cudnn_fp8(args, cudnn, oss=oss)
           ^^^^^^^^^^^^^^^^^^^^^^^^^^^^^^^^^^^^^
  File ""/home/vagarwalla/attn_inf/cudnn-frontend/benchmark/attention_inference/benchmark_single_attention.py"", line 261, in setup_cudnn_fp8
    graph.validate()
  File ""/home/vagarwalla/attn_inf/cudnn-frontend/python/cudnn/_pygraph.py"", line 776, in validate
    self._lowered_graph.validate()
cudnn._compiled_module.cudnnGraphNotSupportedError: hidden_dim d_qk should be less than or equal to 128 and hidden_dim d_qk should be multiple of 16 unless d_qk == 192 and d_v == 128 (requires cuDNN 9.19+)",,,
deepseek_v4,dsv4_pro,generation,cudnn,bfloat16,bfloat16,128,3,131072,128,1,512,512,mla_absorbed,,64,2750.384033,4.797,6.283,0.0785,20,True,,NVIDIA B300 SXM6 AC,cudnn 9.25.0,
deepseek_v4,dsv4_pro,generation,cudnn,bfloat16,fp8_e4m3,128,3,131072,128,1,512,512,mla_absorbed,,64,inf,0.0,0.0,,20,False,"    main()
  File ""/home/vagarwalla/attn_inf/cudnn-frontend/benchmark/attention_inference/benchmark_single_attention.py"", line 718, in main
    fn, detail = SETUPS[args.backend](args, dtype)
                 ^^^^^^^^^^^^^^^^^^^^^^^^^^^^^^^^^
  File ""/home/vagarwalla/attn_inf/cudnn-frontend/benchmark/attention_inference/benchmark_single_attention.py"", line 119, in setup_cudnn
    return setup_cudnn_fp8(args, cudnn, oss=oss)
           ^^^^^^^^^^^^^^^^^^^^^^^^^^^^^^^^^^^^^
  File ""/home/vagarwalla/attn_inf/cudnn-frontend/benchmark/attention_inference/benchmark_single_attention.py"", line 261, in setup_cudnn_fp8
    graph.validate()
  File ""/home/vagarwalla/attn_inf/cudnn-frontend/python/cudnn/_pygraph.py"", line 776, in validate
    self._lowered_graph.validate()
cudnn._compiled_module.cudnnGraphNotSupportedError: hidden_dim d_qk should be less than or equal to 128 and hidden_dim d_qk should be multiple of 16 unless d_qk == 192 and d_v == 128 (requires cuDNN 9.19+)",,,
deepseek_v4,dsv4_pro,generation,cudnn,bfloat16,bfloat16,1,4,131072,128,1,512,512,mla_absorbed,,64,23.688065,5.802,5.71,0.0714,20,True,,NVIDIA B300 SXM6 AC,cudnn 9.25.0,
deepseek_v4,dsv4_pro,generation,cudnn,bfloat16,fp8_e4m3,1,4,131072,128,1,512,512,mla_absorbed,,64,inf,0.0,0.0,,20,False,"    main()
  File ""/home/vagarwalla/attn_inf/cudnn-frontend/benchmark/attention_inference/benchmark_single_attention.py"", line 718, in main
    fn, detail = SETUPS[args.backend](args, dtype)
                 ^^^^^^^^^^^^^^^^^^^^^^^^^^^^^^^^^
  File ""/home/vagarwalla/attn_inf/cudnn-frontend/benchmark/attention_inference/benchmark_single_attention.py"", line 119, in setup_cudnn
    return setup_cudnn_fp8(args, cudnn, oss=oss)
           ^^^^^^^^^^^^^^^^^^^^^^^^^^^^^^^^^^^^^
  File ""/home/vagarwalla/attn_inf/cudnn-frontend/benchmark/attention_inference/benchmark_single_attention.py"", line 261, in setup_cudnn_fp8
    graph.validate()
  File ""/home/vagarwalla/attn_inf/cudnn-frontend/python/cudnn/_pygraph.py"", line 776, in validate
    self._lowered_graph.validate()
cudnn._compiled_module.cudnnGraphNotSupportedError: hidden_dim d_qk should be less than or equal to 128 and hidden_dim d_qk should be multiple of 16 unless d_qk == 192 and d_v == 128 (requires cuDNN 9.19+)",,,
deepseek_v4,dsv4_pro,generation,cudnn,bfloat16,bfloat16,128,4,131072,128,1,512,512,mla_absorbed,,64,2748.631836,6.4,6.299,0.0787,20,True,,NVIDIA B300 SXM6 AC,cudnn 9.25.0,
deepseek_v4,dsv4_pro,generation,cudnn,bfloat16,fp8_e4m3,128,4,131072,128,1,512,512,mla_absorbed,,64,inf,0.0,0.0,,20,False,"    main()
  File ""/home/vagarwalla/attn_inf/cudnn-frontend/benchmark/attention_inference/benchmark_single_attention.py"", line 718, in main
    fn, detail = SETUPS[args.backend](args, dtype)
                 ^^^^^^^^^^^^^^^^^^^^^^^^^^^^^^^^^
  File ""/home/vagarwalla/attn_inf/cudnn-frontend/benchmark/attention_inference/benchmark_single_attention.py"", line 119, in setup_cudnn
    return setup_cudnn_fp8(args, cudnn, oss=oss)
           ^^^^^^^^^^^^^^^^^^^^^^^^^^^^^^^^^^^^^
  File ""/home/vagarwalla/attn_inf/cudnn-frontend/benchmark/attention_inference/benchmark_single_attention.py"", line 261, in setup_cudnn_fp8
    graph.validate()
  File ""/home/vagarwalla/attn_inf/cudnn-frontend/python/cudnn/_pygraph.py"", line 776, in validate
    self._lowered_graph.validate()
cudnn._compiled_module.cudnnGraphNotSupportedError: hidden_dim d_qk should be less than or equal to 128 and hidden_dim d_qk should be multiple of 16 unless d_qk == 192 and d_v == 128 (requires cuDNN 9.19+)",,,
deepseek_v4,dsv4_pro,context,cudnn_oss,bfloat16,bfloat16,1,2048,2048,128,1,512,512,mla_absorbed,,64,1.186432,463.369,454.276,5.6785,20,True,,NVIDIA B300 SXM6 AC,cudnn_oss plan=sdpa_fwd_prefill_sm100_d512[SdpaFwdKnobs(sched_policy=0; tile_m=128; tile_n=128; cga=2)],
deepseek_v4,dsv4_pro,context,cudnn_oss,bfloat16,bfloat16,1,8192,8192,128,1,512,512,mla_absorbed,,64,8.72592,1008.042,247.065,3.0883,20,True,,NVIDIA B300 SXM6 AC,cudnn_oss plan=sdpa_fwd_prefill_sm100_d512[SdpaFwdKnobs(sched_policy=0; tile_m=128; tile_n=128; cga=2)],
deepseek_v4,dsv4_pro,context,cudnn_oss,bfloat16,bfloat16,1,512,65536,128,1,512,512,mla_absorbed,,64,6.152544,1429.668,32.722,0.409,20,True,,NVIDIA B300 SXM6 AC,cudnn_oss plan=sdpa_fwd_prefill_sm100_d512[SdpaFwdKnobs(sched_policy=0; tile_m=128; tile_n=128; cga=2)],
deepseek_v4,dsv4_pro,context,cudnn_oss,bfloat16,bfloat16,1,512,131072,128,1,512,512,mla_absorbed,,64,12.56432,1400.17,21.365,0.2671,20,True,,NVIDIA B300 SXM6 AC,cudnn_oss plan=sdpa_fwd_prefill_sm100_d512[SdpaFwdKnobs(sched_policy=0; tile_m=128; tile_n=128; cga=2)],
deepseek_v4,dsv4_pro,context,cudnn_oss,bfloat16,bfloat16,1,1024,65536,128,1,512,512,mla_absorbed,,64,12.644896,1391.248,26.536,0.3317,20,True,,NVIDIA B300 SXM6 AC,cudnn_oss plan=sdpa_fwd_prefill_sm100_d512[SdpaFwdKnobs(sched_policy=0; tile_m=128; tile_n=128; cga=2)],
deepseek_v4,dsv4_pro,context,cudnn_oss,bfloat16,bfloat16,1,1024,131072,128,1,512,512,mla_absorbed,,64,25.698175,1369.139,15.669,0.1959,20,True,,NVIDIA B300 SXM6 AC,cudnn_oss plan=sdpa_fwd_prefill_sm100_d512[SdpaFwdKnobs(sched_policy=0; tile_m=128; tile_n=128; cga=2)],
deepseek_v4,dsv4_pro,generation,cudnn_oss,bfloat16,bfloat16,1,1,131072,128,1,512,512,mla_absorbed,,64,5.448224,6.307,24.683,0.3085,20,True,,NVIDIA B300 SXM6 AC,cudnn_oss plan=sdpa_fwd_prefill_sm100_d512[SdpaFwdKnobs(sched_policy=0; tile_m=128; tile_n=128; cga=2)],
deepseek_v4,dsv4_pro,generation,cudnn_oss,bfloat16,fp8_e4m3,1,1,131072,128,1,512,512,mla_absorbed,,64,inf,0.0,0.0,,20,False,"                 ^^^^^^^^^^^^^^^^^^^^^^^^^^^^^^^^^
  File ""/home/vagarwalla/attn_inf/cudnn-frontend/benchmark/attention_inference/benchmark_single_attention.py"", line 215, in setup_cudnn_oss
    return setup_cudnn(args, dtype, oss=True)
           ^^^^^^^^^^^^^^^^^^^^^^^^^^^^^^^^^^
  File ""/home/vagarwalla/attn_inf/cudnn-frontend/benchmark/attention_inference/benchmark_single_attention.py"", line 119, in setup_cudnn
    return setup_cudnn_fp8(args, cudnn, oss=oss)
           ^^^^^^^^^^^^^^^^^^^^^^^^^^^^^^^^^^^^^
  File ""/home/vagarwalla/attn_inf/cudnn-frontend/benchmark/attention_inference/benchmark_single_attention.py"", line 261, in setup_cudnn_fp8
    graph.validate()
  File ""/home/vagarwalla/attn_inf/cudnn-frontend/python/cudnn/_pygraph.py"", line 776, in validate
    self._lowered_graph.validate()
cudnn._compiled_module.cudnnGraphNotSupportedError: hidden_dim d_qk should be less than or equal to 128 and hidden_dim d_qk should be multiple of 16 unless d_qk == 192 and d_v == 128 (requires cuDNN 9.19+)",,,
deepseek_v4,dsv4_pro,generation,cudnn_oss,bfloat16,bfloat16,128,1,131072,128,1,512,512,mla_absorbed,,64,716.095276,6.142,24.038,0.3005,20,True,,NVIDIA B300 SXM6 AC,cudnn_oss plan=sdpa_fwd_prefill_sm100_d512[SdpaFwdKnobs(sched_policy=0; tile_m=128; tile_n=128; cga=2)],
deepseek_v4,dsv4_pro,generation,cudnn_oss,bfloat16,fp8_e4m3,128,1,131072,128,1,512,512,mla_absorbed,,64,inf,0.0,0.0,,20,False,"                 ^^^^^^^^^^^^^^^^^^^^^^^^^^^^^^^^^
  File ""/home/vagarwalla/attn_inf/cudnn-frontend/benchmark/attention_inference/benchmark_single_attention.py"", line 215, in setup_cudnn_oss
    return setup_cudnn(args, dtype, oss=True)
           ^^^^^^^^^^^^^^^^^^^^^^^^^^^^^^^^^^
  File ""/home/vagarwalla/attn_inf/cudnn-frontend/benchmark/attention_inference/benchmark_single_attention.py"", line 119, in setup_cudnn
    return setup_cudnn_fp8(args, cudnn, oss=oss)
           ^^^^^^^^^^^^^^^^^^^^^^^^^^^^^^^^^^^^^
  File ""/home/vagarwalla/attn_inf/cudnn-frontend/benchmark/attention_inference/benchmark_single_attention.py"", line 261, in setup_cudnn_fp8
    graph.validate()
  File ""/home/vagarwalla/attn_inf/cudnn-frontend/python/cudnn/_pygraph.py"", line 776, in validate
    self._lowered_graph.validate()
cudnn._compiled_module.cudnnGraphNotSupportedError: hidden_dim d_qk should be less than or equal to 128 and hidden_dim d_qk should be multiple of 16 unless d_qk == 192 and d_v == 128 (requires cuDNN 9.19+)",,,
deepseek_v4,dsv4_pro,generation,cudnn_oss,bfloat16,bfloat16,1,2,131072,128,1,512,512,mla_absorbed,,64,5.48352,12.532,24.572,0.3072,20,True,,NVIDIA B300 SXM6 AC,cudnn_oss plan=sdpa_fwd_prefill_sm100_d512[SdpaFwdKnobs(sched_policy=0; tile_m=128; tile_n=128; cga=2)],
deepseek_v4,dsv4_pro,generation,cudnn_oss,bfloat16,fp8_e4m3,1,2,131072,128,1,512,512,mla_absorbed,,64,inf,0.0,0.0,,20,False,"                 ^^^^^^^^^^^^^^^^^^^^^^^^^^^^^^^^^
  File ""/home/vagarwalla/attn_inf/cudnn-frontend/benchmark/attention_inference/benchmark_single_attention.py"", line 215, in setup_cudnn_oss
    return setup_cudnn(args, dtype, oss=True)
           ^^^^^^^^^^^^^^^^^^^^^^^^^^^^^^^^^^
  File ""/home/vagarwalla/attn_inf/cudnn-frontend/benchmark/attention_inference/benchmark_single_attention.py"", line 119, in setup_cudnn
    return setup_cudnn_fp8(args, cudnn, oss=oss)
           ^^^^^^^^^^^^^^^^^^^^^^^^^^^^^^^^^^^^^
  File ""/home/vagarwalla/attn_inf/cudnn-frontend/benchmark/attention_inference/benchmark_single_attention.py"", line 261, in setup_cudnn_fp8
    graph.validate()
  File ""/home/vagarwalla/attn_inf/cudnn-frontend/python/cudnn/_pygraph.py"", line 776, in validate
    self._lowered_graph.validate()
cudnn._compiled_module.cudnnGraphNotSupportedError: hidden_dim d_qk should be less than or equal to 128 and hidden_dim d_qk should be multiple of 16 unless d_qk == 192 and d_v == 128 (requires cuDNN 9.19+)",,,
deepseek_v4,dsv4_pro,generation,cudnn_oss,bfloat16,bfloat16,128,2,131072,128,1,512,512,mla_absorbed,,64,722.045471,12.182,23.886,0.2986,20,True,,NVIDIA B300 SXM6 AC,cudnn_oss plan=sdpa_fwd_prefill_sm100_d512[SdpaFwdKnobs(sched_policy=0; tile_m=128; tile_n=128; cga=2)],
deepseek_v4,dsv4_pro,generation,cudnn_oss,bfloat16,fp8_e4m3,128,2,131072,128,1,512,512,mla_absorbed,,64,inf,0.0,0.0,,20,False,"                 ^^^^^^^^^^^^^^^^^^^^^^^^^^^^^^^^^
  File ""/home/vagarwalla/attn_inf/cudnn-frontend/benchmark/attention_inference/benchmark_single_attention.py"", line 215, in setup_cudnn_oss
    return setup_cudnn(args, dtype, oss=True)
           ^^^^^^^^^^^^^^^^^^^^^^^^^^^^^^^^^^
  File ""/home/vagarwalla/attn_inf/cudnn-frontend/benchmark/attention_inference/benchmark_single_attention.py"", line 119, in setup_cudnn
    return setup_cudnn_fp8(args, cudnn, oss=oss)
           ^^^^^^^^^^^^^^^^^^^^^^^^^^^^^^^^^^^^^
  File ""/home/vagarwalla/attn_inf/cudnn-frontend/benchmark/attention_inference/benchmark_single_attention.py"", line 261, in setup_cudnn_fp8
    graph.validate()
  File ""/home/vagarwalla/attn_inf/cudnn-frontend/python/cudnn/_pygraph.py"", line 776, in validate
    self._lowered_graph.validate()
cudnn._compiled_module.cudnnGraphNotSupportedError: hidden_dim d_qk should be less than or equal to 128 and hidden_dim d_qk should be multiple of 16 unless d_qk == 192 and d_v == 128 (requires cuDNN 9.19+)",,,
deepseek_v4,dsv4_pro,generation,cudnn_oss,bfloat16,bfloat16,1,3,131072,128,1,512,512,mla_absorbed,,64,5.48528,18.792,24.612,0.3077,20,True,,NVIDIA B300 SXM6 AC,cudnn_oss plan=sdpa_fwd_prefill_sm100_d512[SdpaFwdKnobs(sched_policy=0; tile_m=128; tile_n=128; cga=2)],
deepseek_v4,dsv4_pro,generation,cudnn_oss,bfloat16,fp8_e4m3,1,3,131072,128,1,512,512,mla_absorbed,,64,inf,0.0,0.0,,20,False,"                 ^^^^^^^^^^^^^^^^^^^^^^^^^^^^^^^^^
  File ""/home/vagarwalla/attn_inf/cudnn-frontend/benchmark/attention_inference/benchmark_single_attention.py"", line 215, in setup_cudnn_oss
    return setup_cudnn(args, dtype, oss=True)
           ^^^^^^^^^^^^^^^^^^^^^^^^^^^^^^^^^^
  File ""/home/vagarwalla/attn_inf/cudnn-frontend/benchmark/attention_inference/benchmark_single_attention.py"", line 119, in setup_cudnn
    return setup_cudnn_fp8(args, cudnn, oss=oss)
           ^^^^^^^^^^^^^^^^^^^^^^^^^^^^^^^^^^^^^
  File ""/home/vagarwalla/attn_inf/cudnn-frontend/benchmark/attention_inference/benchmark_single_attention.py"", line 261, in setup_cudnn_fp8
    graph.validate()
  File ""/home/vagarwalla/attn_inf/cudnn-frontend/python/cudnn/_pygraph.py"", line 776, in validate
    self._lowered_graph.validate()
cudnn._compiled_module.cudnnGraphNotSupportedError: hidden_dim d_qk should be less than or equal to 128 and hidden_dim d_qk should be multiple of 16 unless d_qk == 192 and d_v == 128 (requires cuDNN 9.19+)",,,
deepseek_v4,dsv4_pro,generation,cudnn_oss,bfloat16,bfloat16,128,3,131072,128,1,512,512,mla_absorbed,,64,722.421265,18.264,23.92,0.299,20,True,,NVIDIA B300 SXM6 AC,cudnn_oss plan=sdpa_fwd_prefill_sm100_d512[SdpaFwdKnobs(sched_policy=0; tile_m=128; tile_n=128; cga=2)],
deepseek_v4,dsv4_pro,generation,cudnn_oss,bfloat16,fp8_e4m3,128,3,131072,128,1,512,512,mla_absorbed,,64,inf,0.0,0.0,,20,False,"                 ^^^^^^^^^^^^^^^^^^^^^^^^^^^^^^^^^
  File ""/home/vagarwalla/attn_inf/cudnn-frontend/benchmark/attention_inference/benchmark_single_attention.py"", line 215, in setup_cudnn_oss
    return setup_cudnn(args, dtype, oss=True)
           ^^^^^^^^^^^^^^^^^^^^^^^^^^^^^^^^^^
  File ""/home/vagarwalla/attn_inf/cudnn-frontend/benchmark/attention_inference/benchmark_single_attention.py"", line 119, in setup_cudnn
    return setup_cudnn_fp8(args, cudnn, oss=oss)
           ^^^^^^^^^^^^^^^^^^^^^^^^^^^^^^^^^^^^^
  File ""/home/vagarwalla/attn_inf/cudnn-frontend/benchmark/attention_inference/benchmark_single_attention.py"", line 261, in setup_cudnn_fp8
    graph.validate()
  File ""/home/vagarwalla/attn_inf/cudnn-frontend/python/cudnn/_pygraph.py"", line 776, in validate
    self._lowered_graph.validate()
cudnn._compiled_module.cudnnGraphNotSupportedError: hidden_dim d_qk should be less than or equal to 128 and hidden_dim d_qk should be multiple of 16 unless d_qk == 192 and d_v == 128 (requires cuDNN 9.19+)",,,
deepseek_v4,dsv4_pro,generation,cudnn_oss,bfloat16,bfloat16,1,4,131072,128,1,512,512,mla_absorbed,,64,5.490048,25.034,24.638,0.308,20,True,,NVIDIA B300 SXM6 AC,cudnn_oss plan=sdpa_fwd_prefill_sm100_d512[SdpaFwdKnobs(sched_policy=0; tile_m=128; tile_n=128; cga=2)],
deepseek_v4,dsv4_pro,generation,cudnn_oss,bfloat16,fp8_e4m3,1,4,131072,128,1,512,512,mla_absorbed,,64,inf,0.0,0.0,,20,False,"                 ^^^^^^^^^^^^^^^^^^^^^^^^^^^^^^^^^
  File ""/home/vagarwalla/attn_inf/cudnn-frontend/benchmark/attention_inference/benchmark_single_attention.py"", line 215, in setup_cudnn_oss
    return setup_cudnn(args, dtype, oss=True)
           ^^^^^^^^^^^^^^^^^^^^^^^^^^^^^^^^^^
  File ""/home/vagarwalla/attn_inf/cudnn-frontend/benchmark/attention_inference/benchmark_single_attention.py"", line 119, in setup_cudnn
    return setup_cudnn_fp8(args, cudnn, oss=oss)
           ^^^^^^^^^^^^^^^^^^^^^^^^^^^^^^^^^^^^^
  File ""/home/vagarwalla/attn_inf/cudnn-frontend/benchmark/attention_inference/benchmark_single_attention.py"", line 261, in setup_cudnn_fp8
    graph.validate()
  File ""/home/vagarwalla/attn_inf/cudnn-frontend/python/cudnn/_pygraph.py"", line 776, in validate
    self._lowered_graph.validate()
cudnn._compiled_module.cudnnGraphNotSupportedError: hidden_dim d_qk should be less than or equal to 128 and hidden_dim d_qk should be multiple of 16 unless d_qk == 192 and d_v == 128 (requires cuDNN 9.19+)",,,
deepseek_v4,dsv4_pro,generation,cudnn_oss,bfloat16,bfloat16,128,4,131072,128,1,512,512,mla_absorbed,,64,723.953369,24.3,23.916,0.299,20,True,,NVIDIA B300 SXM6 AC,cudnn_oss plan=sdpa_fwd_prefill_sm100_d512[SdpaFwdKnobs(sched_policy=0; tile_m=128; tile_n=128; cga=2)],
deepseek_v4,dsv4_pro,generation,cudnn_oss,bfloat16,fp8_e4m3,128,4,131072,128,1,512,512,mla_absorbed,,64,inf,0.0,0.0,,20,False,"                 ^^^^^^^^^^^^^^^^^^^^^^^^^^^^^^^^^
  File ""/home/vagarwalla/attn_inf/cudnn-frontend/benchmark/attention_inference/benchmark_single_attention.py"", line 215, in setup_cudnn_oss
    return setup_cudnn(args, dtype, oss=True)
           ^^^^^^^^^^^^^^^^^^^^^^^^^^^^^^^^^^
  File ""/home/vagarwalla/attn_inf/cudnn-frontend/benchmark/attention_inference/benchmark_single_attention.py"", line 119, in setup_cudnn
    return setup_cudnn_fp8(args, cudnn, oss=oss)
           ^^^^^^^^^^^^^^^^^^^^^^^^^^^^^^^^^^^^^
  File ""/home/vagarwalla/attn_inf/cudnn-frontend/benchmark/attention_inference/benchmark_single_attention.py"", line 261, in setup_cudnn_fp8
    graph.validate()
  File ""/home/vagarwalla/attn_inf/cudnn-frontend/python/cudnn/_pygraph.py"", line 776, in validate
    self._lowered_graph.validate()
cudnn._compiled_module.cudnnGraphNotSupportedError: hidden_dim d_qk should be less than or equal to 128 and hidden_dim d_qk should be multiple of 16 unless d_qk == 192 and d_v == 128 (requires cuDNN 9.19+)",,,
deepseek_v4,dsv4_pro-tp2,context,cudnn,bfloat16,bfloat16,1,2048,2048,64,1,512,512,mla_absorbed,,64,0.552096,497.881,490.01,6.1251,20,True,,NVIDIA B300 SXM6 AC,cudnn 9.25.0,
deepseek_v4,dsv4_pro-tp2,context,cudnn,bfloat16,bfloat16,1,8192,8192,64,1,512,512,mla_absorbed,,64,8.911744,493.511,121.427,1.5178,20,True,,NVIDIA B300 SXM6 AC,cudnn 9.25.0,
deepseek_v4,dsv4_pro-tp2,context,cudnn,bfloat16,bfloat16,1,512,65536,64,1,512,512,mla_absorbed,,64,8.81776,498.771,15.221,0.1903,20,True,,NVIDIA B300 SXM6 AC,cudnn 9.25.0,
deepseek_v4,dsv4_pro-tp2,context,cudnn,bfloat16,bfloat16,1,512,131072,64,1,512,512,mla_absorbed,,64,17.969889,489.491,11.204,0.14,20,True,,NVIDIA B300 SXM6 AC,cudnn 9.25.0,
deepseek_v4,dsv4_pro-tp2,context,cudnn,bfloat16,bfloat16,1,1024,65536,64,1,512,512,mla_absorbed,,64,16.574335,530.706,12.147,0.1518,20,True,,NVIDIA B300 SXM6 AC,cudnn 9.25.0,
deepseek_v4,dsv4_pro-tp2,context,cudnn,bfloat16,bfloat16,1,1024,131072,64,1,512,512,mla_absorbed,,64,33.993313,517.519,7.897,0.0987,20,True,,NVIDIA B300 SXM6 AC,cudnn 9.25.0,
deepseek_v4,dsv4_pro-tp2,generation,cudnn,bfloat16,bfloat16,1,1,131072,64,1,512,512,mla_absorbed,,64,0.392,43.826,342.727,4.2841,20,True,,NVIDIA B300 SXM6 AC,cudnn 9.25.0,
deepseek_v4,dsv4_pro-tp2,generation,cudnn,bfloat16,fp8_e4m3,1,1,131072,64,1,512,512,mla_absorbed,,64,inf,0.0,0.0,,20,False,"    main()
  File ""/home/vagarwalla/attn_inf/cudnn-frontend/benchmark/attention_inference/benchmark_single_attention.py"", line 718, in main
    fn, detail = SETUPS[args.backend](args, dtype)
                 ^^^^^^^^^^^^^^^^^^^^^^^^^^^^^^^^^
  File ""/home/vagarwalla/attn_inf/cudnn-frontend/benchmark/attention_inference/benchmark_single_attention.py"", line 119, in setup_cudnn
    return setup_cudnn_fp8(args, cudnn, oss=oss)
           ^^^^^^^^^^^^^^^^^^^^^^^^^^^^^^^^^^^^^
  File ""/home/vagarwalla/attn_inf/cudnn-frontend/benchmark/attention_inference/benchmark_single_attention.py"", line 261, in setup_cudnn_fp8
    graph.validate()
  File ""/home/vagarwalla/attn_inf/cudnn-frontend/python/cudnn/_pygraph.py"", line 776, in validate
    self._lowered_graph.validate()
cudnn._compiled_module.cudnnGraphNotSupportedError: hidden_dim d_qk should be less than or equal to 128 and hidden_dim d_qk should be multiple of 16 unless d_qk == 192 and d_v == 128 (requires cuDNN 9.19+)",,,
deepseek_v4,dsv4_pro-tp2,generation,cudnn,bfloat16,bfloat16,128,1,131072,64,1,512,512,mla_absorbed,,64,37.2952,58.963,461.095,5.7637,20,True,,NVIDIA B300 SXM6 AC,cudnn 9.25.0,
deepseek_v4,dsv4_pro-tp2,generation,cudnn,bfloat16,fp8_e4m3,128,1,131072,64,1,512,512,mla_absorbed,,64,inf,0.0,0.0,,20,False,"    main()
  File ""/home/vagarwalla/attn_inf/cudnn-frontend/benchmark/attention_inference/benchmark_single_attention.py"", line 718, in main
    fn, detail = SETUPS[args.backend](args, dtype)
                 ^^^^^^^^^^^^^^^^^^^^^^^^^^^^^^^^^
  File ""/home/vagarwalla/attn_inf/cudnn-frontend/benchmark/attention_inference/benchmark_single_attention.py"", line 119, in setup_cudnn
    return setup_cudnn_fp8(args, cudnn, oss=oss)
           ^^^^^^^^^^^^^^^^^^^^^^^^^^^^^^^^^^^^^
  File ""/home/vagarwalla/attn_inf/cudnn-frontend/benchmark/attention_inference/benchmark_single_attention.py"", line 261, in setup_cudnn_fp8
    graph.validate()
  File ""/home/vagarwalla/attn_inf/cudnn-frontend/python/cudnn/_pygraph.py"", line 776, in validate
    self._lowered_graph.validate()
cudnn._compiled_module.cudnnGraphNotSupportedError: hidden_dim d_qk should be less than or equal to 128 and hidden_dim d_qk should be multiple of 16 unless d_qk == 192 and d_v == 128 (requires cuDNN 9.19+)",,,
deepseek_v4,dsv4_pro-tp2,generation,cudnn,bfloat16,bfloat16,1,2,131072,64,1,512,512,mla_absorbed,,64,10.667136,3.221,12.607,0.1576,20,True,,NVIDIA B300 SXM6 AC,cudnn 9.25.0,
deepseek_v4,dsv4_pro-tp2,generation,cudnn,bfloat16,fp8_e4m3,1,2,131072,64,1,512,512,mla_absorbed,,64,inf,0.0,0.0,,20,False,"    main()
  File ""/home/vagarwalla/attn_inf/cudnn-frontend/benchmark/attention_inference/benchmark_single_attention.py"", line 718, in main
    fn, detail = SETUPS[args.backend](args, dtype)
                 ^^^^^^^^^^^^^^^^^^^^^^^^^^^^^^^^^
  File ""/home/vagarwalla/attn_inf/cudnn-frontend/benchmark/attention_inference/benchmark_single_attention.py"", line 119, in setup_cudnn
    return setup_cudnn_fp8(args, cudnn, oss=oss)
           ^^^^^^^^^^^^^^^^^^^^^^^^^^^^^^^^^^^^^
  File ""/home/vagarwalla/attn_inf/cudnn-frontend/benchmark/attention_inference/benchmark_single_attention.py"", line 261, in setup_cudnn_fp8
    graph.validate()
  File ""/home/vagarwalla/attn_inf/cudnn-frontend/python/cudnn/_pygraph.py"", line 776, in validate
    self._lowered_graph.validate()
cudnn._compiled_module.cudnnGraphNotSupportedError: hidden_dim d_qk should be less than or equal to 128 and hidden_dim d_qk should be multiple of 16 unless d_qk == 192 and d_v == 128 (requires cuDNN 9.19+)",,,
deepseek_v4,dsv4_pro-tp2,generation,cudnn,bfloat16,bfloat16,128,2,131072,64,1,512,512,mla_absorbed,,64,1314.764771,3.345,13.092,0.1637,20,True,,NVIDIA B300 SXM6 AC,cudnn 9.25.0,
deepseek_v4,dsv4_pro-tp2,generation,cudnn,bfloat16,fp8_e4m3,128,2,131072,64,1,512,512,mla_absorbed,,64,inf,0.0,0.0,,20,False,"    main()
  File ""/home/vagarwalla/attn_inf/cudnn-frontend/benchmark/attention_inference/benchmark_single_attention.py"", line 718, in main
    fn, detail = SETUPS[args.backend](args, dtype)
                 ^^^^^^^^^^^^^^^^^^^^^^^^^^^^^^^^^
  File ""/home/vagarwalla/attn_inf/cudnn-frontend/benchmark/attention_inference/benchmark_single_attention.py"", line 119, in setup_cudnn
    return setup_cudnn_fp8(args, cudnn, oss=oss)
           ^^^^^^^^^^^^^^^^^^^^^^^^^^^^^^^^^^^^^
  File ""/home/vagarwalla/attn_inf/cudnn-frontend/benchmark/attention_inference/benchmark_single_attention.py"", line 261, in setup_cudnn_fp8
    graph.validate()
  File ""/home/vagarwalla/attn_inf/cudnn-frontend/python/cudnn/_pygraph.py"", line 776, in validate
    self._lowered_graph.validate()
cudnn._compiled_module.cudnnGraphNotSupportedError: hidden_dim d_qk should be less than or equal to 128 and hidden_dim d_qk should be multiple of 16 unless d_qk == 192 and d_v == 128 (requires cuDNN 9.19+)",,,
deepseek_v4,dsv4_pro-tp2,generation,cudnn,bfloat16,bfloat16,1,3,131072,64,1,512,512,mla_absorbed,,64,10.644128,4.842,12.646,0.1581,20,True,,NVIDIA B300 SXM6 AC,cudnn 9.25.0,
deepseek_v4,dsv4_pro-tp2,generation,cudnn,bfloat16,fp8_e4m3,1,3,131072,64,1,512,512,mla_absorbed,,64,inf,0.0,0.0,,20,False,"    main()
  File ""/home/vagarwalla/attn_inf/cudnn-frontend/benchmark/attention_inference/benchmark_single_attention.py"", line 718, in main
    fn, detail = SETUPS[args.backend](args, dtype)
                 ^^^^^^^^^^^^^^^^^^^^^^^^^^^^^^^^^
  File ""/home/vagarwalla/attn_inf/cudnn-frontend/benchmark/attention_inference/benchmark_single_attention.py"", line 119, in setup_cudnn
    return setup_cudnn_fp8(args, cudnn, oss=oss)
           ^^^^^^^^^^^^^^^^^^^^^^^^^^^^^^^^^^^^^
  File ""/home/vagarwalla/attn_inf/cudnn-frontend/benchmark/attention_inference/benchmark_single_attention.py"", line 261, in setup_cudnn_fp8
    graph.validate()
  File ""/home/vagarwalla/attn_inf/cudnn-frontend/python/cudnn/_pygraph.py"", line 776, in validate
    self._lowered_graph.validate()
cudnn._compiled_module.cudnnGraphNotSupportedError: hidden_dim d_qk should be less than or equal to 128 and hidden_dim d_qk should be multiple of 16 unless d_qk == 192 and d_v == 128 (requires cuDNN 9.19+)",,,
deepseek_v4,dsv4_pro-tp2,generation,cudnn,bfloat16,bfloat16,128,3,131072,64,1,512,512,mla_absorbed,,64,1313.325806,5.023,13.12,0.164,20,True,,NVIDIA B300 SXM6 AC,cudnn 9.25.0,
deepseek_v4,dsv4_pro-tp2,generation,cudnn,bfloat16,fp8_e4m3,128,3,131072,64,1,512,512,mla_absorbed,,64,inf,0.0,0.0,,20,False,"    main()
  File ""/home/vagarwalla/attn_inf/cudnn-frontend/benchmark/attention_inference/benchmark_single_attention.py"", line 718, in main
    fn, detail = SETUPS[args.backend](args, dtype)
                 ^^^^^^^^^^^^^^^^^^^^^^^^^^^^^^^^^
  File ""/home/vagarwalla/attn_inf/cudnn-frontend/benchmark/attention_inference/benchmark_single_attention.py"", line 119, in setup_cudnn
    return setup_cudnn_fp8(args, cudnn, oss=oss)
           ^^^^^^^^^^^^^^^^^^^^^^^^^^^^^^^^^^^^^
  File ""/home/vagarwalla/attn_inf/cudnn-frontend/benchmark/attention_inference/benchmark_single_attention.py"", line 261, in setup_cudnn_fp8
    graph.validate()
  File ""/home/vagarwalla/attn_inf/cudnn-frontend/python/cudnn/_pygraph.py"", line 776, in validate
    self._lowered_graph.validate()
cudnn._compiled_module.cudnnGraphNotSupportedError: hidden_dim d_qk should be less than or equal to 128 and hidden_dim d_qk should be multiple of 16 unless d_qk == 192 and d_v == 128 (requires cuDNN 9.19+)",,,
deepseek_v4,dsv4_pro-tp2,generation,cudnn,bfloat16,bfloat16,1,4,131072,64,1,512,512,mla_absorbed,,64,10.638144,6.46,12.666,0.1583,20,True,,NVIDIA B300 SXM6 AC,cudnn 9.25.0,
deepseek_v4,dsv4_pro-tp2,generation,cudnn,bfloat16,fp8_e4m3,1,4,131072,64,1,512,512,mla_absorbed,,64,inf,0.0,0.0,,20,False,"    main()
  File ""/home/vagarwalla/attn_inf/cudnn-frontend/benchmark/attention_inference/benchmark_single_attention.py"", line 718, in main
    fn, detail = SETUPS[args.backend](args, dtype)
                 ^^^^^^^^^^^^^^^^^^^^^^^^^^^^^^^^^
  File ""/home/vagarwalla/attn_inf/cudnn-frontend/benchmark/attention_inference/benchmark_single_attention.py"", line 119, in setup_cudnn
    return setup_cudnn_fp8(args, cudnn, oss=oss)
           ^^^^^^^^^^^^^^^^^^^^^^^^^^^^^^^^^^^^^
  File ""/home/vagarwalla/attn_inf/cudnn-frontend/benchmark/attention_inference/benchmark_single_attention.py"", line 261, in setup_cudnn_fp8
    graph.validate()
  File ""/home/vagarwalla/attn_inf/cudnn-frontend/python/cudnn/_pygraph.py"", line 776, in validate
    self._lowered_graph.validate()
cudnn._compiled_module.cudnnGraphNotSupportedError: hidden_dim d_qk should be less than or equal to 128 and hidden_dim d_qk should be multiple of 16 unless d_qk == 192 and d_v == 128 (requires cuDNN 9.19+)",,,
deepseek_v4,dsv4_pro-tp2,generation,cudnn,bfloat16,bfloat16,128,4,131072,64,1,512,512,mla_absorbed,,64,1313.046143,6.699,13.135,0.1642,20,True,,NVIDIA B300 SXM6 AC,cudnn 9.25.0,
deepseek_v4,dsv4_pro-tp2,generation,cudnn,bfloat16,fp8_e4m3,128,4,131072,64,1,512,512,mla_absorbed,,64,inf,0.0,0.0,,20,False,"    main()
  File ""/home/vagarwalla/attn_inf/cudnn-frontend/benchmark/attention_inference/benchmark_single_attention.py"", line 718, in main
    fn, detail = SETUPS[args.backend](args, dtype)
                 ^^^^^^^^^^^^^^^^^^^^^^^^^^^^^^^^^
  File ""/home/vagarwalla/attn_inf/cudnn-frontend/benchmark/attention_inference/benchmark_single_attention.py"", line 119, in setup_cudnn
    return setup_cudnn_fp8(args, cudnn, oss=oss)
           ^^^^^^^^^^^^^^^^^^^^^^^^^^^^^^^^^^^^^
  File ""/home/vagarwalla/attn_inf/cudnn-frontend/benchmark/attention_inference/benchmark_single_attention.py"", line 261, in setup_cudnn_fp8
    graph.validate()
  File ""/home/vagarwalla/attn_inf/cudnn-frontend/python/cudnn/_pygraph.py"", line 776, in validate
    self._lowered_graph.validate()
cudnn._compiled_module.cudnnGraphNotSupportedError: hidden_dim d_qk should be less than or equal to 128 and hidden_dim d_qk should be multiple of 16 unless d_qk == 192 and d_v == 128 (requires cuDNN 9.19+)",,,
deepseek_v4,dsv4_pro-tp2,context,cudnn_oss,bfloat16,bfloat16,1,2048,2048,64,1,512,512,mla_absorbed,,64,0.643232,427.339,420.583,5.2573,20,True,,NVIDIA B300 SXM6 AC,cudnn_oss plan=sdpa_fwd_prefill_sm100_d512[SdpaFwdKnobs(sched_policy=0; tile_m=128; tile_n=128; cga=2)],
deepseek_v4,dsv4_pro-tp2,context,cudnn_oss,bfloat16,bfloat16,1,8192,8192,64,1,512,512,mla_absorbed,,64,4.351616,1010.67,248.673,3.1084,20,True,,NVIDIA B300 SXM6 AC,cudnn_oss plan=sdpa_fwd_prefill_sm100_d512[SdpaFwdKnobs(sched_policy=0; tile_m=128; tile_n=128; cga=2)],
deepseek_v4,dsv4_pro-tp2,context,cudnn_oss,bfloat16,bfloat16,1,512,65536,64,1,512,512,mla_absorbed,,64,2.97488,1478.395,45.117,0.564,20,True,,NVIDIA B300 SXM6 AC,cudnn_oss plan=sdpa_fwd_prefill_sm100_d512[SdpaFwdKnobs(sched_policy=0; tile_m=128; tile_n=128; cga=2)],
deepseek_v4,dsv4_pro-tp2,context,cudnn_oss,bfloat16,bfloat16,1,512,131072,64,1,512,512,mla_absorbed,,64,6.255136,1406.219,32.186,0.4023,20,True,,NVIDIA B300 SXM6 AC,cudnn_oss plan=sdpa_fwd_prefill_sm100_d512[SdpaFwdKnobs(sched_policy=0; tile_m=128; tile_n=128; cga=2)],
deepseek_v4,dsv4_pro-tp2,context,cudnn_oss,bfloat16,bfloat16,1,1024,65536,64,1,512,512,mla_absorbed,,64,6.318784,1392.055,31.862,0.3983,20,True,,NVIDIA B300 SXM6 AC,cudnn_oss plan=sdpa_fwd_prefill_sm100_d512[SdpaFwdKnobs(sched_policy=0; tile_m=128; tile_n=128; cga=2)],
deepseek_v4,dsv4_pro-tp2,context,cudnn_oss,bfloat16,bfloat16,1,1024,131072,64,1,512,512,mla_absorbed,,64,12.496736,1407.743,21.48,0.2685,20,True,,NVIDIA B300 SXM6 AC,cudnn_oss plan=sdpa_fwd_prefill_sm100_d512[SdpaFwdKnobs(sched_policy=0; tile_m=128; tile_n=128; cga=2)],
deepseek_v4,dsv4_pro-tp2,generation,cudnn_oss,bfloat16,bfloat16,1,1,131072,64,1,512,512,mla_absorbed,,64,2.719584,6.317,49.4,0.6175,20,True,,NVIDIA B300 SXM6 AC,cudnn_oss plan=sdpa_fwd_prefill_sm100_d512[SdpaFwdKnobs(sched_policy=0; tile_m=128; tile_n=128; cga=2)],
deepseek_v4,dsv4_pro-tp2,generation,cudnn_oss,bfloat16,fp8_e4m3,1,1,131072,64,1,512,512,mla_absorbed,,64,inf,0.0,0.0,,20,False,"                 ^^^^^^^^^^^^^^^^^^^^^^^^^^^^^^^^^
  File ""/home/vagarwalla/attn_inf/cudnn-frontend/benchmark/attention_inference/benchmark_single_attention.py"", line 215, in setup_cudnn_oss
    return setup_cudnn(args, dtype, oss=True)
           ^^^^^^^^^^^^^^^^^^^^^^^^^^^^^^^^^^
  File ""/home/vagarwalla/attn_inf/cudnn-frontend/benchmark/attention_inference/benchmark_single_attention.py"", line 119, in setup_cudnn
    return setup_cudnn_fp8(args, cudnn, oss=oss)
           ^^^^^^^^^^^^^^^^^^^^^^^^^^^^^^^^^^^^^
  File ""/home/vagarwalla/attn_inf/cudnn-frontend/benchmark/attention_inference/benchmark_single_attention.py"", line 261, in setup_cudnn_fp8
    graph.validate()
  File ""/home/vagarwalla/attn_inf/cudnn-frontend/python/cudnn/_pygraph.py"", line 776, in validate
    self._lowered_graph.validate()
cudnn._compiled_module.cudnnGraphNotSupportedError: hidden_dim d_qk should be less than or equal to 128 and hidden_dim d_qk should be multiple of 16 unless d_qk == 192 and d_v == 128 (requires cuDNN 9.19+)",,,
deepseek_v4,dsv4_pro-tp2,generation,cudnn_oss,bfloat16,bfloat16,128,1,131072,64,1,512,512,mla_absorbed,,64,356.009064,6.177,48.304,0.6038,20,True,,NVIDIA B300 SXM6 AC,cudnn_oss plan=sdpa_fwd_prefill_sm100_d512[SdpaFwdKnobs(sched_policy=0; tile_m=128; tile_n=128; cga=2)],
deepseek_v4,dsv4_pro-tp2,generation,cudnn_oss,bfloat16,fp8_e4m3,128,1,131072,64,1,512,512,mla_absorbed,,64,inf,0.0,0.0,,20,False,"                 ^^^^^^^^^^^^^^^^^^^^^^^^^^^^^^^^^
  File ""/home/vagarwalla/attn_inf/cudnn-frontend/benchmark/attention_inference/benchmark_single_attention.py"", line 215, in setup_cudnn_oss
    return setup_cudnn(args, dtype, oss=True)
           ^^^^^^^^^^^^^^^^^^^^^^^^^^^^^^^^^^
  File ""/home/vagarwalla/attn_inf/cudnn-frontend/benchmark/attention_inference/benchmark_single_attention.py"", line 119, in setup_cudnn
    return setup_cudnn_fp8(args, cudnn, oss=oss)
           ^^^^^^^^^^^^^^^^^^^^^^^^^^^^^^^^^^^^^
  File ""/home/vagarwalla/attn_inf/cudnn-frontend/benchmark/attention_inference/benchmark_single_attention.py"", line 261, in setup_cudnn_fp8
    graph.validate()
  File ""/home/vagarwalla/attn_inf/cudnn-frontend/python/cudnn/_pygraph.py"", line 776, in validate
    self._lowered_graph.validate()
cudnn._compiled_module.cudnnGraphNotSupportedError: hidden_dim d_qk should be less than or equal to 128 and hidden_dim d_qk should be multiple of 16 unless d_qk == 192 and d_v == 128 (requires cuDNN 9.19+)",,,
deepseek_v4,dsv4_pro-tp2,generation,cudnn_oss,bfloat16,bfloat16,1,2,131072,64,1,512,512,mla_absorbed,,64,2.744192,12.521,49.005,0.6126,20,True,,NVIDIA B300 SXM6 AC,cudnn_oss plan=sdpa_fwd_prefill_sm100_d512[SdpaFwdKnobs(sched_policy=0; tile_m=128; tile_n=128; cga=2)],
deepseek_v4,dsv4_pro-tp2,generation,cudnn_oss,bfloat16,fp8_e4m3,1,2,131072,64,1,512,512,mla_absorbed,,64,inf,0.0,0.0,,20,False,"                 ^^^^^^^^^^^^^^^^^^^^^^^^^^^^^^^^^
  File ""/home/vagarwalla/attn_inf/cudnn-frontend/benchmark/attention_inference/benchmark_single_attention.py"", line 215, in setup_cudnn_oss
    return setup_cudnn(args, dtype, oss=True)
           ^^^^^^^^^^^^^^^^^^^^^^^^^^^^^^^^^^
  File ""/home/vagarwalla/attn_inf/cudnn-frontend/benchmark/attention_inference/benchmark_single_attention.py"", line 119, in setup_cudnn
    return setup_cudnn_fp8(args, cudnn, oss=oss)
           ^^^^^^^^^^^^^^^^^^^^^^^^^^^^^^^^^^^^^
  File ""/home/vagarwalla/attn_inf/cudnn-frontend/benchmark/attention_inference/benchmark_single_attention.py"", line 261, in setup_cudnn_fp8
    graph.validate()
  File ""/home/vagarwalla/attn_inf/cudnn-frontend/python/cudnn/_pygraph.py"", line 776, in validate
    self._lowered_graph.validate()
cudnn._compiled_module.cudnnGraphNotSupportedError: hidden_dim d_qk should be less than or equal to 128 and hidden_dim d_qk should be multiple of 16 unless d_qk == 192 and d_v == 128 (requires cuDNN 9.19+)",,,
deepseek_v4,dsv4_pro-tp2,generation,cudnn_oss,bfloat16,bfloat16,128,2,131072,64,1,512,512,mla_absorbed,,64,358.620453,12.264,47.999,0.6,20,True,,NVIDIA B300 SXM6 AC,cudnn_oss plan=sdpa_fwd_prefill_sm100_d512[SdpaFwdKnobs(sched_policy=0; tile_m=128; tile_n=128; cga=2)],
deepseek_v4,dsv4_pro-tp2,generation,cudnn_oss,bfloat16,fp8_e4m3,128,2,131072,64,1,512,512,mla_absorbed,,64,inf,0.0,0.0,,20,False,"                 ^^^^^^^^^^^^^^^^^^^^^^^^^^^^^^^^^
  File ""/home/vagarwalla/attn_inf/cudnn-frontend/benchmark/attention_inference/benchmark_single_attention.py"", line 215, in setup_cudnn_oss
    return setup_cudnn(args, dtype, oss=True)
           ^^^^^^^^^^^^^^^^^^^^^^^^^^^^^^^^^^
  File ""/home/vagarwalla/attn_inf/cudnn-frontend/benchmark/attention_inference/benchmark_single_attention.py"", line 119, in setup_cudnn
    return setup_cudnn_fp8(args, cudnn, oss=oss)
           ^^^^^^^^^^^^^^^^^^^^^^^^^^^^^^^^^^^^^
  File ""/home/vagarwalla/attn_inf/cudnn-frontend/benchmark/attention_inference/benchmark_single_attention.py"", line 261, in setup_cudnn_fp8
    graph.validate()
  File ""/home/vagarwalla/attn_inf/cudnn-frontend/python/cudnn/_pygraph.py"", line 776, in validate
    self._lowered_graph.validate()
cudnn._compiled_module.cudnnGraphNotSupportedError: hidden_dim d_qk should be less than or equal to 128 and hidden_dim d_qk should be multiple of 16 unless d_qk == 192 and d_v == 128 (requires cuDNN 9.19+)",,,
deepseek_v4,dsv4_pro-tp2,generation,cudnn_oss,bfloat16,bfloat16,1,3,131072,64,1,512,512,mla_absorbed,,64,2.7448,18.777,49.042,0.613,20,True,,NVIDIA B300 SXM6 AC,cudnn_oss plan=sdpa_fwd_prefill_sm100_d512[SdpaFwdKnobs(sched_policy=0; tile_m=128; tile_n=128; cga=2)],
deepseek_v4,dsv4_pro-tp2,generation,cudnn_oss,bfloat16,fp8_e4m3,1,3,131072,64,1,512,512,mla_absorbed,,64,inf,0.0,0.0,,20,False,"                 ^^^^^^^^^^^^^^^^^^^^^^^^^^^^^^^^^
  File ""/home/vagarwalla/attn_inf/cudnn-frontend/benchmark/attention_inference/benchmark_single_attention.py"", line 215, in setup_cudnn_oss
    return setup_cudnn(args, dtype, oss=True)
           ^^^^^^^^^^^^^^^^^^^^^^^^^^^^^^^^^^
  File ""/home/vagarwalla/attn_inf/cudnn-frontend/benchmark/attention_inference/benchmark_single_attention.py"", line 119, in setup_cudnn
    return setup_cudnn_fp8(args, cudnn, oss=oss)
           ^^^^^^^^^^^^^^^^^^^^^^^^^^^^^^^^^^^^^
  File ""/home/vagarwalla/attn_inf/cudnn-frontend/benchmark/attention_inference/benchmark_single_attention.py"", line 261, in setup_cudnn_fp8
    graph.validate()
  File ""/home/vagarwalla/attn_inf/cudnn-frontend/python/cudnn/_pygraph.py"", line 776, in validate
    self._lowered_graph.validate()
cudnn._compiled_module.cudnnGraphNotSupportedError: hidden_dim d_qk should be less than or equal to 128 and hidden_dim d_qk should be multiple of 16 unless d_qk == 192 and d_v == 128 (requires cuDNN 9.19+)",,,
deepseek_v4,dsv4_pro-tp2,generation,cudnn_oss,bfloat16,bfloat16,128,3,131072,64,1,512,512,mla_absorbed,,64,359.4039,18.356,47.941,0.5993,20,True,,NVIDIA B300 SXM6 AC,cudnn_oss plan=sdpa_fwd_prefill_sm100_d512[SdpaFwdKnobs(sched_policy=0; tile_m=128; tile_n=128; cga=2)],
deepseek_v4,dsv4_pro-tp2,generation,cudnn_oss,bfloat16,fp8_e4m3,128,3,131072,64,1,512,512,mla_absorbed,,64,inf,0.0,0.0,,20,False,"                 ^^^^^^^^^^^^^^^^^^^^^^^^^^^^^^^^^
  File ""/home/vagarwalla/attn_inf/cudnn-frontend/benchmark/attention_inference/benchmark_single_attention.py"", line 215, in setup_cudnn_oss
    return setup_cudnn(args, dtype, oss=True)
           ^^^^^^^^^^^^^^^^^^^^^^^^^^^^^^^^^^
  File ""/home/vagarwalla/attn_inf/cudnn-frontend/benchmark/attention_inference/benchmark_single_attention.py"", line 119, in setup_cudnn
    return setup_cudnn_fp8(args, cudnn, oss=oss)
           ^^^^^^^^^^^^^^^^^^^^^^^^^^^^^^^^^^^^^
  File ""/home/vagarwalla/attn_inf/cudnn-frontend/benchmark/attention_inference/benchmark_single_attention.py"", line 261, in setup_cudnn_fp8
    graph.validate()
  File ""/home/vagarwalla/attn_inf/cudnn-frontend/python/cudnn/_pygraph.py"", line 776, in validate
    self._lowered_graph.validate()
cudnn._compiled_module.cudnnGraphNotSupportedError: hidden_dim d_qk should be less than or equal to 128 and hidden_dim d_qk should be multiple of 16 unless d_qk == 192 and d_v == 128 (requires cuDNN 9.19+)",,,
deepseek_v4,dsv4_pro-tp2,generation,cudnn_oss,bfloat16,bfloat16,1,4,131072,64,1,512,512,mla_absorbed,,64,2.741792,25.064,49.144,0.6143,20,True,,NVIDIA B300 SXM6 AC,cudnn_oss plan=sdpa_fwd_prefill_sm100_d512[SdpaFwdKnobs(sched_policy=0; tile_m=128; tile_n=128; cga=2)],
deepseek_v4,dsv4_pro-tp2,generation,cudnn_oss,bfloat16,fp8_e4m3,1,4,131072,64,1,512,512,mla_absorbed,,64,inf,0.0,0.0,,20,False,"                 ^^^^^^^^^^^^^^^^^^^^^^^^^^^^^^^^^
  File ""/home/vagarwalla/attn_inf/cudnn-frontend/benchmark/attention_inference/benchmark_single_attention.py"", line 215, in setup_cudnn_oss
    return setup_cudnn(args, dtype, oss=True)
           ^^^^^^^^^^^^^^^^^^^^^^^^^^^^^^^^^^
  File ""/home/vagarwalla/attn_inf/cudnn-frontend/benchmark/attention_inference/benchmark_single_attention.py"", line 119, in setup_cudnn
    return setup_cudnn_fp8(args, cudnn, oss=oss)
           ^^^^^^^^^^^^^^^^^^^^^^^^^^^^^^^^^^^^^
  File ""/home/vagarwalla/attn_inf/cudnn-frontend/benchmark/attention_inference/benchmark_single_attention.py"", line 261, in setup_cudnn_fp8
    graph.validate()
  File ""/home/vagarwalla/attn_inf/cudnn-frontend/python/cudnn/_pygraph.py"", line 776, in validate
    self._lowered_graph.validate()
cudnn._compiled_module.cudnnGraphNotSupportedError: hidden_dim d_qk should be less than or equal to 128 and hidden_dim d_qk should be multiple of 16 unless d_qk == 192 and d_v == 128 (requires cuDNN 9.19+)",,,
deepseek_v4,dsv4_pro-tp2,generation,cudnn_oss,bfloat16,bfloat16,128,4,131072,64,1,512,512,mla_absorbed,,64,359.597504,24.461,47.962,0.5995,20,True,,NVIDIA B300 SXM6 AC,cudnn_oss plan=sdpa_fwd_prefill_sm100_d512[SdpaFwdKnobs(sched_policy=0; tile_m=128; tile_n=128; cga=2)],
deepseek_v4,dsv4_pro-tp2,generation,cudnn_oss,bfloat16,fp8_e4m3,128,4,131072,64,1,512,512,mla_absorbed,,64,inf,0.0,0.0,,20,False,"                 ^^^^^^^^^^^^^^^^^^^^^^^^^^^^^^^^^
  File ""/home/vagarwalla/attn_inf/cudnn-frontend/benchmark/attention_inference/benchmark_single_attention.py"", line 215, in setup_cudnn_oss
    return setup_cudnn(args, dtype, oss=True)
           ^^^^^^^^^^^^^^^^^^^^^^^^^^^^^^^^^^
  File ""/home/vagarwalla/attn_inf/cudnn-frontend/benchmark/attention_inference/benchmark_single_attention.py"", line 119, in setup_cudnn
    return setup_cudnn_fp8(args, cudnn, oss=oss)
           ^^^^^^^^^^^^^^^^^^^^^^^^^^^^^^^^^^^^^
  File ""/home/vagarwalla/attn_inf/cudnn-frontend/benchmark/attention_inference/benchmark_single_attention.py"", line 261, in setup_cudnn_fp8
    graph.validate()
  File ""/home/vagarwalla/attn_inf/cudnn-frontend/python/cudnn/_pygraph.py"", line 776, in validate
    self._lowered_graph.validate()
cudnn._compiled_module.cudnnGraphNotSupportedError: hidden_dim d_qk should be less than or equal to 128 and hidden_dim d_qk should be multiple of 16 unless d_qk == 192 and d_v == 128 (requires cuDNN 9.19+)",,,
deepseek_v4,dsv4_pro-tp4,context,cudnn,bfloat16,bfloat16,1,2048,2048,32,1,512,512,mla_absorbed,,64,0.291488,471.508,467.652,5.8456,20,True,,NVIDIA B300 SXM6 AC,cudnn 9.25.0,
deepseek_v4,dsv4_pro-tp4,context,cudnn,bfloat16,bfloat16,1,8192,8192,32,1,512,512,mla_absorbed,,64,4.20768,522.621,129.587,1.6198,20,True,,NVIDIA B300 SXM6 AC,cudnn 9.25.0,
deepseek_v4,dsv4_pro-tp4,context,cudnn,bfloat16,bfloat16,1,512,65536,32,1,512,512,mla_absorbed,,64,3.81648,576.191,26.376,0.3297,20,True,,NVIDIA B300 SXM6 AC,cudnn 9.25.0,
deepseek_v4,dsv4_pro-tp4,context,cudnn,bfloat16,bfloat16,1,512,131072,32,1,512,512,mla_absorbed,,64,8.79536,500.042,19.075,0.2384,20,True,,NVIDIA B300 SXM6 AC,cudnn 9.25.0,
deepseek_v4,dsv4_pro-tp4,context,cudnn,bfloat16,bfloat16,1,1024,65536,32,1,512,512,mla_absorbed,,64,8.7632,501.877,15.316,0.1915,20,True,,NVIDIA B300 SXM6 AC,cudnn 9.25.0,
deepseek_v4,dsv4_pro-tp4,context,cudnn,bfloat16,bfloat16,1,1024,131072,32,1,512,512,mla_absorbed,,64,17.927937,490.636,11.23,0.1404,20,True,,NVIDIA B300 SXM6 AC,cudnn 9.25.0,
deepseek_v4,dsv4_pro-tp4,generation,cudnn,bfloat16,bfloat16,1,1,131072,32,1,512,512,mla_absorbed,,64,0.227424,37.771,590.453,7.3807,20,True,,NVIDIA B300 SXM6 AC,cudnn 9.25.0,
deepseek_v4,dsv4_pro-tp4,generation,cudnn,bfloat16,fp8_e4m3,1,1,131072,32,1,512,512,mla_absorbed,,64,inf,0.0,0.0,,20,False,"    main()
  File ""/home/vagarwalla/attn_inf/cudnn-frontend/benchmark/attention_inference/benchmark_single_attention.py"", line 718, in main
    fn, detail = SETUPS[args.backend](args, dtype)
                 ^^^^^^^^^^^^^^^^^^^^^^^^^^^^^^^^^
  File ""/home/vagarwalla/attn_inf/cudnn-frontend/benchmark/attention_inference/benchmark_single_attention.py"", line 119, in setup_cudnn
    return setup_cudnn_fp8(args, cudnn, oss=oss)
           ^^^^^^^^^^^^^^^^^^^^^^^^^^^^^^^^^^^^^
  File ""/home/vagarwalla/attn_inf/cudnn-frontend/benchmark/attention_inference/benchmark_single_attention.py"", line 261, in setup_cudnn_fp8
    graph.validate()
  File ""/home/vagarwalla/attn_inf/cudnn-frontend/python/cudnn/_pygraph.py"", line 776, in validate
    self._lowered_graph.validate()
cudnn._compiled_module.cudnnGraphNotSupportedError: hidden_dim d_qk should be less than or equal to 128 and hidden_dim d_qk should be multiple of 16 unless d_qk == 192 and d_v == 128 (requires cuDNN 9.19+)",,,
deepseek_v4,dsv4_pro-tp4,generation,cudnn,bfloat16,bfloat16,128,1,131072,32,1,512,512,mla_absorbed,,64,21.801249,50.433,788.407,9.8551,20,True,,NVIDIA B300 SXM6 AC,cudnn 9.25.0,
deepseek_v4,dsv4_pro-tp4,generation,cudnn,bfloat16,fp8_e4m3,128,1,131072,32,1,512,512,mla_absorbed,,64,inf,0.0,0.0,,20,False,"    main()
  File ""/home/vagarwalla/attn_inf/cudnn-frontend/benchmark/attention_inference/benchmark_single_attention.py"", line 718, in main
    fn, detail = SETUPS[args.backend](args, dtype)
                 ^^^^^^^^^^^^^^^^^^^^^^^^^^^^^^^^^
  File ""/home/vagarwalla/attn_inf/cudnn-frontend/benchmark/attention_inference/benchmark_single_attention.py"", line 119, in setup_cudnn
    return setup_cudnn_fp8(args, cudnn, oss=oss)
           ^^^^^^^^^^^^^^^^^^^^^^^^^^^^^^^^^^^^^
  File ""/home/vagarwalla/attn_inf/cudnn-frontend/benchmark/attention_inference/benchmark_single_attention.py"", line 261, in setup_cudnn_fp8
    graph.validate()
  File ""/home/vagarwalla/attn_inf/cudnn-frontend/python/cudnn/_pygraph.py"", line 776, in validate
    self._lowered_graph.validate()
cudnn._compiled_module.cudnnGraphNotSupportedError: hidden_dim d_qk should be less than or equal to 128 and hidden_dim d_qk should be multiple of 16 unless d_qk == 192 and d_v == 128 (requires cuDNN 9.19+)",,,
deepseek_v4,dsv4_pro-tp4,generation,cudnn,bfloat16,bfloat16,1,2,131072,32,1,512,512,mla_absorbed,,64,10.745888,1.599,12.502,0.1563,20,True,,NVIDIA B300 SXM6 AC,cudnn 9.25.0,
deepseek_v4,dsv4_pro-tp4,generation,cudnn,bfloat16,fp8_e4m3,1,2,131072,32,1,512,512,mla_absorbed,,64,inf,0.0,0.0,,20,False,"    main()
  File ""/home/vagarwalla/attn_inf/cudnn-frontend/benchmark/attention_inference/benchmark_single_attention.py"", line 718, in main
    fn, detail = SETUPS[args.backend](args, dtype)
                 ^^^^^^^^^^^^^^^^^^^^^^^^^^^^^^^^^
  File ""/home/vagarwalla/attn_inf/cudnn-frontend/benchmark/attention_inference/benchmark_single_attention.py"", line 119, in setup_cudnn
    return setup_cudnn_fp8(args, cudnn, oss=oss)
           ^^^^^^^^^^^^^^^^^^^^^^^^^^^^^^^^^^^^^
  File ""/home/vagarwalla/attn_inf/cudnn-frontend/benchmark/attention_inference/benchmark_single_attention.py"", line 261, in setup_cudnn_fp8
    graph.validate()
  File ""/home/vagarwalla/attn_inf/cudnn-frontend/python/cudnn/_pygraph.py"", line 776, in validate
    self._lowered_graph.validate()
cudnn._compiled_module.cudnnGraphNotSupportedError: hidden_dim d_qk should be less than or equal to 128 and hidden_dim d_qk should be multiple of 16 unless d_qk == 192 and d_v == 128 (requires cuDNN 9.19+)",,,
deepseek_v4,dsv4_pro-tp4,generation,cudnn,bfloat16,bfloat16,128,2,131072,32,1,512,512,mla_absorbed,,64,643.737793,3.416,26.714,0.3339,20,True,,NVIDIA B300 SXM6 AC,cudnn 9.25.0,
deepseek_v4,dsv4_pro-tp4,generation,cudnn,bfloat16,fp8_e4m3,128,2,131072,32,1,512,512,mla_absorbed,,64,inf,0.0,0.0,,20,False,"    main()
  File ""/home/vagarwalla/attn_inf/cudnn-frontend/benchmark/attention_inference/benchmark_single_attention.py"", line 718, in main
    fn, detail = SETUPS[args.backend](args, dtype)
                 ^^^^^^^^^^^^^^^^^^^^^^^^^^^^^^^^^
  File ""/home/vagarwalla/attn_inf/cudnn-frontend/benchmark/attention_inference/benchmark_single_attention.py"", line 119, in setup_cudnn
    return setup_cudnn_fp8(args, cudnn, oss=oss)
           ^^^^^^^^^^^^^^^^^^^^^^^^^^^^^^^^^^^^^
  File ""/home/vagarwalla/attn_inf/cudnn-frontend/benchmark/attention_inference/benchmark_single_attention.py"", line 261, in setup_cudnn_fp8
    graph.validate()
  File ""/home/vagarwalla/attn_inf/cudnn-frontend/python/cudnn/_pygraph.py"", line 776, in validate
    self._lowered_graph.validate()
cudnn._compiled_module.cudnnGraphNotSupportedError: hidden_dim d_qk should be less than or equal to 128 and hidden_dim d_qk should be multiple of 16 unless d_qk == 192 and d_v == 128 (requires cuDNN 9.19+)",,,
deepseek_v4,dsv4_pro-tp4,generation,cudnn,bfloat16,bfloat16,1,3,131072,32,1,512,512,mla_absorbed,,64,10.73136,2.401,12.525,0.1566,20,True,,NVIDIA B300 SXM6 AC,cudnn 9.25.0,
deepseek_v4,dsv4_pro-tp4,generation,cudnn,bfloat16,fp8_e4m3,1,3,131072,32,1,512,512,mla_absorbed,,64,inf,0.0,0.0,,20,False,"    main()
  File ""/home/vagarwalla/attn_inf/cudnn-frontend/benchmark/attention_inference/benchmark_single_attention.py"", line 718, in main
    fn, detail = SETUPS[args.backend](args, dtype)
                 ^^^^^^^^^^^^^^^^^^^^^^^^^^^^^^^^^
  File ""/home/vagarwalla/attn_inf/cudnn-frontend/benchmark/attention_inference/benchmark_single_attention.py"", line 119, in setup_cudnn
    return setup_cudnn_fp8(args, cudnn, oss=oss)
           ^^^^^^^^^^^^^^^^^^^^^^^^^^^^^^^^^^^^^
  File ""/home/vagarwalla/attn_inf/cudnn-frontend/benchmark/attention_inference/benchmark_single_attention.py"", line 261, in setup_cudnn_fp8
    graph.validate()
  File ""/home/vagarwalla/attn_inf/cudnn-frontend/python/cudnn/_pygraph.py"", line 776, in validate
    self._lowered_graph.validate()
cudnn._compiled_module.cudnnGraphNotSupportedError: hidden_dim d_qk should be less than or equal to 128 and hidden_dim d_qk should be multiple of 16 unless d_qk == 192 and d_v == 128 (requires cuDNN 9.19+)",,,
deepseek_v4,dsv4_pro-tp4,generation,cudnn,bfloat16,bfloat16,128,3,131072,32,1,512,512,mla_absorbed,,64,643.04541,5.13,26.756,0.3344,20,True,,NVIDIA B300 SXM6 AC,cudnn 9.25.0,
deepseek_v4,dsv4_pro-tp4,generation,cudnn,bfloat16,fp8_e4m3,128,3,131072,32,1,512,512,mla_absorbed,,64,inf,0.0,0.0,,20,False,"    main()
  File ""/home/vagarwalla/attn_inf/cudnn-frontend/benchmark/attention_inference/benchmark_single_attention.py"", line 718, in main
    fn, detail = SETUPS[args.backend](args, dtype)
                 ^^^^^^^^^^^^^^^^^^^^^^^^^^^^^^^^^
  File ""/home/vagarwalla/attn_inf/cudnn-frontend/benchmark/attention_inference/benchmark_single_attention.py"", line 119, in setup_cudnn
    return setup_cudnn_fp8(args, cudnn, oss=oss)
           ^^^^^^^^^^^^^^^^^^^^^^^^^^^^^^^^^^^^^
  File ""/home/vagarwalla/attn_inf/cudnn-frontend/benchmark/attention_inference/benchmark_single_attention.py"", line 261, in setup_cudnn_fp8
    graph.validate()
  File ""/home/vagarwalla/attn_inf/cudnn-frontend/python/cudnn/_pygraph.py"", line 776, in validate
    self._lowered_graph.validate()
cudnn._compiled_module.cudnnGraphNotSupportedError: hidden_dim d_qk should be less than or equal to 128 and hidden_dim d_qk should be multiple of 16 unless d_qk == 192 and d_v == 128 (requires cuDNN 9.19+)",,,
deepseek_v4,dsv4_pro-tp4,generation,cudnn,bfloat16,bfloat16,1,4,131072,32,1,512,512,mla_absorbed,,64,10.724384,3.204,12.54,0.1567,20,True,,NVIDIA B300 SXM6 AC,cudnn 9.25.0,
deepseek_v4,dsv4_pro-tp4,generation,cudnn,bfloat16,fp8_e4m3,1,4,131072,32,1,512,512,mla_absorbed,,64,inf,0.0,0.0,,20,False,"    main()
  File ""/home/vagarwalla/attn_inf/cudnn-frontend/benchmark/attention_inference/benchmark_single_attention.py"", line 718, in main
    fn, detail = SETUPS[args.backend](args, dtype)
                 ^^^^^^^^^^^^^^^^^^^^^^^^^^^^^^^^^
  File ""/home/vagarwalla/attn_inf/cudnn-frontend/benchmark/attention_inference/benchmark_single_attention.py"", line 119, in setup_cudnn
    return setup_cudnn_fp8(args, cudnn, oss=oss)
           ^^^^^^^^^^^^^^^^^^^^^^^^^^^^^^^^^^^^^
  File ""/home/vagarwalla/attn_inf/cudnn-frontend/benchmark/attention_inference/benchmark_single_attention.py"", line 261, in setup_cudnn_fp8
    graph.validate()
  File ""/home/vagarwalla/attn_inf/cudnn-frontend/python/cudnn/_pygraph.py"", line 776, in validate
    self._lowered_graph.validate()
cudnn._compiled_module.cudnnGraphNotSupportedError: hidden_dim d_qk should be less than or equal to 128 and hidden_dim d_qk should be multiple of 16 unless d_qk == 192 and d_v == 128 (requires cuDNN 9.19+)",,,
deepseek_v4,dsv4_pro-tp4,generation,cudnn,bfloat16,bfloat16,128,4,131072,32,1,512,512,mla_absorbed,,64,642.14679,6.849,26.806,0.3351,20,True,,NVIDIA B300 SXM6 AC,cudnn 9.25.0,
deepseek_v4,dsv4_pro-tp4,generation,cudnn,bfloat16,fp8_e4m3,128,4,131072,32,1,512,512,mla_absorbed,,64,inf,0.0,0.0,,20,False,"    main()
  File ""/home/vagarwalla/attn_inf/cudnn-frontend/benchmark/attention_inference/benchmark_single_attention.py"", line 718, in main
    fn, detail = SETUPS[args.backend](args, dtype)
                 ^^^^^^^^^^^^^^^^^^^^^^^^^^^^^^^^^
  File ""/home/vagarwalla/attn_inf/cudnn-frontend/benchmark/attention_inference/benchmark_single_attention.py"", line 119, in setup_cudnn
    return setup_cudnn_fp8(args, cudnn, oss=oss)
           ^^^^^^^^^^^^^^^^^^^^^^^^^^^^^^^^^^^^^
  File ""/home/vagarwalla/attn_inf/cudnn-frontend/benchmark/attention_inference/benchmark_single_attention.py"", line 261, in setup_cudnn_fp8
    graph.validate()
  File ""/home/vagarwalla/attn_inf/cudnn-frontend/python/cudnn/_pygraph.py"", line 776, in validate
    self._lowered_graph.validate()
cudnn._compiled_module.cudnnGraphNotSupportedError: hidden_dim d_qk should be less than or equal to 128 and hidden_dim d_qk should be multiple of 16 unless d_qk == 192 and d_v == 128 (requires cuDNN 9.19+)",,,
deepseek_v4,dsv4_pro-tp4,context,cudnn_oss,bfloat16,bfloat16,1,2048,2048,32,1,512,512,mla_absorbed,,64,0.368448,373.021,369.97,4.6246,20,True,,NVIDIA B300 SXM6 AC,cudnn_oss plan=sdpa_fwd_prefill_sm100_d512[SdpaFwdKnobs(sched_policy=0; tile_m=128; tile_n=128; cga=2)],
deepseek_v4,dsv4_pro-tp4,context,cudnn_oss,bfloat16,bfloat16,1,8192,8192,32,1,512,512,mla_absorbed,,64,2.195616,1001.552,248.34,3.1043,20,True,,NVIDIA B300 SXM6 AC,cudnn_oss plan=sdpa_fwd_prefill_sm100_d512[SdpaFwdKnobs(sched_policy=0; tile_m=128; tile_n=128; cga=2)],
deepseek_v4,dsv4_pro-tp4,context,cudnn_oss,bfloat16,bfloat16,1,512,65536,32,1,512,512,mla_absorbed,,64,1.458944,1507.271,68.997,0.8625,20,True,,NVIDIA B300 SXM6 AC,cudnn_oss plan=sdpa_fwd_prefill_sm100_d512[SdpaFwdKnobs(sched_policy=0; tile_m=128; tile_n=128; cga=2)],
deepseek_v4,dsv4_pro-tp4,context,cudnn_oss,bfloat16,bfloat16,1,512,131072,32,1,512,512,mla_absorbed,,64,2.928608,1501.753,57.287,0.7161,20,True,,NVIDIA B300 SXM6 AC,cudnn_oss plan=sdpa_fwd_prefill_sm100_d512[SdpaFwdKnobs(sched_policy=0; tile_m=128; tile_n=128; cga=2)],
deepseek_v4,dsv4_pro-tp4,context,cudnn_oss,bfloat16,bfloat16,1,1024,65536,32,1,512,512,mla_absorbed,,64,2.982976,1474.382,44.995,0.5624,20,True,,NVIDIA B300 SXM6 AC,cudnn_oss plan=sdpa_fwd_prefill_sm100_d512[SdpaFwdKnobs(sched_policy=0; tile_m=128; tile_n=128; cga=2)],
deepseek_v4,dsv4_pro-tp4,context,cudnn_oss,bfloat16,bfloat16,1,1024,131072,32,1,512,512,mla_absorbed,,64,6.311904,1393.572,31.896,0.3987,20,True,,NVIDIA B300 SXM6 AC,cudnn_oss plan=sdpa_fwd_prefill_sm100_d512[SdpaFwdKnobs(sched_policy=0; tile_m=128; tile_n=128; cga=2)],
deepseek_v4,dsv4_pro-tp4,generation,cudnn_oss,bfloat16,bfloat16,1,1,131072,32,1,512,512,mla_absorbed,,64,1.401568,6.129,95.809,1.1976,20,True,,NVIDIA B300 SXM6 AC,cudnn_oss plan=sdpa_fwd_prefill_sm100_d512[SdpaFwdKnobs(sched_policy=0; tile_m=128; tile_n=128; cga=2)],
deepseek_v4,dsv4_pro-tp4,generation,cudnn_oss,bfloat16,fp8_e4m3,1,1,131072,32,1,512,512,mla_absorbed,,64,inf,0.0,0.0,,20,False,"                 ^^^^^^^^^^^^^^^^^^^^^^^^^^^^^^^^^
  File ""/home/vagarwalla/attn_inf/cudnn-frontend/benchmark/attention_inference/benchmark_single_attention.py"", line 215, in setup_cudnn_oss
    return setup_cudnn(args, dtype, oss=True)
           ^^^^^^^^^^^^^^^^^^^^^^^^^^^^^^^^^^
  File ""/home/vagarwalla/attn_inf/cudnn-frontend/benchmark/attention_inference/benchmark_single_attention.py"", line 119, in setup_cudnn
    return setup_cudnn_fp8(args, cudnn, oss=oss)
           ^^^^^^^^^^^^^^^^^^^^^^^^^^^^^^^^^^^^^
  File ""/home/vagarwalla/attn_inf/cudnn-frontend/benchmark/attention_inference/benchmark_single_attention.py"", line 261, in setup_cudnn_fp8
    graph.validate()
  File ""/home/vagarwalla/attn_inf/cudnn-frontend/python/cudnn/_pygraph.py"", line 776, in validate
    self._lowered_graph.validate()
cudnn._compiled_module.cudnnGraphNotSupportedError: hidden_dim d_qk should be less than or equal to 128 and hidden_dim d_qk should be multiple of 16 unless d_qk == 192 and d_v == 128 (requires cuDNN 9.19+)",,,
deepseek_v4,dsv4_pro-tp4,generation,cudnn_oss,bfloat16,bfloat16,128,1,131072,32,1,512,512,mla_absorbed,,64,177.838562,6.183,96.651,1.2081,20,True,,NVIDIA B300 SXM6 AC,cudnn_oss plan=sdpa_fwd_prefill_sm100_d512[SdpaFwdKnobs(sched_policy=0; tile_m=128; tile_n=128; cga=2)],
deepseek_v4,dsv4_pro-tp4,generation,cudnn_oss,bfloat16,fp8_e4m3,128,1,131072,32,1,512,512,mla_absorbed,,64,inf,0.0,0.0,,20,False,"                 ^^^^^^^^^^^^^^^^^^^^^^^^^^^^^^^^^
  File ""/home/vagarwalla/attn_inf/cudnn-frontend/benchmark/attention_inference/benchmark_single_attention.py"", line 215, in setup_cudnn_oss
    return setup_cudnn(args, dtype, oss=True)
           ^^^^^^^^^^^^^^^^^^^^^^^^^^^^^^^^^^
  File ""/home/vagarwalla/attn_inf/cudnn-frontend/benchmark/attention_inference/benchmark_single_attention.py"", line 119, in setup_cudnn
    return setup_cudnn_fp8(args, cudnn, oss=oss)
           ^^^^^^^^^^^^^^^^^^^^^^^^^^^^^^^^^^^^^
  File ""/home/vagarwalla/attn_inf/cudnn-frontend/benchmark/attention_inference/benchmark_single_attention.py"", line 261, in setup_cudnn_fp8
    graph.validate()
  File ""/home/vagarwalla/attn_inf/cudnn-frontend/python/cudnn/_pygraph.py"", line 776, in validate
    self._lowered_graph.validate()
cudnn._compiled_module.cudnnGraphNotSupportedError: hidden_dim d_qk should be less than or equal to 128 and hidden_dim d_qk should be multiple of 16 unless d_qk == 192 and d_v == 128 (requires cuDNN 9.19+)",,,
deepseek_v4,dsv4_pro-tp4,generation,cudnn_oss,bfloat16,bfloat16,1,2,131072,32,1,512,512,mla_absorbed,,64,1.42304,12.073,94.41,1.1801,20,True,,NVIDIA B300 SXM6 AC,cudnn_oss plan=sdpa_fwd_prefill_sm100_d512[SdpaFwdKnobs(sched_policy=0; tile_m=128; tile_n=128; cga=2)],
deepseek_v4,dsv4_pro-tp4,generation,cudnn_oss,bfloat16,fp8_e4m3,1,2,131072,32,1,512,512,mla_absorbed,,64,inf,0.0,0.0,,20,False,"                 ^^^^^^^^^^^^^^^^^^^^^^^^^^^^^^^^^
  File ""/home/vagarwalla/attn_inf/cudnn-frontend/benchmark/attention_inference/benchmark_single_attention.py"", line 215, in setup_cudnn_oss
    return setup_cudnn(args, dtype, oss=True)
           ^^^^^^^^^^^^^^^^^^^^^^^^^^^^^^^^^^
  File ""/home/vagarwalla/attn_inf/cudnn-frontend/benchmark/attention_inference/benchmark_single_attention.py"", line 119, in setup_cudnn
    return setup_cudnn_fp8(args, cudnn, oss=oss)
           ^^^^^^^^^^^^^^^^^^^^^^^^^^^^^^^^^^^^^
  File ""/home/vagarwalla/attn_inf/cudnn-frontend/benchmark/attention_inference/benchmark_single_attention.py"", line 261, in setup_cudnn_fp8
    graph.validate()
  File ""/home/vagarwalla/attn_inf/cudnn-frontend/python/cudnn/_pygraph.py"", line 776, in validate
    self._lowered_graph.validate()
cudnn._compiled_module.cudnnGraphNotSupportedError: hidden_dim d_qk should be less than or equal to 128 and hidden_dim d_qk should be multiple of 16 unless d_qk == 192 and d_v == 128 (requires cuDNN 9.19+)",,,
deepseek_v4,dsv4_pro-tp4,generation,cudnn_oss,bfloat16,bfloat16,128,2,131072,32,1,512,512,mla_absorbed,,64,178.098785,12.347,96.557,1.207,20,True,,NVIDIA B300 SXM6 AC,cudnn_oss plan=sdpa_fwd_prefill_sm100_d512[SdpaFwdKnobs(sched_policy=0; tile_m=128; tile_n=128; cga=2)],
deepseek_v4,dsv4_pro-tp4,generation,cudnn_oss,bfloat16,fp8_e4m3,128,2,131072,32,1,512,512,mla_absorbed,,64,inf,0.0,0.0,,20,False,"                 ^^^^^^^^^^^^^^^^^^^^^^^^^^^^^^^^^
  File ""/home/vagarwalla/attn_inf/cudnn-frontend/benchmark/attention_inference/benchmark_single_attention.py"", line 215, in setup_cudnn_oss
    return setup_cudnn(args, dtype, oss=True)
           ^^^^^^^^^^^^^^^^^^^^^^^^^^^^^^^^^^
  File ""/home/vagarwalla/attn_inf/cudnn-frontend/benchmark/attention_inference/benchmark_single_attention.py"", line 119, in setup_cudnn
    return setup_cudnn_fp8(args, cudnn, oss=oss)
           ^^^^^^^^^^^^^^^^^^^^^^^^^^^^^^^^^^^^^
  File ""/home/vagarwalla/attn_inf/cudnn-frontend/benchmark/attention_inference/benchmark_single_attention.py"", line 261, in setup_cudnn_fp8
    graph.validate()
  File ""/home/vagarwalla/attn_inf/cudnn-frontend/python/cudnn/_pygraph.py"", line 776, in validate
    self._lowered_graph.validate()
cudnn._compiled_module.cudnnGraphNotSupportedError: hidden_dim d_qk should be less than or equal to 128 and hidden_dim d_qk should be multiple of 16 unless d_qk == 192 and d_v == 128 (requires cuDNN 9.19+)",,,
deepseek_v4,dsv4_pro-tp4,generation,cudnn_oss,bfloat16,bfloat16,1,3,131072,32,1,512,512,mla_absorbed,,64,1.4248,18.087,94.339,1.1792,20,True,,NVIDIA B300 SXM6 AC,cudnn_oss plan=sdpa_fwd_prefill_sm100_d512[SdpaFwdKnobs(sched_policy=0; tile_m=128; tile_n=128; cga=2)],
deepseek_v4,dsv4_pro-tp4,generation,cudnn_oss,bfloat16,fp8_e4m3,1,3,131072,32,1,512,512,mla_absorbed,,64,inf,0.0,0.0,,20,False,"                 ^^^^^^^^^^^^^^^^^^^^^^^^^^^^^^^^^
  File ""/home/vagarwalla/attn_inf/cudnn-frontend/benchmark/attention_inference/benchmark_single_attention.py"", line 215, in setup_cudnn_oss
    return setup_cudnn(args, dtype, oss=True)
           ^^^^^^^^^^^^^^^^^^^^^^^^^^^^^^^^^^
  File ""/home/vagarwalla/attn_inf/cudnn-frontend/benchmark/attention_inference/benchmark_single_attention.py"", line 119, in setup_cudnn
    return setup_cudnn_fp8(args, cudnn, oss=oss)
           ^^^^^^^^^^^^^^^^^^^^^^^^^^^^^^^^^^^^^
  File ""/home/vagarwalla/attn_inf/cudnn-frontend/benchmark/attention_inference/benchmark_single_attention.py"", line 261, in setup_cudnn_fp8
    graph.validate()
  File ""/home/vagarwalla/attn_inf/cudnn-frontend/python/cudnn/_pygraph.py"", line 776, in validate
    self._lowered_graph.validate()
cudnn._compiled_module.cudnnGraphNotSupportedError: hidden_dim d_qk should be less than or equal to 128 and hidden_dim d_qk should be multiple of 16 unless d_qk == 192 and d_v == 128 (requires cuDNN 9.19+)",,,
deepseek_v4,dsv4_pro-tp4,generation,cudnn_oss,bfloat16,bfloat16,128,3,131072,32,1,512,512,mla_absorbed,,64,178.246597,18.505,96.524,1.2065,20,True,,NVIDIA B300 SXM6 AC,cudnn_oss plan=sdpa_fwd_prefill_sm100_d512[SdpaFwdKnobs(sched_policy=0; tile_m=128; tile_n=128; cga=2)],
deepseek_v4,dsv4_pro-tp4,generation,cudnn_oss,bfloat16,fp8_e4m3,128,3,131072,32,1,512,512,mla_absorbed,,64,inf,0.0,0.0,,20,False,"                 ^^^^^^^^^^^^^^^^^^^^^^^^^^^^^^^^^
  File ""/home/vagarwalla/attn_inf/cudnn-frontend/benchmark/attention_inference/benchmark_single_attention.py"", line 215, in setup_cudnn_oss
    return setup_cudnn(args, dtype, oss=True)
           ^^^^^^^^^^^^^^^^^^^^^^^^^^^^^^^^^^
  File ""/home/vagarwalla/attn_inf/cudnn-frontend/benchmark/attention_inference/benchmark_single_attention.py"", line 119, in setup_cudnn
    return setup_cudnn_fp8(args, cudnn, oss=oss)
           ^^^^^^^^^^^^^^^^^^^^^^^^^^^^^^^^^^^^^
  File ""/home/vagarwalla/attn_inf/cudnn-frontend/benchmark/attention_inference/benchmark_single_attention.py"", line 261, in setup_cudnn_fp8
    graph.validate()
  File ""/home/vagarwalla/attn_inf/cudnn-frontend/python/cudnn/_pygraph.py"", line 776, in validate
    self._lowered_graph.validate()
cudnn._compiled_module.cudnnGraphNotSupportedError: hidden_dim d_qk should be less than or equal to 128 and hidden_dim d_qk should be multiple of 16 unless d_qk == 192 and d_v == 128 (requires cuDNN 9.19+)",,,
deepseek_v4,dsv4_pro-tp4,generation,cudnn_oss,bfloat16,bfloat16,1,4,131072,32,1,512,512,mla_absorbed,,64,1.422976,24.146,94.506,1.1813,20,True,,NVIDIA B300 SXM6 AC,cudnn_oss plan=sdpa_fwd_prefill_sm100_d512[SdpaFwdKnobs(sched_policy=0; tile_m=128; tile_n=128; cga=2)],
deepseek_v4,dsv4_pro-tp4,generation,cudnn_oss,bfloat16,fp8_e4m3,1,4,131072,32,1,512,512,mla_absorbed,,64,inf,0.0,0.0,,20,False,"                 ^^^^^^^^^^^^^^^^^^^^^^^^^^^^^^^^^
  File ""/home/vagarwalla/attn_inf/cudnn-frontend/benchmark/attention_inference/benchmark_single_attention.py"", line 215, in setup_cudnn_oss
    return setup_cudnn(args, dtype, oss=True)
           ^^^^^^^^^^^^^^^^^^^^^^^^^^^^^^^^^^
  File ""/home/vagarwalla/attn_inf/cudnn-frontend/benchmark/attention_inference/benchmark_single_attention.py"", line 119, in setup_cudnn
    return setup_cudnn_fp8(args, cudnn, oss=oss)
           ^^^^^^^^^^^^^^^^^^^^^^^^^^^^^^^^^^^^^
  File ""/home/vagarwalla/attn_inf/cudnn-frontend/benchmark/attention_inference/benchmark_single_attention.py"", line 261, in setup_cudnn_fp8
    graph.validate()
  File ""/home/vagarwalla/attn_inf/cudnn-frontend/python/cudnn/_pygraph.py"", line 776, in validate
    self._lowered_graph.validate()
cudnn._compiled_module.cudnnGraphNotSupportedError: hidden_dim d_qk should be less than or equal to 128 and hidden_dim d_qk should be multiple of 16 unless d_qk == 192 and d_v == 128 (requires cuDNN 9.19+)",,,
deepseek_v4,dsv4_pro-tp4,generation,cudnn_oss,bfloat16,bfloat16,128,4,131072,32,1,512,512,mla_absorbed,,64,178.475906,24.642,96.447,1.2056,20,True,,NVIDIA B300 SXM6 AC,cudnn_oss plan=sdpa_fwd_prefill_sm100_d512[SdpaFwdKnobs(sched_policy=0; tile_m=128; tile_n=128; cga=2)],
deepseek_v4,dsv4_pro-tp4,generation,cudnn_oss,bfloat16,fp8_e4m3,128,4,131072,32,1,512,512,mla_absorbed,,64,inf,0.0,0.0,,20,False,"                 ^^^^^^^^^^^^^^^^^^^^^^^^^^^^^^^^^
  File ""/home/vagarwalla/attn_inf/cudnn-frontend/benchmark/attention_inference/benchmark_single_attention.py"", line 215, in setup_cudnn_oss
    return setup_cudnn(args, dtype, oss=True)
           ^^^^^^^^^^^^^^^^^^^^^^^^^^^^^^^^^^
  File ""/home/vagarwalla/attn_inf/cudnn-frontend/benchmark/attention_inference/benchmark_single_attention.py"", line 119, in setup_cudnn
    return setup_cudnn_fp8(args, cudnn, oss=oss)
           ^^^^^^^^^^^^^^^^^^^^^^^^^^^^^^^^^^^^^
  File ""/home/vagarwalla/attn_inf/cudnn-frontend/benchmark/attention_inference/benchmark_single_attention.py"", line 261, in setup_cudnn_fp8
    graph.validate()
  File ""/home/vagarwalla/attn_inf/cudnn-frontend/python/cudnn/_pygraph.py"", line 776, in validate
    self._lowered_graph.validate()
cudnn._compiled_module.cudnnGraphNotSupportedError: hidden_dim d_qk should be less than or equal to 128 and hidden_dim d_qk should be multiple of 16 unless d_qk == 192 and d_v == 128 (requires cuDNN 9.19+)",,,
deepseek_v4,dsv4_pro-tp8,context,cudnn,bfloat16,bfloat16,1,2048,2048,16,1,512,512,mla_absorbed,,64,0.161184,426.342,429.36,5.367,20,True,,NVIDIA B300 SXM6 AC,cudnn 9.25.0,
deepseek_v4,dsv4_pro-tp8,context,cudnn,bfloat16,bfloat16,1,8192,8192,16,1,512,512,mla_absorbed,,64,1.876448,585.954,147.526,1.8441,20,True,,NVIDIA B300 SXM6 AC,cudnn 9.25.0,
deepseek_v4,dsv4_pro-tp8,context,cudnn,bfloat16,bfloat16,1,512,65536,16,1,512,512,mla_absorbed,,64,1.896288,579.823,44.237,0.553,20,True,,NVIDIA B300 SXM6 AC,cudnn 9.25.0,
deepseek_v4,dsv4_pro-tp8,context,cudnn,bfloat16,bfloat16,1,512,131072,16,1,512,512,mla_absorbed,,64,4.016064,547.557,37.598,0.47,20,True,,NVIDIA B300 SXM6 AC,cudnn 9.25.0,
deepseek_v4,dsv4_pro-tp8,context,cudnn,bfloat16,bfloat16,1,1024,65536,16,1,512,512,mla_absorbed,,64,3.846048,571.762,26.173,0.3272,20,True,,NVIDIA B300 SXM6 AC,cudnn 9.25.0,
deepseek_v4,dsv4_pro-tp8,context,cudnn,bfloat16,bfloat16,1,1024,131072,16,1,512,512,mla_absorbed,,64,8.735264,503.482,19.206,0.2401,20,True,,NVIDIA B300 SXM6 AC,cudnn 9.25.0,
deepseek_v4,dsv4_pro-tp8,generation,cudnn,bfloat16,bfloat16,1,1,131072,16,1,512,512,mla_absorbed,,64,0.13632,31.507,984.819,12.3102,20,True,,NVIDIA B300 SXM6 AC,cudnn 9.25.0,
deepseek_v4,dsv4_pro-tp8,generation,cudnn,bfloat16,fp8_e4m3,1,1,131072,16,1,512,512,mla_absorbed,,64,inf,0.0,0.0,,20,False,"    main()
  File ""/home/vagarwalla/attn_inf/cudnn-frontend/benchmark/attention_inference/benchmark_single_attention.py"", line 718, in main
    fn, detail = SETUPS[args.backend](args, dtype)
                 ^^^^^^^^^^^^^^^^^^^^^^^^^^^^^^^^^
  File ""/home/vagarwalla/attn_inf/cudnn-frontend/benchmark/attention_inference/benchmark_single_attention.py"", line 119, in setup_cudnn
    return setup_cudnn_fp8(args, cudnn, oss=oss)
           ^^^^^^^^^^^^^^^^^^^^^^^^^^^^^^^^^^^^^
  File ""/home/vagarwalla/attn_inf/cudnn-frontend/benchmark/attention_inference/benchmark_single_attention.py"", line 261, in setup_cudnn_fp8
    graph.validate()
  File ""/home/vagarwalla/attn_inf/cudnn-frontend/python/cudnn/_pygraph.py"", line 776, in validate
    self._lowered_graph.validate()
cudnn._compiled_module.cudnnGraphNotSupportedError: hidden_dim d_qk should be less than or equal to 128 and hidden_dim d_qk should be multiple of 16 unless d_qk == 192 and d_v == 128 (requires cuDNN 9.19+)",,,
deepseek_v4,dsv4_pro-tp8,generation,cudnn,bfloat16,bfloat16,128,1,131072,16,1,512,512,mla_absorbed,,64,11.61824,47.318,1479.059,18.4882,20,True,,NVIDIA B300 SXM6 AC,cudnn 9.25.0,
deepseek_v4,dsv4_pro-tp8,generation,cudnn,bfloat16,fp8_e4m3,128,1,131072,16,1,512,512,mla_absorbed,,64,inf,0.0,0.0,,20,False,"    main()
  File ""/home/vagarwalla/attn_inf/cudnn-frontend/benchmark/attention_inference/benchmark_single_attention.py"", line 718, in main
    fn, detail = SETUPS[args.backend](args, dtype)
                 ^^^^^^^^^^^^^^^^^^^^^^^^^^^^^^^^^
  File ""/home/vagarwalla/attn_inf/cudnn-frontend/benchmark/attention_inference/benchmark_single_attention.py"", line 119, in setup_cudnn
    return setup_cudnn_fp8(args, cudnn, oss=oss)
           ^^^^^^^^^^^^^^^^^^^^^^^^^^^^^^^^^^^^^
  File ""/home/vagarwalla/attn_inf/cudnn-frontend/benchmark/attention_inference/benchmark_single_attention.py"", line 261, in setup_cudnn_fp8
    graph.validate()
  File ""/home/vagarwalla/attn_inf/cudnn-frontend/python/cudnn/_pygraph.py"", line 776, in validate
    self._lowered_graph.validate()
cudnn._compiled_module.cudnnGraphNotSupportedError: hidden_dim d_qk should be less than or equal to 128 and hidden_dim d_qk should be multiple of 16 unless d_qk == 192 and d_v == 128 (requires cuDNN 9.19+)",,,
deepseek_v4,dsv4_pro-tp8,generation,cudnn,bfloat16,bfloat16,1,2,131072,16,1,512,512,mla_absorbed,,64,10.676992,0.805,12.577,0.1572,20,True,,NVIDIA B300 SXM6 AC,cudnn 9.25.0,
deepseek_v4,dsv4_pro-tp8,generation,cudnn,bfloat16,fp8_e4m3,1,2,131072,16,1,512,512,mla_absorbed,,64,inf,0.0,0.0,,20,False,"    main()
  File ""/home/vagarwalla/attn_inf/cudnn-frontend/benchmark/attention_inference/benchmark_single_attention.py"", line 718, in main
    fn, detail = SETUPS[args.backend](args, dtype)
                 ^^^^^^^^^^^^^^^^^^^^^^^^^^^^^^^^^
  File ""/home/vagarwalla/attn_inf/cudnn-frontend/benchmark/attention_inference/benchmark_single_attention.py"", line 119, in setup_cudnn
    return setup_cudnn_fp8(args, cudnn, oss=oss)
           ^^^^^^^^^^^^^^^^^^^^^^^^^^^^^^^^^^^^^
  File ""/home/vagarwalla/attn_inf/cudnn-frontend/benchmark/attention_inference/benchmark_single_attention.py"", line 261, in setup_cudnn_fp8
    graph.validate()
  File ""/home/vagarwalla/attn_inf/cudnn-frontend/python/cudnn/_pygraph.py"", line 776, in validate
    self._lowered_graph.validate()
cudnn._compiled_module.cudnnGraphNotSupportedError: hidden_dim d_qk should be less than or equal to 128 and hidden_dim d_qk should be multiple of 16 unless d_qk == 192 and d_v == 128 (requires cuDNN 9.19+)",,,
deepseek_v4,dsv4_pro-tp8,generation,cudnn,bfloat16,bfloat16,128,2,131072,16,1,512,512,mla_absorbed,,64,318.624481,3.451,53.945,0.6743,20,True,,NVIDIA B300 SXM6 AC,cudnn 9.25.0,
deepseek_v4,dsv4_pro-tp8,generation,cudnn,bfloat16,fp8_e4m3,128,2,131072,16,1,512,512,mla_absorbed,,64,inf,0.0,0.0,,20,False,"    main()
  File ""/home/vagarwalla/attn_inf/cudnn-frontend/benchmark/attention_inference/benchmark_single_attention.py"", line 718, in main
    fn, detail = SETUPS[args.backend](args, dtype)
                 ^^^^^^^^^^^^^^^^^^^^^^^^^^^^^^^^^
  File ""/home/vagarwalla/attn_inf/cudnn-frontend/benchmark/attention_inference/benchmark_single_attention.py"", line 119, in setup_cudnn
    return setup_cudnn_fp8(args, cudnn, oss=oss)
           ^^^^^^^^^^^^^^^^^^^^^^^^^^^^^^^^^^^^^
  File ""/home/vagarwalla/attn_inf/cudnn-frontend/benchmark/attention_inference/benchmark_single_attention.py"", line 261, in setup_cudnn_fp8
    graph.validate()
  File ""/home/vagarwalla/attn_inf/cudnn-frontend/python/cudnn/_pygraph.py"", line 776, in validate
    self._lowered_graph.validate()
cudnn._compiled_module.cudnnGraphNotSupportedError: hidden_dim d_qk should be less than or equal to 128 and hidden_dim d_qk should be multiple of 16 unless d_qk == 192 and d_v == 128 (requires cuDNN 9.19+)",,,
deepseek_v4,dsv4_pro-tp8,generation,cudnn,bfloat16,bfloat16,1,3,131072,16,1,512,512,mla_absorbed,,64,10.655808,1.209,12.605,0.1576,20,True,,NVIDIA B300 SXM6 AC,cudnn 9.25.0,
deepseek_v4,dsv4_pro-tp8,generation,cudnn,bfloat16,fp8_e4m3,1,3,131072,16,1,512,512,mla_absorbed,,64,inf,0.0,0.0,,20,False,"    main()
  File ""/home/vagarwalla/attn_inf/cudnn-frontend/benchmark/attention_inference/benchmark_single_attention.py"", line 718, in main
    fn, detail = SETUPS[args.backend](args, dtype)
                 ^^^^^^^^^^^^^^^^^^^^^^^^^^^^^^^^^
  File ""/home/vagarwalla/attn_inf/cudnn-frontend/benchmark/attention_inference/benchmark_single_attention.py"", line 119, in setup_cudnn
    return setup_cudnn_fp8(args, cudnn, oss=oss)
           ^^^^^^^^^^^^^^^^^^^^^^^^^^^^^^^^^^^^^
  File ""/home/vagarwalla/attn_inf/cudnn-frontend/benchmark/attention_inference/benchmark_single_attention.py"", line 261, in setup_cudnn_fp8
    graph.validate()
  File ""/home/vagarwalla/attn_inf/cudnn-frontend/python/cudnn/_pygraph.py"", line 776, in validate
    self._lowered_graph.validate()
cudnn._compiled_module.cudnnGraphNotSupportedError: hidden_dim d_qk should be less than or equal to 128 and hidden_dim d_qk should be multiple of 16 unless d_qk == 192 and d_v == 128 (requires cuDNN 9.19+)",,,
deepseek_v4,dsv4_pro-tp8,generation,cudnn,bfloat16,bfloat16,128,3,131072,16,1,512,512,mla_absorbed,,64,318.776764,5.174,53.933,0.6742,20,True,,NVIDIA B300 SXM6 AC,cudnn 9.25.0,
deepseek_v4,dsv4_pro-tp8,generation,cudnn,bfloat16,fp8_e4m3,128,3,131072,16,1,512,512,mla_absorbed,,64,inf,0.0,0.0,,20,False,"    main()
  File ""/home/vagarwalla/attn_inf/cudnn-frontend/benchmark/attention_inference/benchmark_single_attention.py"", line 718, in main
    fn, detail = SETUPS[args.backend](args, dtype)
                 ^^^^^^^^^^^^^^^^^^^^^^^^^^^^^^^^^
  File ""/home/vagarwalla/attn_inf/cudnn-frontend/benchmark/attention_inference/benchmark_single_attention.py"", line 119, in setup_cudnn
    return setup_cudnn_fp8(args, cudnn, oss=oss)
           ^^^^^^^^^^^^^^^^^^^^^^^^^^^^^^^^^^^^^
  File ""/home/vagarwalla/attn_inf/cudnn-frontend/benchmark/attention_inference/benchmark_single_attention.py"", line 261, in setup_cudnn_fp8
    graph.validate()
  File ""/home/vagarwalla/attn_inf/cudnn-frontend/python/cudnn/_pygraph.py"", line 776, in validate
    self._lowered_graph.validate()
cudnn._compiled_module.cudnnGraphNotSupportedError: hidden_dim d_qk should be less than or equal to 128 and hidden_dim d_qk should be multiple of 16 unless d_qk == 192 and d_v == 128 (requires cuDNN 9.19+)",,,
deepseek_v4,dsv4_pro-tp8,generation,cudnn,bfloat16,bfloat16,1,4,131072,16,1,512,512,mla_absorbed,,64,10.649056,1.613,12.616,0.1577,20,True,,NVIDIA B300 SXM6 AC,cudnn 9.25.0,
deepseek_v4,dsv4_pro-tp8,generation,cudnn,bfloat16,fp8_e4m3,1,4,131072,16,1,512,512,mla_absorbed,,64,inf,0.0,0.0,,20,False,"    main()
  File ""/home/vagarwalla/attn_inf/cudnn-frontend/benchmark/attention_inference/benchmark_single_attention.py"", line 718, in main
    fn, detail = SETUPS[args.backend](args, dtype)
                 ^^^^^^^^^^^^^^^^^^^^^^^^^^^^^^^^^
  File ""/home/vagarwalla/attn_inf/cudnn-frontend/benchmark/attention_inference/benchmark_single_attention.py"", line 119, in setup_cudnn
    return setup_cudnn_fp8(args, cudnn, oss=oss)
           ^^^^^^^^^^^^^^^^^^^^^^^^^^^^^^^^^^^^^
  File ""/home/vagarwalla/attn_inf/cudnn-frontend/benchmark/attention_inference/benchmark_single_attention.py"", line 261, in setup_cudnn_fp8
    graph.validate()
  File ""/home/vagarwalla/attn_inf/cudnn-frontend/python/cudnn/_pygraph.py"", line 776, in validate
    self._lowered_graph.validate()
cudnn._compiled_module.cudnnGraphNotSupportedError: hidden_dim d_qk should be less than or equal to 128 and hidden_dim d_qk should be multiple of 16 unless d_qk == 192 and d_v == 128 (requires cuDNN 9.19+)",,,
deepseek_v4,dsv4_pro-tp8,generation,cudnn,bfloat16,bfloat16,128,4,131072,16,1,512,512,mla_absorbed,,64,317.787323,6.92,54.114,0.6764,20,True,,NVIDIA B300 SXM6 AC,cudnn 9.25.0,
deepseek_v4,dsv4_pro-tp8,generation,cudnn,bfloat16,fp8_e4m3,128,4,131072,16,1,512,512,mla_absorbed,,64,inf,0.0,0.0,,20,False,"    main()
  File ""/home/vagarwalla/attn_inf/cudnn-frontend/benchmark/attention_inference/benchmark_single_attention.py"", line 718, in main
    fn, detail = SETUPS[args.backend](args, dtype)
                 ^^^^^^^^^^^^^^^^^^^^^^^^^^^^^^^^^
  File ""/home/vagarwalla/attn_inf/cudnn-frontend/benchmark/attention_inference/benchmark_single_attention.py"", line 119, in setup_cudnn
    return setup_cudnn_fp8(args, cudnn, oss=oss)
           ^^^^^^^^^^^^^^^^^^^^^^^^^^^^^^^^^^^^^
  File ""/home/vagarwalla/attn_inf/cudnn-frontend/benchmark/attention_inference/benchmark_single_attention.py"", line 261, in setup_cudnn_fp8
    graph.validate()
  File ""/home/vagarwalla/attn_inf/cudnn-frontend/python/cudnn/_pygraph.py"", line 776, in validate
    self._lowered_graph.validate()
cudnn._compiled_module.cudnnGraphNotSupportedError: hidden_dim d_qk should be less than or equal to 128 and hidden_dim d_qk should be multiple of 16 unless d_qk == 192 and d_v == 128 (requires cuDNN 9.19+)",,,
deepseek_v4,dsv4_pro-tp8,context,cudnn_oss,bfloat16,bfloat16,1,2048,2048,16,1,512,512,mla_absorbed,,64,0.222016,309.525,311.716,3.8965,20,True,,NVIDIA B300 SXM6 AC,cudnn_oss plan=sdpa_fwd_prefill_sm100_d512[SdpaFwdKnobs(sched_policy=0; tile_m=128; tile_n=128; cga=2)],
deepseek_v4,dsv4_pro-tp8,context,cudnn_oss,bfloat16,bfloat16,1,8192,8192,16,1,512,512,mla_absorbed,,64,1.18128,930.78,234.342,2.9293,20,True,,NVIDIA B300 SXM6 AC,cudnn_oss plan=sdpa_fwd_prefill_sm100_d512[SdpaFwdKnobs(sched_policy=0; tile_m=128; tile_n=128; cga=2)],
deepseek_v4,dsv4_pro-tp8,context,cudnn_oss,bfloat16,bfloat16,1,512,65536,16,1,512,512,mla_absorbed,,64,0.778784,1411.831,107.714,1.3464,20,True,,NVIDIA B300 SXM6 AC,cudnn_oss plan=sdpa_fwd_prefill_sm100_d512[SdpaFwdKnobs(sched_policy=0; tile_m=128; tile_n=128; cga=2)],
deepseek_v4,dsv4_pro-tp8,context,cudnn_oss,bfloat16,bfloat16,1,512,131072,16,1,512,512,mla_absorbed,,64,1.442176,1524.795,104.699,1.3087,20,True,,NVIDIA B300 SXM6 AC,cudnn_oss plan=sdpa_fwd_prefill_sm100_d512[SdpaFwdKnobs(sched_policy=0; tile_m=128; tile_n=128; cga=2)],
deepseek_v4,dsv4_pro-tp8,context,cudnn_oss,bfloat16,bfloat16,1,1024,65536,16,1,512,512,mla_absorbed,,64,1.454816,1511.547,69.193,0.8649,20,True,,NVIDIA B300 SXM6 AC,cudnn_oss plan=sdpa_fwd_prefill_sm100_d512[SdpaFwdKnobs(sched_policy=0; tile_m=128; tile_n=128; cga=2)],
deepseek_v4,dsv4_pro-tp8,context,cudnn_oss,bfloat16,bfloat16,1,1024,131072,16,1,512,512,mla_absorbed,,64,3.008576,1461.837,55.765,0.6971,20,True,,NVIDIA B300 SXM6 AC,cudnn_oss plan=sdpa_fwd_prefill_sm100_d512[SdpaFwdKnobs(sched_policy=0; tile_m=128; tile_n=128; cga=2)],
deepseek_v4,dsv4_pro-tp8,generation,cudnn_oss,bfloat16,bfloat16,1,1,131072,16,1,512,512,mla_absorbed,,64,1.399392,3.069,95.935,1.1992,20,True,,NVIDIA B300 SXM6 AC,cudnn_oss plan=sdpa_fwd_prefill_sm100_d512[SdpaFwdKnobs(sched_policy=0; tile_m=128; tile_n=128; cga=2)],
deepseek_v4,dsv4_pro-tp8,generation,cudnn_oss,bfloat16,fp8_e4m3,1,1,131072,16,1,512,512,mla_absorbed,,64,inf,0.0,0.0,,20,False,"                 ^^^^^^^^^^^^^^^^^^^^^^^^^^^^^^^^^
  File ""/home/vagarwalla/attn_inf/cudnn-frontend/benchmark/attention_inference/benchmark_single_attention.py"", line 215, in setup_cudnn_oss
    return setup_cudnn(args, dtype, oss=True)
           ^^^^^^^^^^^^^^^^^^^^^^^^^^^^^^^^^^
  File ""/home/vagarwalla/attn_inf/cudnn-frontend/benchmark/attention_inference/benchmark_single_attention.py"", line 119, in setup_cudnn
    return setup_cudnn_fp8(args, cudnn, oss=oss)
           ^^^^^^^^^^^^^^^^^^^^^^^^^^^^^^^^^^^^^
  File ""/home/vagarwalla/attn_inf/cudnn-frontend/benchmark/attention_inference/benchmark_single_attention.py"", line 261, in setup_cudnn_fp8
    graph.validate()
  File ""/home/vagarwalla/attn_inf/cudnn-frontend/python/cudnn/_pygraph.py"", line 776, in validate
    self._lowered_graph.validate()
cudnn._compiled_module.cudnnGraphNotSupportedError: hidden_dim d_qk should be less than or equal to 128 and hidden_dim d_qk should be multiple of 16 unless d_qk == 192 and d_v == 128 (requires cuDNN 9.19+)",,,
deepseek_v4,dsv4_pro-tp8,generation,cudnn_oss,bfloat16,bfloat16,128,1,131072,16,1,512,512,mla_absorbed,,64,89.607681,6.135,191.77,2.3971,20,True,,NVIDIA B300 SXM6 AC,cudnn_oss plan=sdpa_fwd_prefill_sm100_d512[SdpaFwdKnobs(sched_policy=0; tile_m=128; tile_n=128; cga=2)],
deepseek_v4,dsv4_pro-tp8,generation,cudnn_oss,bfloat16,fp8_e4m3,128,1,131072,16,1,512,512,mla_absorbed,,64,inf,0.0,0.0,,20,False,"                 ^^^^^^^^^^^^^^^^^^^^^^^^^^^^^^^^^
  File ""/home/vagarwalla/attn_inf/cudnn-frontend/benchmark/attention_inference/benchmark_single_attention.py"", line 215, in setup_cudnn_oss
    return setup_cudnn(args, dtype, oss=True)
           ^^^^^^^^^^^^^^^^^^^^^^^^^^^^^^^^^^
  File ""/home/vagarwalla/attn_inf/cudnn-frontend/benchmark/attention_inference/benchmark_single_attention.py"", line 119, in setup_cudnn
    return setup_cudnn_fp8(args, cudnn, oss=oss)
           ^^^^^^^^^^^^^^^^^^^^^^^^^^^^^^^^^^^^^
  File ""/home/vagarwalla/attn_inf/cudnn-frontend/benchmark/attention_inference/benchmark_single_attention.py"", line 261, in setup_cudnn_fp8
    graph.validate()
  File ""/home/vagarwalla/attn_inf/cudnn-frontend/python/cudnn/_pygraph.py"", line 776, in validate
    self._lowered_graph.validate()
cudnn._compiled_module.cudnnGraphNotSupportedError: hidden_dim d_qk should be less than or equal to 128 and hidden_dim d_qk should be multiple of 16 unless d_qk == 192 and d_v == 128 (requires cuDNN 9.19+)",,,
deepseek_v4,dsv4_pro-tp8,generation,cudnn_oss,bfloat16,bfloat16,1,2,131072,16,1,512,512,mla_absorbed,,64,1.420928,6.045,94.504,1.1813,20,True,,NVIDIA B300 SXM6 AC,cudnn_oss plan=sdpa_fwd_prefill_sm100_d512[SdpaFwdKnobs(sched_policy=0; tile_m=128; tile_n=128; cga=2)],
deepseek_v4,dsv4_pro-tp8,generation,cudnn_oss,bfloat16,fp8_e4m3,1,2,131072,16,1,512,512,mla_absorbed,,64,inf,0.0,0.0,,20,False,"                 ^^^^^^^^^^^^^^^^^^^^^^^^^^^^^^^^^
  File ""/home/vagarwalla/attn_inf/cudnn-frontend/benchmark/attention_inference/benchmark_single_attention.py"", line 215, in setup_cudnn_oss
    return setup_cudnn(args, dtype, oss=True)
           ^^^^^^^^^^^^^^^^^^^^^^^^^^^^^^^^^^
  File ""/home/vagarwalla/attn_inf/cudnn-frontend/benchmark/attention_inference/benchmark_single_attention.py"", line 119, in setup_cudnn
    return setup_cudnn_fp8(args, cudnn, oss=oss)
           ^^^^^^^^^^^^^^^^^^^^^^^^^^^^^^^^^^^^^
  File ""/home/vagarwalla/attn_inf/cudnn-frontend/benchmark/attention_inference/benchmark_single_attention.py"", line 261, in setup_cudnn_fp8
    graph.validate()
  File ""/home/vagarwalla/attn_inf/cudnn-frontend/python/cudnn/_pygraph.py"", line 776, in validate
    self._lowered_graph.validate()
cudnn._compiled_module.cudnnGraphNotSupportedError: hidden_dim d_qk should be less than or equal to 128 and hidden_dim d_qk should be multiple of 16 unless d_qk == 192 and d_v == 128 (requires cuDNN 9.19+)",,,
deepseek_v4,dsv4_pro-tp8,generation,cudnn_oss,bfloat16,bfloat16,128,2,131072,16,1,512,512,mla_absorbed,,64,89.910301,12.229,191.171,2.3896,20,True,,NVIDIA B300 SXM6 AC,cudnn_oss plan=sdpa_fwd_prefill_sm100_d512[SdpaFwdKnobs(sched_policy=0; tile_m=128; tile_n=128; cga=2)],
deepseek_v4,dsv4_pro-tp8,generation,cudnn_oss,bfloat16,fp8_e4m3,128,2,131072,16,1,512,512,mla_absorbed,,64,inf,0.0,0.0,,20,False,"                 ^^^^^^^^^^^^^^^^^^^^^^^^^^^^^^^^^
  File ""/home/vagarwalla/attn_inf/cudnn-frontend/benchmark/attention_inference/benchmark_single_attention.py"", line 215, in setup_cudnn_oss
    return setup_cudnn(args, dtype, oss=True)
           ^^^^^^^^^^^^^^^^^^^^^^^^^^^^^^^^^^
  File ""/home/vagarwalla/attn_inf/cudnn-frontend/benchmark/attention_inference/benchmark_single_attention.py"", line 119, in setup_cudnn
    return setup_cudnn_fp8(args, cudnn, oss=oss)
           ^^^^^^^^^^^^^^^^^^^^^^^^^^^^^^^^^^^^^
  File ""/home/vagarwalla/attn_inf/cudnn-frontend/benchmark/attention_inference/benchmark_single_attention.py"", line 261, in setup_cudnn_fp8
    graph.validate()
  File ""/home/vagarwalla/attn_inf/cudnn-frontend/python/cudnn/_pygraph.py"", line 776, in validate
    self._lowered_graph.validate()
cudnn._compiled_module.cudnnGraphNotSupportedError: hidden_dim d_qk should be less than or equal to 128 and hidden_dim d_qk should be multiple of 16 unless d_qk == 192 and d_v == 128 (requires cuDNN 9.19+)",,,
deepseek_v4,dsv4_pro-tp8,generation,cudnn_oss,bfloat16,bfloat16,1,3,131072,16,1,512,512,mla_absorbed,,64,1.420768,9.069,94.538,1.1817,20,True,,NVIDIA B300 SXM6 AC,cudnn_oss plan=sdpa_fwd_prefill_sm100_d512[SdpaFwdKnobs(sched_policy=0; tile_m=128; tile_n=128; cga=2)],
deepseek_v4,dsv4_pro-tp8,generation,cudnn_oss,bfloat16,fp8_e4m3,1,3,131072,16,1,512,512,mla_absorbed,,64,inf,0.0,0.0,,20,False,"                 ^^^^^^^^^^^^^^^^^^^^^^^^^^^^^^^^^
  File ""/home/vagarwalla/attn_inf/cudnn-frontend/benchmark/attention_inference/benchmark_single_attention.py"", line 215, in setup_cudnn_oss
    return setup_cudnn(args, dtype, oss=True)
           ^^^^^^^^^^^^^^^^^^^^^^^^^^^^^^^^^^
  File ""/home/vagarwalla/attn_inf/cudnn-frontend/benchmark/attention_inference/benchmark_single_attention.py"", line 119, in setup_cudnn
    return setup_cudnn_fp8(args, cudnn, oss=oss)
           ^^^^^^^^^^^^^^^^^^^^^^^^^^^^^^^^^^^^^
  File ""/home/vagarwalla/attn_inf/cudnn-frontend/benchmark/attention_inference/benchmark_single_attention.py"", line 261, in setup_cudnn_fp8
    graph.validate()
  File ""/home/vagarwalla/attn_inf/cudnn-frontend/python/cudnn/_pygraph.py"", line 776, in validate
    self._lowered_graph.validate()
cudnn._compiled_module.cudnnGraphNotSupportedError: hidden_dim d_qk should be less than or equal to 128 and hidden_dim d_qk should be multiple of 16 unless d_qk == 192 and d_v == 128 (requires cuDNN 9.19+)",,,
deepseek_v4,dsv4_pro-tp8,generation,cudnn_oss,bfloat16,bfloat16,128,3,131072,16,1,512,512,mla_absorbed,,64,89.799072,18.366,191.455,2.3932,20,True,,NVIDIA B300 SXM6 AC,cudnn_oss plan=sdpa_fwd_prefill_sm100_d512[SdpaFwdKnobs(sched_policy=0; tile_m=128; tile_n=128; cga=2)],
deepseek_v4,dsv4_pro-tp8,generation,cudnn_oss,bfloat16,fp8_e4m3,128,3,131072,16,1,512,512,mla_absorbed,,64,inf,0.0,0.0,,20,False,"                 ^^^^^^^^^^^^^^^^^^^^^^^^^^^^^^^^^
  File ""/home/vagarwalla/attn_inf/cudnn-frontend/benchmark/attention_inference/benchmark_single_attention.py"", line 215, in setup_cudnn_oss
    return setup_cudnn(args, dtype, oss=True)
           ^^^^^^^^^^^^^^^^^^^^^^^^^^^^^^^^^^
  File ""/home/vagarwalla/attn_inf/cudnn-frontend/benchmark/attention_inference/benchmark_single_attention.py"", line 119, in setup_cudnn
    return setup_cudnn_fp8(args, cudnn, oss=oss)
           ^^^^^^^^^^^^^^^^^^^^^^^^^^^^^^^^^^^^^
  File ""/home/vagarwalla/attn_inf/cudnn-frontend/benchmark/attention_inference/benchmark_single_attention.py"", line 261, in setup_cudnn_fp8
    graph.validate()
  File ""/home/vagarwalla/attn_inf/cudnn-frontend/python/cudnn/_pygraph.py"", line 776, in validate
    self._lowered_graph.validate()
cudnn._compiled_module.cudnnGraphNotSupportedError: hidden_dim d_qk should be less than or equal to 128 and hidden_dim d_qk should be multiple of 16 unless d_qk == 192 and d_v == 128 (requires cuDNN 9.19+)",,,
deepseek_v4,dsv4_pro-tp8,generation,cudnn_oss,bfloat16,bfloat16,1,4,131072,16,1,512,512,mla_absorbed,,64,1.420192,12.097,94.599,1.1825,20,True,,NVIDIA B300 SXM6 AC,cudnn_oss plan=sdpa_fwd_prefill_sm100_d512[SdpaFwdKnobs(sched_policy=0; tile_m=128; tile_n=128; cga=2)],
deepseek_v4,dsv4_pro-tp8,generation,cudnn_oss,bfloat16,fp8_e4m3,1,4,131072,16,1,512,512,mla_absorbed,,64,inf,0.0,0.0,,20,False,"                 ^^^^^^^^^^^^^^^^^^^^^^^^^^^^^^^^^
  File ""/home/vagarwalla/attn_inf/cudnn-frontend/benchmark/attention_inference/benchmark_single_attention.py"", line 215, in setup_cudnn_oss
    return setup_cudnn(args, dtype, oss=True)
           ^^^^^^^^^^^^^^^^^^^^^^^^^^^^^^^^^^
  File ""/home/vagarwalla/attn_inf/cudnn-frontend/benchmark/attention_inference/benchmark_single_attention.py"", line 119, in setup_cudnn
    return setup_cudnn_fp8(args, cudnn, oss=oss)
           ^^^^^^^^^^^^^^^^^^^^^^^^^^^^^^^^^^^^^
  File ""/home/vagarwalla/attn_inf/cudnn-frontend/benchmark/attention_inference/benchmark_single_attention.py"", line 261, in setup_cudnn_fp8
    graph.validate()
  File ""/home/vagarwalla/attn_inf/cudnn-frontend/python/cudnn/_pygraph.py"", line 776, in validate
    self._lowered_graph.validate()
cudnn._compiled_module.cudnnGraphNotSupportedError: hidden_dim d_qk should be less than or equal to 128 and hidden_dim d_qk should be multiple of 16 unless d_qk == 192 and d_v == 128 (requires cuDNN 9.19+)",,,
deepseek_v4,dsv4_pro-tp8,generation,cudnn_oss,bfloat16,bfloat16,128,4,131072,16,1,512,512,mla_absorbed,,64,89.795677,24.489,191.509,2.3939,20,True,,NVIDIA B300 SXM6 AC,cudnn_oss plan=sdpa_fwd_prefill_sm100_d512[SdpaFwdKnobs(sched_policy=0; tile_m=128; tile_n=128; cga=2)],
deepseek_v4,dsv4_pro-tp8,generation,cudnn_oss,bfloat16,fp8_e4m3,128,4,131072,16,1,512,512,mla_absorbed,,64,inf,0.0,0.0,,20,False,"                 ^^^^^^^^^^^^^^^^^^^^^^^^^^^^^^^^^
  File ""/home/vagarwalla/attn_inf/cudnn-frontend/benchmark/attention_inference/benchmark_single_attention.py"", line 215, in setup_cudnn_oss
    return setup_cudnn(args, dtype, oss=True)
           ^^^^^^^^^^^^^^^^^^^^^^^^^^^^^^^^^^
  File ""/home/vagarwalla/attn_inf/cudnn-frontend/benchmark/attention_inference/benchmark_single_attention.py"", line 119, in setup_cudnn
    return setup_cudnn_fp8(args, cudnn, oss=oss)
           ^^^^^^^^^^^^^^^^^^^^^^^^^^^^^^^^^^^^^
  File ""/home/vagarwalla/attn_inf/cudnn-frontend/benchmark/attention_inference/benchmark_single_attention.py"", line 261, in setup_cudnn_fp8
    graph.validate()
  File ""/home/vagarwalla/attn_inf/cudnn-frontend/python/cudnn/_pygraph.py"", line 776, in validate
    self._lowered_graph.validate()
cudnn._compiled_module.cudnnGraphNotSupportedError: hidden_dim d_qk should be less than or equal to 128 and hidden_dim d_qk should be multiple of 16 unless d_qk == 192 and d_v == 128 (requires cuDNN 9.19+)",,,
